[Format]      =  4.0
[Frequency]   =  0
[Precision]   =  1e-008
[MinAngle]    =  30
[DoSmartMesh] =  1
[Depth]       =  20
[LengthUnits] =  millimeters
[ProblemType] =  planar
[Coordinates] =  cartesian
[ACSolver]    =  0
[PrevType]    =  0
[PrevSoln]    =  ""
[Comment]     =  "Add comments here."
[PointProps]   = 0
[BdryProps]   = 1
  <BeginBdry>
    <BdryName> = "A=0"
    <BdryType> = 0
    <A_0> = 0
    <A_1> = 0
    <A_2> = 0
    <Phi> = 0
    <c0> = 0
    <c0i> = 0
    <c1> = 0
    <c1i> = 0
    <Mu_ssd> = 0
    <Sigma_ssd> = 0
    <innerangle> = 0
    <outerangle> = 0
  <EndBdry>
[BlockProps]  = 11
  <BeginBlock>
    <BlockName> = "u1"
    <Mu_x> = 2.6498996896116669
    <Mu_y> = 2.6498996896116669
    <H_c> = 0
    <H_cAngle> = 0
    <J_re> = 0
    <J_im> = 0
    <Sigma> = 0
    <d_lam> = 0
    <Phi_h> = 0
    <Phi_hx> = 0
    <Phi_hy> = 0
    <LamType> = 0
    <LamFill> = 1
    <NStrands> = 0
    <WireD> = 0
    <BHPoints> = 0
  <EndBlock>
  <BeginBlock>
    <BlockName> = "u2"
    <Mu_x> = 0.12953316809300527
    <Mu_y> = 0.12953316809300527
    <H_c> = 0
    <H_cAngle> = 0
    <J_re> = 0
    <J_im> = 0
    <Sigma> = 0
    <d_lam> = 0
    <Phi_h> = 0
    <Phi_hx> = 0
    <Phi_hy> = 0
    <LamType> = 0
    <LamFill> = 1
    <NStrands> = 0
    <WireD> = 0
    <BHPoints> = 0
  <EndBlock>
  <BeginBlock>
    <BlockName> = "u3"
    <Mu_x> = 14.398967120915913
    <Mu_y> = 14.398967120915913
    <H_c> = 0
    <H_cAngle> = 0
    <J_re> = 0
    <J_im> = 0
    <Sigma> = 0
    <d_lam> = 0
    <Phi_h> = 0
    <Phi_hx> = 0
    <Phi_hy> = 0
    <LamType> = 0
    <LamFill> = 1
    <NStrands> = 0
    <WireD> = 0
    <BHPoints> = 0
  <EndBlock>
  <BeginBlock>
    <BlockName> = "u4"
    <Mu_x> = 0.042882574356338271
    <Mu_y> = 0.042882574356338271
    <H_c> = 0
    <H_cAngle> = 0
    <J_re> = 0
    <J_im> = 0
    <Sigma> = 0
    <d_lam> = 0
    <Phi_h> = 0
    <Phi_hx> = 0
    <Phi_hy> = 0
    <LamType> = 0
    <LamFill> = 1
    <NStrands> = 0
    <WireD> = 0
    <BHPoints> = 0
  <EndBlock>
  <BeginBlock>
    <BlockName> = "u5"
    <Mu_x> = 37.197476986533054
    <Mu_y> = 37.197476986533054
    <H_c> = 0
    <H_cAngle> = 0
    <J_re> = 0
    <J_im> = 0
    <Sigma> = 0
    <d_lam> = 0
    <Phi_h> = 0
    <Phi_hx> = 0
    <Phi_hy> = 0
    <LamType> = 0
    <LamFill> = 1
    <NStrands> = 0
    <WireD> = 0
    <BHPoints> = 0
  <EndBlock>
  <BeginBlock>
    <BlockName> = "u6"
    <Mu_x> = 0.015664246064106369
    <Mu_y> = 0.015664246064106369
    <H_c> = 0
    <H_cAngle> = 0
    <J_re> = 0
    <J_im> = 0
    <Sigma> = 0
    <d_lam> = 0
    <Phi_h> = 0
    <Phi_hx> = 0
    <Phi_hy> = 0
    <LamType> = 0
    <LamFill> = 1
    <NStrands> = 0
    <WireD> = 0
    <BHPoints> = 0
  <EndBlock>
  <BeginBlock>
    <BlockName> = "u7"
    <Mu_x> = 142.03015659052124
    <Mu_y> = 142.03015659052124
    <H_c> = 0
    <H_cAngle> = 0
    <J_re> = 0
    <J_im> = 0
    <Sigma> = 0
    <d_lam> = 0
    <Phi_h> = 0
    <Phi_hx> = 0
    <Phi_hy> = 0
    <LamType> = 0
    <LamFill> = 1
    <NStrands> = 0
    <WireD> = 0
    <BHPoints> = 0
  <EndBlock>
  <BeginBlock>
    <BlockName> = "Air"
    <Mu_x> = 1
    <Mu_y> = 1
    <H_c> = 0
    <H_cAngle> = 0
    <J_re> = 0
    <J_im> = 0
    <Sigma> = 0
    <d_lam> = 0
    <Phi_h> = 0
    <Phi_hx> = 0
    <Phi_hy> = 0
    <LamType> = 0
    <LamFill> = 1
    <NStrands> = 0
    <WireD> = 0
    <BHPoints> = 0
  <EndBlock>
  <BeginBlock>
    <BlockName> = "N42"
    <Mu_x> = 1.05
    <Mu_y> = 1.05
    <H_c> = 994529
    <H_cAngle> = 0
    <J_re> = 0
    <J_im> = 0
    <Sigma> = 0.66700000000000004
    <d_lam> = 0
    <Phi_h> = 0
    <Phi_hx> = 0
    <Phi_hy> = 0
    <LamType> = 0
    <LamFill> = 1
    <NStrands> = 0
    <WireD> = 0
    <BHPoints> = 0
  <EndBlock>
  <BeginBlock>
    <BlockName> = "N35"
    <Mu_x> = 1.05
    <Mu_y> = 1.05
    <H_c> = 905659
    <H_cAngle> = 0
    <J_re> = 0
    <J_im> = 0
    <Sigma> = 0.66700000000000004
    <d_lam> = 0
    <Phi_h> = 0
    <Phi_hx> = 0
    <Phi_hy> = 0
    <LamType> = 0
    <LamFill> = 1
    <NStrands> = 0
    <WireD> = 0
    <BHPoints> = 0
  <EndBlock>
  <BeginBlock>
    <BlockName> = "N30"
    <Mu_x> = 1.05
    <Mu_y> = 1.05
    <H_c> = 836420
    <H_cAngle> = 0
    <J_re> = 0
    <J_im> = 0
    <Sigma> = 0.66700000000000004
    <d_lam> = 0
    <Phi_h> = 0
    <Phi_hx> = 0
    <Phi_hy> = 0
    <LamType> = 0
    <LamFill> = 1
    <NStrands> = 0
    <WireD> = 0
    <BHPoints> = 0
  <EndBlock>
[CircuitProps]  = 0
[NumPoints] = 24
0	50	0	0
0	-50	0	0
0	-50.714285714285708	0	0
0	50.714285714285708	0	0
0	-51.428571428571423	0	0
0	51.428571428571423	0	0
0	-52.142857142857146	0	0
0	52.142857142857146	0	0
0	-52.857142857142854	0	0
0	52.857142857142854	0	0
0	-53.571428571428569	0	0
0	53.571428571428569	0	0
0	-54.285714285714278	0	0
0	54.285714285714278	0	0
0	-55	0	0
0	55	0	0
-5	-5	0	0
5	-5	0	0
-5	-10	0	0
5	-10	0	0
-5	10	0	0
5	10	0	0
5	5	0	0
-5	5	0	0
[NumSegments] = 8
16	17	-1	0	0	0
17	19	-1	0	0	0
19	18	-1	0	0	0
18	16	-1	0	0	0
20	21	-1	0	0	0
21	22	-1	0	0	0
22	23	-1	0	0	0
23	20	-1	0	0	0
[NumArcSegments] = 16
0	1	180	1	0	0	0	1
1	0	180	1	0	0	0	1
2	3	180	1	0	0	0	1
3	2	180	1	0	0	0	1
4	5	180	1	0	0	0	1
5	4	180	1	0	0	0	1
6	7	180	1	0	0	0	1
7	6	180	1	0	0	0	1
8	9	180	1	0	0	0	1
9	8	180	1	0	0	0	1
10	11	180	1	0	0	0	1
11	10	180	1	0	0	0	1
12	13	180	1	0	0	0	1
13	12	180	1	0	0	0	1
14	15	180	1	1	0	0	1
15	14	180	1	1	0	0	1
[NumHoles] = 0
[NumBlockLabels] = 10
49.389544477448389	9.8241912158121725	1	-1	0	0	0	1	0
47.183847553254999	19.544189581502799	2	-1	0	0	0	1	0
43.058247779953241	28.770601352800831	3	-1	0	0	0	1	0
37.123106012293746	37.123106012293739	4	-1	0	0	0	1	0
29.564273114257407	44.246061511814013	5	-1	0	0	0	1	0
20.63757081683163	49.823503360430102	6	-1	0	0	0	1	0
10.660292595881286	53.592909964890808	7	-1	0	0	0	1	0
-2.8999999999999999	8.0999999999999996	11	-1	0	90	0	1	0
33.600000000000001	18.399999999999999	8	-1	0	0	0	1	0
1.8	-8.3000000000000007	11	-1	0	90	0	1	0
[Solution]
7252
9.5506497716811705	-54.164426415671457	0	-1	
8.6038955772126986	-54.322858732732584	0	-1	
10.494494745709964	-53.989495089621542	0	-1	
9.4266153590619357	-53.460992306377022	-2.7723214581804252e-005	-1	
7.6545205528036009	-54.464743780786378	0	-1	
8.4921566736125342	-53.617367060878927	-2.4977469605805168e-005	-1	
11.435142994976767	-53.798118040359334	0	-1	
10.358202606155293	-53.288332815730342	-3.0459738071222565e-005	-1	
9.3025809464426974	-52.757558197082574	-2.7728920349406244e-005	-1	
8.3804177700123681	-52.911875389025234	-2.4982611930149699e-005	-1	
10.221910466600615	-52.58717054183915	-3.0466004833832901e-005	-1	
6.7028138872831127	-54.59003834027272	0	-1	
7.5551111949749821	-53.757409445970978	-2.2223410527898806e-005	-1	
7.4557018371463641	-53.05007511115555	-2.2227987213847883e-005	-1	
12.372307988912578	-53.590353563187961	0	-1	
11.286634644392654	-53.099441182692324	-3.3186137603615802e-005	-1	
11.138126293808536	-52.400764325025307	-3.3192962699143883e-005	-1	
10.085618327045941	-51.886008267947972	-5.2695276019562169e-005	-1	
9.1785465338234626	-52.054124087788161	-4.7970939738048991e-005	-1	
8.2686788664122037	-52.206383717171583	-4.3228008510067942e-005	-1	
10.989617943224422	-51.702087467358311	-5.7399228246393164e-005	-1	
5.7490654797209411	-54.698704245255044	0	-1	
6.6157643562794348	-53.881076803386065	-1.9461949266065827e-005	-1	
6.5287148252757587	-53.172115266499389	-1.9465958351552742e-005	-1	
7.3562924793177453	-52.342740776340158	-3.8468291583050746e-005	-1	
13.305704257981729	-53.366264945179829	0	-1	
12.211628664381248	-52.894374945484216	-3.5901516182711667e-005	-1	
12.050949339849911	-52.198396327780472	-3.5908896714542141e-005	-1	
11.890270015318581	-51.502417710076735	-6.2081025585438435e-005	-1	
9.9493261874912662	-51.184845994056779	-5.2727340959824358e-005	-1	
9.0545121212042261	-51.350689978493733	-4.8000148063586939e-005	-1	
8.1569399628120394	-51.500892045317919	-4.3254343249787226e-005	-1	
10.841109592640311	-51.003410609691308	-5.7434132350943518e-005	-1	
4.7935658511212003	-54.790708395046018	0	-1	
5.6744022916726173	-53.988331462849132	-1.6694001742543247e-005	-1	
5.5997391036242936	-53.277958680443213	-1.669744150510742e-005	-1	
6.4416652942720809	-52.463153729612749	-3.3693612469272372e-005	-1	
7.2568831214891265	-51.635406441524751	-3.8491738562722944e-005	-1	
14.235047480638647	-53.125920445898785	0	-1	
13.132902903981968	-52.673196569268406	-3.8604982689704334e-005	-1	
14.050176734136848	-52.435973427120871	-4.1295652345957286e-005	-1	
12.9601015499822	-51.980128193356961	-3.8612915533793365e-005	-1	
12.787300195982443	-51.287059817445545	-6.6738911898246798e-005	-1	
11.72959069078725	-50.80643909237299	-6.2118751475545288e-005	-1	
12.614498841982677	-50.593991441534115	-6.6779439029114812e-005	-1	
9.8130340479365916	-50.483683720165594	-6.5796980665972234e-005	-1	
8.9304777085849913	-50.647255869199284	-5.9908376000311652e-005	-1	
10.692601242056195	-50.304733752024312	-7.1657256434722342e-005	-1	
8.045201059211875	-50.795400373464233	-5.3993014667210368e-005	-1	
7.1574737636605095	-50.928072106709337	-4.8054779937820556e-005	-1	
11.568911366255916	-50.110460474669267	-7.7488230147115057e-005	-1	
3.8366060559268922	-54.866022764290342	0	-1	
4.7313117491585865	-54.079140753551904	-1.3920487406131222e-005	-1	
4.6690576471959737	-53.367573112057798	-1.3923356365036874e-005	-1	
5.5250759155759681	-52.567585898037315	-2.8905811215538732e-005	-1	
6.3546157632684039	-51.754192192726087	-3.371415791692465e-005	-1	
6.2675662322647279	-51.045230655839426	-4.2094808894139869e-005	-1	
15.160054569934962	-52.869393276607575	0	-1	
13.865305987635042	-51.746026408342949	-4.1304134154704133e-005	-1	
14.963170744351393	-52.182777779508761	-4.3972647153836465e-005	-1	
13.680435241133244	-51.056079389565063	-7.1371152917684135e-005	-1	
13.495564494631443	-50.366132370787149	-7.14144602527076e-005	-1	
12.441697487982914	-49.900923065622713	-8.3285677948863321e-005	-1	
13.310693748129642	-49.67618535200927	-8.904844545380838e-005	-1	
9.6767419083819171	-49.782521446274401	-6.5925215090409842e-005	-1	
8.8064432959657548	-49.94382175990485	-6.0025516152502821e-005	-1	
10.544092891472083	-49.606056894357309	-7.1796322767609909e-005	-1	
11.408232041724583	-49.414481856965523	-7.7639097621381864e-005	-1	
7.9334621556117098	-50.089908701610568	-5.4098250499007011e-005	-1	
7.0580644058318915	-50.22073777189393	-4.8148930102171355e-005	-1	
2.8784775933619109	-54.924624411501568	0	-1	
3.7867800032525158	-54.153477014104752	-1.1142328740737129e-005	-1	
3.7369539505781413	-53.440931263919161	-1.1144625658836465e-005	-1	
4.60680354523336	-52.656005470563699	-2.4106736267396954e-005	-1	
5.4504127275276444	-51.857213115631403	-2.8923444874762575e-005	-1	
5.3757495394793215	-51.146840333225491	-3.6117636733148215e-005	-1	
6.1805167012610518	-50.336269118952764	-4.2176730102937388e-005	-1	
16.080443759750526	-52.596761577966987	0	-1	
14.569403093184247	-50.809546785311163	-7.597603453952126e-005	-1	
14.766286918767815	-51.496162282409941	-4.3981674359493869e-005	-1	
15.871606827805715	-51.913686752279098	-4.6635096328775594e-005	-1	
14.372519267600676	-50.122931288212364	-7.6022097849814282e-005	-1	
14.175635442017107	-49.436315791113579	-9.4772467815108015e-005	-1	
12.268896133983151	-49.207854689711269	-8.344728210996858e-005	-1	
13.125823001627843	-48.986238333231341	-8.922163028823933e-005	-1	
9.5404497688272425	-49.081359172383209	-6.8788918969020055e-005	-1	
10.395584540887969	-48.907380036690299	-7.4882923200844973e-005	-1	
8.6824088833465201	-49.240387650610415	-6.2651759198162636e-005	-1	
11.247552717193253	-48.718503239261786	-8.1015001743965035e-005	-1	
12.096094779983391	-48.514786313799846	-8.7040585455429829e-005	-1	
7.8217232520115454	-49.384417029756897	-5.6438339397522542e-005	-1	
6.9586550480032736	-49.51340343707853	-5.026487803896483e-005	-1	
1.9194723186375535	-54.966495486050277	0	-1	
2.8410947674740932	-54.211317600962587	-8.3604507700071462e-006	-1	
2.8037119415862768	-53.498010790423614	-8.3621746552836987e-006	-1	
3.6871278979037658	-52.728385513733578	-1.9298246140329615e-005	-1	
4.5445494432707472	-51.944437829069592	-2.4121448470839439e-005	-1	
4.4822953413081343	-51.232870187575486	-3.0124789251729867e-005	-1	
5.3010863514309978	-50.436467550819586	-3.6188249541661382e-005	-1	
6.0934671702573748	-49.627307582066116	-4.3992067943497936e-005	-1	
16.995934690622118	-52.308108396233486	0	-1	
16.775208266068585	-51.628782313165509	-4.9282136718009506e-005	-1	
15.245096031971279	-49.864462275215445	-8.0600663945718141e-005	-1	
15.45393296391609	-50.547537100903334	-8.0551870313631894e-005	-1	
15.662769895860897	-51.230611926591187	-4.6644665147781298e-005	-1	
16.554481841515042	-50.94945623009751	-4.9292243155727576e-005	-1	
15.036259100026466	-49.181387449527577	-0.00010045561062980811	-1	
13.978751616433538	-48.749700294014765	-9.4956515308552465e-005	-1	
12.940952255126041	-48.296291314453441	-9.3095185969438134e-005	-1	
13.781867790849962	-48.063084796915959	-9.9067396557414841e-005	-1	
9.8180714132268534	-48.257362738281152	-7.3072978889848772e-005	-1	
8.948983913560113	-48.284396398319288	-6.7039163981276643e-005	-1	
10.518690872610128	-47.446748366474964	-8.0464999210926098e-005	-1	
8.0211044259640367	-47.932229992072209	-6.1465721537192646e-005	-1	
11.463729699244102	-47.749870680640129	-8.5739485688048658e-005	-1	
12.168150808496231	-47.050748071915066	-9.2952992042584054e-005	-1	
7.2584313014680291	-48.567297883216192	-5.4451313292091438e-005	-1	
6.3434074833188818	-48.182963480110899	-4.8669078611738502e-005	-1	
0.95988235405059319	-54.99162323360153	0	-1	
1.8945441067071955	-54.252644895322334	-5.5757805555841401e-006	-1	
1.8696158947768375	-53.538794304594418	-5.5769306626067784e-006	-1	
2.7663291156984595	-52.784703979884618	-1.4482209837434808e-005	-1	
3.6373018452293904	-52.01583976354798	-1.9310028174771083e-005	-1	
3.5874757925550154	-51.30329401336239	-2.4118373423415482e-005	-1	
4.4200412393455215	-50.52130254608138	-3.01838687291661e-005	-1	
5.2264231633826741	-49.726094768413681	-3.7766266453129259e-005	-1	
5.5760945645691091	-48.940753884477907	-4.1583854476690547e-005	-1	
17.906248495143629	-52.003521657962466	0	-1	
17.673699813388517	-51.328151246820084	-5.1912913206679059e-005	-1	
15.892302567854447	-48.91147798089365	-0.00010609623538028442	-1	
16.11302899240798	-49.590804063961613	-8.5148500376296135e-005	-1	
16.333755416961512	-50.270130147029576	-8.5097002326524419e-005	-1	
17.441151131633397	-50.652780835677689	-5.1923553061532983e-005	-1	
17.208602449878288	-49.97741042453535	-8.9609800027363274e-005	-1	
14.827422168081656	-48.498312623839688	-0.00010065025537040468	-1	
14.618585236136839	-47.815237798151792	-0.0001049930497945127	-1	
13.123192759214769	-47.320704352742673	-9.8005144874130224e-005	-1	
13.986616979840777	-47.218027597396514	-0.00010377120654763538	-1	
9.3587450529361416	-47.474159593010057	-7.2293980298849847e-005	-1	
8.5467876780792871	-47.285211118182367	-6.7052862135243683e-005	-1	
11.240644382059358	-46.82065346025999	-8.7627887148560078e-005	-1	
10.181072646717736	-46.328147165950647	-8.1976121629615846e-005	-1	
7.7701283600294264	-47.19125923178602	-6.1592019584289406e-005	-1	
7.1171815082826262	-47.622173448382604	-5.5682588857212367e-005	-1	
12.018328377753647	-45.670252539776207	-9.7598099261463249e-005	-1	
13.390255184017432	-45.884802098768631	-0.00010581358144480052	-1	
5.0753068414034628	-48.186824731005672	-3.9184324787678017e-005	-1	
5.6783838472303643	-46.791253056287644	-4.6523639481726681e-005	-1	
0	-55	0	-1	
0.94741634945253339	-54.277446308489807	-2.7892466920226987e-006	-1	
0.93495034485447381	-53.563269383378099	-2.7898225219218664e-006	-1	
1.8446876828464798	-52.824943713866482	-9.6605050233887062e-006	-1	
2.7289462898106422	-52.071397169345637	-1.4491054638775493e-005	-1	
2.691563463922825	-51.358090358806656	-1.8100877387728114e-005	-1	
3.5376497398806399	-50.590748263176799	-2.4165760574672836e-005	-1	
4.3577871373829087	-49.809734904587287	-3.1507160708748624e-005	-1	
4.7200190223611802	-49.019271773026354	-3.523753100164111e-005	-1	
18.811107882911791	-51.683094143225006	0	-1	
18.566807780536315	-51.011885128377919	-5.4526579110867299e-005	-1	
15.671576143300916	-48.232151897825673	-0.00010630115521554795	-1	
16.743505086368067	-48.626669602250615	-0.00011169337783539462	-1	
16.97605376812318	-49.302040013392983	-8.9663976663331398e-005	-1	
18.322507678160829	-50.340676113530805	-5.4537747978284904e-005	-1	
18.078207575785356	-49.669467098683761	-9.4088657465644059e-005	-1	
15.450849718747374	-47.552825814757696	-0.00011085568761763333	-1	
14.811982083723764	-46.977605389435325	-0.0001097446706672475	-1	
14.176538777168375	-46.333082840347423	-0.00010878115269192281	-1	
9.0497687546051004	-46.620390584969776	-7.2761582413256637e-005	-1	
7.7321898758484338	-46.146233914508109	-6.4221133184044936e-005	-1	
9.1467870077506443	-44.660140357033683	-8.0271410293518932e-005	-1	
10.99481197356036	-43.993242241212322	-9.7309115016661654e-005	-1	
6.9752202037828885	-46.696916174144683	-5.6858915001462636e-005	-1	
12.937746223172974	-44.28471414864827	-0.00011021150608900595	-1	
14.502247930571359	-44.848079230378083	-0.00011787970352326322	-1	
4.3890054904149078	-47.596750186765647	-3.4879594839977265e-005	-1	
3.8528666880114559	-48.955312959060912	-2.8920632076905347e-005	-1	
6.4706457674457178	-45.2077188212088	-5.6651203841868668e-005	-1	
4.8368396976235566	-45.380261650884108	-4.2462298163607588e-005	-1	
-0.95988235405060718	-54.99162323360185	0	-1	
0	-54.285714285714278	-1.7788019240214177e-009	-1	
-0.94741634945256648	-54.277446308490163	2.7856929700056272e-006	-1	
0	-53.571428571428577	-1.7801026643852014e-009	-1	
0.92248434025641424	-52.849092458266398	-4.8350096096776974e-006	-1	
0	-52.857142857142854	-7.603576414923242e-009	-1	
1.819759470916122	-52.111093123138566	-9.6664091619489395e-006	-1	
0.91001833565835466	-52.13491553315469	-4.8379702151832845e-006	-1	
1.794831258985764	-51.397242532410637	-1.2076841795204202e-005	-1	
2.6541806380350086	-50.644783548267668	-1.8135886832534561e-005	-1	
1.7699030470554062	-50.683391941682707	-1.2100397357558059e-005	-1	
3.4878236872062649	-49.87820251299123	-2.5232526228344345e-005	-1	
19.710237224991527	-51.346923457346143	0	-1	
19.454260118173458	-50.680080295562412	-5.7122296560051194e-005	-1	
16.510956404612955	-47.951299191108241	-0.0001119094180939723	-1	
16.278407722857835	-47.275928779965859	-0.00011673654920794612	-1	
17.589607371034404	-48.327049068989609	-0.00011724309910573692	-1	
17.345307268658924	-47.65584005414253	-0.00011746914993782473	-1	
17.83390747340988	-48.998258083836681	-9.4145483473986934e-005	-1	
19.198283011355379	-50.013237133778667	-5.7133989837568535e-005	-1	
18.94230590453731	-49.346393971994985	-9.8531999556232457e-005	-1	
18.686328797719241	-48.679550810211268	-9.8591445834053207e-005	-1	
15.420604077215858	-46.087327521986786	-0.00011744084435951941	-1	
7.494657046652728	-44.239365407805437	-6.8049937812950383e-005	-1	
9.5880748640820546	-42.989024959460011	-9.0465855486814345e-005	-1	
12.177256853942389	-42.732613132786014	-0.00011246449868211885	-1	
10.762408766316232	-41.646493238299449	-0.00010661259766483597	-1	
13.701935453933659	-42.087470307271055	-0.00012725741786067993	-1	
14.977801191325488	-43.142468278233267	-0.00013004264597166632	-1	
15.757257424937908	-44.508027540103299	-0.00012741050626512715	-1	
16.073157911394727	-45.389197738284011	-0.00012473166154598514	-1	
3.2786263101453352	-47.429290321183956	-2.6368818846620507e-005	-1	
3.3124803676769243	-45.992978498265295	-2.8521798284082077e-005	-1	
2.9668816345935625	-48.50808594029904	-2.2759948486492923e-005	-1	
6.1409585058031109	-43.847182167859216	-5.7350940920070243e-005	-1	
4.7452006656317307	-43.954949172073015	-4.4563918172280252e-005	-1	
3.3235341711324073	-43.817917231062758	-3.159083798085404e-005	-1	
-1.9194723186375731	-54.966495486050597	0	-1	
-0.9349503448544777	-53.563269383378369	2.7862662026320085e-006	-1	
-1.8945441067072344	-54.252644895322682	5.5722384649858231e-006	-1	
-1.869615894776846	-53.538794304594681	5.573385987618063e-006	-1	
-0.92248434025643089	-52.849092458266696	4.8198271856454398e-006	-1	
-0.91001833565836243	-52.134915533154931	4.8227592179036685e-006	-1	
0	-52.142857142857153	-7.6177449105057518e-009	-1	
0.89755233106029475	-51.420738608042974	-6.0478795666320822e-006	-1	
2.6167978121471913	-49.931476737728708	-1.8902146673655344e-005	-1	
0.88508632646223517	-50.706561682931266	-6.0601444603845662e-006	-1	
1.7449748351250485	-49.969541350954792	-1.2622962214659301e-005	-1	
20.603362637875176	-50.995112001173354	0	-1	
20.335786499720953	-50.332837819339922	-5.9699236866614632e-005	-1	
17.101007166283441	-46.984631039295429	-0.00012249724032102735	-1	
16.392150791958297	-46.290005844122412	-0.00012203984101042776	-1	
18.174374584083097	-47.345864486643841	-0.00012298129843348326	-1	
18.430351690901169	-48.012707648427551	-0.00012274456203232057	-1	
17.918397477265021	-46.679021324860109	-0.00012826498595068324	-1	
19.800634223412505	-49.008289455673086	-0.00010293828011821185	-1	
20.06821036156672	-49.670563637506469	-5.9711449758522076e-005	-1	
19.533058085258286	-48.346015273839669	-0.00010300031521138172	-1	
19.265481947104064	-47.683741092006237	-0.00012819444389751397	-1	
7.4826778489206669	-42.830052123962993	-7.2740902390135799e-005	-1	
9.0013795945238328	-41.363248128270882	-9.2442250026627095e-005	-1	
12.43367561603646	-41.02334104718949	-0.00012384328852697532	-1	
11.756117500321018	-39.626676146602755	-0.00012659060120591087	-1	
10.227116252910703	-39.358510097072788	-0.00011426044703702794	-1	
14.031424962030021	-40.406936347249655	-0.00013998384509270677	-1	
15.602922455877284	-41.087490058254559	-0.00014662416537557029	-1	
16.395244303350001	-43.823026241944326	-0.0001349859438089113	-1	
17.500291282915057	-42.094318551180237	-0.00015200800685445128	-1	
16.631885981653696	-44.841612496722668	-0.000130764260952749	-1	
17.019634796743464	-45.521081046154933	-0.00012936946520364161	-1	
2.4682959380477687	-47.155514690664909	-2.0152461970586611e-005	-1	
2.3091240323116042	-47.995903120043963	-1.8161415905951942e-005	-1	
1.7283417975488373	-46.418674651534424	-1.4589010729040415e-005	-1	
1.3390659816304464	-44.708366391604997	-1.231790143949868e-005	-1	
2.1420038425414454	-49.059953813407965	-1.6098455630097403e-005	-1	
5.3770576878297591	-42.67406272982371	-5.3481580375833762e-005	-1	
3.5223332709197841	-41.759576465034456	-3.7210271091355138e-005	-1	
1.9759500407860213	-43.471203458168318	-1.9180971705673518e-005	-1	
-2.8784775933619358	-54.924624411501888	0	-1	
-2.8410947674741385	-54.211317600962921	8.3569280185969788e-006	-1	
-2.8037119415862892	-53.498010790423862	8.3586493402017477e-006	-1	
-1.8446876828465015	-52.824943713866794	9.6453976107257772e-006	-1	
-1.819759470916134	-52.111093123138808	9.6512751066151699e-006	-1	
-0.89755233106031707	-51.420738608043315	6.0173614780349964e-006	-1	
0	-51.428571428571423	-1.5057826932330024e-008	-1	
0	-50.714285714285708	-1.4997580851492015e-008	-1	
0.8726203218641756	-49.992384757819565	-6.3493836549114404e-006	-1	
1.2891097488587795	-49.229115173692342	-9.6425762933564248e-006	-1	
21.490212066910072	-50.62776693988426	0	-1	
21.211118403703452	-49.970263473132519	-6.2256580882336543e-005	-1	
18.997905808949838	-47.021466910172819	-0.00012844109218707601	-1	
17.997663042912631	-45.689729410765437	-0.00013371547013519484	-1	
18.730329670795612	-46.359192728339387	-0.00013393691665795714	-1	
20.652931077290198	-48.655256539629029	-0.0001073059867715837	-1	
20.932024740496814	-49.312760006380735	-6.2269308404766334e-005	-1	
20.373837414083578	-47.997753072877281	-0.00010737057891512233	-1	
20.094743750876955	-47.340249606125532	-0.00013359143755595446	-1	
19.815650087670328	-46.682746139373798	-0.00013384761762379527	-1	
6.6527987052009223	-40.649160760726048	-7.2670431164046707e-005	-1	
8.8633070549382502	-39.901738947314051	-9.8094773326840837e-005	-1	
13.149689673384298	-39.270525531001191	-0.00014069038929493473	-1	
12.24410027763555	-38.153030784330269	-0.00014080506717147967	-1	
10.007007609335391	-37.573478589722917	-0.00012316537011323225	-1	
7.9795103245725807	-38.72957153111291	-9.4906398259949883e-005	-1	
15.217130443757789	-39.357660180933152	-0.00015593683479961942	-1	
17.614607588245963	-40.369704557705489	-0.00016431181983797319	-1	
16.728478719381751	-38.885744560967431	-0.00016971829952538392	-1	
17.779088905015911	-44.037065416697644	-0.00014165168181871386	-1	
17.412202745586384	-44.78564463811859	-0.00013543585442498762	-1	
18.833844885065353	-43.534328373285199	-0.00015019707093837852	-1	
19.187112665545413	-41.087053444942981	-0.00016789766617706861	-1	
1.6694822482957932	-47.461268017506534	-1.3487196279324308e-005	-1	
1.5604812309986276	-48.362659525259211	-1.2105524096693485e-005	-1	
0.68730061896614747	-46.3368294451843	-5.8610238472368805e-006	-1	
0.44291874898177186	-43.396522901181513	-4.3108645520108529e-006	-1	
-0.52740849789969824	-45.632006860952202	4.6385636592742366e-006	-1	
5.3155873346693436	-41.221008774762581	-5.7010860070600668e-005	-1	
1.4063022770975715	-42.201678013759718	-1.4588002600999004e-005	-1	
2.5160415915478898	-39.953014856011073	-2.9314661688513942e-005	-1	
4.416052468265331	-40.078213331667015	-5.0630031867367985e-005	-1	
-3.8366060559269219	-54.866022764290655	0	-1	
-3.7867800032525669	-54.153477014105086	1.1138832970324984e-005	-1	
-3.7369539505781577	-53.44093126391941	1.1141127352904434e-005	-1	
-2.7663291156984862	-52.784703979884924	1.4467221480962189e-005	-1	
-2.7289462898106587	-52.071397169345879	1.4476040247456919e-005	-1	
-1.7948312589857922	-51.397242532410985	1.2048090653524576e-005	-1	
-0.88508632646222851	-50.7065616829316	6.0287963220249051e-006	-1	
-1.7699030470554051	-50.683391941683041	1.2071925430154217e-005	-1	
0	-50	-4.1334167813005956e-009	-1	
-0.87262032186419947	-49.992384757819792	6.2707662308517542e-006	-1	
0.42409856322561001	-48.596881881801792	-3.2815657570255984e-006	-1	
22.370515369169024	-50.245000170343097	0	-1	
22.079989195543462	-49.592467700598384	-6.4793519340183056e-005	-1	
18.845624691866838	-45.497362722498188	-0.00013905120546111617	-1	
18.245295245206474	-44.816192826295428	-0.00013971658255435649	-1	
19.536556424463697	-46.025242672622028	-0.00013953623472235646	-1	
21.49893684829231	-48.287402761108943	-0.00011163363927575904	-1	
21.789463021917872	-48.939935230853621	-6.4806756326045401e-005	-1	
21.208410674666744	-47.634870291364223	-0.00011170075712025481	-1	
20.917884501041176	-46.98233782161951	-0.00013893502098758217	-1	
20.6273583274156	-46.329805351874796	-0.00013920157344273577	-1	
6.6512612971060951	-39.167227166003137	-7.8546413724298462e-005	-1	
14.209386026691417	-38.136460298657234	-0.00015746562793692506	-1	
11.537728594534681	-36.6291912591509	-0.0001453810403426672	-1	
13.212942076478077	-36.507916187100925	-0.00016216468184777566	-1	
8.7482805269469264	-36.614766161915128	-0.00011557705786499193	-1	
10.090459620192318	-35.776864814006991	-0.00013696404513589245	-1	
6.6411578356471868	-37.768768781286816	-8.4685029669829154e-005	-1	
7.1677320467079797	-36.541350299966588	-9.7359040409128152e-005	-1	
16.081408173819636	-37.53799915781434	-0.0001761121179427131	-1	
18.511198540147415	-38.827765453451519	-0.00018096849888529212	-1	
17.576310293575414	-37.51836207544369	-0.00018619468948866474	-1	
19.967923934523288	-43.815610121448373	-0.00015411291518489258	-1	
20.511812840911254	-42.537956204099444	-0.00016472461216381139	-1	
19.378699284527737	-44.567957124653702	-0.00014685339868615769	-1	
20.1072933293357	-39.623964524152498	-0.00018327204526546266	-1	
21.149965202454997	-41.002440860242203	-0.00017799904995501915	-1	
0.85634966840002968	-47.820225978416126	-6.8217005106887748e-006	-1	
-0.24992498233058846	-47.008704363102915	1.9995483963572661e-006	-1	
-0.26888899905746033	-41.836801683066838	2.8211546414707643e-006	-1	
-1.0909381484808125	-43.341340065541068	1.0576258244900602e-005	-1	
-1.3291419039914392	-47.415027595339353	1.0712280752387925e-005	-1	
-1.9291774701436653	-45.546351374877467	1.7016621791124263e-005	-1	
0.88910153096376843	-40.548268226632459	-1.0178873950090465e-005	-1	
1.7063715705231792	-38.740510533592953	-2.1333243806403621e-005	-1	
3.5715194096239782	-38.371614403150701	-4.5262607728637367e-005	-1	
5.472303061058799	-38.415000198012038	-6.8070879463854271e-005	-1	
-4.7935658511212349	-54.79070839504633	0	-1	
-4.7313117491586425	-54.079140753552238	1.3917026168081142e-005	-1	
-4.6690576471959941	-53.367573112058047	1.3919892627659415e-005	-1	
-3.6871278979037978	-52.728385513733862	1.9283419198207473e-005	-1	
-3.6373018452294108	-52.015839763548222	1.9295174723232343e-005	-1	
-2.6915634639228592	-51.35809035880699	1.8072625216386295e-005	-1	
-2.654180638035013	-50.644783548268002	1.810783198248235e-005	-1	
-1.7449748351250765	-49.969541350955019	1.2617759226281083e-005	-1	
-0.42853129533994189	-49.104822671140234	3.1936065405086456e-006	-1	
-1.2721665051461524	-48.582078800812255	9.7323932497072638e-006	-1	
-0.42019203382082626	-48.149237950609667	3.2663405089136588e-006	-1	
23.244004395738486	-49.846928287015793	0	-1	
22.942134208780846	-49.199565581989617	-6.7309253181119924e-005	-1	
22.640264021823192	-48.552202876963406	-6.7322994284602788e-005	-1	
20.33683215379002	-45.677272882130055	-0.00014514386264471537	-1	
22.338393834865553	-47.904840171937252	-0.00011591978549719199	-1	
22.03652364790792	-47.257477466911062	-0.00011598939511899872	-1	
21.734653460950277	-46.610114761884887	-0.00014422164907528637	-1	
21.43278327399263	-45.962752056858712	-0.00014449754534335435	-1	
15.118752063532973	-36.394141135163757	-0.00017901638018860301	-1	
11.899110115344552	-34.360647087398554	-0.00016858250216819678	-1	
14.083492632113463	-35.071535463452577	-0.00018273403162299927	-1	
7.0713100488863461	-35.092352975027147	-0.00010485007851941107	-1	
8.0757339900504963	-34.043533164114976	-0.00012554726697742275	-1	
10.018908468884456	-33.822465003423247	-0.00015218156824588319	-1	
5.8131405461419643	-36.720806999387698	-7.9346094128047637e-005	-1	
5.7119416629740289	-35.358132560492493	-8.484985880016343e-005	-1	
17.779748961420207	-35.922377755864609	-0.00020187229819129817	-1	
18.932191087653315	-36.880236734886815	-0.00019956143493628315	-1	
20.032856467075412	-37.897169574631782	-0.00019661334571509644	-1	
20.364213550407197	-44.685188319045928	-0.00015084788490797848	-1	
20.922293577227599	-43.864500677580132	-0.00015820062067174666	-1	
21.899471473450138	-42.486787907769781	-0.00017110644303415317	-1	
21.48086023469719	-38.699752397484332	-0.00019673717593228184	-1	
22.793217732262619	-41.256934339619846	-0.00018299392573885195	-1	
22.934587827914044	-39.491920424676017	-0.00019644721178464056	-1	
-0.86682101701374914	-40.134843638109906	9.9269298927005786e-006	-1	
-2.4217154291910084	-41.049440408206344	2.6467192259590592e-005	-1	
-2.6293748769526353	-43.691532337700998	2.5225673062873712e-005	-1	
-3.3030975637629054	-42.309373395616539	3.3823237748107657e-005	-1	
-2.4975413175334302	-47.424902953766811	2.0108191035856328e-005	-1	
-2.4042883525716192	-48.328059505282809	1.8620633252253414e-005	-1	
-3.4771081583715646	-45.022235339338224	3.1236579060584805e-005	-1	
-3.6612735920932127	-46.646079582881669	3.0413442972826184e-005	-1	
0.29869701563423712	-39.120227036193242	-3.8203453639609512e-006	-1	
0.74803925312667463	-37.64172418299416	-9.9314363032886692e-006	-1	
2.3696853540661822	-37.194676648932337	-3.231163020143262e-005	-1	
3.590532460832228	-36.92106641318609	-4.944995843886196e-005	-1	
4.7510575721456982	-37.388518747884504	-6.3042617531466416e-005	-1	
-5.749065479720981	-54.69870424525535	0	-1	
-5.6744022916726786	-53.988331462849466	1.6690582472089395e-005	-1	
-5.5997391036243176	-53.277958680443462	1.6694019779303802e-005	-1	
-4.6068035452333973	-52.656005470563983	2.4092115127215259e-005	-1	
-4.544549443270772	-51.944437829069834	2.4106802142704133e-005	-1	
-3.5874757925550549	-51.303294013362724	2.4089620473019792e-005	-1	
-3.5376497398806506	-50.590748263177126	2.4136315844642839e-005	-1	
-2.6167978121472233	-49.931476737728921	1.8891028229937386e-005	-1	
-2.1480799377592281	-49.199119273725685	1.6017782851124884e-005	-1	
24.110413073399275	-49.433672546454233	0	-1	
23.797290825692798	-48.791676799097679	-6.9802993869403992e-005	-1	
23.484168577986299	-48.149681051741098	-6.9817233571562955e-005	-1	
23.171046330279818	-47.507685304384587	-0.00012016300745262662	-1	
21.130913087034983	-45.315389351832515	-0.0001506270967227068	-1	
22.857924082573344	-46.86568955702802	-0.00012023507479531891	-1	
22.544801834866856	-46.223693809671474	-0.00014945056674796819	-1	
22.231679587160375	-45.581698062314921	-0.00014973646197332063	-1	
16.157805854329951	-34.514356240508853	-0.00020473324693946087	-1	
11.363117793133474	-32.679756040193254	-0.00017958037504808022	-1	
13.983400454340451	-33.394922983141669	-0.00019877749417110047	-1	
12.861879566992862	-32.346257685408808	-0.00019964781966918318	-1	
6.0868858057663529	-34.024739112760834	-9.7681638160039232e-005	-1	
7.5610999728006378	-32.689612562125262	-0.00012912716521710124	-1	
8.8254767124602793	-31.983000484383464	-0.00015397139287138831	-1	
4.5731915317899876	-36.146656076563076	-6.54141950406195e-005	-1	
4.2832086280193833	-34.236966348113597	-6.9199522723800171e-005	-1	
18.030499667666714	-33.995336609707024	-0.00022254553980420626	-1	
19.891966941536751	-34.553282022788188	-0.00022674379108415145	-1	
20.244545786833335	-36.0601186642591	-0.0002138492776357354	-1	
21.483635095897572	-36.987225017593339	-0.00021105578298639808	-1	
21.918557339453884	-44.939702314958367	-0.00015610577546518609	-1	
21.911298804126098	-43.947266506023887	-0.00016193379188713422	-1	
22.756844820333306	-42.776802487029414	-0.00017265666427875509	-1	
23.156115524474526	-37.355419182074584	-0.00021434563685085778	-1	
23.960284246020315	-40.683663255860708	-0.00019126115474272888	-1	
24.438515951061277	-41.48836722117904	-0.00018728670352128208	-1	
23.931160811439067	-42.298183535964874	-0.00018009899643071372	-1	
24.45584509901915	-39.889513725557691	-0.00019865142839246418	-1	
25.210736275372561	-37.981714360053829	-0.00021568810616113513	-1	
-2.3982778076180695	-39.310259856038812	2.8933886942836229e-005	-1	
-1.8475193073259639	-37.660422473295064	2.4434356527458537e-005	-1	
-4.8025140048883177	-40.322210833430496	5.4173589114020036e-005	-1	
-4.6824082653491823	-41.790859594851639	4.9033307612310092e-005	-1	
-3.9037467193254449	-39.095521573461347	4.7306403269187728e-005	-1	
-4.2014421351079339	-43.557268676095553	4.0396871970957425e-005	-1	
-3.1464163501125131	-47.948293340399616	2.4708631092997913e-005	-1	
-2.9978918587271854	-49.015098623164945	2.2494954030828226e-005	-1	
-5.9511401725172339	-45.726185100123935	5.1088416040870852e-005	-1	
-3.9843320207839006	-47.526694067192231	3.1808029792200497e-005	-1	
-4.9520968836749759	-47.231725241215557	3.9894735655093925e-005	-1	
-0.55513245041657933	-36.902536949865244	7.6661654118494287e-006	-1	
0.6897025584567309	-36.226244652771115	-1.0217746469281169e-005	-1	
1.8769272522734628	-35.642140432970841	-2.8210942129570961e-005	-1	
3.1742783951694173	-35.382216934180747	-4.8044987805033052e-005	-1	
-6.7028138872831571	-54.590038340273033	0	-1	
-6.6157643562795014	-53.881076803386385	1.9458579258733613e-005	-1	
-6.5287148252757863	-53.172115266499638	1.94625859401493e-005	-1	
-5.5250759155760107	-52.567585898037592	2.8891436486203069e-005	-1	
-5.4504127275276737	-51.857213115631644	2.8909046178939921e-005	-1	
-4.4822953413081787	-51.232870187575806	3.0097310703654679e-005	-1	
-4.4200412393455366	-50.521302546081706	3.0156347636550938e-005	-1	
-3.4878236872063004	-49.878202512991443	2.5165184913088511e-005	-1	
24.969477485675093	-49.005358830360279	0	-1	
24.645198557289714	-48.368925598797155	-7.2273963694077057e-005	-1	
24.320919628904303	-47.732492367234002	-7.2288696307935393e-005	-1	
23.996640700518917	-47.09605913567092	-0.00012436191931963905	-1	
23.672361772133534	-46.459625904107774	-0.00012443640789157757	-1	
23.348082843748145	-45.823192672544664	-0.00015461853755698718	-1	
23.023803915362752	-45.186759440981547	-0.00015491377615474682	-1	
22.699524986977348	-44.550326209418408	-0.00016148624878823962	-1	
16.757215845318939	-33.039131951066224	-0.00022486189148283642	-1	
15.293549395567746	-32.618601439550282	-0.00021873827136416893	-1	
10.790887536436561	-31.010853701719022	-0.00019133925736958577	-1	
14.867745069812532	-31.180752535596856	-0.00023274222546683108	-1	
13.393586560725067	-30.905842578489171	-0.00022272557095320321	-1	
6.2646338584304706	-32.043760580249504	-0.00011417180718528133	-1	
4.8156834567175091	-32.726374077039928	-8.5428838840774006e-005	-1	
6.9728871349962072	-30.920041204103896	-0.00013555495395904465	-1	
8.3371263034697964	-30.538309492521947	-0.00016175026193650276	-1	
2.3955292188405863	-34.063074245163421	-3.9688860633914927e-005	-1	
3.2145464157054597	-32.768547866575361	-5.7815143878611724e-005	-1	
18.798130659216682	-31.647301988128973	-0.0002535638652436043	-1	
21.674846071310867	-35.440086737970049	-0.0002258537051731961	-1	
20.888817286779322	-32.986348237251299	-0.00024793335552687426	-1	
23.029746838102476	-35.922695209980418	-0.00022647299374527107	-1	
22.739267841403578	-43.681727103746461	-0.00016688406599287326	-1	
23.50359394367694	-43.288235042616478	-0.00017220313663131258	-1	
24.677614517356972	-36.047334125600699	-0.00023030675464877305	-1	
24.882494423157379	-40.844232321032855	-0.00019313111513996782	-1	
24.923530323650819	-42.311758233867401	-0.00018333978782707262	-1	
25.392767911706244	-41.437231157587611	-0.00019060173208307847	-1	
25.000000000000018	-43.301270189221952	-0.00017723670435344885	-1	
24.24048101231687	-43.730985356969803	-0.00017202134606500292	-1	
25.855105177587625	-39.835570399617062	-0.00020319045752563805	-1	
25.637795399460011	-40.640401291826272	-0.00019681510108885116	-1	
26.79455556931606	-39.140813122756661	-0.00021065839956910324	-1	
26.660016265768895	-36.357380909499412	-0.00023232066663664183	-1	
-4.4936898614608474	-37.693909550407497	5.8664040187679268e-005	-1	
-3.1774605253107091	-36.119547134154878	4.5975084229627206e-005	-1	
-1.2204000062496978	-35.560123699896209	1.8403410293785881e-005	-1	
-5.729090493600415	-39.161568998832877	6.8228154498523375e-005	-1	
-6.3603054765131617	-40.50589079922095	7.0094793292921516e-005	-1	
-5.959147627635704	-42.526584525707115	5.9480833251855027e-005	-1	
-6.8737757149994891	-44.347379373604454	6.2502212084597665e-005	-1	
-3.8130125954749987	-48.448918699718121	2.9226862916764385e-005	-1	
-7.7578252531049063	-45.751237624963913	6.5453345837516636e-005	-1	
-6.1134996569994575	-47.525734490170677	4.82692056246542e-005	-1	
-5.1854865618777373	-48.109174459192808	4.0137668040404257e-005	-1	
0.84198889205064464	-34.817772309050447	-1.3338773692137097e-005	-1	
-7.6545205528036506	-54.464743780786677	0	-1	
-7.5551111949750549	-53.757409445971298	2.2220096918422304e-005	-1	
-7.4557018371463961	-53.050075111155799	2.2224671258137531e-005	-1	
-6.4416652942721271	-52.463153729613026	3.3679521441614328e-005	-1	
-6.3546157632684368	-51.754192192726322	3.3700043968758036e-005	-1	
-5.3757495394793704	-51.146840333225803	3.6091198700574919e-005	-1	
-5.3010863514310174	-50.436467550819906	3.6161732859038241e-005	-1	
-4.3577871373829478	-49.809734904587501	3.1485288352329313e-005	-1	
25.820935953224016	-48.562117607241028	0	-1	
25.485599122662673	-47.931440755198928	-7.472139605695159e-005	-1	
25.150262292101306	-47.300763903156813	-7.4736615733209371e-005	-1	
24.814925461539961	-46.670087051114756	-0.00012851517324587251	-1	
24.479588630978615	-46.039410199072641	-0.00012859204564742537	-1	
24.144251800417269	-45.408733347030562	-0.00015972390900877498	-1	
23.808914969855913	-44.778056494988462	-0.00016002817802451347	-1	
23.473578139294553	-44.147379642946362	-0.00016679675916002822	-1	
16.331925556884133	-31.504626424187293	-0.0002400849183957555	-1	
12.872668518565993	-29.445204478719646	-0.00023717292751497922	-1	
10.047320012482098	-29.390499439808359	-0.00020172557759978209	-1	
11.613908811419732	-28.539476448453264	-0.00023558997176846466	-1	
14.423130087275183	-29.47500698030921	-0.00025228218588130145	-1	
16.119190777217902	-28.994768999604563	-0.00027294823665111972	-1	
5.6519730540898117	-30.780205833205134	-0.00011324995142815302	-1	
3.9818377999268533	-31.484087295620341	-7.7913825221986283e-005	-1	
7.1337749919628966	-29.601525736780189	-0.00015138270790500372	-1	
8.5567370818978787	-29.029207345573234	-0.00018343663785046549	-1	
1.3196006303956482	-32.972677351281384	-2.3544070499101338e-005	-1	
2.4652973699066325	-31.449566272973676	-4.8611812418348794e-005	-1	
17.640756946023927	-30.266960467575771	-0.00026484881909388412	-1	
20.337622060619196	-31.190944893503431	-0.00026631714485726748	-1	
19.401444748053102	-29.886388412455613	-0.0002791235433301827	-1	
22.910301577399096	-34.489377431257161	-0.00023965731653544656	-1	
22.741752358560987	-32.861353362041712	-0.00025576169375592008	-1	
21.923266981878719	-31.443978006931761	-0.00026899871266914923	-1	
24.632079770387058	-34.233971357478957	-0.0002468588571718678	-1	
25.9553466790057	-35.000284205035612	-0.00024262597394185588	-1	
25.75190374550273	-42.858365035105635	-0.00018231986205714888	-1	
26.495963211660268	-42.40240480782132	-0.00018737926504616619	-1	
26.385006649348778	-41.416164389631838	-0.00019356683163852765	-1	
24.586773598207117	-44.355713719212247	-0.00016507843679951643	-1	
25.357142857142883	-43.919859763353706	-0.00017006524794106561	-1	
26.461410512510053	-40.511426680837459	-0.00019997168871093766	-1	
27.961469480227247	-39.200534448856693	-0.00021277934197720447	-1	
28.251577755105028	-37.842575736724228	-0.00022348988811232069	-1	
27.526625122490337	-40.051488082105159	-0.00020578130873471966	-1	
27.450089532044927	-34.592087072866903	-0.00024876713108243966	-1	
28.827502055522636	-36.155200296262642	-0.00023751591402675117	-1	
-6.8651750781231362	-38.205041281272109	8.5291003727101656e-005	-1	
-5.7500214450665483	-36.050597001689752	8.1728479624271195e-005	-1	
-4.7947032446943343	-34.941213256018806	7.349889088634021e-005	-1	
-3.033380716184563	-34.08920690092615	4.9888197964474838e-005	-1	
-0.55244494642620123	-33.472452846198401	9.6466732287031849e-006	-1	
-7.4797083318042441	-39.407077873165726	8.6502450299446852e-005	-1	
-7.3344298246032791	-41.875141823885599	7.4741884000528792e-005	-1	
-7.9187781061606461	-40.683698733632028	8.5219955238095396e-005	-1	
-7.92469701716775	-43.063663675958196	7.5811755858981263e-005	-1	
-9.3148835990069152	-45.369803564319255	7.8995022810200924e-005	-1	
-4.7066678967790727	-48.88061503238923	3.5300945897982686e-005	-1	
-8.8341724615243162	-46.776248568442597	7.0680900694497021e-005	-1	
-8.0608622469610189	-47.206345637338934	6.3748440885601031e-005	-1	
-6.4097095850053574	-48.686577941678109	4.8072209473280752e-005	-1	
-7.1833500136419159	-48.064917255797468	5.5043519599835659e-005	-1	
-5.5748043948447066	-48.929430210135401	4.154742231224091e-005	-1	
-8.6038955772127537	-54.322858732732882	0	-1	
-8.4921566736126106	-53.617367060879232	2.4974219349185833e-005	-1	
-8.3804177700124054	-52.911875389025482	2.4979359390227548e-005	-1	
-7.356292479317796	-52.342740776340442	3.845451891893163e-005	-1	
-7.2568831214891638	-51.635406441524978	3.8477943786150751e-005	-1	
-6.2675662322647829	-51.045230655839731	4.2069313548131462e-005	-1	
-6.1805167012610767	-50.336269118953091	4.2151251577742522e-005	-1	
-5.2264231633827167	-49.726094768413887	3.7737879905369942e-005	-1	
26.664529113548561	-48.104083892666821	0	-1	
26.318236527658332	-47.479355530424385	-7.7144535742494671e-005	-1	
25.971943941768068	-46.854627168181921	-7.7160236475839778e-005	-1	
25.625651355877832	-46.229898805939534	-0.00013262146009812654	-1	
25.279358769987599	-45.605170443697091	-0.00013270067877822457	-1	
24.933066184097363	-44.980442081454676	-0.00016476552720952033	-1	
13.175911299371867	-27.6962032624626	-0.00026793510992363699	-1	
9.3820591320551294	-27.736453322632251	-0.00021558869998207652	-1	
11.655706168669528	-26.748605864205295	-0.00026646274965909345	-1	
14.92354706462363	-28.007218809650176	-0.0002794722016555479	-1	
17.10497786584201	-26.583691779162141	-0.00031864126945409032	-1	
18.273829621457978	-28.298782784949264	-0.00029674000227129208	-1	
5.7119087578070165	-29.377233427427448	-0.00012687962758704799	-1	
4.4455379988597095	-30.061569403940904	-9.5558706204262233e-005	-1	
5.6751455231124677	-27.938254938205944	-0.00014103235468171195	-1	
6.9522308273522189	-27.095027236849763	-0.00017905662602928462	-1	
8.3519508789783217	-26.7156649088028	-0.00021325816018912655	-1	
-0.07864222172263434	-31.593665693516844	1.4997898224565005e-006	-1	
1.9325764374248395	-30.029251172375851	-4.2375522349710523e-005	-1	
21.260933375123194	-29.80208801757972	-0.00028706667312083239	-1	
20.349292103275946	-28.284392812593897	-0.00030495685227138015	-1	
23.583515293267745	-31.457677341419561	-0.00027308830714232606	-1	
24.86819555555148	-32.509441930543055	-0.00026458972246222429	-1	
23.005909619747815	-29.169717746745345	-0.00029911399451328276	-1	
26.206602802805669	-33.491927134568364	-0.00025697829835758266	-1	
26.119788084724206	-43.470627392750018	-0.00017498376073518543	-1	
26.874476971826855	-43.008153447933068	-0.00017983511070427074	-1	
27.231951750751378	-41.933528397271225	-0.00019233227822522208	-1	
27.180683559951149	-41.065533308884142	-0.00019797879831498047	-1	
25.714285714285747	-44.538449337485453	-0.00016974298386371404	-1	
28.516401481981852	-39.978520422266904	-0.00020838542441224038	-1	
28.907633422461924	-39.066424435027216	-0.00021551985974213689	-1	
29.603977818933238	-37.527569796516005	-0.00022785663767047799	-1	
27.959645173537364	-41.451878627752109	-0.00019719250187535543	-1	
28.678821817552329	-40.957602214449608	-0.00020203633939249035	-1	
27.648174146494249	-32.668226219984014	-0.00026655278923178694	-1	
29.291191390782021	-33.999784750153559	-0.00025577760033183367	-1	
30.154503977706604	-36.832226278539132	-0.00023374013914553098	-1	
30.304129238782515	-35.95804440916973	-0.00024054547098198087	-1	
-8.168691957175044	-38.246110753863022	9.9567952276635738e-005	-1	
-7.5864514427520069	-37.079132202682018	9.9476666933328463e-005	-1	
-7.1926643711547289	-35.80130491010032	0.00010183306821985212	-1	
-6.2442994644328813	-34.672535174813831	9.5905495663838381e-005	-1	
-4.2371486887277596	-33.065765364000676	7.3867530615067458e-005	-1	
-5.8045182361442924	-33.265371508837035	9.8062140278348505e-005	-1	
-1.6754766910561352	-32.19010396990101	3.1503280707132024e-005	-1	
-3.3283161710829368	-31.773281953624934	6.3984973105810289e-005	-1	
-9.3327018045650032	-38.961049548654984	0.00010776240829303266	-1	
-8.6614523035715241	-41.871841553441378	8.7017575034845218e-005	-1	
-10.20265801661399	-40.014250666313309	0.00011033360603951961	-1	
-10.050074566011521	-43.455436965984248	9.2204094335541752e-005	-1	
-10.829330721349343	-45.966702950832868	8.7984871578328691e-005	-1	
-9.7187161669352928	-46.800219589258752	7.7053295996591748e-005	-1	
-11.638327973559633	-44.752647952754607	9.8798849204823918e-005	-1	
-9.2349240213740664	-47.565165778230259	7.1166103456200627e-005	-1	
-8.1049420294423804	-48.433223755337451	6.0728658800999016e-005	-1	
-6.9586550480033225	-49.513403437078736	5.0197480588895598e-005	-1	
-6.093467170257421	-49.627307582066322	4.3975500780228007e-005	-1	
-7.8217232520115969	-49.384417029757103	5.6447836318786593e-005	-1	
-9.5506497716812309	-54.164426415671748	0	-1	
-9.4266153590620156	-53.460992306377335	2.7720034446159404e-005	-1	
-9.3025809464427383	-52.757558197082808	2.7725737992375509e-005	-1	
-8.2686788664122588	-52.20638371717186	4.3214587157502188e-005	-1	
-8.1569399628120784	-51.500892045318132	4.3240902487247822e-005	-1	
-7.157473763660569	-50.928072106709635	4.8029848228001764e-005	-1	
-7.0580644058319217	-50.22073777189425	4.8123284780344156e-005	-1	
27.500000000000025	-47.631397208144172	0	-1	
27.142857142857178	-47.012807634012432	-7.9542639170720452e-005	-1	
26.785714285714299	-46.39421805988065	-7.9558814805840149e-005	-1	
26.428571428571448	-45.775628485748946	-0.00013667950773160869	-1	
26.071428571428598	-45.157038911617185	-0.00013676103557438846	-1	
13.031944777135687	-26.065902962498456	-0.00029599846244186297	-1	
14.50106371243332	-26.51513064795623	-0.00030168888154649828	-1	
10.520446835411073	-25.65557068088351	-0.00027056519164719216	-1	
11.944551201743515	-24.980688158126696	-0.00030591081843361987	-1	
15.702875193247348	-25.29821014383359	-0.00033420319776391005	-1	
18.375571478827773	-26.225765616858911	-0.00033046445090352251	-1	
17.413039132491122	-25.322410343847789	-0.00034304699011184549	-1	
19.971908724935648	-26.6707397106996	-0.00032825460004333294	-1	
4.1448525274340264	-27.924720610846453	-0.0001054061339651644	-1	
2.4782440252850622	-28.387821061143715	-6.251711813239785e-005	-1	
5.6797195699673226	-26.407908928724776	-0.00015943364875060581	-1	
7.2436661874021908	-25.398395719610132	-0.00021237833137338115	-1	
8.965143363235164	-25.401462878627719	-0.00024861267463502156	-1	
-0.299215500556961	-29.952967301595404	6.8402690287430286e-006	-1	
0.84451489832822024	-28.756127897475015	-2.0266710752298147e-005	-1	
21.872973741406973	-28.140794806309827	-0.00031052363032001883	-1	
24.885376462281371	-30.427255280393112	-0.00028676681085525234	-1	
26.957930532592158	-30.66919707118161	-0.00028586992960303871	-1	
23.753412247589385	-27.963574569700029	-0.00031534641477439472	-1	
25.116524446241176	-28.35786719713516	-0.00031109909763023599	-1	
26.487672423945678	-44.082889750394386	-0.00017465317221889305	-1	
27.252990731993432	-43.61390208804481	-0.000179495712328038	-1	
27.62097963290498	-42.532578802946546	-0.00018461574133936759	-1	
28.010007515058568	-43.131629208621852	-0.00018426821416498766	-1	
29.389262614623686	-40.450849718747399	-0.00020675003349889277	-1	
30.09075115760244	-39.931775502364673	-0.00021143207384504242	-1	
29.894260302334182	-38.95895852832151	-0.00021784627015710741	-1	
30.500936193110338	-37.64866144413201	-0.00022803306713057409	-1	
28.359068676016488	-42.0440483224343	-0.00018932512774049923	-1	
29.088519272088806	-41.542710817513196	-0.0001939645056100203	-1	
28.324902597672903	-30.133168460538265	-0.00029139909460074924	-1	
29.594489591016011	-31.840935476224406	-0.0002749120170420385	-1	
31.329886363416747	-33.160411898200458	-0.00026331343633261559	-1	
32.114481405441175	-34.929773526546555	-0.0002493368087026603	-1	
31.562351890716215	-36.954766016736343	-0.00023396141034645596	-1	
31.905865249967444	-36.063020384052713	-0.00024070190920838955	-1	
-9.2989386792450297	-37.595430108075725	0.00011557881727557656	-1	
-8.54783288415274	-36.14980095304383	0.00011641531753177711	-1	
-8.2153515261042962	-34.790614675479645	0.00012186452516893121	-1	
-7.7947610807809991	-33.415664696549797	0.00012657518592640031	-1	
-5.2469636801777169	-31.389923616818919	0.00010127689519631795	-1	
-6.7721518676563042	-31.957100300942848	0.00012281873160440527	-1	
-1.8334918475562718	-29.331243990445053	4.2767892571192079e-005	-1	
-3.9183887896248493	-29.733559572623616	8.6544051926030374e-005	-1	
-10.388266057165538	-38.251725031209155	0.00012251275348744504	-1	
-10.05558651032945	-41.731705414947896	0.00010015983544146723	-1	
-11.669800360074813	-41.127061313960738	0.00011694706842920203	-1	
-11.417246224137569	-39.071971566666953	0.00012698453237019856	-1	
-12.032917431038141	-42.932331428450041	0.00011028678454237027	-1	
-12.056065451322413	-46.617346153584585	9.391060582146484e-005	-1	
-11.345148761661108	-47.255945528588519	8.673385435166458e-005	-1	
-10.628633567238875	-47.942667814052321	7.9532685737049782e-005	-1	
-13.071271265937519	-44.478641359272189	0.00011023572993163676	-1	
-12.760394064832365	-45.685050108081654	0.00010254950466694437	-1	
-9.8180714132269102	-48.257362738281365	7.3049453164902967e-005	-1	
-8.9764458918236887	-48.432567973681081	6.6818132163159238e-005	-1	
-8.6824088833465751	-49.240387650610629	6.2626873021492263e-005	-1	
-7.9334621556117453	-50.089908701610888	5.4076231092354212e-005	-1	
-8.8064432959657957	-49.943821759905163	6.0003931045063645e-005	-1	
-10.49449474571003	-53.989495089621826	0	-1	
-10.358202606155379	-53.288332815730655	3.0456634587026933e-005	-1	
-10.22191046660066	-52.58717054183937	3.046289920648568e-005	-1	
-9.1785465338235213	-52.054124087788423	4.7957894670048551e-005	-1	
-9.0545121212042687	-51.350689978493946	4.7987084706201817e-005	-1	
-8.0452010592119372	-50.795400373464524	5.3970569255760355e-005	-1	
28.327094120053008	-47.14420153861623	0	-1	
27.95920978083155	-46.531939180971861	-8.1914974635284631e-005	-1	
27.59132544161006	-45.919676823327457	-8.1931618871836561e-005	-1	
27.223441102388602	-45.307414465683124	-0.00014068807743455037	-1	
26.85555676316714	-44.695152108038741	-0.00014077187512277273	-1	
14.486873688518857	-23.934677162081751	-0.00035510004960443109	-1	
10.150275542059038	-23.034473929418457	-0.00032488531280675534	-1	
11.803154085213691	-22.850973226890297	-0.00035465827588607217	-1	
13.462802374486762	-22.744918796702997	-0.00037490718726047227	-1	
16.937276985088786	-24.114361097261707	-0.00036481686057085331	-1	
19.207129016192383	-25.200567426715445	-0.00035088841269003719	-1	
18.234965529899121	-24.317338405963742	-0.00036475885400552382	-1	
21.513235698533524	-25.737502124928973	-0.0003451945077566823	-1	
20.537872571525952	-24.705864521354947	-0.00036138031863434814	-1	
2.8560385043845931	-26.699828982352276	-8.1857912028998018e-005	-1	
4.3772758020637887	-25.779373566966122	-0.00013347305968705294	-1	
0.088348189986635392	-27.26182782883037	-2.1424998735208025e-006	-1	
5.6279918052675537	-24.962661300153464	-0.00017934608151890557	-1	
6.8140662474215752	-24.054621177085494	-0.00022776634195465775	-1	
8.1078041140550035	-23.492012554677839	-0.00027245286610428666	-1	
-1.4512747064889202	-27.759102028119528	3.7870175752766542e-005	-1	
22.793729001383685	-26.918323590693021	-0.00032877586813074948	-1	
26.515894282982519	-29.132184600470701	-0.00030226508979110426	-1	
24.147840948945138	-26.638249441651517	-0.00033281377993346736	-1	
26.914690150183649	-27.625277876343016	-0.00031914398110703804	-1	
25.523059040674045	-26.782595884875761	-0.00033036244379134141	-1	
27.631504492160001	-44.21965072815653	-0.00014473199782201831	-1	
28.758492178495587	-42.636218017116477	-0.00018896990723505036	-1	
28.399035397212156	-43.730679614297138	-0.0001486402386229674	-1	
29.809109223404036	-41.028719000443807	-0.00019852964365274422	-1	
30.520619031282497	-40.502229438112757	-0.00020302157296967006	-1	
30.783073766282943	-39.400537680336129	-0.00021600886846218141	-1	
30.656349909797306	-38.540313892563759	-0.0002218071224312187	-1	
31.331551363934576	-38.008211093172875	-0.00022626403473016612	-1	
29.498216726625266	-42.127819420576763	-0.00019360087947118356	-1	
30.228955832184372	-41.606588282140201	-0.00019815850408058897	-1	
29.793213413683635	-30.134795029083428	-0.00029059334356458413	-1	
28.052939785399438	-28.690263222180715	-0.00030647140855607818	-1	
31.715789010565238	-31.3382340156837	-0.0002784715328100486	-1	
32.981059241421008	-34.170292128116856	-0.00025505355529761658	-1	
32.564818221028744	-32.996064673015496	-0.00026429150888251549	-1	
33.705184497688798	-34.718042514018649	-0.00025080320885423991	-1	
32.832827693473384	-35.830743976030092	-0.00024268649223907758	-1	
32.539078954397297	-36.778738279537109	-0.00023580199037778689	-1	
32.139380484326999	-38.302222155948932	-0.00022488472982976041	-1	
32.802951449525402	-37.735479011138629	-0.00022924007232584089	-1	
-9.9453707924779042	-36.080382040904183	0.00013300970126830529	-1	
-11.133532378584189	-37.221222594250854	0.00013686137363284678	-1	
-9.6161664162984941	-34.466421198267881	0.00014198956295901293	-1	
-8.3319167070560436	-31.493395606109669	0.00015162989575231325	-1	
-9.7188216963621894	-32.797217151338046	0.00015813343024185527	-1	
-5.4258793843088879	-29.885405655249528	0.00011634012339460842	-1	
-8.2676590857879653	-29.970845000165049	0.00016687236147028064	-1	
-6.8582070289035642	-29.391419173248714	0.00014860969311041743	-1	
-3.0541020993255374	-27.979702665931445	7.851294934597287e-005	-1	
-4.8701511678184985	-27.843617694615428	0.00012346722337839704	-1	
-12.728052688826978	-39.875028742473347	0.00013324009796896106	-1	
-13.501016401255228	-41.320715655550948	0.00013023151784998636	-1	
-12.707185423185665	-38.23580694277711	0.00014423766852151164	-1	
-13.813719432816935	-43.478222735460939	0.00012041337447505467	-1	
-12.295333868131406	-47.542528474055587	9.1883814108697164e-005	-1	
-12.9874463187197	-46.831218501588445	9.9112469225771664e-005	-1	
-11.247552717193315	-48.71850323926197	8.096358967883326e-005	-1	
-12.096094779983456	-48.51478631380003	8.7056495245770799e-005	-1	
-10.395584540888031	-48.907380036690498	7.4883043957810029e-005	-1	
-13.896476087805977	-45.411970725217593	0.00011118691150485701	-1	
-14.024486479406931	-46.3108596013656	0.00010789594847596503	-1	
-9.5404497688273011	-49.081359172383415	6.8770851178955302e-005	-1	
-9.6767419083819615	-49.782521446274707	6.5904444016824174e-005	-1	
-8.9304777085850588	-50.647255869199562	5.9886819689027194e-005	-1	
-11.435142994976834	-53.798118040359611	0	-1	
-11.286634644392743	-53.099441182692622	3.3183117107788856e-005	-1	
-11.138126293808584	-52.400764325025527	3.3189940137112111e-005	-1	
-10.085618327046003	-51.886008267948235	5.2682629716047903e-005	-1	
-9.9493261874913124	-51.184845994056992	5.2714677057782869e-005	-1	
29.145559532826301	-46.642645288603482	0	-1	
28.767045772659738	-46.036896648491748	-8.4260822526077247e-005	-1	
28.388532012493137	-45.431148008379978	-8.427792892485016e-005	-1	
28.010018252326571	-44.825399368268272	-0.00014464596943534376	-1	
15.02324318313023	-22.573829618400396	-0.00039020051942884862	-1	
16.480908307311804	-22.613020601809712	-0.00039584140700123379	-1	
8.914570163620759	-22.30584175154809	-0.00032106262543535834	-1	
10.738713379547637	-21.246366305152993	-0.00038752430091123867	-1	
12.614915052434036	-21.399517365230402	-0.00040504327470757277	-1	
14.204749944922566	-21.361531350274287	-0.00041739109732071835	-1	
18.09976190593623	-22.940963364855619	-0.00039221841932676581	-1	
19.472493608780418	-23.877202516538382	-0.00037517550928811136	-1	
23.255073184133003	-25.735355869180577	-0.00034566376912417999	-1	
22.79081515048447	-24.553528655375711	-0.00036348163241037718	-1	
20.68984221297903	-23.294299927469641	-0.00038586758334066914	-1	
22.140488072540116	-23.256264298895069	-0.00038488240962647143	-1	
0.42893316609191628	-25.671653238639411	-1.4155605874476617e-005	-1	
1.9716948272924832	-25.157318901882391	-6.5835379336963949e-005	-1	
4.3045186811653329	-24.301921509242035	-0.00014952226477552553	-1	
-1.1512411700116436	-26.055973965061096	3.5805706062834603e-005	-1	
5.5291353186123091	-23.472179216236164	-0.00020318333309691291	-1	
7.3270362772174584	-22.093534953103724	-0.00028768872264346902	-1	
-3.5155124827958764	-26.217983676813716	0.00010402472387165205	-1	
24.9639562656774	-25.4861171337988	-0.00034768776409428102	-1	
26.984631708558513	-26.06806427592398	-0.00033734925609283674	-1	
28.326805219651494	-27.256787873377899	-0.00032147482248417184	-1	
26.225207810947754	-24.905851093234936	-0.00035311573002668123	-1	
28.78806327936574	-44.329730019972459	-0.0001485520200424362	-1	
29.157915680974686	-43.228387711798639	-0.00015249547349544906	-1	
29.557339183453788	-43.820557406480823	-0.00015240510516087663	-1	
30.950486904962524	-41.072683373860826	-0.00020264243629408818	-1	
31.662590159605326	-40.526267328345753	-0.00020705030838828674	-1	
31.222831962944149	-39.963402504340948	-0.00020743688912527815	-1	
31.466019552491904	-38.857298072848579	-0.00022049803928054782	-1	
29.907914181161718	-42.712928023640323	-0.00015629661658284402	-1	
30.648802440964698	-42.184457563836574	-0.00016004261206087035	-1	
31.454191992355977	-29.697123297922218	-0.00029306763237493268	-1	
30.306226122101688	-28.495519474435088	-0.00030587019417231454	-1	
33.081655359633842	-30.033338074599516	-0.00028796868440009946	-1	
33.499174480986866	-31.875625262819796	-0.00027251833560119161	-1	
33.770683345413914	-33.309043913800785	-0.00026122291292634365	-1	
34.516971002407296	-35.124724875054113	-0.00024763739959223716	-1	
33.802816481983612	-35.620736187234051	-0.00024425917639872482	-1	
34.663067693092053	-34.063301753195432	-0.00025510578300353646	-1	
33.456530317942949	-37.157241273869737	-0.00023346820288056819	-1	
34.099918003124962	-36.567685080958547	-0.00023765477306156099	-1	
32.598514491245972	-38.849396758176802	-0.0002160340599586979	-1	
33.271565041661496	-38.274557282726349	-0.00022021665721243022	-1	
33.934480751056441	-37.688059006353619	-0.00022431908257464916	-1	
-12.368872837621671	-34.745498329071744	0.00016956778004680959	-1	
-11.069016627567972	-33.851423610245988	0.00016420825734302216	-1	
-12.687199968688535	-36.450405772541281	0.00015794466034302714	-1	
-10.021201635124152	-31.15242335591984	0.00017940449543967505	-1	
-11.313292758678811	-32.292794423611774	0.00018302468009261902	-1	
-9.1780398545492758	-28.748758159787936	0.00019708906131664779	-1	
-7.8460519371728772	-27.909188721990734	0.00018546456200301892	-1	
-6.4496602876892846	-27.181755553808035	0.000166223676479591	-1	
-4.9089095445145379	-26.434094065836639	0.00013936877011342966	-1	
-14.191322775789352	-39.036657619327194	0.00015050117873891797	-1	
-15.550119659042085	-40.268243774813769	0.00015177025209546803	-1	
-15.536230406254084	-42.102075969149041	0.00013973694567674436	-1	
-14.332208802677792	-36.999939656181219	0.00016753208659231876	-1	
-14.980858757653657	-45.022248560456276	0.00011989214894640646	-1	
-12.940952255126112	-48.296291314453619	9.3039337568451221e-005	-1	
-13.986616979840855	-47.218027597396691	0.00010372905111360572	-1	
-13.781867790850036	-48.063084796916144	9.9046640937269797e-005	-1	
-12.26889613398321	-49.20785468971156	8.3426961342419323e-005	-1	
-11.40823204172464	-49.414481856965814	7.7617419031021211e-005	-1	
-13.125823001627905	-48.986238333231626	8.9198940952507855e-005	-1	
-10.544092891472131	-49.6060568943576	7.1776127114236385e-005	-1	
-14.766667230281307	-46.833885035787304	0.00011007506687092935	-1	
-15.420604077215941	-46.087327521986964	0.00011739878767931197	-1	
-9.8130340479366645	-50.483683720165864	6.577616062999245e-005	-1	
-12.372307988912651	-53.590353563188238	0	-1	
-12.050949339849963	-52.198396327780685	3.5905963319243496e-005	-1	
-12.211628664381342	-52.894374945484515	3.589858476474442e-005	-1	
-10.989617943224491	-51.702087467358581	5.7387002227477234e-005	-1	
-10.841109592640358	-51.003410609691521	5.7421888795354397e-005	-1	
29.955146925826519	-46.126881236998372	0	-1	
29.566119043672938	-45.527830831323065	-8.657947553560796e-005	-1	
29.177091161519328	-44.92878042564773	-8.6597037524394383e-005	-1	
15.790636600854484	-21.328556309312503	-0.00042520676166996573	-1	
17.371540973834367	-21.458422402972229	-0.00042431899347586112	-1	
8.4478422264900086	-20.949361871258272	-0.00035316917572051097	-1	
10.555189342602517	-19.740752675014829	-0.0004380222871264566	-1	
12.062676473605114	-19.908192291760745	-0.00044814191706560552	-1	
13.708685925140424	-18.820942114722698	-0.00049516381381701407	-1	
15.2417087291317	-19.840335213360948	-0.00046543724490488361	-1	
19.533821884896998	-22.442659849210077	-0.00040284315576412762	-1	
23.986311136338767	-24.766002123567919	-0.00035890424719821552	-1	
23.79953638848804	-23.198435068634321	-0.0003825488061603856	-1	
21.473778714185148	-21.010063126110634	-0.00042642833372277984	-1	
22.809706115876629	-21.968643497037771	-0.00040508485141915512	-1	
-0.20118656817210567	-23.629824775943248	7.7459671072701208e-006	-1	
2.8186318898779663	-23.858354299583453	-0.00010500984991988817	-1	
1.5715252329741898	-22.93675980507253	-6.4383780976277433e-005	-1	
3.7201965253688489	-21.912390631359422	-0.00016824351907278719	-1	
-2.0764081184291405	-24.5949019477587	7.258077765948203e-005	-1	
5.5424531488048832	-21.62789649665789	-0.00024473591396956208	-1	
6.2231995656338412	-19.620084320360419	-0.00033213524429727138	-1	
-4.4514125988885151	-24.783758615713847	0.00014781765037019345	-1	
25.108041689015987	-24.081591428877609	-0.00036653945983804208	-1	
27.935015413707202	-24.617834497227705	-0.00035231438742336628	-1	
29.71669240355471	-26.811740159390958	-0.00032374732848686172	-1	
29.619110977141013	-25.030409013227114	-0.0003427394986993624	-1	
26.581904977110721	-23.253189780458307	-0.00037341822484747357	-1	
30.317611635698178	-43.298036626703897	-0.00015620413802519537	-1	
29.956762685932883	-44.412727101162957	-8.8888249730038549e-005	-1	
31.380354778642545	-41.643137309608882	-0.00016373244326670235	-1	
32.102348356266496	-41.089132152350544	-0.00016736512687512997	-1	
32.365048682563106	-39.967506589215702	-0.00021138094746933663	-1	
31.915534117527518	-39.412402331032148	-0.0002117746036282809	-1	
31.068649049745041	-42.762326845532982	-0.00015994806460493933	-1	
31.810222652322583	-42.213591245356959	-0.0001636358680706957	-1	
32.530602921970534	-28.593719498102072	-0.00030121214473151944	-1	
31.484246134426616	-27.05343541287171	-0.00031734873985862517	-1	
34.96969095275842	-30.093884748089373	-0.00028452643968434189	-1	
34.071678907684642	-28.629007472066039	-0.00029787680923095317	-1	
34.953220558481611	-31.756645865591597	-0.0002717934759025739	-1	
34.927553127343273	-33.14501031990023	-0.00026154034605597797	-1	
35.355339059327413	-35.355339059327399	-0.00024569871658571999	-1	
34.732918522949902	-35.966990016932577	-0.00024173182456541404	-1	
35.620736187234073	-33.802816481983598	-0.00025629209456848328	-1	
35.966990016932598	-34.732918522949888	-0.00024962129446408446	-1	
34.587059688883912	-37.090080582115128	-0.0002283424158316811	-1	
35.229103073277784	-36.480804160031646	-0.00023228369968601853	-1	
33.057648498164916	-39.396571360404643	-0.00021563379197089057	-1	
33.740178633797555	-38.813635554314047	-0.0002198091977835945	-1	
34.41243118416989	-38.218876738837473	-0.0002239051945368359	-1	
35.074201374642826	-37.61247608327168	-0.00022792167283592721	-1	
-13.575806835253976	-33.710904364419903	0.0001916386858176302	-1	
-14.116225881046779	-35.205903227723518	0.00018162203667946512	-1	
-11.260986588637305	-29.955394153001226	0.00021075881402588898	-1	
-12.835154155133033	-30.785713749549764	0.00021834404374626858	-1	
-13.980842281767041	-32.173692396797129	0.00021244060168274119	-1	
-11.520615884812241	-28.194704859460966	0.00023959878701520197	-1	
-10.065594990524378	-27.126363849118231	0.00023631094537713112	-1	
-8.3982534950933569	-26.434691488236115	0.00021916916874909826	-1	
-5.9921633420632636	-25.531420103685242	0.00017990270965856763	-1	
-15.771591804153193	-38.447781328822799	0.00016665620443985689	-1	
-16.961473168600641	-41.195901913374207	0.00015458424422365888	-1	
-17.429859929498967	-39.573224436733874	0.00016890247062679442	-1	
-16.757880882303461	-43.937394494749007	0.00013653866261366412	-1	
-17.646200370495098	-42.741490330923043	0.00014871344677874513	-1	
-15.647776003610373	-36.164845119156453	0.00018494528506644316	-1	
-16.073157911394809	-45.389197738284203	0.00012465347144730837	-1	
-13.978751616433602	-48.749700294015049	9.4934437755628278e-005	-1	
-14.618585236136918	-47.815237798151976	0.00010495467665828161	-1	
-14.827422168081725	-48.498312623839958	0.00010062820298728808	-1	
-11.568911366255998	-50.110460474669523	7.7467011542041772e-005	-1	
-12.441697487983001	-49.900923065622962	8.3264886797092743e-005	-1	
-10.692601242056273	-50.304733752024582	7.1636786214818391e-005	-1	
-13.310693748129731	-49.676185352009504	8.9026333613091807e-005	-1	
-15.450849718747456	-47.552825814757881	0.00011082528496084948	-1	
-16.392150791958382	-46.290005844122604	0.00012200339188707077	-1	
-16.278407722857921	-47.275928779966044	0.00011670723356004348	-1	
-13.305704257981805	-53.366264945180099	0	-1	
-12.960101549982257	-51.980128193357181	3.8610077156560849e-005	-1	
-11.89027001531865	-51.502417710076998	6.2069242583414461e-005	-1	
-13.132902903982066	-52.67319656926869	3.8602146207373351e-005	-1	
-11.729590690787301	-50.806439092373203	6.2106949790514322e-005	-1	
30.755609690891106	-45.59706649052734	0	-1	
30.356186188412011	-45.00489679584517	-8.8870238850736276e-005	-1	
17.568015028612862	-19.986724185427434	-0.00045983935449396633	-1	
19.829753712064431	-21.037633808345994	-0.00043085361965114249	-1	
19.040282697144242	-19.777430941142917	-0.00046066371343755268	-1	
9.5295835426648932	-18.623306381661649	-0.00046704025549376796	-1	
7.8075851007863504	-18.465258566484486	-0.00043466471754686895	-1	
10.89501560884862	-17.562244169370757	-0.00053312135336557357	-1	
12.435264336089272	-17.31433748226225	-0.00055073092274943755	-1	
15.237114356504403	-17.999330026282777	-0.00052184855735505783	-1	
13.927857527911565	-16.860476896833951	-0.00056660997140910261	-1	
16.538786984931658	-18.916589926642217	-0.00049057448649885522	-1	
25.204456870193425	-22.527806078435272	-0.0003880704794039965	-1	
20.973395434555702	-19.443795293463797	-0.00045856033881572786	-1	
23.331356498063304	-19.831445326848847	-0.00043855548722781677	-1	
24.973229729617795	-20.713046690984484	-0.00041588978427884728	-1	
-0.18195584590994596	-22.196388081026626	7.6829572054532995e-006	-1	
-1.5892280973831157	-22.542955204492369	6.9005275722560581e-005	-1	
0.83196174201461304	-21.182937685639928	-4.4651642517437302e-005	-1	
2.3901629672046103	-19.928402042337325	-0.00014027734290588897	-1	
4.2629039027966824	-19.586306219800306	-0.00024733627627685856	-1	
-3.0285284115293534	-22.713068597651819	0.00012663564901139245	-1	
5.5503218118446167	-17.77858070258738	-0.0003811506649284475	-1	
-6.5294065168496473	-24.066742057361061	0.00021970263192214724	-1	
-5.443018211460191	-22.947066899937447	0.0002102856419192341	-1	
28.126735338596998	-22.566151617524522	-0.00037604597920865316	-1	
30.578542968425868	-23.730259844571925	-0.00035326962075526687	-1	
32.303507803087022	-25.634874603192966	-0.0003286465445727668	-1	
26.565044754713444	-21.614679959425313	-0.00039533533285390467	-1	
30.72730909023463	-43.883145229767429	-9.1150883277371295e-005	-1	
31.137006544771115	-44.468253832831039	-9.1132430325929466e-005	-1	
32.542106552927685	-41.651996976355349	-0.00016726656682144889	-1	
32.814563247598699	-40.522610847399235	-0.0001709397204197451	-1	
33.264077812634298	-41.077715105582797	-0.00017083921895114567	-1	
31.488495658525366	-43.340196127229341	-9.3384268732347043e-005	-1	
32.240090526002604	-42.784045181104986	-9.558774964306555e-005	-1	
33.340254806040136	-26.903204254490447	-0.00031424954326793661	-1	
36.22066725704294	-31.189377374209467	-0.00027417715299185938	-1	
36.588623102728285	-29.714273760947528	-0.00028420782066223909	-1	
35.17042305053053	-27.308003166445122	-0.0003059319296668813	-1	
35.830743976030114	-32.832827693473369	-0.00026289979531741162	-1	
35.860415331603548	-35.860415331603534	-0.00023614219250089321	-1	
36.567685080958569	-34.099918003124948	-0.00025341554764241265	-1	
36.48080416003166	-35.22910307327777	-0.00023991935647489626	-1	
35.725287623605617	-36.994618303130686	-0.00023185666674081331	-1	
36.365491603879633	-36.36549160387964	-0.00023570943406838902	-1	
33.516782505083867	-39.94374596263247	-0.00017445532263535085	-1	
34.208792225933621	-39.352713825901724	-0.00017791107127049157	-1	
34.890381617283353	-38.749694471321313	-0.00018130613516872536	-1	
35.56134306040174	-38.134871584428218	-0.00018463972116338322	-1	
-15.334443149238785	-33.352315477468366	0.00021063981827844084	-1	
-16.397206739914306	-34.798663023892011	0.00020358901788975595	-1	
-12.754684307765311	-28.987767528888703	0.0002425652460040344	-1	
-14.119655164670899	-29.525101531133267	0.00024858409835041483	-1	
-15.510772111118527	-31.783219382673426	0.00023036855752798572	-1	
-12.899806383613603	-27.528037124577274	0.00026780044847602677	-1	
-11.161632919462072	-25.692090801360461	0.00028002849646457885	-1	
-8.6382584045980106	-24.695830598754206	0.00025712458585643223	-1	
-18.117488213727913	-38.42653917510448	0.00018199571206478583	-1	
-16.989663831292891	-36.956954331232467	0.00018722714390334339	-1	
-18.869632029040499	-40.967330482221115	0.00016710498363233954	-1	
-18.855340817174866	-39.541569794458169	0.00017739429420036325	-1	
-17.594997338879356	-44.230341072841348	0.00013955837932061295	-1	
-17.019634796743539	-45.521081046155118	0.00012935012147276574	-1	
-19.401225825441909	-43.05583143446048	0.00015599440606834923	-1	
-18.47005886090415	-44.085949271973533	0.00014506278130202479	-1	
-14.175635442017196	-49.436315791113813	9.4750527189414559e-005	-1	
-15.671576143300987	-48.232151897825943	0.00010628031420439225	-1	
-15.036259100026559	-49.181387449527811	0.00010043393832246497	-1	
-12.614498841982732	-50.593991441534321	6.6768108118936664e-005	-1	
-13.495564494631502	-50.366132370787348	7.14036286337878e-005	-1	
-14.372519267600739	-50.122931288212556	7.6011805154362291e-005	-1	
-16.510956404613033	-47.951299191108504	0.00011189029063726014	-1	
-17.101007166283527	-46.984631039295621	0.00012247395605117226	-1	
-17.345307268659006	-47.655840054142779	0.00011745237200722353	-1	
-14.235047480638727	-53.125920445899055	0	-1	
-13.8653059876351	-51.74602640834317	4.130139639719092e-005	-1	
-12.787300195982514	-51.287059817445808	6.6727599920770559e-005	-1	
-14.050176734136951	-52.435973427121155	4.1292916394446367e-005	-1	
31.546703999307567	-45.053362435894599	0	-1	
18.120794303714362	-18.608706489335006	-0.000492569176020094	-1	
20.40844398380812	-17.565214057732188	-0.00050163949554409687	-1	
9.568119236459637	-16.894499641155885	-0.00055494853899311337	-1	
6.9916074024373174	-17.094156382174369	-0.00048191679769062122	-1	
8.2805523196021227	-16.153751254297042	-0.00057526653573525721	-1	
11.054791949656298	-15.662102333571744	-0.00063100744208629568	-1	
12.693809479968303	-15.775838773827257	-0.00061915274906640654	-1	
15.373654396619854	-16.269446587689981	-0.00057869462397962073	-1	
16.517989570470629	-17.324332151043095	-0.00053645752957992045	-1	
14.47890061270547	-14.989188380114493	-0.00063472429422019219	-1	
21.969319571056023	-18.12004759550797	-0.00047794453872417275	-1	
23.555690609511551	-17.642973406458935	-0.00047404645006257948	-1	
25.124587915951384	-18.780864894259899	-0.00044401412429287331	-1	
26.648592252450047	-19.978214708849308	-0.00041684845852418861	-1	
-1.1683208876619977	-21.156102262887359	5.9709695585775347e-005	-1	
-2.6514582019415802	-21.273840780848143	0.00013250922732477982	-1	
0.63452742918858052	-19.192241719245462	-4.0773075526939701e-005	-1	
2.6663144132028829	-18.044807462149588	-0.00020072814396435504	-1	
4.0589040537010144	-17.376396610859469	-0.00031656909982124529	-1	
-4.9417232861227562	-21.221692866565871	0.00023220893345212828	-1	
6.7257878597981486	-15.376282773779876	-0.0005892660848295818	-1	
5.0059335282571675	-15.123595532418269	-0.00051761576043395313	-1	
-7.7959294855244874	-23.155791137685561	0.00027325538325473277	-1	
-7.4182565199531512	-21.100228953228097	0.00032045810233993815	-1	
29.228654422540487	-20.887647968438625	-0.00039062492565538736	-1	
30.805670717328777	-22.130475298974023	-0.00036913881217869824	-1	
32.17134382200576	-24.002074206758238	-0.0003445567166503256	-1	
34.061757538826846	-25.255550570806843	-0.00032629176966818225	-1	
31.908342267305727	-43.918065408925777	-9.3365380646906679e-005	-1	
32.32818887608606	-44.495934690622164	0	-1	
32.981864749588851	-42.214861800360119	-9.7760682670276048e-005	-1	
33.975916512002833	-40.490920564860325	-0.00017435292289273396	-1	
33.713592377669883	-41.632819363766309	-9.9902437706906737e-005	-1	
32.669958399682663	-43.354499116853098	-9.5568433472361809e-005	-1	
33.421622946250068	-42.777726624364959	-9.7740945568545253e-005	-1	
36.77873827953713	-32.539078954397283	-0.00026383133555616203	-1	
37.12425135518631	-31.137096500926482	-0.00027306209163071438	-1	
38.200813330511195	-29.312515031247649	-0.00028351375523136214	-1	
38.081216549911808	-27.929073205553756	-0.00029349054097527514	-1	
36.709935638960005	-27.224309159998761	-0.00030234515785950127	-1	
38.033764367496566	-30.253422223987805	-0.00027743347181806872	-1	
35.807271193174287	-24.821372108349919	-0.00032379433265432333	-1	
37.157241273869758	-33.456530317942935	-0.00025715656017031592	-1	
36.994618303130679	-35.725287623605631	-0.00023948045424404104	-1	
37.090080582115149	-34.587059688883897	-0.00024361266592303268	-1	
37.612476083271673	-35.07420137464284	-0.00024316837331604717	-1	
36.221472173933464	-37.508432446229712	-0.00018791106876339767	-1	
36.870567876155732	-36.870567876155739	-0.00019111945706744087	-1	
34.677405818069708	-39.891792097489436	-0.00017780681527171957	-1	
35.36833205039683	-39.280512203805181	-0.00018120006612735965	-1	
36.048484746160675	-38.657267085584785	-0.00018453188194970593	-1	
-17.007234907587726	-33.236791142661779	0.00022431262517994482	-1	
-18.446508100799548	-35.698435608904497	0.00020784899954291326	-1	
-18.493167967272285	-34.013695950774803	0.00022500791217288759	-1	
-14.410786771802734	-27.780129502936326	0.00027874998707470676	-1	
-16.547651013033402	-30.592405963089107	0.00025364470050729315	-1	
-15.959086332611768	-28.635964453063657	0.00027728980197861514	-1	
-17.378724073395318	-31.810098225991101	0.00024341452181257116	-1	
-13.640878334494916	-26.18735645255434	0.00030040499772952052	-1	
-11.563920223742645	-24.185123481162673	0.00031803066342416767	-1	
-13.067031969217533	-24.601585556200565	0.0003268627129488899	-1	
-9.8662713705129619	-23.441548451428126	0.00030978598393876372	-1	
-18.878847753227692	-37.327425260115497	0.00019544769753036765	-1	
-19.978051600278242	-38.662639606667199	0.00019006046879036463	-1	
-21.242470445830172	-42.42860407689966	0.0001687254216750443	-1	
-20.975971445830357	-40.511520814536766	0.00018069518016590417	-1	
-18.141113953517511	-44.929153138208257	0.00013859171595180072	-1	
-18.052892936725538	-45.829938664471292	0.00013326712148430985	-1	
-17.918397477265106	-46.679021324860287	0.00012825336011406866	-1	
-20.729570559128415	-43.460448467587312	0.00015980859372658116	-1	
-20.153565916582831	-44.222964272774568	0.00015256466639040022	-1	
-19.581247913776732	-45.033787080084885	0.00014518776305072833	-1	
-15.245096031971341	-49.864462275215637	8.059095198109065e-005	-1	
-15.892302567854543	-48.911477980893885	0.00010607568297404848	-1	
-16.113028992408044	-49.590804063961791	8.5139413636787188e-005	-1	
-13.680435241133321	-51.056079389565312	7.1360342166066891e-005	-1	
-14.569403093184327	-50.809546785311397	7.5965763163238817e-005	-1	
-16.743505086368163	-48.626669602250843	0.0001116745233870392	-1	
-18.174374584083179	-47.345864486644089	0.00012296725962957316	-1	
-17.589607371034504	-48.327049068989837	0.0001172265011375699	-1	
-15.160054569935046	-52.869393276607823	0	-1	
-14.766286918767877	-51.496162282410161	4.3979042551834256e-005	-1	
-14.963170744351499	-52.182777779509046	4.3970017056213681e-005	-1	
17.943308418159212	-17.069911971507754	-0.00053328260821014614	-1	
20.046429990883301	-16.187661301942576	-0.00053521553278089147	-1	
22.23615657030437	-16.131292049858114	-0.00051323739106911453	-1	
9.579270360940221	-15.409099900196313	-0.0006445392418158968	-1	
8.5145899666944871	-14.208920750468081	-0.00072893505995931952	-1	
10.106305470446719	-14.007883220518048	-0.0007404466155628383	-1	
12.266201886591169	-14.189501423640271	-0.00069975442028169901	-1	
15.916497854378257	-14.869603404533326	-0.00061993579140127801	-1	
16.897620305445404	-15.927140700169728	-0.00057511904004461586	-1	
13.980878517285149	-13.368872601124089	-0.00070859538070257311	-1	
15.674177317820934	-13.44753900612778	-0.00067138080497964811	-1	
24.138907694525091	-15.80214227757585	-0.00049904507635392919	-1	
25.075291918321128	-17.111613823494288	-0.00046962436953521729	-1	
26.679204428691818	-17.249439086855251	-0.00045365950177273705	-1	
29.211550523951828	-19.040985601819475	-0.00041228334817568788	-1	
28.224682873471657	-17.750414929952868	-0.00043483794782829576	-1	
-2.5191882527929725	-18.923591408036195	0.00016566424395866687	-1	
-1.010944986179261	-18.551456378926034	7.0991634688307375e-005	-1	
-3.5486461743481703	-20.086991003585236	0.0001977418882739455	-1	
0.39993511994472125	-17.489570015773957	-3.5544363633951344e-005	-1	
2.3996412901423287	-16.65798093510945	-0.00022216255009185524	-1	
3.5934423307301091	-15.903500023384961	-0.00036003892477689186	-1	
-5.5098835519889295	-19.517167692362563	0.00030780042109185545	-1	
7.0160110227684402	-13.636002359983774	-0.00076923841182588752	-1	
3.4752979819714649	-14.613167062828156	-0.00043285735069300202	-1	
4.4074653986370897	-13.625190281509663	-0.00062296147732467306	-1	
-9.5227723117696357	-21.978511809513758	0.00034408641448123423	-1	
-8.8714687945913369	-20.624158994530603	0.00037333602378727818	-1	
-7.0725774108802826	-19.575145519886902	0.00036351233060539899	-1	
30.903741563552067	-19.780542175132869	-0.00039311008140366848	-1	
32.158637949935823	-21.76977283969789	-0.00036619486644952814	-1	
32.244621644932053	-20.325092507731711	-0.00037974432179419134	-1	
32.993053160398823	-22.894218415608176	-0.00035163888955676959	-1	
33.869076832242321	-23.959644723316472	-0.00033838363730183396	-1	
35.159457680009979	-23.732895769704633	-0.00033513824114008882	-1	
33.099826273362694	-43.924953052601161	0	-1	
34.163106942705511	-42.187923621949906	-9.9882286927813991e-005	-1	
34.43505051892177	-41.038095167088123	-0.00010201239798151118	-1	
34.894184525840757	-41.585269769316007	-0.00010199184087164105	-1	
33.861381142911242	-43.340591448369764	0	-1	
34.612621507741096	-42.743027880133454	0	-1	
37.446944992077171	-31.982712447345978	-0.00026671007589202083	-1	
37.735479011138651	-32.802951449525388	-0.00026079612454716706	-1	
38.008211093172889	-31.331551363934572	-0.00027020112137748247	-1	
38.958958528321531	-29.894260302334182	-0.00027791821263476428	-1	
39.066424435027244	-28.90763342246192	-0.00028418352316349102	-1	
37.92379085325171	-26.273699242427575	-0.00030562090283252141	-1	
39.282424339178952	-27.232428014647425	-0.00029476702954103908	-1	
37.379877658575168	-24.797962979062262	-0.00031826076768520231	-1	
39.40053768033615	-30.783073766282943	-0.00027119009989759241	-1	
38.857298072848593	-31.466019552491904	-0.000267789793791951	-1	
36.575379676655992	-23.587358934696283	-0.00033046494002702577	-1	
37.68805900635364	-33.934480751056427	-0.00024722365392206366	-1	
37.508432446229712	-36.221472173933478	-0.00019426420452925265	-1	
38.218876738837466	-34.412431184169911	-0.00024677366503894328	-1	
38.134871584428218	-35.561343060401754	-0.00019734466160957156	-1	
36.717656724261332	-38.022246589328759	-0.00018780150364449829	-1	
37.375644148431846	-37.375644148431853	-0.00019100821043583545	-1	
35.146019410205767	-40.430870369077084	-0.0001040899601442274	-1	
35.846282483510279	-39.811329936288992	-0.00010613453433701119	-1	
36.535626431919582	-39.179662586741294	-0.00010814554425381739	-1	
-20.086022893787103	-36.088968709152333	0.00021272812186680923	-1	
-20.335956772090597	-32.903608739690846	0.00024639344649341469	-1	
-18.831215801921971	-31.557660793441244	0.00025490259423751856	-1	
-20.983230733376203	-34.81589995191748	0.00022924423410260899	-1	
-15.85669552596225	-26.098747560485183	0.00031991697479380449	-1	
-17.804687740144253	-29.512221955002776	0.00027622526879779544	-1	
-17.698686723646595	-27.333561631270456	0.00030892396753809403	-1	
-14.665672514380317	-24.064633608605298	0.00035296104027638872	-1	
-12.567262709729755	-22.990933615545554	0.00036063114951741812	-1	
-11.830454403455152	-21.533567068410033	0.00039272234605047346	-1	
-20.606792046542999	-37.399916416867768	0.00020355109339907602	-1	
-21.930630729457022	-37.886984732863496	0.00020523148579424953	-1	
-21.952490371416317	-39.380829886458535	0.00019342294523623472	-1	
-22.284819970562062	-41.937404923130629	0.00017632500651896626	-1	
-21.684648104570105	-43.492675530554678	0.00016377493715508527	-1	
-22.829913374456094	-42.663532358951421	0.00017370671105155366	-1	
-22.961675213075072	-40.482463737714092	0.00018911608928830486	-1	
-18.845624691866927	-45.497362722498366	0.00013903008881185552	-1	
-18.730329670795697	-46.359192728339565	0.00013392388454699198	-1	
-18.997905808949923	-47.021466910173068	0.00012842943027668616	-1	
-21.140976050317832	-44.322978016770186	0.00015643072944174173	-1	
-20.336832153790112	-45.677272882130232	0.00014510378763405417	-1	
-21.130913087035079	-45.315389351832685	0.00015065232871572503	-1	
-19.536556424463786	-46.025242672622205	0.00013954274661911846	-1	
-15.453932963916174	-50.547537100903561	8.0542179610677028e-005	-1	
-16.976053768123244	-49.30204001339316	8.9655558167151708e-005	-1	
-16.333755416961598	-50.270130147029803	8.508793585772017e-005	-1	
-15.662769895860963	-51.230611926591408	4.6642144326156229e-005	-1	
-17.833907473409948	-48.998258083836859	9.4137772570138001e-005	-1	
-18.430351690901272	-48.012707648427778	0.00012273053099138106	-1	
-18.686328797719309	-48.679550810211438	9.8584475251256077e-005	-1	
-16.080443759750615	-52.596761577967236	0	-1	
-15.871606827805826	-51.913686752279368	4.6632577113595672e-005	-1	
18.701383692587569	-15.719093076923114	-0.00056092071260731269	-1	
20.652700144630941	-14.898808235556906	-0.00055593247098610448	-1	
22.929472570007071	-14.474924782751891	-0.00053481867419543467	-1	
8.6216420884559959	-12.428670650166973	-0.0008906512760856679	-1	
10.232255156933133	-11.844026853599727	-0.00089336774938677166	-1	
13.517311637020724	-11.738365017978875	-0.00078984876342021637	-1	
11.902490690554872	-11.461670884061903	-0.00085826171486437541	-1	
17.282307454999472	-14.586366807144774	-0.00060931479689582419	-1	
14.870949903810043	-10.815397101108225	-0.00078248811701397535	-1	
17.300273610823123	-13.191613763593963	-0.0006492969102897733	-1	
16.485353798270502	-11.761371622209973	-0.00070809943850953577	-1	
25.767398523755389	-14.764443365352523	-0.00049645083039359715	-1	
23.977814471339435	-13.017111743677425	-0.00054413485017697672	-1	
26.922723726529512	-15.750306040636767	-0.00047114061348495575	-1	
29.781011133520732	-17.284236031225021	-0.00042750925569850676	-1	
28.255295049713425	-15.021639307958825	-0.00046668417759716899	-1	
-2.3333844849725858	-17.38126874690456	0.00019236570587062631	-1	
-4.1534179611276345	-17.944362358926153	0.00029936329820355915	-1	
-0.76079992542777619	-16.221966514752033	7.5055040307894614e-005	-1	
1.174631651790371	-15.955304795903137	-0.00012395973209496642	-1	
2.3703407824929217	-15.289914300401703	-0.00027811827452069393	-1	
-5.5408580601992661	-17.475063082576593	0.00039844616636997628	-1	
-6.8999984516935235	-18.020928666308482	0.00042742466678606021	-1	
5.7173565791826846	-12.275096492647201	-0.00090737351325898756	-1	
6.7209690973584628	-11.778176101732882	-0.001016652081068486	-1	
2.5241520158901087	-13.733258779283757	-0.00038067965767937529	-1	
3.6163095602874233	-12.195162554705769	-0.00069966423113340204	-1	
4.7178978129475331	-11.769873634750537	-0.00092287708826899314	-1	
-10.395085725046856	-20.754772814483257	0.00039747437155283666	-1	
-8.8766381400369383	-19.094962539329053	0.00043295253977310692	-1	
32.123556967505593	-18.700056287581944	-0.00039596962213675187	-1	
31.330392692472032	-17.138775569577476	-0.00041700592741659173	-1	
33.55572684222782	-21.676128706563134	-0.00036011063844332725	-1	
33.490009764372289	-19.587866023310383	-0.00037911883877583965	-1	
34.364478876847777	-22.746766067205161	-0.00034683300080287654	-1	
35.691793799745433	-22.583521442840706	-0.00034214664094005004	-1	
35.353318532759701	-42.132444371543848	0	-1	
35.614633002341876	-40.969948640664825	-0.00010406900413718462	-1	
36.083246594477941	-41.509026912252516	0	-1	
38.302222155948954	-32.139380484326992	-0.00026434469126858899	-1	
38.274557282726377	-33.271565041661489	-0.0002507506541160622	-1	
39.931775502364694	-30.090751157602444	-0.00027446676382872028	-1	
40.450849718747421	-29.389262614623689	-0.00027768190543167544	-1	
39.978520422266932	-28.516401481981852	-0.00028439560499327293	-1	
39.494174170386977	-25.726943314221739	-0.00030407363584038525	-1	
40.175593669746569	-27.085983284246524	-0.0002930204971755296	-1	
38.790372715057046	-24.102159286922838	-0.00031771970762513698	-1	
39.412402331032183	-31.915534117527521	-0.00025755174147153192	-1	
39.963402504340991	-31.222831962944149	-0.00026082718907093782	-1	
38.84939675817683	-32.598514491245972	-0.00025419339100057789	-1	
36.969353085317039	-22.188229166442003	-0.00033913498368348281	-1	
38.813635554314033	-33.740178633797576	-0.00025029533407401817	-1	
38.022246589328752	-36.717656724261346	-0.00019415131964016207	-1	
38.657267085584778	-36.048484746160696	-0.00019723018229891894	-1	
38.749694471321313	-34.890381617283367	-0.00020036021562083489	-1	
39.280512203805181	-35.368332050396852	-0.0002002441846701552	-1	
37.213841274589157	-38.536060732427757	-0.0001101224271859159	-1	
37.880720420707917	-37.880720420707924	-0.00011206463405588445	-1	
36.324232916623785	-40.342147668772888	-0.00010611318694859466	-1	
37.022768117678545	-39.702058087897882	-0.00010812381307661147	-1	
-21.531558051347826	-36.27364585585056	0.00021759328124824247	-1	
-22.327317797632446	-32.571490496785586	0.00025746456220019438	-1	
-20.925764732052066	-30.869708194949308	0.00027248697458720256	-1	
-19.428563720828201	-29.843832606201968	0.00027990467886408093	-1	
-22.497035021156741	-35.18207278865566	0.00023151338828902098	-1	
-23.238986429714686	-33.948486413655402	0.00024599881279211073	-1	
-16.286727236459729	-24.48121017938286	0.00035414280417529612	-1	
-17.807850156686989	-25.179450476741909	0.0003472337296059636	-1	
-18.954981084756518	-28.319006112846914	0.00029941754545460706	-1	
-18.742358233056628	-26.570731605693201	0.00032603611711253325	-1	
-14.204129757257935	-22.379272840643271	0.0003903695168596548	-1	
-16.240931094428657	-22.727364729159174	0.00039233575918945214	-1	
-14.244696025816809	-20.632327789219815	0.00043956160128952646	-1	
-12.606914436181446	-20.096934355959277	0.00044639151438341745	-1	
-22.900280394265533	-36.511496291908678	0.00022070320699298882	-1	
-23.568345924686589	-37.729552993790165	0.00021259259157911016	-1	
-24.431381638388867	-39.130290360332467	0.00020437035873039212	-1	
-23.47179167382145	-41.774936415356244	0.00018196819412734955	-1	
-22.674947164059322	-43.558168232173443	0.00016739581723749963	-1	
-21.918557339453983	-44.939702314958531	0.00015607565703344923	-1	
-22.699524986977455	-44.550326209418579	0.0001614930149856776	-1	
-23.498155796068403	-43.278219220677116	0.00017224605293518665	-1	
-24.181292347489265	-42.740289529207246	0.00017811345832842137	-1	
-24.115970483374042	-41.255966714399584	0.00018778523994688836	-1	
-24.373680751864406	-40.488665902649579	0.00019406674377524052	-1	
-19.815650087670416	-46.682746139374039	0.00013383846746787181	-1	
-19.265481947104167	-47.683741092006464	0.00012818280188115673	-1	
-20.627358327415692	-46.329805351875038	0.00013919330334848763	-1	
-21.432783273992726	-45.962752056858953	0.00014449319443600531	-1	
-22.231679587160471	-45.581698062315169	0.00014973304073505339	-1	
-16.554481841515109	-50.949456230097731	4.92898380378034e-005	-1	
-17.208602449878374	-49.977410424535563	8.9601400199980006e-005	-1	
-17.441151131633465	-50.652780835677902	5.1921268019372429e-005	-1	
-18.078207575785445	-49.669467098683974	9.4080962664552301e-005	-1	
-19.533058085258354	-48.346015273839832	0.00010299410976075938	-1	
-18.942305904537399	-49.346393971995191	9.8525042141792276e-005	-1	
-16.995934690622207	-52.308108396233735	0	-1	
-16.775208266068695	-51.628782313165772	4.9279733094961527e-005	-1	
18.783658260380193	-13.905236118442739	-0.00060521985431539365	-1	
21.268176998536966	-12.873544954080579	-0.00058742917208685062	-1	
9.1733002075973662	-10.496994099546884	-0.0010608867768175094	-1	
7.0755631784773509	-10.25475594119054	-0.0012478405704460973	-1	
10.97200122637145	-9.9492757934804334	-0.000985193844571476	-1	
13.7207565177285	-10.112690846011215	-0.00084543907341624121	-1	
12.631839624844975	-9.3183351909478915	-0.00092114208576205567	-1	
16.383596997541062	-9.8929997955844247	-0.00076121596613820371	-1	
15.208843232176413	-8.5667752255465857	-0.00083297346296078471	-1	
18.637586797826923	-12.310326333291668	-0.00064555432775907542	-1	
18.499089129025553	-10.714741020411257	-0.00068554783927180841	-1	
25.819742690409988	-12.920738550363083	-0.00052056665529821345	-1	
27.864036627609032	-13.400666426760214	-0.00048970431335300618	-1	
21.829959201569597	-11.358960846680279	-0.00060449226538110813	-1	
23.153001653400082	-10.432072000761769	-0.00059524852312186781	-1	
25.009277431048051	-11.263894134020559	-0.00055327557898529698	-1	
30.381626139415427	-15.225013090515411	-0.00044414001717589318	-1	
29.427858164755687	-13.979543300028796	-0.00046625235642567034	-1	
-2.5551252693127373	-15.449049686959619	0.00028832962332935291	-1	
-4.8634496900188813	-16.176467787920217	0.00043669993338485083	-1	
0.018503529176232547	-14.721138354459255	-1.4320008552177246e-006	-1	
-1.6393911296740284	-13.733220308334095	0.00025327712778889513	-1	
1.0220951618848158	-13.360034803717113	-0.00016841177669426366	-1	
-6.5404733818686838	-16.127635048063738	0.00052824353126500407	-1	
-8.4061244067762999	-17.604981142940911	0.00049330307291078586	-1	
5.689919432687379	-11.15553623766413	-0.0011328516384358769	-1	
6.2265141335676217	-10.679878282319356	-0.0012342413002399979	-1	
2.487909679216374	-11.847195527195572	-0.00053216557325170676	-1	
3.7493714116023127	-11.021850197504971	-0.00091865440567652729	-1	
4.4859927392262584	-10.93187079387776	-0.0010840384004342611	-1	
5.0033696351918593	-10.948573103134358	-0.0011494447262606333	-1	
-11.122651690687171	-19.221755079430835	0.00046389957212605068	-1	
-10.849990023306111	-17.546896510630368	0.00053401819438612236	-1	
32.864337786351044	-17.400986191188387	-0.00040277188703798626	-1	
32.377065195661757	-15.987159907914426	-0.00041930991914651599	-1	
34.879744201949372	-21.458591944933236	-0.00035518725295886666	-1	
34.900707132500756	-19.057440510812647	-0.00037499453009125835	-1	
35.696693371289307	-20.337215567770834	-0.00035994840795832962	-1	
34.584994471761711	-17.583756757559549	-0.00038899339886927948	-1	
36.802183349737248	-40.872965401256742	0	-1	
39.396571360404629	-33.057648498164944	-0.00025373301240483662	-1	
40.502229438112799	-30.520619031282497	-0.00026401726090898638	-1	
40.957602214449643	-28.67882181755234	-0.0002807951039537972	-1	
41.028719000443857	-29.809109223404047	-0.0002671229928304472	-1	
40.584910492524401	-27.893236188062826	-0.00028668653301567486	-1	
40.255498267823171	-24.672870450672075	-0.00030818387280493668	-1	
41.05553742879593	-25.158865693874599	-0.00030220557910396508	-1	
40.987755160413911	-26.112079869958549	-0.00029652787103330445	-1	
41.075037051803371	-27.186973950166696	-0.00028963594029002369	-1	
38.485784816404426	-21.659962542469529	-0.00033583460774125215	-1	
40.32022190901661	-23.739026306408089	-0.00031386559538671278	-1	
40.091093706443303	-21.700139508682785	-0.00032789392737577535	-1	
40.526267328345739	-31.662590159605344	-0.0002603569499970539	-1	
39.967506589215688	-32.365048682563128	-0.00025708667338984601	-1	
41.072683373860826	-30.950486904962542	-0.00026354249341280385	-1	
37.254479393211064	-20.629177513539354	-0.00034929364068150392	-1	
39.352713825901724	-34.208792225933635	-0.00020331028373589611	-1	
38.536060732427757	-37.213841274589164	-0.00011397162943491035	-1	
39.179662586741294	-36.535626431919589	-0.00011584289154466349	-1	
39.891792097489436	-34.67740581806973	-0.00020319274428953838	-1	
39.811329936288999	-35.846282483510286	-0.00011767791224782713	-1	
37.710025824917054	-39.049874875526832	-0.00011010031988425149	-1	
38.385796692984066	-38.385796692984066	-0.00011204215836001142	-1	
37.509909803437466	-40.224453589054434	0	-1	
38.2062103752449	-39.563689018625873	0	-1	
-23.792851893439888	-32.619780168716417	0.00026105821934835897	-1	
-23.122929447570215	-30.68837642342821	0.00028096485026778557	-1	
-22.190124243842295	-29.150764090622598	0.00029793245524827467	-1	
-20.548721155376388	-28.4157993735971	0.00030356326544135251	-1	
-24.281743625510604	-36.170406938511363	0.00022812116837707413	-1	
-24.670263899507589	-33.794629201570245	0.00025122875272637156	-1	
-17.626410594645563	-23.568707938041317	0.00037820198614186472	-1	
-19.843246340573931	-25.893084763891807	0.00034044049023504257	-1	
-19.295356090134224	-24.196302451916722	0.00036925807548408271	-1	
-19.839722445371152	-27.254070213564692	0.00031872787099347465	-1	
-15.517627824228418	-21.417992226497162	0.00042191106295923789	-1	
-17.589902471664303	-22.067388796209748	0.00041057484419720132	-1	
-16.858835687945611	-20.755583411857057	0.00044104681104199111	-1	
-14.778010795867237	-19.168420568877931	0.00048562012184508727	-1	
-12.592575471109408	-18.373922731562125	0.0005080003271151042	-1	
-25.209432356950732	-37.612373068069004	0.00021856709046565178	-1	
-25.431973521492452	-39.303500282944185	0.00020600318949665663	-1	
-25.155940754562018	-40.280737053335407	0.00019801701467124863	-1	
-24.665721070362867	-41.874084972739432	0.00018541507962267968	-1	
-23.473578139294656	-44.147379642946532	0.00016680659179851514	-1	
-23.023803915362848	-45.186759440981781	0.00015491386278930234	-1	
-23.808914969856005	-44.778056494988704	0.00016003112199110899	-1	
-24.24048101231697	-43.730985356969967	0.00017204982765568717	-1	
-25.000000000000124	-43.301270189222109	0.00017722074201314018	-1	
-24.92461783792205	-41.081652787330768	0.00019164183584955698	-1	
-20.094743750877058	-47.340249606125759	0.00013358209159118248	-1	
-20.373837414083646	-47.997753072877444	0.00010736515673261747	-1	
-20.917884501041282	-46.98233782161973	0.00013892724332808078	-1	
-21.734653460950391	-46.610114761885107	0.0001442168963635133	-1	
-22.544801834866977	-46.223693809671694	0.00014944754961676351	-1	
-18.3225076781609	-50.340676113531018	5.4535587012163811e-005	-1	
-17.67369981338863	-51.32815124682034	5.1910629540058229e-005	-1	
-19.198283011355446	-50.013237133778873	5.7131956552958437e-005	-1	
-19.800634223412594	-49.008289455673285	0.00010293208509679873	-1	
-20.068210361566791	-49.670563637506682	5.9709547346628274e-005	-1	
-17.906248495143721	-52.0035216579627	0	-1	
20.214579915021453	-11.369638984390699	-0.00063545858175312895	-1	
7.8961025361534691	-8.8153442915418303	-0.0013311243823849368	-1	
9.9173018549704022	-8.5207245032085304	-0.0011298579153734276	-1	
6.8017675215966715	-9.3455534203722994	-0.0014318166557870638	-1	
6.218639966721593	-9.8457377328633768	-0.0014332373740005985	-1	
13.870956473340019	-8.7732204731875054	-0.00088042674143951549	-1	
10.851679202446347	-7.1192610712790678	-0.0010963745800215531	-1	
12.816856409433983	-7.3485022620364271	-0.00096837150583185198	-1	
17.61883515141561	-8.6229191986839453	-0.0007522610778896156	-1	
15.667837156883184	-7.207002526754299	-0.00084267107054713001	-1	
14.258130880940133	-7.4760479334524197	-0.00089517535675365451	-1	
18.892463023459584	-9.3180868195638062	-0.00070369633292009489	-1	
27.06989587500809	-12.189490462894913	-0.00051295526615325834	-1	
29.216436249396612	-12.42514015984694	-0.00048392998802644443	-1	
28.244150868932184	-11.38744158503407	-0.0005062266578833933	-1	
21.641021672736599	-9.6815703923090357	-0.00063505158212912613	-1	
24.043636893429206	-9.1387498076405009	-0.00059536192087218556	-1	
25.582432342939036	-9.4518344456692311	-0.00056513797776745344	-1	
26.975908733436164	-10.744231604556459	-0.00053012717878864418	-1	
31.556059825588136	-13.90560014025943	-0.00044515180205491973	-1	
-3.8357498141435764	-13.985273663713199	0.00052143351648744425	-1	
-5.1113350845620635	-14.723606484373155	0.00056371760491676754	-1	
-0.21783789424206573	-12.433731967207422	4.4014972958772444e-005	-1	
-3.0294691364991442	-12.400116154551522	0.00057469079663117681	-1	
-1.6127508753717779	-11.807402599738094	0.00035278723778616654	-1	
1.1906195091429623	-11.821506132231507	-0.00026400953321808828	-1	
-6.5595746026742336	-14.450009272489467	0.0006674923825907102	-1	
-8.8802391885510499	-16.116141692740758	0.000588951771694606	-1	
5.4705129507930801	-10.472861235047001	-0.0013284705467751351	-1	
5.7221454014278059	-10.079873258792432	-0.0014398656823527811	-1	
2.8040625000000001	-10.588756365259929	-0.00075813084038559855	-1	
1.8693750000000002	-10.706565621840895	-0.00049524172126892197	-1	
3.4271875000000005	-10.353340810516123	-0.00096749208258969932	-1	
3.8945312500000004	-10.294089320084421	-0.0011172121196409068	-1	
4.4100050417629184	-10.419832036118423	-0.0012183043321432462	-1	
4.7468780719380508	-10.484772747819223	-0.0012691325574768709	-1	
5.0559335453640983	-10.421187355357425	-0.0013357188163057544	-1	
-10.43504853189309	-15.854418057376156	0.00061880968597961849	-1	
-13.047705578025509	-16.499507356362962	0.00058585867540376457	-1	
-11.934600853506634	-15.367310071201016	0.00064342420591070556	-1	
33.849496117211352	-16.275907349484463	-0.00040497416987133564	-1	
33.426072678528236	-14.53649042125997	-0.00042257637916187109	-1	
37.005544532021254	-17.384845801040196	-0.00037391840357705924	-1	
36.900341480371807	-19.024634081469348	-0.00036288060998176122	-1	
36.30549093302448	-16.081978682986829	-0.00038800760714600486	-1	
35.024470131452965	-15.342706422778111	-0.00040308129918381521	-1	
39.94374596263247	-33.516782505083881	-0.0002061943158278984	-1	
41.606588282140201	-30.22895583218439	-0.00026664348078505202	-1	
41.451878627752151	-27.959645173537382	-0.00028381439146251525	-1	
41.542710817513253	-29.088519272088817	-0.00027014284065696018	-1	
42.127819420576778	-29.498216726625284	-0.00026965893397223282	-1	
41.145144133797814	-24.381693067175856	-0.00030661856422074753	-1	
41.870338367086518	-25.658176351036239	-0.0002963096839620056	-1	
41.87408497273934	-24.665721070362778	-0.00030215221423033142	-1	
42.402404807821362	-26.495963211660282	-0.00028959102759024049	-1	
41.933528397271267	-27.231951750751389	-0.00028672883595015419	-1	
38.445525200004624	-19.583544234616369	-0.00035006585512672457	-1	
41.530370369641027	-23.034484360788586	-0.00031321165027043801	-1	
41.71634244088235	-23.847128620869437	-0.00030759706378588039	-1	
41.025456357643506	-20.391249980584202	-0.00033128200565671703	-1	
42.033687047103513	-21.98000485199892	-0.00031722596752894815	-1	
40.522610847399235	-32.814563247598713	-0.00020901179342315993	-1	
41.089132152350544	-32.102348356266518	-0.00021176222722939816	-1	
41.643137309608896	-31.38035477864257	-0.00021444515043284843	-1	
39.049874875526839	-37.710025824917054	-0.000113948793135599	-1	
39.702058087897896	-37.022768117678545	-0.00011581970248859785	-1	
40.430870369077091	-35.146019410205774	-0.00011947619702525027	-1	
40.490920564860325	-33.975916512002847	-0.0002060753108184757	-1	
40.342147668772895	-36.324232916623785	-0.00011765437833271948	-1	
38.890872965260165	-38.890872965260172	0	-1	
39.563689018625865	-38.206210375244915	0	-1	
-24.939475110239332	-31.705790411068211	0.00027300801286935531	-1	
-24.421734889124942	-30.199652981461416	0.00028886658742539287	-1	
-23.958365849415699	-28.822589048279365	0.00030478083246910991	-1	
-22.244316885818815	-27.947815038709916	0.00031399343097568715	-1	
-21.197082547746863	-27.353404822524983	0.00032041136099103561	-1	
-25.961481803621513	-35.826383168650757	0.00023538227729927384	-1	
-26.349367099148814	-34.245351770807268	0.0002502494000313201	-1	
-26.805367946923219	-32.682604667056225	0.00026571517104631847	-1	
-18.87272810015163	-22.78729732092879	0.00039599747927683869	-1	
-21.135544052680501	-26.110316856655594	0.00033909391492485029	-1	
-21.038270355039568	-24.570364129013338	0.00036381521245973776	-1	
-21.34348485721204	-22.814084999505024	0.00039416613298221448	-1	
-18.795420661892173	-20.535941880116823	0.00044404015604273021	-1	
-17.654150871429131	-19.120617359856606	0.00048168128058013717	-1	
-16.048828365730653	-18.267048449357091	0.00051069518991504065	-1	
-14.384801028816172	-17.660828093167503	0.00053711152977013027	-1	
-26.97022365457709	-37.48100643972866	0.00022383070815939376	-1	
-26.705127514074373	-39.081941387400619	0.0002109248676554557	-1	
-26.030784959149198	-40.123628721638639	0.00020162359588765856	-1	
-25.75035842773217	-40.967071885500751	0.00019491105972642154	-1	
-25.658176351036321	-41.87033836708661	0.00018850841602754056	-1	
-25.751903745502833	-42.858365035105784	0.00018236157107070242	-1	
-24.586773598207216	-44.355713719212474	0.00016508385028468544	-1	
-23.348082843748266	-45.823192672544877	0.0001546185253317967	-1	
-24.144251800417386	-45.408733347030768	0.00015972665372871752	-1	
-25.357142857142989	-43.919859763353934	0.00017007110606030373	-1	
-26.119788084724309	-43.470627392750231	0.00017499244913249401	-1	
-21.208410674666808	-47.634870291364386	0.00011169613000811218	-1	
-20.652931077290287	-48.655256539629228	0.00010730057250116431	-1	
-21.498936848292402	-48.287402761109135	0.00011162901823491496	-1	
-22.036523647907988	-47.257477466911219	0.00011598557337551155	-1	
-22.857924082573415	-46.865689557028183	0.00012023205799545704	-1	
-23.672361772133609	-46.459625904107945	0.00012443419353714522	-1	
-18.566807780536433	-51.011885128378168	5.4524419393946595e-005	-1	
-18.811107882911891	-51.683094143225233	0	-1	
-19.454260118173575	-50.680080295562661	5.7120264392567053e-005	-1	
-20.932024740496892	-49.312760006380934	6.2267539628391009e-005	-1	
-20.335786499721078	-50.33283781934017	5.9697335435554436e-005	-1	
20.22986848023918	-8.7552967861204376	-0.00068086842072265024	-1	
8.0868398877610002	-7.6143821326534082	-0.0013716797210334506	-1	
6.7023449736037444	-8.5837547273651822	-0.0015568404959583752	-1	
6.8927404667412659	-7.5136666975028108	-0.0015882675643321537	-1	
9.3134162326470307	-6.4330338390477335	-0.0012353974591427929	-1	
6.0454776081699118	-9.2104695258263405	-0.0016126573888504815	-1	
5.6770599665778851	-9.7561977903087662	-0.0015552293131190923	-1	
10.699194932626154	-5.4417899609558251	-0.0011169025037916069	-1	
12.402768993352666	-5.4138176390948294	-0.0010151338387386945	-1	
13.669219276628715	-6.1544114014135829	-0.00094352082764786863	-1	
18.977098581781988	-7.6487236904811748	-0.00072861753848950785	-1	
17.111921865497472	-5.8208370956309459	-0.00081155504234261611	-1	
15.11121660188148	-5.8841908345440359	-0.00088391322499469297	-1	
29.768521568686896	-10.911932927645982	-0.00049111578701994734	-1	
31.975083329871509	-12.189626853935167	-0.00045537362460922222	-1	
28.591309161087086	-9.8124943096439576	-0.00051603512986315341	-1	
21.811764648991371	-7.8833840378465698	-0.00065531087074376907	-1	
23.600495873200913	-7.6322507329004026	-0.00062044003687824795	-1	
25.994390371944032	-7.5964753296189196	-0.00057560590497541663	-1	
27.156433380422563	-9.0518242817997994	-0.00054388980620393541	-1	
33.127569819411967	-13.099063497674461	-0.00043656863035753827	-1	
-4.0732798340219425	-12.222777607079029	0.00075849885239910283	-1	
-5.3949232056031731	-12.874302474156011	0.00079625583395016289	-1	
-0.80138280000777695	-11.020386275441393	0.0001992298434428558	-1	
0.31156250000000002	-10.99922650397103	-8.0275190958124652e-005	-1	
-3.5393035603291945	-11.47218372545953	0.0007923683281379362	-1	
-2.6689172162616561	-11.404630320651439	0.000618210420624257	-1	
-1.8693750000000002	-10.706558874639853	0.00049185113320853618	-1	
0.93468750000000012	-10.645332752549921	-0.00025086283133406287	-1	
-7.9177776023896866	-13.426318453730621	0.00079667332116539573	-1	
-6.4968709041778627	-12.491608640032279	0.00089726041005621065	-1	
-9.4356821653056997	-13.794521693186725	0.00076116372305562072	-1	
5.3977431401971758	-10.149211471430236	-0.0014522031624583148	-1	
5.2266921875466537	-10.247925577061695	-0.0014182797737047578	-1	
5.4158233098439572	-9.9525492978461596	-0.0015325221959395772	-1	
3.1156250000000005	-10	-0.00093267204258757101	-1	
2.4925000000000002	-10	-0.00073763519761175101	-1	
1.2462500000000001	-10	-0.00036339301388949111	-1	
3.7387500000000005	-10	-0.0011353903773827819	-1	
4.2060937500000009	-10.177105839912949	-0.0012388895639950273	-1	
4.0503125000000004	-10	-0.0012398725309932404	-1	
4.4397656249999997	-10.144985266804451	-0.0013215946029830248	-1	
4.5907011684030632	-10.210606443194928	-0.0013417006506068671	-1	
4.9188471882826326	-10.220225945130583	-0.0014139231124103259	-1	
5.0735566842667783	-10.178560929192745	-0.0014515585182010621	-1	
-10.896695625830619	-14.346832797395415	0.00071066915972400478	-1	
-13.365529915971285	-14.943917272027232	0.00065081130389607123	-1	
-14.515708037775608	-15.894658946889995	0.00059987621832960304	-1	
-12.318327248453548	-14.034447366318005	0.00070836581976781426	-1	
34.595007083234925	-13.055154565862358	-0.00042310843361376398	-1	
37.676389990641539	-16.184879480299692	-0.00037741083924773197	-1	
38.458132055670731	-17.409417610138188	-0.00036430728505548808	-1	
36.333074238214309	-14.603203199673748	-0.00039775175824172056	-1	
37.820786813877106	-14.817728297108001	-0.00038501182808594822	-1	
42.184457563836602	-30.648802440964722	-0.00021706012450307494	-1	
42.044048322434357	-28.359068676016495	-0.00027307649858485323	-1	
42.636218017116491	-28.758492178495604	-0.00027258848231081893	-1	
42.712928023640345	-29.907914181161743	-0.00021960673503026453	-1	
42.858365035105685	-25.751903745502744	-0.00029233306843545374	-1	
43.301270189222016	-25.000000000000036	-0.00029500663102327394	-1	
42.740289529207146	-24.181292347489176	-0.00030168941643745148	-1	
43.008153447933125	-26.874476971826873	-0.00027868657346909214	-1	
42.532578802946603	-27.620979632904991	-0.00027592391488598578	-1	
39.910906854044988	-17.401692788257552	-0.00035529059808809584	-1	
40.949509662051163	-18.784869745349539	-0.00034113178989059444	-1	
42.383001510211507	-23.346586924299285	-0.00030785309225626726	-1	
42.576089549911423	-19.964914357206357	-0.00032590626729083394	-1	
43.092048340111951	-21.484902755729209	-0.00031515793442767146	-1	
43.107602093239358	-22.440397278035881	-0.00030989176285624987	-1	
41.077715105582804	-33.264077812634319	-0.00020889136509011423	-1	
41.651996976355363	-32.542106552927706	-0.00021164041660136476	-1	
42.213591245356973	-31.810222652322601	-0.0002143219993227977	-1	
40.22445358905442	-37.509909803437488	0	-1	
40.872965401256728	-36.802183349737277	0	-1	
41.03809516708813	-34.435050518921777	-0.00012123726494313033	-1	
40.969948640664832	-35.614633002341883	-0.00011945232619532023	-1	
41.509026912252516	-36.08324659447797	0	-1	
-26.954855484440845	-31.094264356044359	0.00028161304291311333	-1	
-25.788798336639697	-30.438156038483967	0.00028761554527212781	-1	
-25.354858803981717	-29.172508426268529	0.00030157767165606397	-1	
-24.984447362392679	-27.781310558535552	0.00031806346054337367	-1	
-23.567102988673913	-27.423205698523798	0.00032245758581545496	-1	
-22.282432368524614	-26.744249305598451	0.0003308587244581738	-1	
-27.897801088106267	-35.748885300329952	0.00023956424631274456	-1	
-27.958609628718513	-33.999478298311026	0.00025467923867250093	-1	
-28.832221366180988	-32.820997808379367	0.00026586861051604136	-1	
-28.531962494315504	-31.334898823364753	0.00027961489744148053	-1	
-20.552892847313508	-21.134293953083535	0.00042709649604538762	-1	
-22.201239480650834	-25.347744621621064	0.00035157937397798143	-1	
-22.219416872758881	-24.061953990113402	0.00037186616720227345	-1	
-22.348050939930921	-21.546879843945963	0.00041393439240404076	-1	
-23.652344424510783	-22.502798473802674	0.00039382988020959163	-1	
-20.298524951358601	-19.295264138409323	0.00046566844321365266	-1	
-17.801040416974516	-16.907995524383157	0.00053926670143800918	-1	
-19.365883869054706	-17.770934820403237	0.00050537752724489151	-1	
-16.135749309935608	-15.443728658603026	0.00059939112101892254	-1	
-27.913853219366857	-38.801170033697801	0.00021564074832364449	-1	
-28.58942834128241	-37.587987059180854	0.00022592455696681757	-1	
-27.783018747382101	-39.69675914320576	0.00020890452722440795	-1	
-26.823437835729166	-40.525793895961094	0.00020081159716628155	-1	
-26.459851432322015	-41.533647165987396	0.00019300653571026168	-1	
-26.495963211660371	-42.402404807821462	0.00018739041270341927	-1	
-26.874476971826962	-43.008153447933282	0.00017984369896191868	-1	
-24.933066184097488	-44.980442081454875	0.00016477052241211979	-1	
-24.479588630978689	-46.039410199072805	0.00012859062115363635	-1	
-25.279358769987674	-45.605170443697247	0.00013270002303109662	-1	
-25.714285714285872	-44.538449337485645	0.00016974907689737851	-1	
-26.487672423945803	-44.082889750394564	0.00017466127266610942	-1	
-21.789463021917957	-48.939935230853813	6.4805123508777696e-005	-1	
-22.64026402182327	-48.552202876963584	6.732149930332426e-005	-1	
-22.338393834865652	-47.90484017193743	0.00011591596659451078	-1	
-23.171046330279921	-47.507685304384765	0.00012015999140211809	-1	
-23.99664070051902	-47.096059135671098	0.00012435970239431913	-1	
-24.81492546154006	-46.670087051114933	0.00012851374307394766	-1	
-19.71023722499163	-51.346923457346371	0	-1	
-20.603362637875282	-50.995112001173588	0	-1	
-21.211118403703573	-49.970263473132746	6.2254812947246606e-005	-1	
-21.490212066910182	-50.627766939884488	0	-1	
19.794412892416229	-6.0942975114914466	-0.00072623060838618205	-1	
7.1615934126291254	-6.8528468502053261	-0.0015314273885325747	-1	
7.7283957277410043	-5.9843279198631754	-0.0014095577125682803	-1	
6.3697379490505366	-7.9725935163797352	-0.0016924078582517543	-1	
5.8056895204090919	-8.7260753957113035	-0.0017725911227499021	-1	
6.5330079301060406	-6.9822093840008197	-0.0016741573103238061	-1	
6.2947030985778269	-7.2808455638638847	-0.0017388287085597183	-1	
8.2643062478768172	-5.1629963424598344	-0.0013037146096895856	-1	
9.2816200179642472	-4.4965765498724846	-0.0011933124945859492	-1	
5.4185460495254096	-9.4117348185789833	-0.0017333531269588243	-1	
5.3503031337411207	-9.7508613562733881	-0.0016310470672847943	-1	
11.523830877573312	-3.7742447903268661	-0.0010573465593738079	-1	
13.150081202923465	-3.9578244783967067	-0.00098209392420042915	-1	
14.175792805383187	-4.875048949861899	-0.00093271146708015788	-1	
18.531005835917977	-5.1940163461387563	-0.00077273154194102116	-1	
17.724209859722706	-3.8689564154588285	-0.00080831282713243063	-1	
15.73931525198072	-4.363858601409059	-0.00087441857448453109	-1	
30.937193562169092	-9.8034203661422836	-0.00048534927323280286	-1	
33.06484283143611	-10.406858178292328	-0.00045634460242406665	-1	
33.293812929294411	-11.703426972985344	-0.00044500550811699352	-1	
29.919710322201016	-8.5036767961850277	-0.00050795341704107367	-1	
28.360486585265807	-7.9619879284399158	-0.00053415939519845705	-1	
22.524351023796918	-6.4630699692957538	-0.00065460497777115813	-1	
24.784909788429701	-6.7757007967846761	-0.00060493632464020842	-1	
26.333142126816647	-6.0561394352170739	-0.00058134399808858759	-1	
27.907092221312801	-6.1564814455993355	-0.0005536409388388838	-1	
-4.9198863904349386	-11.859763592707756	0.00092440953692397583	-1	
-4.2477487565691998	-11.318298513314767	0.00095212795508732833	-1	
-5.580684146038255	-11.769566310746788	0.00099210211600784235	-1	
-1.2462500000000001	-10	0.00036012216581700481	-1	
0	-10	-1.045429725444736e-006	-1	
0.62312500000000004	-10	-0.00018094563966867264	-1	
-3.2437967661216396	-10.81017844665161	0.00083697701793315662	-1	
-3.7347910195890863	-10.774072052541444	0.00096522055140169549	-1	
-2.8040625000000006	-10.588790091419998	0.00075424315281797912	-1	
-2.4925000000000002	-10	0.00073582571752199718	-1	
-8.172693665058004	-11.744748924439339	0.00098038744190784418	-1	
-6.6450337216479181	-11.334547241233702	0.0010836626255197909	-1	
-10.717713012424573	-12.902330685216526	0.00080513928801815942	-1	
5.2361921196805321	-10.035614944972332	-0.0015220706745835513	-1	
5.1401179388912093	-10.103818546669318	-0.0014936071186348217	-1	
5.2208148158131511	-9.9188009131758452	-0.0015851693975252586	-1	
3.4271875000000005	-9.64667691706879	-0.0010981973124470101	-1	
2.8040625000000006	-9.4112318225869114	-0.00090900291336041346	-1	
1.8693750000000002	-9.2934367415871435	-0.00059835251303422255	-1	
0.95841164730479722	-9.4152259910688372	-0.00029955406288022913	-1	
3.8945312500000004	-9.7058225988570808	-0.0012600910688882593	-1	
4.3618750000000004	-10	-0.0013469635753770267	-1	
4.2089070732964258	-9.8152574329889024	-0.0013517997093354238	-1	
4.5176562499999999	-10	-0.0014016849776852672	-1	
4.7784739195459354	-10.084345727176153	-0.0014497799120014752	-1	
4.6734375000000004	-10	-0.0014557858342654306	-1	
4.9865924425439978	-10.129022610448176	-0.0014736588683663236	-1	
4.9227514920262179	-10.10668201467014	-0.0014762838664508777	-1	
5.0786042040224322	-10.078604204022433	-0.001511567496824625	-1	
-14.775442164326284	-14.455074867834705	0.00065194342565672698	-1	
-13.809283320872876	-13.356711892138017	0.0007131518813957734	-1	
-12.33433703262099	-12.647539790789658	0.00078117386429054844	-1	
36.916813776841245	-13.218083032952457	-0.00040173674155544024	-1	
35.816910627421514	-12.267337518329439	-0.0004170789284630221	-1	
34.333793129719659	-10.757975089834668	-0.00044067999306566456	-1	
39.405610847599405	-15.747440620872331	-0.00036817203623007666	-1	
39.517899220890449	-14.113568016501047	-0.00037639225149110759	-1	
38.115916203805732	-12.399186152967095	-0.0003964159860474195	-1	
42.762326845533003	-31.068649049745058	-0.00021693567421304747	-1	
43.131629208621874	-28.010007515058589	-0.00027543215991278081	-1	
43.228387711798661	-29.157915680974703	-0.00022208459525000364	-1	
43.298036626703919	-30.317611635698203	-0.00021948102742592212	-1	
43.470627392750082	-26.119788084724224	-0.00028136253337562959	-1	
43.919859763353777	-25.357142857142904	-0.0002839528776478515	-1	
43.730985356969875	-24.240481012316888	-0.00029758103855835122	-1	
43.278219220677009	-23.498155796068321	-0.00030339675070008369	-1	
43.613902088044831	-27.252990731993449	-0.00027819068561876249	-1	
44.082889750394415	-26.487672423945696	-0.00028086308977076245	-1	
40.94434684169201	-16.014654187727388	-0.00035652227139221438	-1	
42.058526007491182	-17.109056461266057	-0.00034393747680203589	-1	
42.953964717668448	-18.641945473183799	-0.00033095784922181179	-1	
43.700042338628045	-19.797975098237828	-0.00032118922312268807	-1	
43.864500677580203	-20.922293577227624	-0.00031458284749650878	-1	
43.947266506023958	-21.911298804126126	-0.000309109774168587	-1	
44.550326209418479	-22.699524986977377	-0.00030245597406565315	-1	
44.147379642946433	-23.47357813929457	-0.00030004692501306879	-1	
41.63281936376633	-33.71359237766989	-0.0001229606486087105	-1	
42.21486180036014	-32.981864749588858	-0.00012464589411581974	-1	
42.784045181105007	-32.240090526002611	-0.00012629256098166028	-1	
41.585269769316021	-34.894184525840764	-0.00012121306518437756	-1	
42.132444371543848	-35.353318532759729	0	-1	
-26.754021165775871	-29.511596657535055	0.0002980693778606065	-1	
-26.650190189514479	-27.800580312721348	0.00031730985135329829	-1	
-25.592301043829366	-26.451792575791373	0.00033451325016812633	-1	
-23.422826915415708	-25.977334058144134	0.0003421306139006114	-1	
-30.238983955368088	-36.545250162158347	0.00023600301538901844	-1	
-29.561346475246879	-34.703294423520262	0.0002500656086220069	-1	
-30.201138803884238	-33.348329565183128	0.00026174741551426281	-1	
-29.950112464071701	-31.871085588098737	0.00027461500730810098	-1	
-29.253162593105387	-30.001288685093126	0.00029238439760509048	-1	
-21.803654750456605	-20.024186601789005	0.0004433713864050878	-1	
-23.38571931017044	-24.603550325168005	0.00036206123211778344	-1	
-24.681995881925491	-20.652375503545439	0.00041834555744048438	-1	
-25.019335980212514	-22.051767108477581	0.00039584942412398304	-1	
-24.595160042612914	-23.818001414157401	0.00037150893905395232	-1	
-20.889223994909241	-17.886375784041721	0.00049117820237897999	-1	
-17.629301150333465	-15.424222217747582	0.00058217979344827166	-1	
-19.057421123064596	-16.010750173137467	0.00055062533934955573	-1	
-20.401856422074179	-16.5300415228565	0.00052427520597446366	-1	
-17.458350403518029	-14.017767442145487	0.00062393886044123539	-1	
-16.064527206502333	-13.763609835311383	0.00065464428175491098	-1	
-29.209779683084598	-39.474751671174097	0.00021315943851355518	-1	
-29.585033767166031	-38.555966661734594	0.00022027744592394808	-1	
-29.974746713709013	-37.68342123558692	0.00022713907242876259	-1	
-28.597292266223867	-40.091925119273832	0.00020773910013885847	-1	
-27.899691483405658	-40.594303005530911	0.00020286855302349159	-1	
-27.231951750751481	-41.933528397271353	0.00019232305198348842	-1	
-27.959645173537471	-41.451878627752244	0.00019723878830702911	-1	
-27.620979632905083	-42.532578802946745	0.00018462421548113802	-1	
-27.25299073199356	-43.613902088044981	0.00017950418205767962	-1	
-26.071428571428676	-45.157038911617335	0.00013676112122099399	-1	
-25.625651355877935	-46.229898805939712	0.00013262079627847853	-1	
-26.428571428571551	-45.775628485749117	0.00013667958416233624	-1	
-26.855556763167218	-44.695152108038883	0.00014077267517894487	-1	
-27.631504492160083	-44.219650728156665	0.00014473347902951552	-1	
-22.079989195543586	-49.592467700598597	6.4791887222132767e-005	-1	
-22.942134208780978	-49.19956558198983	6.7307758755248719e-005	-1	
-23.484168577986381	-48.149681051741275	6.9815877851787974e-005	-1	
-24.320919628904385	-47.732492367234173	7.2287480825022858e-005	-1	
-25.150262292101385	-47.30076390315697	7.4735541015034444e-005	-1	
-25.971943941768156	-46.854627168182091	7.7159302612838363e-005	-1	
-22.370515369169141	-50.245000170343317	0	-1	
22.303419642308501	-4.8894560650754357	-0.00067311566755604111	-1	
20.333231447529975	-4.0015080355348029	-0.00072972227526168154	-1	
6.9382292710888649	-6.2642228765277475	-0.0015509618355539522	-1	
6.5708787344547863	-6.6020271082029147	-0.0016498872975689073	-1	
7.3253656867112946	-5.3192574345889918	-0.0014139278731891377	-1	
6.9191791855835838	-5.765529373516892	-0.0015135522181011047	-1	
5.586984602516571	-7.8106249999999999	-0.0019468807819176877	-1	
5.3522778669580511	-8.4318749999999998	-0.0019688590379130333	-1	
5.2932030646539889	-8.8978125000000006	-0.0019090372312668717	-1	
6.1590937847897376	-6.9037175208220622	-0.001771668495864472	-1	
5.5702287192921034	-7.1703722577824918	-0.0019668212528517071	-1	
7.4029479381321677	-4.7579176235062661	-0.0013534211608648588	-1	
8.0658279385055636	-4.4667057231816027	-0.0012743982613037483	-1	
10.717713012405291	-2.0976693147684848	-0.0010693619726566152	-1	
8.1726936650511277	-3.2552510755568731	-0.0011902604661950509	-1	
5.1765749413142821	-9.2084374999999987	-0.0018763068379592156	-1	
5.1445398967563376	-9.44140625	-0.0018170419469250474	-1	
5.2099614345306007	-9.5918798267955498	-0.0017371784471551957	-1	
5.0840943598786907	-9.7790875646451116	-0.0016971106760780698	-1	
12.798699841947098	-2.1291889267339545	-0.00099315317589769841	-1	
14.592474893425253	-3.1845896730665721	-0.00092379950683960045	-1	
17.056939034202408	-1.9351817587547462	-0.0008396592502756834	-1	
18.790309469282999	-2.419074679968706	-0.00078288628166014746	-1	
33.030758199020852	-9.0906681529091937	-0.00046483819245550539	-1	
31.468060423930968	-7.9316475541580056	-0.0004908573724423977	-1	
29.572428952567375	-6.9883911043832958	-0.00052265670980098668	-1	
23.765521126987753	-4.2217319311005079	-0.00064425345804927853	-1	
24.937290300136794	-5.3219833912001775	-0.00061271060823847199	-1	
26.766393290349608	-4.5142902589019265	-0.00058246908104027113	-1	
28.765867372127602	-4.504838218632103	-0.00054783801767219913	-1	
-4.7776377435896347	-11.205118177295063	0.001055060615067647	-1	
-5.1749148180863109	-11.240283327856769	0.0010854046943016094	-1	
-4.5413114748726882	-10.883846397568005	0.0011077195924302321	-1	
-4.2423665840889271	-10.793990643190769	0.001074984438261949	-1	
-5.7244938033169763	-11.118330557768724	0.0011394452792820549	-1	
-1.8693750000000002	-9.2928428377214853	0.00059758191011817692	-1	
-0.62312499999999993	-9.3785845022649372	0.00019276726636274758	-1	
0.25613886077832915	-9.3420188137099291	-8.1601291991187339e-005	-1	
-3.4271875000000005	-10.353290202809365	0.00096743698334728968	-1	
-4.1388786899770373	-10.470144871323011	0.0011387040648094975	-1	
-3.8945312500000004	-10.294341257583261	0.0011163394465605869	-1	
-3.1156250000000005	-10	0.00093184199351207858	-1	
-2.8040625000000006	-9.4141494539077026	0.00090887113574674057	-1	
-8.0658279385075033	-10.533294276814066	0.0011300787693477859	-1	
-7.3962341424888587	-10.808718339161413	0.0011380817645457206	-1	
-9.2816200179669561	-10.503423450114692	0.0010499903535729918	-1	
-6.5373507443624232	-10.502901814852109	0.0012531769802895103	-1	
-6.010513454940118	-10.633457071151142	0.0012566078437817453	-1	
-11.523830877561654	-11.225755209648831	0.00088649239097664495	-1	
5.1290507274657919	-9.9865975850570177	-0.0015655035417021612	-1	
5.1067802818395496	-9.9224288175032562	-0.0016106607276356077	-1	
3.3190119484320593	-9.0521366852978318	-0.0011499674191966305	-1	
3.9046393243559407	-9.2012024886190584	-0.001377910238694617	-1	
2.6171070893702728	-8.5943627504178846	-0.00091642779470851984	-1	
1.9375456745864135	-8.6169268637580743	-0.00066253493103662063	-1	
1.3578650720758363	-8.900203156388276	-0.00044890368516016944	-1	
0.71915684183288919	-8.8089515508502902	-0.00023720020846176228	-1	
4.3333820730560717	-9.3513259085186906	-0.0015383811708871889	-1	
4.4397656249999997	-9.8803214919705589	-0.0014194360942819157	-1	
4.5464921121732536	-9.6553714533228252	-0.0015451586591529048	-1	
4.5813806663270071	-9.8620164430224246	-0.0014823508440828259	-1	
4.8681640625000009	-10.043788141355924	-0.0014991387075029053	-1	
4.8292187500000008	-10	-0.0015113376275455201	-1	
4.7150874530366398	-9.8668137364638291	-0.0015352805810602457	-1	
4.7780989942625176	-9.9155373697411626	-0.0015378953343458525	-1	
4.9721295178261977	-10.060458862994516	-0.0015167788573519662	-1	
5.0136608507717435	-10.064389299127324	-0.001519498866645462	-1	
4.9265820312500006	-10.03915353066534	-0.0015203633341182004	-1	
5.0643892991273249	-10.013660850771746	-0.0015567384158200557	-1	
-14.562663099412019	-12.03268663549529	0.00074869413132513734	-1	
-13.329468218863163	-11.138340864818412	0.00082103768594416935	-1	
36.44076604546953	-10.954132131098879	-0.00041890234136511518	-1	
35.505441487973997	-9.5868464376403839	-0.00043516819029113158	-1	
41.107898933820323	-14.506059136113016	-0.00036317203982766139	-1	
39.56590045683447	-12.476545033327264	-0.00038439690393608328	-1	
38.003249471073815	-10.951517358754344	-0.00040473144710319065	-1	
43.340196127229369	-31.48849565852537	-0.00012790022207930028	-1	
43.730679614297173	-28.399035397212174	-0.0002244933459990085	-1	
43.820557406480852	-29.557339183453813	-0.00022195767217035716	-1	
43.883145229767464	-30.727309090234634	-0.0001294684635638072	-1	
44.538449337485488	-25.714285714285765	-0.0002834497453861905	-1	
44.355713719212325	-24.586773598207138	-0.0002864566650500776	-1	
44.980442081454711	-24.933066184097385	-0.0002859501582077622	-1	
44.219650728156559	-27.631504492160019	-0.00022683265390809331	-1	
44.695152108038776	-26.855556763167158	-0.00022910220529837139	-1	
42.36226839899151	-15.35997105278889	-0.00035082633650819473	-1	
43.321051172418649	-15.861022241195579	-0.00034253819429952924	-1	
43.805808219054022	-17.561483090846284	-0.00033168706708005142	-1	
44.329720486303692	-18.80098200590901	-0.00032295571874090093	-1	
44.685188319045999	-20.364213550407211	-0.00031359781318493577	-1	
45.161531752097254	-19.636792878003011	-0.00031482889336740069	-1	
44.939702314958438	-21.918557339453908	-0.00030475356159526048	-1	
45.315389351832586	-21.130913087035008	-0.00030698367598175997	-1	
44.778056494988547	-23.808914969855934	-0.00028887381039805979	-1	
45.186759440981618	-23.023803915362773	-0.0002912060364506619	-1	
42.187923621949913	-34.163106942705518	-0.00012293612794450032	-1	
42.777726624364981	-33.421622946250075	-0.00012462106060303032	-1	
43.354499116853113	-32.669958399682677	-0.00012626742270777463	-1	
43.918065408925798	-31.908342267305745	-0.00012787478715907218	-1	
42.743027880133461	-34.612621507741125	0	-1	
-28.287191871377228	-28.309091175367946	0.00031023945353581358	-1	
-27.497570143537509	-26.046699481225872	0.00033652218714143013	-1	
-24.717424102294444	-25.254972352134615	0.00035116882575930193	-1	
-26.251714773047631	-24.870144344369358	0.00035349543156629019	-1	
-31.165775135485653	-35.833693544083971	0.00024210305783898116	-1	
-31.64832949124639	-36.60280287685584	0.00023664646817664917	-1	
-30.912595195328887	-37.499976620191028	0.00022949881004056052	-1	
-31.603317136620763	-34.503507223626698	0.00025258352485903228	-1	
-31.640441257646337	-32.93158931310014	0.00026518622026142584	-1	
-31.713230788649209	-30.936583926961458	0.00028188802287661	-1	
-30.229681332115632	-28.46195236101148	0.00030627927144019922	-1	
-31.808848476575164	-29.372653352629953	0.00029559946113721762	-1	
-23.049292152106133	-18.908332160849632	0.00045619504946442242	-1	
-24.693310677094217	-18.614726027969777	0.00044981978466635946	-1	
-26.212857472880707	-19.307531200571471	0.00042908122410357228	-1	
-26.615156329596818	-21.296606900997208	0.00039933523943931143	-1	
-25.895339193819058	-23.194007702931245	0.00037664225000945314	-1	
-22.341904246510008	-17.413499646207068	0.00048860074900924076	-1	
-18.794331651283979	-14.489459395933583	0.00059115919854143531	-1	
-21.120808825725856	-15.280930951129768	0.00054237918741020157	-1	
-16.973627020161668	-12.727029364093607	0.00066910357200335386	-1	
-18.217618992225887	-12.996246473741522	0.00063760533088849311	-1	
-15.979688530601596	-11.473523959432667	0.00072930763667986812	-1	
-30.090751157602547	-39.931775502364786	0.0002114084791641415	-1	
-29.389262614623792	-40.45084971874752	0.00020676269163030751	-1	
-30.569634840303678	-38.431298109297515	0.00022248580948608704	-1	
-30.783073766283046	-39.400537680336235	0.00021601606292149294	-1	
-28.678821817552436	-40.957602214449743	0.00020203875355139924	-1	
-28.359068676016594	-42.044048322434499	0.00018933541477476778	-1	
-29.088519272088917	-41.542710817513395	0.00019397337126596901	-1	
-28.0100075150587	-43.131629208622023	0.00018427688136413584	-1	
-28.399035397212241	-43.730679614297273	0.00014864237087118483	-1	
-27.223441102388708	-45.307414465683294	0.00014068886645741857	-1	
-26.785714285714388	-46.394218059880806	7.9558021466436945e-005	-1	
-28.010018252326681	-44.825399368268442	0.00014464743944143628	-1	
-28.788063279365854	-44.329730019972622	0.00014855414128747143	-1	
-23.2440043957386	-49.846928287016013	0	-1	
-24.110413073399396	-49.433672546454446	0	-1	
-23.797290825692929	-48.791676799097893	6.9801638560970382e-005	-1	
-24.645198557289842	-48.368925598797361	7.227274847908061e-005	-1	
-25.485599122662801	-47.931440755199134	7.47203214654686e-005	-1	
-26.31823652765846	-47.479355530424577	7.7143601868505938e-005	-1	
21.716255328033995	-3.0119158297120752	-0.00069899775803934638	-1	
20.491523517672608	-1.832051523718204	-0.00073545841696735336	-1	
6.4485242524188644	-6.1680609797473149	-0.0016437934733835393	-1	
6.146826628507549	-6.5031367378189593	-0.0017520890430903968	-1	
6.8633681864676097	-4.9310507538872992	-0.0014228686075713514	-1	
6.7232656063973657	-5.3595266592996786	-0.001496871374596833	-1	
6.4988717137674046	-5.7505096709660073	-0.0015870856200397179	-1	
5	-8.1212499999999999	-0.0021515618293524888	-1	
5	-7.5	-0.0021904530836227547	-1	
5	-8.7424999999999997	-0.002062204962180709	-1	
5	-9.0531249999999996	-0.0019927238124239082	-1	
5.788662059400778	-6.7507607175735957	-0.0018764314761334703	-1	
5.3522778669580502	-6.5681250000000002	-0.0020123082142267531	-1	
5	-6.8787500000000001	-0.0021790635275777022	-1	
7.3962341424863531	-4.1912816608371566	-0.0012936388248359087	-1	
11.774698825596277	-1.0245685111300811	-0.0010258858501023234	-1	
10.706695904363539	-0.093992284827183262	-0.0010534326798109295	-1	
9.4909936774785386	-0.90992052703065041	-0.0010808551264573345	-1	
7.9177776024145885	-1.5736815462357667	-0.0011123442123174782	-1	
6.4968709041879702	-2.5083913599566099	-0.0011383977597067322	-1	
6.6450337216477307	-3.6654527587679153	-0.0012611589063905877	-1	
5	-9.3637499999999996	-0.0019028572591100357	-1	
5	-9.5190625000000004	-0.0018470013426356859	-1	
5	-9.6743749999999995	-0.001781808195739144	-1	
5.0436612442123447	-9.8685156249999988	-0.0016626129909695559	-1	
5	-9.8296874999999986	-0.0017037215332097479	-1	
13.424649371283143	-0.52198060324658435	-0.00096829993007215649	-1	
15.351650482480137	-0.94365209118902915	-0.00089989237154218288	-1	
17.929521389489196	-0.73452605221904554	-0.00081347338902089297	-1	
19.300283813518806	-0.16532971591403664	-0.00077241611434473252	-1	
33.096254986107745	-7.3693629164828254	-0.00047338340867600766	-1	
34.969043495017004	-8.2921936089245172	-0.00044733751515373913	-1	
30.841025586149211	-6.0898602708898082	-0.00050903045661103365	-1	
32.421360463193452	-5.9316547807106339	-0.0004883496599988311	-1	
23.380304219508048	-2.6612178476057085	-0.00066014762721724985	-1	
25.179068646038701	-3.3945738161106274	-0.00061826610181894186	-1	
27.757892588176141	-2.7669612371346775	-0.00057129464167043485	-1	
29.03750136753823	-3.1683453102879016	-0.00054820329361786693	-1	
30.11792690207341	-3.9628190145260955	-0.00052871117261471556	-1	
-4.8450961183981613	-10.812034179397848	0.0011754776064079667	-1	
-5.1469406134339	-10.700473035537478	0.0012413597499543352	-1	
-4.6202349083685803	-10.581831172843096	0.0012155032355815382	-1	
-4.4326902086541136	-10.404666832867681	0.0012336497062134628	-1	
-5.5788912538670417	-10.574538835936741	0.0012918143491318992	-1	
-2.6468943321532699	-8.5922187453481804	0.00092858397073545488	-1	
-1.5474907352802481	-8.44140525165915	0.00052652499292737715	-1	
-0.36716448562300641	-8.3330019911308657	0.00012453003244704196	-1	
-3.7387500000000005	-10	0.001135470506035539	-1	
-4.2060937500000009	-10.176725857396859	0.0012424178579226921	-1	
-4.0503125000000004	-10	0.0012410401765223697	-1	
-3.4271875000000005	-9.6422005186670958	0.0010989569408426131	-1	
-3.2433555339515734	-9.1791650439196761	0.00110299939032247	-1	
-3.0905005739633284	-8.7379595898200915	0.0010928956931701536	-1	
-7.4029479381321277	-10.242082376492467	0.0012261988439002441	-1	
-8.2643062478740656	-9.8370036575338933	0.0011936973098829783	-1	
-6.8633681864676532	-10.068949246111805	0.0013072058777038587	-1	
-10.699194932608634	-9.5582100390283617	0.0010217709636729426	-1	
-9.3134162326338767	-8.5669661609564276	0.0011854030868123154	-1	
-6.4485515592777132	-9.9674422839803203	0.0013775996666689873	-1	
-6.0354649791581689	-10.075774988550734	0.0014041302960671671	-1	
-5.6888670302980637	-10.339666907233202	0.0013628786662901169	-1	
-12.402768993320207	-9.5861823608754033	0.00092437280991517878	-1	
5.0604667684792908	-9.9721144488063729	-0.0015880794390753751	-1	
5.0389948609875832	-9.9267578125	-0.0016268328392753514	-1	
3.4444155024339609	-8.460990353333413	-0.0012733001296598428	-1	
4.3427256862789587	-9.0810454028423173	-0.0016089253712313842	-1	
4.2872909655469975	-8.6829834279339355	-0.0016542804073986788	-1	
2.9240023514823736	-7.8654512727400201	-0.0010845981143403174	-1	
2.2006942668661695	-7.9899773649505121	-0.00078556989160041282	-1	
1.5515112606117978	-8.0861969707144432	-0.00053957600598469044	-1	
0.99322781270667537	-7.7412094637841209	-0.00034556874199006253	-1	
4.6123964626677294	-9.3777336860369562	-0.0016705989404432126	-1	
4.5779600899828754	-9.2144756474302572	-0.0016992571906503597	-1	
4.7444575962580871	-9.682214093360054	-0.0016316255918425717	-1	
4.7422956662688973	-9.4824487653578373	-0.0017062424818770892	-1	
4.6941192805536156	-9.789971153802087	-0.0015611026792608925	-1	
4.907109375000001	-10	-0.0015401578024729651	-1	
4.8681640625000009	-9.955978052478704	-0.0015532465580104591	-1	
4.7926720866630879	-9.8487840001248159	-0.0015789250486453058	-1	
4.8401002014094843	-9.8979669372967134	-0.0015750091999245275	-1	
4.9655273437499998	-10.019267708095732	-0.0015466160651036187	-1	
4.9924999999999997	-10.024053596885961	-0.0015493193584849541	-1	
5.0191748514696144	-10.019174851469614	-0.0015555325132056486	-1	
4.9460546875000002	-10	-0.0015548071313217899	-1	
5.0240535968859632	-9.9924999999999997	-0.0015791241628648337	-1	
-13.989626255046254	-9.6914836829300182	0.00084926309692609796	-1	
38.150847194794096	-9.396018659212908	-0.00041062282465927986	-1	
36.895567052814222	-8.6858175205860331	-0.00042559299889347605	-1	
41.988112256224376	-13.270003787976323	-0.0003628441880385065	-1	
41.205855419167321	-11.564115927501343	-0.00037593097164147324	-1	
39.361713218116918	-10.17954744982517	-0.00039657450425282197	-1	
44.468253832831067	-31.137006544771129	-0.00012944274013553593	-1	
44.329730019972494	-28.788063279365769	-0.00022436524868599649	-1	
44.412727101163	-29.956762685932894	-0.00013099688479285447	-1	
45.004896795845205	-30.356186188412025	-0.0001309708810141621	-1	
45.157038911617228	-26.071428571428619	-0.00023130171077603403	-1	
45.408733347030612	-24.14425180041729	-0.00028836436437056946	-1	
45.605170443697126	-25.279358769987621	-0.00023343090121871914	-1	
46.039410199072684	-24.479588630978636	-0.00023548952971827252	-1	
44.825399368268307	-28.010018252326603	-0.00022670342239723272	-1	
45.307414465683159	-27.22344110238863	-0.00022897188009827831	-1	
43.877030313769062	-14.239511167546036	-0.00034622294009022814	-1	
44.21693586314224	-16.46741099517401	-0.00033446417734751642	-1	
44.245408131226846	-15.298989401650351	-0.00033943010278366021	-1	
44.941346774829277	-18.283559134323834	-0.00032224561958214327	-1	
45.521081046155025	-17.019634796743475	-0.00032479119437009408	-1	
45.507892117929813	-18.849986110258197	-0.00031678074468231002	-1	
45.67727288213014	-20.336832153790045	-0.00030911966496495827	-1	
46.025242672622113	-19.536556424463722	-0.00031116177874109462	-1	
45.581698062315013	-22.231679587160393	-0.00029345208147395999	-1	
45.962752056858797	-21.432783273992655	-0.00029561298515523403	-1	
45.823192672544714	-23.34808284374817	-0.0002906933196976199	-1	
46.223693809671524	-22.544801834866885	-0.00029293652426518312	-1	
43.340591448369779	-33.86138114291127	0	-1	
43.924953052601182	-33.099826273362723	0	-1	
44.495934690622185	-32.328188876086088	0	-1	
45.053362435894627	-31.546703999307599	0	-1	
-29.415896068542125	-26.384599470901087	0.00032892609431662114	-1	
-28.88652773473693	-25.291390649483237	0.00034203968886268525	-1	
-27.684784843979873	-24.736223567575777	0.0003516064359545398	-1	
-27.482287014724758	-23.243833520082966	0.00037053866003564507	-1	
-31.999326936510503	-35.846643437225403	0.00024236945613602	-1	
-31.982712447346085	-37.446944992077256	0.00023077667197077847	-1	
-32.53907895439739	-36.778738279537215	0.00023582972556706745	-1	
-32.139380484327098	-38.302222155949039	0.00022493359355605145	-1	
-31.466019552492011	-38.857298072848678	0.00022049275699254336	-1	
-32.403451061284542	-35.176784985724851	0.0002475049708886973	-1	
-32.503297744115471	-34.246040834288443	0.00025456385051061563	-1	
-33.376048406236947	-33.282199423694628	0.00026163362074464795	-1	
-33.584355354900879	-31.63245580030847	0.00027440802827739976	-1	
-33.326786903279746	-29.761091914447384	0.00028993765893591656	-1	
-31.507281281204207	-27.161612583736243	0.00031647950928993682	-1	
-32.822297701521784	-28.177687975713841	0.00030443363847420998	-1	
-23.995661262583649	-17.41660248417811	0.00047435295518246062	-1	
-25.879114579472667	-17.43877085158222	0.0004580600130514128	-1	
-28.308184240499632	-18.787637304166019	0.00042139087795831759	-1	
-27.768665781897912	-17.621105199054412	0.00043998817605147428	-1	
-28.232345310766753	-20.070651636184589	0.00040610991066678513	-1	
-28.363222020972838	-21.92290978530534	0.00038307306659910774	-1	
-23.416859014149242	-16.156760157153769	0.00050086836192724763	-1	
-20.774686193456898	-13.661741897941697	0.00058032131034816607	-1	
-19.866700411058925	-12.277135135898398	0.0006236870424393765	-1	
-22.585500683535297	-14.888680520565458	0.00053220340922022625	-1	
-17.948650449233824	-11.752200734402276	0.00067406814205537766	-1	
-15.355118269889282	-8.8762316391306388	0.00082090228847426887	-1	
-17.209121419481555	-9.8041412373273182	0.00073877395414625742	-1	
-30.520619031282603	-40.502229438112941	0.00020302879677299779	-1	
-31.222831962944255	-39.963402504341126	0.00020744579053229715	-1	
-29.809109223404146	-41.028719000443999	0.00019853796014122603	-1	
-31.915534117527628	-39.412402331032311	0.0002117851125696474	-1	
-28.758492178495718	-42.636218017116633	0.00018897956661138545	-1	
-29.498216726625397	-42.127819420576927	0.00019360975739812108	-1	
-29.157915680974774	-43.22838771179876	0.00015249823029713682	-1	
-29.557339183453902	-43.820557406480972	0.00015240785053092823	-1	
-27.591325441610152	-45.919676823327613	8.1930965320955817e-005	-1	
-27.142857142857313	-47.01280763401261	7.9541845687348657e-005	-1	
-28.388532012493233	-45.431148008380127	8.427741404289927e-005	-1	
-29.177091161519417	-44.928780425647879	8.6596659828775137e-005	-1	
-24.969477485675217	-49.005358830360493	0	-1	
-25.82093595322414	-48.562117607241227	0	-1	
-26.664529113548685	-48.104083892667013	0	-1	
-27.500000000000146	-47.631397208144371	0	-1	
22.56698973688189	-0.32385918904398325	-0.00068465810723650059	-1	
20.95420833197122	-0.28661509832351961	-0.00072583209137210014	-1	
6.0995585554366683	-5.8825436208166346	-0.00169092269695144	-1	
5.7741636888123198	-6.2779216688500439	-0.0018371594949555721	-1	
6.4485515592776297	-5.0325577160195971	-0.0014857051564812409	-1	
6.5373507443616408	-4.4970981851482987	-0.0013874463592015219	-1	
6.1783016368842514	-5.395974547723994	-0.0015890649845539547	-1	
4.6636329845662727	-7.8878968918482872	-0.001961872621470565	-1	
4.6682210409301037	-8.5548482579016127	-0.0018883142298761662	-1	
4.6562451308643826	-7.2439471856976612	-0.0019747268479621632	-1	
4.3862508432414673	-7.5868062247230439	-0.0018102580571174895	-1	
4.8345519840403473	-8.8978124999999988	-0.0019255646849759408	-1	
4.783271030571723	-9.1188674308488373	-0.0018412759290293414	-1	
5.2932030646539916	-6.1021875000000003	-0.0019677387936144477	-1	
5	-6.2575000000000003	-0.0021131673181504001	-1	
4.47688212414727	-6.8546409237547135	-0.0018517468122924913	-1	
4.6161945879120143	-6.4738448468437912	-0.0019018636208673605	-1	
12.008995381077693	0.46333923740338712	-0.0010165583514179905	-1	
9.8398787434634638	1.0263783512977274	-0.0010798824126439248	-1	
8.1083903824342194	0.092075300300195062	-0.0010824066125168705	-1	
6.5595746026659949	-0.54999072747980748	-0.0010396390132814868	-1	
5.5806841460412144	-3.2304336892513179	-0.0011779605950278341	-1	
5.3949232055988823	-2.1256975258398279	-0.0010407979197231303	-1	
5.7244938033173351	-3.8816694422320519	-0.0012944721411616701	-1	
6.0105134549399031	-4.3665429288494737	-0.0013918664067928826	-1	
4.8795799868243801	-9.44140625	-0.0018013669310846284	-1	
4.7760508484576283	-9.3452330253494065	-0.0017715161465433073	-1	
4.8576113689559337	-9.6455841353022684	-0.0017085665583308125	-1	
4.9157842343809044	-9.778698198679864	-0.0016794379179820712	-1	
5	-9.907343749999999	-0.0016552950460068799	-1	
4.9560959443068446	-9.8685156249999988	-0.0016533150686038379	-1	
14.819555603049809	0.9558255121488104	-0.000918693640377137	-1	
17.425968360044667	0.66168612325136555	-0.00082977686354338107	-1	
18.716808911830903	1.79848561564408	-0.00078726806238459135	-1	
20.563356475936658	1.2785321180601599	-0.00073497505918680055	-1	
34.755638513499392	-6.9071639819440165	-0.00045585537750374643	-1	
36.100654706350191	-7.4655710710420076	-0.00043888588628599189	-1	
31.478310440656632	-4.4835938392716876	-0.00050679461795007043	-1	
33.205093398409026	-4.5502605621822525	-0.00048336384092339673	-1	
35.021309027621569	-5.0439030510624159	-0.00045938449561593216	-1	
24.442645840562342	-0.42600952922044955	-0.00064117351121268696	-1	
25.927852050232971	-1.5760891030011943	-0.00060836526024378294	-1	
29.093236871819013	-1.903618939465415	-0.00055017570081339372	-1	
28.381029151770338	-0.85700563790923678	-0.00056374806683028283	-1	
30.205182098653367	-2.508777639321528	-0.00053125808932194562	-1	
31.803468009118845	-2.8761811010609062	-0.00050669369457881472	-1	
-4.9012684216004905	-10.495173547012314	0.001293857713542463	-1	
-5.2904747643952117	-10.402640695792137	0.0013558275535554118	-1	
-5.0614872296666267	-10.391927374359675	0.0013525002008209395	-1	
-4.8022133554009585	-10.350804714423759	0.0013365920188805086	-1	
-4.4397656249999997	-10.146771202362924	0.0013242723109345646	-1	
-4.5955468750000001	-10.204572045387801	0.0013486318113012476	-1	
-5.4392847604453838	-10.269181555069006	0.0014044996629237006	-1	
-3.0391046999843421	-8.1464032860800675	0.0011180545360934195	-1	
-2.1281018265511071	-7.7403730102272084	0.0007622849047186674	-1	
-0.98564116953601633	-7.9739132870599967	0.0003405212055729708	-1	
-1.5472667275652932	-7.5311550703054886	0.0005469379539022849	-1	
0.032893845646091435	-7.3931345511993696	-1.2091932723929928e-005	-1	
-3.8945312500000004	-9.7239408366520568	0.0012558865614297544	-1	
-4.3618750000000004	-10	0.0013494104972482258	-1	
-4.2060937500000009	-9.7822955118176207	0.0013621213243698734	-1	
-3.7358284870903447	-9.2544407574173047	0.0012924583011299684	-1	
-3.5507627269735895	-8.8166084424918765	0.001281962813239567	-1	
-3.5991397639411473	-8.3437383399745038	0.0013579197980752339	-1	
-7.3253656867079284	-9.6807425654103962	0.0013142475208704095	-1	
-7.7283957277423383	-9.0156720801383123	0.0013399036763359353	-1	
-6.7232656063967822	-9.6404733406999803	0.0014020373280161948	-1	
-10.851679202410844	-7.8807389287232077	0.001077027647322925	-1	
-8.0868398877593499	-7.385617867346113	0.0013772051655903863	-1	
-9.9173018549704626	-6.4792754967936403	0.0011791375225284693	-1	
-6.1783016368841199	-9.604025452275776	0.0014993799314397772	-1	
-5.600305722970929	-10.095912134687032	0.0014552677298744195	-1	
-5.7064845846825545	-9.7466389334680699	0.0015579460480413944	-1	
-13.326091516034861	-7.6813735948338602	0.00093408775867157056	-1	
-12.026925531166608	-7.0120451277892526	0.0010200253786411977	-1	
5.0192494383489237	-9.9655859374999984	-0.0016037244283051905	-1	
5	-9.9461718749999992	-0.0016269080929719047	-1	
4.2722818881137661	-8.0080666112508005	-0.0017250072704986929	-1	
3.6760677705355418	-7.6207182556341007	-0.0014381820830672027	-1	
4.5824165193194037	-8.9557970119819483	-0.0017648700477817911	-1	
2.1281018265500449	-7.2596269897734143	-0.000767039317545283	-1	
3.039104699984573	-6.8535967139206573	-0.0011344781235249511	-1	
1.5472667275643639	-7.4688449297028185	-0.00054731998134052154	-1	
0.98787372981562838	-7.0306281458866637	-0.00034523134402897652	-1	
4.8086335066132699	-9.7823489156405898	-0.0016196361345190079	-1	
4.9265820312500006	-9.9624595767141297	-0.0015747513542168088	-1	
4.9042744875073749	-9.9038432276054067	-0.0016027200888987956	-1	
4.8988705102622365	-9.8402444195067567	-0.0016369650647057934	-1	
4.9850000000000003	-10	-0.0015701053356696186	-1	
5	-10	-0.0015756292142105727	-1	
4.9684464031140365	-9.9684464031140383	-0.0015902871090278127	-1	
5	-9.9849999999999994	-0.0015929001505044778	-1	
39.406022939392031	-8.685633029903757	-0.0004020693452862259	-1	
37.591420023690482	-7.4847183770571819	-0.00042348631467503548	-1	
43.078983009918289	-11.44847778325013	-0.00036263426622185399	-1	
42.043274529188025	-9.9003332970976388	-0.00037584072270418611	-1	
40.88105649503472	-8.4447603349450144	-0.00039024159413067602	-1	
45.597066490527375	-30.755609690891141	0	-1	
44.928780425647766	-29.177091161519332	-0.00013248509823812711	-1	
45.527830831323101	-29.566119043672952	-0.00013245882228258052	-1	
46.126881236998408	-29.955146925826554	0	-1	
45.775628485748982	-26.428571428571477	-0.00023117033172588035	-1	
46.459625904107824	-23.672361772133559	-0.00023747737044572354	-1	
46.229898805939577	-25.62565135587786	-0.00023329850825602605	-1	
46.670087051114798	-24.814925461539989	-0.00023535616226078157	-1	
45.431148008380013	-28.388532012493148	-0.00013393272938971553	-1	
45.919676823327492	-27.591325441610074	-0.00013533941665517675	-1	
45.182074911530158	-13.853839164129042	-0.00033956159031932619	-1	
45.169999887035011	-14.663909540508971	-0.00033650477227955834	-1	
45.07821412475235	-12.398939934230038	-0.0003455878373806465	-1	
45.216115114171679	-15.861060836788203	-0.00033138762540754768	-1	
45.689729410765509	-17.997663042912652	-0.00031965942014208955	-1	
46.679021324860187	-17.918397477265042	-0.00031496101668361548	-1	
46.984631039295522	-17.101007166283466	-0.00031674694415181155	-1	
46.290005844122504	-16.392150791958322	-0.00032325893681740294	-1	
46.359192728339465	-18.730329670795633	-0.00031310951543352643	-1	
46.329805351874874	-20.627358327415621	-0.00029768782663978401	-1	
46.682746139373883	-19.815650087670349	-0.00029967623750101221	-1	
46.610114761884937	-21.734653460950302	-0.00029509440752963171	-1	
46.982337821619566	-20.917884501041197	-0.00029716642796405381	-1	
46.865689557028055	-22.857924082573369	-0.00023939421193493749	-1	
47.257477466911105	-22.036523647907941	-0.00024123985971632287	-1	
-30.96479490133385	-25.768494034522238	0.00033134872041574336	-1	
-29.967899262707526	-24.738243310561646	0.00034488197510790323	-1	
-28.833278796926241	-24.077924164291524	0.00035587803389277266	-1	
-32.832827693473476	-35.830743976030199	0.00024271791948115377	-1	
-32.802951449525494	-37.735479011138736	0.00022925743527558862	-1	
-33.456530317943042	-37.157241273869843	0.00023348797426459746	-1	
-33.271565041661596	-38.274557282726505	0.00022023062554326521	-1	
-32.598514491246078	-38.849396758176958	0.00021604783866540134	-1	
-33.145010319900337	-34.927553127343359	0.00024934168924358976	-1	
-34.847065172486069	-33.666167974029676	0.00025788080243212784	-1	
-34.804609388462943	-32.762068964776944	0.00026451213111506548	-1	
-34.063301753195539	-34.663067693092138	0.00025105158306925615	-1	
-35.236286068020718	-31.442269768181113	0.00027380498515411751	-1	
-35.202624481661061	-29.983752373685508	0.00028496295094927531	-1	
-34.481762577367853	-28.266309156706203	0.00030002375440767252	-1	
-33.083952282796155	-26.480059258012556	0.00031872566968733831	-1	
-32.350735133879112	-25.207922508023287	0.00033253038081098527	-1	
-24.881213337423809	-16.349825912209486	0.00048298359293133053	-1	
-26.127249659942315	-15.556729793928287	0.00048183755830395823	-1	
-29.830772186382568	-19.022173944595664	0.00040830231041656705	-1	
-29.145567688477851	-17.812616134918809	0.00042680901738017082	-1	
-28.651074369916383	-16.322367784123202	0.00044811585272940522	-1	
-30.217198672999718	-22.026637978183629	0.00037295113096958376	-1	
-30.977142285736896	-20.551915603097825	0.00038478776097080171	-1	
-30.086316341615511	-23.430817453496104	0.00035845953229576063	-1	
-24.414349422361017	-14.240959985088027	0.00052016552397884908	-1	
-22.406814762925624	-13.382940177615509	0.00056087324366293459	-1	
-22.08784624009138	-11.223159522018637	0.00060254966815271802	-1	
-19.67383672255469	-10.76315872099909	0.00065748064826914962	-1	
-21.061919554222936	-10.128692772627794	0.00064025495332784899	-1	
-16.941838350459388	-7.7481977405021549	0.00078843506521245011	-1	
-14.885847354335985	-6.3700069490488698	0.00088698829358322578	-1	
-18.628719138612205	-8.0444536551588826	0.00073296666426801119	-1	
-19.848283501950291	-9.246949860593201	0.00068171385847575481	-1	
-30.950486904962659	-41.072683373860968	0.00020265019692300247	-1	
-30.228955832184507	-41.606588282140343	0.00019816679753595251	-1	
-31.662590159605461	-40.526267328345881	0.00020705931576196537	-1	
-32.365048682563248	-39.96750658921583	0.00021139164809276813	-1	
-29.907914181161814	-42.712928023640444	0.00015629996940522424	-1	
-30.648802440964793	-42.184457563836695	0.00016004654087851706	-1	
-30.317611635698295	-43.298036626704054	0.0001562074808488928	-1	
-29.956762685932983	-44.412727101163107	8.8888007395495491e-005	-1	
-27.959209780831689	-46.531939180972032	8.1914320812482932e-005	-1	
-28.327094120053133	-47.144201538616407	0	-1	
-28.76704577265987	-46.036896648491904	8.4260307250077373e-005	-1	
-29.566119043673076	-45.527830831323229	8.6579097329991274e-005	-1	
23.874288330539464	1.3643787672316028	-0.00065251865935671012	-1	
21.889057904584686	2.1505321656546039	-0.00069795656657431298	-1	
5.7064845846824568	-5.2533610665319861	-0.001650174877088214	-1	
5.4185460495254194	-5.5882651814210202	-0.0018126975849364773	-1	
6.03546497915789	-4.9242250114490176	-0.0015137935166485421	-1	
4.2326606648926353	-7.1783220841432804	-0.0017273802589686988	-1	
5.1765749413142812	-5.7915625000000004	-0.001945781053405595	-1	
5	-5.9468750000000004	-0.0020544632373628519	-1	
4.7096145494159272	-6.1021875000000003	-0.0019048231138022933	-1	
4.2368039759069367	-6.5278748032825247	-0.0016942502914203104	-1	
4.3833895640247649	-6.1694465986175313	-0.0017295835620067053	-1	
12.227160884908072	2.1480004647020836	-0.0010155676955125037	-1	
10.760517116215359	3.0051093805231432	-0.0010801826491870883	-1	
8.6216420884548413	2.5713293498334213	-0.0011392316142590918	-1	
7.0160110227701216	1.3639976400159894	-0.001088991882479838	-1	
5.1697165262935183	-0.61856832511376747	-0.0009371289085879299	-1	
5.7088156960470364	0.6643114215991156	-0.00098894897468369196	-1	
5.1749148180874425	-3.759716672142515	-0.0012374109004190217	-1	
4.9198863904353232	-3.1402364072940681	-0.0011008019064727744	-1	
4.0732798340073302	-2.7772223928913844	-0.00092823985224208048	-1	
3.8357498140078681	-1.0147263363527905	-0.00077422261602244158	-1	
5.5788912538670781	-4.4254611640635044	-0.0014192747133949066	-1	
5.146940613434448	-4.2995269644621761	-0.0013683592553002453	-1	
5.6888670302978461	-4.6603330927669653	-0.0014810318082277842	-1	
4.9626562028793417	-9.9267578125	-0.0016187930978160394	-1	
15.57826888471828	2.7455557701367796	-0.00088856556737215134	-1	
13.899417986277225	2.8092692344553463	-0.00095215550972252579	-1	
17.084019942342753	2.3393946626732012	-0.0008375568605215191	-1	
18.192324880332269	3.4366244732331022	-0.00079637249905994674	-1	
19.961480395320557	3.1000245637587009	-0.00074563638667706259	-1	
36.926645211245216	-6.2661434066916248	-0.00043439020421678763	-1	
34.565488230099305	-3.2178281568782046	-0.00046941332842363981	-1	
33.151581263978791	-1.9423214716939063	-0.00048993382321226172	-1	
36.1290486807859	-3.8956692437583849	-0.00044956659927821303	-1	
37.080945873477162	-4.8948044083839184	-0.00043677277017224432	-1	
25.98327037521571	0.029511012093008885	-0.0006087514604676326	-1	
25.434342575723843	1.4956934962766733	-0.00061869791803854978	-1	
30.022364768745042	-0.72353202356923574	-0.00053657560476129992	-1	
26.985669551662152	1.2849865440703969	-0.00058876761756665712	-1	
28.839902039312648	1.1938733637164831	-0.00055567468794924947	-1	
31.667918850118522	-0.78637769605188534	-0.00051160336772597555	-1	
-4.9744141030411742	-10.319163468005087	0.0013777468189900587	-1	
-5.2629404303063536	-10.175062298830841	0.0014553430796361915	-1	
-5.134191081162343	-10.234934176323277	0.0014289574637157412	-1	
-5.032079638852248	-10.221434242959901	0.0014313113431585263	-1	
-4.9188471882826477	-10.220225945130652	0.0014189103939713321	-1	
-4.7784739195459354	-10.084345727176153	0.001454899673061235	-1	
-4.5176562499999999	-10	0.0014055365639455998	-1	
-4.6734375000000004	-10	0.0014601718629768477	-1	
-5.367035720686542	-10.082806037843879	0.0014884451498723104	-1	
-2.9240023514847238	-7.1345487272597357	0.0010932031313642785	-1	
-3.6760677705368172	-7.3792817443653309	0.0014415299872057384	-1	
-2.2006942668713987	-7.0100226350542245	0.00079458452121846041	-1	
-0.99322781271641825	-7.258790536211877	0.00034768805545248068	-1	
-1.5515112606228709	-6.9138030292964121	0.00054749965836882073	-1	
0.02793552074822292	-6.372346430458351	-9.8817636664614891e-006	-1	
-4.2244795626144418	-9.3371270183421959	0.001492803211688592	-1	
-4.4712648991640815	-9.7455898763195812	0.0014845735717133649	-1	
-4.0508320749611624	-8.8117905682260922	0.0015180265631144598	-1	
-4.236803975906632	-8.4721251967173821	0.0016622027854934036	-1	
-4.2326606648924727	-7.8216779158561884	0.0017167607564247435	-1	
-6.9191791855834337	-9.2344706264833469	0.0014363387933028961	-1	
-6.9382292710896882	-8.7357771234718697	0.0014962181260437465	-1	
-7.1615934126285019	-8.1471531497941516	0.0015025980689511887	-1	
-6.4988717137674072	-9.2494903290336996	0.0015111642842229709	-1	
-6.8927404667404844	-7.4863333024972576	0.0015888499427841891	-1	
-7.8961025361536281	-6.1846557084571883	0.0013917198688648588	-1	
-9.1733002076008905	-4.5030059004499545	0.0012039430379341427	-1	
-10.946420529177756	-4.9636644795260052	0.0010983981346046059	-1	
-6.0995585554368015	-9.1174563791832295	0.0016229308573770553	-1	
-5.4158233098439528	-9.9525492978461418	0.0015381775886436459	-1	
-5.350303133741094	-9.7508613562733935	0.0016357009637616912	-1	
-5.4185460495254141	-9.4117348185789815	0.0017369142835064681	-1	
-12.631839624827421	-5.681664809111358	0.00099981042635237946	-1	
3.5991397639420164	-6.6562616600259883	-0.0013824042887505739	-1	
2.6468943321533298	-6.407781254651792	-0.00095309510765261354	-1	
1.5714970336672214	-6.6252415220942122	-0.00054982986536154918	-1	
3.0905005739634359	-6.2620404101799414	-0.0011248804456296601	-1	
0.67627960136150489	-5.9592291233432704	-0.00022640908338115003	-1	
38.961030036767824	-7.2588446916900295	-0.00041111320527072973	-1	
38.361202728278855	-5.907170048239565	-0.00042091792137184951	-1	
45.164884954530841	-11.008945720782499	-0.00034969771424881363	-1	
44.545425181470812	-9.9013117566169839	-0.00035741362179758299	-1	
43.13342624275095	-8.3043038187752707	-0.00037249866668108162	-1	
40.466653813951169	-6.426905966906256	-0.00039980817128363623	-1	
42.178293419253684	-6.5981218007958118	-0.00038468333011304305	-1	
46.036896648491783	-28.767045772659749	-0.00013390618944409332	-1	
46.642645288603518	-29.145559532826336	0	-1	
46.3942180598807	-26.785714285714313	-0.00013670481125666354	-1	
47.09605913567097	-23.996640700518949	-0.00023734306650309423	-1	
46.854627168181977	-25.971943941768085	-0.00013802857712115919	-1	
47.300763903156863	-25.150262292101317	-0.00013931039076561029	-1	
46.531939180971897	-27.959209780831568	-0.00013531262091694122	-1	
47.012807634012468	-27.142857142857196	-0.00013667776793052389	-1	
45.886823529012986	-13.454227844143073	-0.00033674288143574558	-1	
45.891162922348734	-14.245698850519771	-0.00033382845940128512	-1	
45.979750291750662	-15.074631044795392	-0.00033018543750135278	-1	
46.324163483736278	-11.780741702811058	-0.00033970136275474381	-1	
46.343300909343967	-12.807641743522575	-0.00033622694494954571	-1	
47.021466910172919	-18.997905808949859	-0.00030157820362283582	-1	
47.345864486643933	-18.174374584083118	-0.00030339410353465141	-1	
47.275928779965945	-16.278407722857864	-0.00031843770569697934	-1	
47.655840054142629	-17.345307268658946	-0.00030512507832474779	-1	
46.701137757605586	-15.62598210911637	-0.00032401759923378982	-1	
47.340249606125596	-20.094743750876976	-0.00029915225522272583	-1	
47.683741092006301	-19.265481947104089	-0.00030105188563843985	-1	
47.634870291364265	-21.208410674666773	-0.00024301413267523698	-1	
47.997753072877323	-20.37383741408361	-0.00024471686555155157	-1	
47.507685304384637	-23.171046330279854	-0.00023925900956506938	-1	
47.904840171937309	-22.338393834865588	-0.00024110379630429957	-1	
-31.202696185117198	-24.292528674602423	0.00034529640600403609	-1	
-33.802816481983704	-35.620736187234158	0.00024428474898059905	-1	
-34.099918003125055	-36.567685080958654	0.00023767033540645485	-1	
-33.93448075105654	-37.688059006353768	0.00022433329412569717	-1	
-34.587059688884011	-37.090080582115277	0.00022835651951995498	-1	
-33.057648498165065	-39.396571360404764	0.00021564693450327801	-1	
-33.740178633797704	-38.813635554314168	0.00021982298413528173	-1	
-35.721779416243272	-33.898702926019809	0.00025552602154548063	-1	
-35.132853744410653	-34.52495922007617	0.00025157362232524738	-1	
-36.205251468548418	-33.176000583771014	0.00026012537377356298	-1	
-36.398298633564337	-32.202494387966453	0.00026671792522327021	-1	
-34.732918522949994	-35.966990016932684	0.00024172404524146489	-1	
-35.355339059327505	-35.355339059327498	0.0002457310236523957	-1	
-36.614361939448791	-31.271619343051889	0.00027298182365477995	-1	
-36.219259183536209	-28.93739680535047	0.00029086939775465476	-1	
-36.656571119652973	-30.103940835338541	0.00028133643013141598	-1	
-36.253620568109199	-27.692051070776639	0.00030018964006925348	-1	
-34.759974018253097	-26.104083826179746	0.0003169786271149421	-1	
-33.463992424331458	-24.250531520289435	0.00033733875556486275	-1	
-32.315874255474661	-23.330872157321121	0.00035037797758685296	-1	
-26.08381221834215	-13.840445769419167	0.00050528157829497766	-1	
-28.431732235989642	-14.692571554387795	0.0004689208465167863	-1	
-31.741528244134098	-19.079490907324242	0.00039494038502566585	-1	
-30.846749130846973	-18.023208647487969	0.00041175727220224003	-1	
-30.134848994238101	-16.835959697386947	0.00042972478265261002	-1	
-30.07420042854509	-14.611054938787529	0.00045307581586552742	-1	
-32.289160730257102	-21.567261839293888	0.00036758627032883884	-1	
-33.122573683495013	-19.364461460434789	0.00038349943233227006	-1	
-23.591668945619698	-11.549224287789093	0.00057182431464273837	-1	
-25.366090201314044	-11.82971064025368	0.00054104635386419142	-1	
-23.022398975818366	-10.119632505977988	0.00060187984041242708	-1	
-21.329096340424918	-8.6525492852885897	0.00065614779701360381	-1	
-16.596021756718173	-5.83232927580198	0.00082890171658202543	-1	
-18.308719072525449	-6.3619155967148426	0.00076612906655965324	-1	
-13.86363438194639	-4.6071679337470615	0.00094845138168747731	-1	
-15.487829572204381	-4.4231792308976026	0.00088342289859223765	-1	
-20.323720596948153	-6.8503839288867416	0.00070396485816367289	-1	
-31.380354778642641	-41.643137309608989	0.00016373693463221471	-1	
-32.102348356266596	-41.089132152350643	0.0001673701743339701	-1	
-32.814563247598798	-40.522610847399335	0.00017094531433714766	-1	
-33.516782505083974	-39.943745962632562	0.00017446144856125861	-1	
-31.068649049745154	-42.762326845533124	0.00015995198479329742	-1	
-31.810222652322704	-42.213591245357101	0.0001636403518565371	-1	
-30.727309090234726	-43.883145229767571	9.1150774152310216e-005	-1	
-30.356186188412153	-45.004896795845326	8.8869995895884903e-005	-1	
-29.145559532826425	-46.642645288603667	0	-1	
-29.955146925826643	-46.126881236998557	0	-1	
-30.755609690891234	-45.597066490527517	0	-1	
22.979640741042665	3.3031367976717596	-0.00066686031625710625	-1	
25.151651141632637	3.1296212632612361	-0.00061983143180542079	-1	
21.438894997299009	3.6721174303796023	-0.00070265580130438618	-1	
5.4158233098439341	-5.0474507021538884	-0.0016364870145559845	-1	
5.600305722970937	-4.9040878653130271	-0.0015616543285280979	-1	
5.350303133741046	-5.2491386437265968	-0.0017248971535466259	-1	
5.144539896756342	-5.55859375	-0.001895557020482819	-1	
5.2099614345306078	-5.4081201732044475	-0.0018226797403170705	-1	
5	-5.6362500000000004	-0.001976599864703046	-1	
4.8153304275264093	-5.7903063757194584	-0.0019012418149723081	-1	
4.4922824776637338	-5.8546627667590272	-0.0017318407815443502	-1	
4.0508320749612343	-6.1882094317742391	-0.0015600180283809415	-1	
4.2244795626142437	-5.6628729816579666	-0.0015542643584907448	-1	
12.422699163524765	3.8354376989187333	-0.001014287892738803	-1	
9.1733002076005334	4.5030059004503133	-0.0012039383829530411	-1	
10.946420529172673	4.9636644795275169	-0.0010983954279467553	-1	
6.7209690973592373	3.2218238982673206	-0.0012200874885540242	-1	
7.0755631784775481	4.7452440588099929	-0.0013739557753665735	-1	
5.7173565791833711	2.7249035073524084	-0.0011263354706987894	-1	
4.407465398638184	1.374809718488746	-0.0008715607324190712	-1	
4.7776377435920763	-3.7948818227050976	-0.0011977763290863177	-1	
4.8450961183986028	-4.1879658206014101	-0.001302339178781623	-1	
4.2477487565604628	-3.6817014866811553	-0.0010876625043720614	-1	
3.0294691365173931	-2.599883845504654	-0.00071339985104346625	-1	
3.5393035603291412	-3.5278162745533468	-0.00091512833581006657	-1	
2.7453702622753307	-0.014326396151606692	-0.0005753643016652276	-1	
1.5104429849428291	-0.82960685519077382	-0.00033284009025773796	-1	
5.4392847604453252	-4.7308184449310637	-0.0015166374074358662	-1	
5.2904747643952694	-4.5973593042079086	-0.0014718939818743886	-1	
5.0614872296666924	-4.6080726256402151	-0.0014650202883299934	-1	
4.9012684216005082	-4.5048264529872588	-0.0014083476657971033	-1	
16.820618472894708	3.8765585311810038	-0.00083886924396429604	-1	
15.487829571979974	4.4231792307033118	-0.00088343260703391171	-1	
13.863634381823804	4.6071679336547415	-0.00094845606487258753	-1	
17.817432188531772	4.9165022122837829	-0.00079681075579396095	-1	
20.380901688614305	4.8513944601550749	-0.00072218295217611468	-1	
34.611762873346891	-1.3141714467053174	-0.00047154886587313482	-1	
36.058919893316748	-2.3017401460264155	-0.00045308270829302389	-1	
32.879786079840734	0.65196787726233918	-0.00049470363529983464	-1	
37.492476185829318	-3.0670598943544416	-0.00043609650370876574	-1	
38.379767344041461	-4.4284975027455848	-0.00042440921991417221	-1	
26.525065628589292	3.8450929484257594	-0.00059029772918117729	-1	
30.653553456288062	0.79745405591749807	-0.00052666689475601566	-1	
28.061731085949219	3.6531910010375759	-0.00056332243142832438	-1	
29.724751697797686	2.8259030239162191	-0.00053807928297680292	-1	
-5.1401179388912093	-10.103818546669318	0.0014988523289358176	-1	
-5.2361921196805348	-10.035614944972332	0.0015276990785265678	-1	
-5.0645478692231638	-10.123685540318665	0.0014880633061978945	-1	
-4.9865924425440085	-10.129022610448191	0.0014790880826832096	-1	
-4.9227514920261974	-10.106682014670167	0.0014814868846659323	-1	
-4.8681640625000009	-10.043788141355924	0.0015042134448044547	-1	
-4.8292187500000008	-10	0.0015162725974013952	-1	
-4.6451946417105461	-9.8579262585146026	0.0015137780504757225	-1	
-4.7780989942625176	-9.9155373697411626	0.0015426528248089003	-1	
-3.4444155024352141	-6.5390096466668757	0.001300178589343699	-1	
-2.6171070893669914	-6.4056372495854603	0.00094055764223918985	-1	
-4.2722818881137448	-6.9919333887486594	0.0017419147392640157	-1	
-4.3862508432416352	-7.4131937752764552	0.0018132231199328903	-1	
-1.9375456745785451	-6.3830731362472601	0.00068062676944504808	-1	
-0.71915684186712214	-6.1910484491510029	0.00024478803158768019	-1	
-1.3578650720921517	-6.0997968436055698	0.00046467058175632251	-1	
-0.25613886078450659	-5.6579811863002272	8.3903969758046448e-005	-1	
-4.492282477663788	-9.1453372332410119	0.0016744698399781476	-1	
-4.3833895640246983	-8.8305534013825593	0.0016842316666181561	-1	
-4.6596814942851257	-9.5329437371204406	0.0016480616139245669	-1	
-4.6782183844447953	-9.7391654668439429	0.0015795193668515107	-1	
-4.4768821241469814	-8.145359076245029	0.0018295843644019335	-1	
-4.6161945879119024	-8.5261551531560382	0.0018656825203564767	-1	
-4.6562451308642681	-7.7560528143021719	0.001965711516131733	-1	
-6.4485242524190634	-8.8319390202525412	0.001586529000277073	-1	
-6.570878734454638	-8.3979728917967851	0.0016111234555975396	-1	
-6.5330079301056818	-8.017790615999111	0.0016519409082396753	-1	
-6.3697379490494965	-7.0274064836199042	0.0017125743529524697	-1	
-6.7023449736038163	-6.4162452726345203	0.0016043329269365637	-1	
-6.2947030985774717	-7.7191544361363116	0.0017296453962697981	-1	
-6.8017675215960711	-5.654446579627793	0.0015137546365051194	-1	
-7.0755631784774673	-4.7452440588096767	0.0013739613834658081	-1	
-10.760517116167085	-3.0051093805358944	0.0010801865335858414	-1	
-8.621642088454557	-2.5713293498327605	0.0011392370562944079	-1	
-12.422699163621532	-3.8354376988692831	0.001014288642967743	-1	
-6.1468266285075046	-8.4968632621810407	0.0017103650510059366	-1	
-5.77416368881231	-8.7220783311499517	0.0017875314060232517	-1	
-5.2208148158131422	-9.9188009131758452	0.0015903472188761221	-1	
-5.2099614345306033	-9.5918798267955516	0.0017413454344597013	-1	
-5.0840943598786899	-9.7790875646451134	0.0017016895106740045	-1	
-5.1445398967563403	-9.44140625	0.0018208781900252865	-1	
-5.1765749413142812	-9.2084375000000005	0.0018800988320569465	-1	
-5.2932030646539925	-8.8978124999999988	0.0019136497797179446	-1	
3.5507627269737596	-6.1833915575083607	-0.0013199920094267739	-1	
1.8693750000000002	-5.7071571622785129	-0.0006268337074761092	-1	
2.8040625000000001	-5.5858505460923009	-0.00095438491365804382	-1	
3.2433555339515663	-5.8208349560802874	-0.0011482124892930232	-1	
1.2462500000000001	-5	-0.00038904011627057076	-1	
0	-5	2.7181320868553488e-007	-1	
39.656598419409562	-5.1839808263456728	-0.00041035525201462016	-1	
45.791483160208358	-9.6606399414056554	-0.00034950955719185474	-1	
46.548475967048411	-10.849975106413803	-0.00034110749589660774	-1	
45.202860778466707	-8.8157879914163981	-0.00035583718506531839	-1	
44.038522554235428	-7.0815951726846516	-0.00036871437583447077	-1	
41.232626397845969	-4.8866751397455337	-0.00039652145666204975	-1	
42.847120294765858	-4.760730606849644	-0.00038290980199351453	-1	
44.247083941920167	-5.5747050261064146	-0.00037021556207215961	-1	
47.144201538616265	-28.327094120053044	0	-1	
47.479355530424435	-26.31823652765835	-0.00013800129441665919	-1	
47.732492367234059	-24.320919628904321	-0.00014054994118081296	-1	
47.931440755198985	-25.485599122662691	-0.00013928287689572442	-1	
48.368925598797219	-24.645198557289731	-0.00014052220435964265	-1	
47.631397208144222	-27.50000000000006	0	-1	
48.104083892666871	-26.664529113548596	0	-1	
46.597423688441758	-13.80278572698216	-0.00033127625935610954	-1	
46.833885035787205	-14.766667230281254	-0.00032648774355271547	-1	
47.677389543939782	-12.330211312248482	-0.00032974922998750588	-1	
47.749870680640214	-11.46372969924411	-0.00033189060814398195	-1	
47.320704352742759	-13.12319275921479	-0.00032935637144473022	-1	
48.012707648427607	-18.430351690901198	-0.00030286567885191525	-1	
48.327049068989666	-17.589607371034433	-0.00030459431183434778	-1	
47.951299191108347	-16.510956404612976	-0.00030677023216540495	-1	
47.552825814757774	-15.450849718747401	-0.0003200311653179571	-1	
48.626669602250672	-16.743505086368096	-0.00030623734347535905	-1	
48.346015273839711	-19.533058085258322	-0.00024634790995368012	-1	
48.679550810211317	-18.68632879771928	-0.00024790713390871518	-1	
48.287402761109007	-21.498936848292342	-0.0002428772458925569	-1	
48.6552565396291	-20.65293107729023	-0.00024457919317790719	-1	
48.149681051741155	-23.484168577986317	-0.00014174692971193081	-1	
48.552202876963463	-22.640264021823214	-0.0001429010699367511	-1	
-35.229103073277884	-36.480804160031788	0.00023229756940482832	-1	
-34.412431184170039	-38.218876738837594	0.00022391925833546738	-1	
-35.074201374642975	-37.612476083271794	0.00022793574927650653	-1	
-34.208792225933728	-39.352713825901816	0.00017791770499987208	-1	
-34.89038161728346	-38.749694471321405	0.0001813132531743709	-1	
-35.966990016932684	-34.732918522949987	0.00024962799578606199	-1	
-36.567685080958654	-34.099918003125048	0.0002534379150404621	-1	
-37.157241273869843	-33.456530317943034	0.00025716011067362839	-1	
-37.34102193056242	-31.892245606361101	0.00026754336988943383	-1	
-37.735479011138736	-32.802951449525487	0.00026082825187822547	-1	
-35.860415331603647	-35.860415331603669	0.00023615794058098267	-1	
-36.480804160031759	-35.229103073277905	0.00023993541903014691	-1	
-37.499976620191021	-30.912595195328855	0.00027398448351833709	-1	
-37.43056313198764	-29.228617422472578	0.00028591371177455894	-1	
-38.051004584214382	-29.89152033872746	0.00027994325303080486	-1	
-38.095301962354107	-28.287399367091542	0.00029086716543294311	-1	
-36.875293595193213	-25.576785928190791	0.00031425785671771687	-1	
-35.632847503951346	-24.878628284491448	0.0003240012859000625	-1	
-34.857169339956982	-23.683044840728389	0.00033678876270639677	-1	
-33.643461789635985	-22.697263435242718	0.00035052838566927805	-1	
-27.687059682640946	-13.226348682357619	0.0004935443282150522	-1	
-29.001836359707962	-12.34860682887855	0.00048742564527147155	-1	
-32.731916140225962	-17.768747315893709	0.00040055647127842779	-1	
-31.593204943134054	-16.857376071891224	0.00041756332420065463	-1	
-32.116461167384941	-15.495956350218353	0.00042590259493465344	-1	
-30.438165248993638	-13.008930835493194	0.00046491000792667171	-1	
-31.915274784964044	-13.728249576821483	0.00044335855948354655	-1	
-33.773926011744884	-20.615155214398239	0.00036843770996469201	-1	
-34.215792384209529	-18.473749613579823	0.00038418510212094364	-1	
-24.459711446398522	-10.278671975610992	0.00057448066113168633	-1	
-26.657668059488461	-10.581083384883865	0.00053667167801508674	-1	
-27.634413763246108	-11.723911652962107	0.00051097035764155257	-1	
-22.924567320327284	-8.6768609862388999	0.00062257891658321096	-1	
-22.118796742140702	-7.2660097142544062	0.0006555246128083196	-1	
-17.817432188686404	-4.9165022127856304	0.00079678335561694411	-1	
-16.820618473149931	-3.8765585317371247	0.00083885819714140124	-1	
-20.377970706170824	-4.77773118889146	0.00072273370755642386	-1	
-13.899417986655171	-2.8092692342099754	0.00095215608213157347	-1	
-15.578268885233639	-2.7455557702217881	0.00088856372162804886	-1	
-21.340250653608244	-5.839954482377947	0.00068885094326535414	-1	
-32.542106552927805	-41.651996976355491	0.00016727160564732001	-1	
-33.264077812634419	-41.077715105582925	0.00017084480236895672	-1	
-33.975916512002954	-40.490920564860446	0.00017435903575397515	-1	
-34.677405818069836	-39.891792097489557	0.00017781343533038044	-1	
-31.488495658525462	-43.340196127229476	9.3384290358925989e-005	-1	
-32.240090526002703	-42.784045181105114	9.5587899268556963e-005	-1	
-32.981864749588951	-42.214861800360246	9.7760957255100137e-005	-1	
-31.137006544771257	-44.468253832831181	9.1132320478050735e-005	-1	
-31.546703999307695	-45.053362435894776	0	-1	
23.620486825465107	4.6798704876919448	-0.00064480937281970283	-1	
22.10857316835871	4.8219847044730999	-0.00067840290827534679	-1	
25.36978660952553	4.8763530869774465	-0.00060699178508990105	-1	
5.3670357206865447	-4.9171939621561407	-0.0015917484074716339	-1	
5.2361921196805303	-4.9643850550276767	-0.0016275559694813562	-1	
5.2208148158131236	-5.0811990868241592	-0.0016851770120006478	-1	
5.0840943598786899	-5.2209124353548839	-0.0017893666537164541	-1	
5	-5.4809375000000005	-0.00192743173139824	-1	
5	-5.3256250000000005	-0.0018686552396667206	-1	
4.8797158061428911	-5.55859375	-0.0018763583418006811	-1	
4.6596814942851505	-5.4670562628796366	-0.0017214624633852158	-1	
3.7358284870902838	-5.745559242582484	-0.0013457085780712041	-1	
4.2060937500000009	-5.2177044881823091	-0.0014391067274419709	-1	
3.8945312500000004	-5.2760591633479619	-0.0013265083655503724	-1	
4.4712648991640185	-5.2544101236803842	-0.0015637013822520907	-1	
12.631839624846565	5.6816648090450688	-0.00099981148413861047	-1	
7.8961025361534904	6.1846557084571616	-0.0013917142661212878	-1	
9.9173018549704359	6.4792754967934068	-0.0011791326363205391	-1	
12.026925531213438	7.0120451277595164	-0.0010200231995403208	-1	
5.6899194326876765	3.8444637623358133	-0.0012906666182438977	-1	
6.226514133567858	4.3201217176809052	-0.0013750516611734976	-1	
6.8017675215957718	5.6544465796279946	-0.0015137488763572299	-1	
6.2186399667215895	5.1542622671369394	-0.0015344922580629384	-1	
4.7178978129476095	3.2301263652486258	-0.0010904404275155224	-1	
2.8122734058272219	1.4639332483540042	-0.00061378268032526769	-1	
3.6373505818121235	2.8320809564515739	-0.00086145288321693629	-1	
4.5413114748713941	-4.1161536024278833	-0.0012319629989240848	-1	
4.6202349083677232	-4.418168827155224	-0.0013289742377220902	-1	
4.2423665840863336	-4.2060093568093562	-0.0011897345093885353	-1	
3.7347910195893808	-4.2259279474587874	-0.0010681926534737408	-1	
2.6689172162612511	-3.5953696793482468	-0.00071184066361915425	-1	
1.5852261777113503	-3.1610717478455075	-0.00040780575225942903	-1	
3.2437967661217462	-4.1898215533481045	-0.00092959365214081828	-1	
0.84751919785619201	1.5212617926051286	-0.00019374526388963255	-1	
-0.0086862760518884308	-0.015814870515357793	1.989687348238464e-006	-1	
-0.087033704712636495	-3.0758997106751185	1.9526863771136708e-005	-1	
-0.84751919785619201	-1.5212617926051286	0.00019375155887349033	-1	
5.2629404303063492	-4.8249377011691816	-0.0015613526713371428	-1	
5.1341910811623679	-4.7650658236767152	-0.001535888886919592	-1	
4.9744141030410525	-4.6808365319947729	-0.0014860481703686712	-1	
5.0320796388522204	-4.7785657570400506	-0.0015363728704921079	-1	
4.8022133554001085	-4.6491952855760905	-0.0014437046294114922	-1	
16.596021756621806	5.8323292755029694	-0.00082892406196570197	-1	
14.885847354292236	6.3700069489066724	-0.00088700367741278215	-1	
18.308719072474911	6.3619155962568996	-0.00076613638645945195	-1	
21.355682606564372	5.9191717454037178	-0.00068753978304808853	-1	
20.26157943414055	6.8643089931009325	-0.00070526629965423271	-1	
36.005876369576768	-0.55052863369672056	-0.00045520958592406121	-1	
34.528412462334828	0.27320232629652241	-0.0004731281628168607	-1	
38.351652630686765	-1.6877072209654487	-0.00042869421181329956	-1	
37.461910597663724	-0.53504309383314719	-0.00043877952025912342	-1	
31.582180820576625	2.8259828678017094	-0.00051003169589950901	-1	
33.919866061061683	1.8515253506332732	-0.00047964383656607371	-1	
33.04773908947594	3.1782125951220821	-0.00048906252839963824	-1	
39.991534811780951	-3.0414248366879431	-0.00041084297907964865	-1	
27.574708669606984	6.0017498593931418	-0.00056028106416996907	-1	
29.084614553364929	5.7790058833264917	-0.00053682162215375423	-1	
30.104996754981912	4.6439945092406933	-0.00052629466733435093	-1	
31.459742816551266	4.2356306495009264	-0.00050791300741961942	-1	
-5.1290507274657919	-9.9865975850570177	0.0015707911713788722	-1	
-5.0643892991273249	-10.013660850771746	0.0015615192910505265	-1	
-5.0136608507717462	-10.064389299127324	0.0015253753396285779	-1	
-4.9721295178261942	-10.060458862994523	0.0015221988778122276	-1	
-4.9265820312500006	-10.039153530665343	0.0015255259568534593	-1	
-4.907109375000001	-10	0.0015451703133881913	-1	
-4.8681640625000009	-9.955978052478704	0.0015580802317157066	-1	
-4.7809241245606131	-9.8073286839751912	0.0015980766890762066	-1	
-4.8401002014094843	-9.8979669372967134	0.0015796554553271502	-1	
-3.3190119484315432	-5.9478633147024489	0.0011924618957563117	-1	
-4.2872909655472986	-6.3170165720659561	0.0016939419544865113	-1	
-3.9046393243558439	-5.7987975113813555	0.0014313222625715381	-1	
-2.8040625000000006	-5.5887681774130922	0.00095436180210549393	-1	
-1.8693750000000002	-5.7065632584128556	0.00062726261820179158	-1	
-4.6636329845660809	-7.112103108151123	0.0019757042091416636	-1	
-4.6682210409301028	-6.4451517420983855	0.0019259172204050038	-1	
-5	-7.5	0.0021904923782818699	-1	
-0.95841164732182238	-5.5847740089324791	0.00031500979976819518	-1	
-0.62312500000000004	-5	0.00019465151687662375	-1	
-4.815330427526419	-9.2096936242805718	0.0018385125790484646	-1	
-4.7096145494158703	-8.8978125000000006	0.0018546113478060278	-1	
-4.8797158061429107	-9.44140625	0.001804170137400047	-1	
-4.792139788921947	-9.6920846127270863	0.0016566501516059617	-1	
-4.8690081580866833	-9.5841792401942811	0.0017442979634552827	-1	
-5	-8.1212499999999999	0.0021559808348003136	-1	
-5	-8.7424999999999997	0.0020668168665919752	-1	
-6.1590937847896354	-8.0962824791780754	0.0017468399944864494	-1	
-5.8056895204091026	-6.2739246042887018	0.0018227682922108586	-1	
-5.5869846025165719	-7.1893750000000001	0.0019592135235074991	-1	
-6.0454776081697625	-5.789530474173576	0.0016846281304783454	-1	
-5.5702287192921052	-7.8296277422175091	0.0019537348344635789	-1	
-6.2186399667215762	-5.1542622671367626	0.0015344980839799389	-1	
-6.2265141335677354	-4.3201217176806761	0.0013750574854807414	-1	
-6.7209690973586182	-3.2218238982671243	0.0012200933202478979	-1	
-12.227160884821908	-2.1480004646984319	0.0010155714247739331	-1	
-9.839878743562366	-1.0263783512909361	0.0010798885252204298	-1	
-7.0160110227684092	-1.3639976400164517	0.0010889980582729484	-1	
-8.10839038245844	-0.092075300292341344	0.0010824132414454584	-1	
-5.7886620594007709	-8.2492392824264051	0.0018460985065679651	-1	
-5.3522778669580484	-8.4318749999999998	0.0019761832464653497	-1	
-5.1067802818395487	-9.9224288175032616	0.0016156682323759848	-1	
-5	-9.5190625000000004	0.0018510052386315713	-1	
-5	-9.6743749999999995	0.0017860553000609999	-1	
-5.0436612442123439	-9.8685156249999988	0.0016673735637365336	-1	
-5	-9.8296874999999986	0.0017083229494960653	-1	
-5	-9.3637499999999996	0.0019062746529077224	-1	
-5	-9.0531249999999996	0.0019962055140758423	-1	
2.4925000000000002	-5	-0.00079019472045470602	-1	
3.4271875000000005	-5.3577994813328971	-0.0011600760688409305	-1	
3.1156250000000005	-5	-0.00099823226042796732	-1	
1.8693750000000002	-4.2934411253601477	-0.00054565744552143697	-1	
0.62312500000000004	-3.8224054640488725	-0.00017350953685486066	-1	
-0.31156250000000002	-4.0814756878076528	9.0925479872638372e-005	-1	
46.787233445427646	-9.9228087709288584	-0.00034217674100860108	-1	
46.620390584969869	-9.0497687546051164	-0.00034551961900750695	-1	
47.446748366475063	-10.518690872610145	-0.00033637888425655911	-1	
46.502167677820907	-8.2026490747279848	-0.00034834597686601046	-1	
45.559327390223054	-7.1185872951463658	-0.00035737632616793138	-1	
42.184976590331118	-2.6618694465753672	-0.00039133712804149777	-1	
44.103922447283409	-3.7395054025067247	-0.00037416465154066546	-1	
45.451762890365636	-4.993211513203712	-0.00036205867966266063	-1	
46.204247014935	-6.0991743139554799	-0.00035471490542464033	-1	
48.562117607241078	-25.820935953224051	0	-1	
48.791676799097743	-23.797290825692823	-0.00014171897815228032	-1	
49.005358830360336	-24.969477485675132	0	-1	
49.433672546454289	-24.110413073399314	0	-1	
48.063084796916051	-13.781867790849986	-0.00032295632199608697	-1	
47.81523779815187	-14.618585236136864	-0.00032152907729823805	-1	
48.296291314453519	-12.940952255126064	-0.00032429586015416057	-1	
48.514786313799938	-12.096094779983408	-0.00032554447818603839	-1	
48.718503239261871	-11.247552717193271	-0.00032670196216961876	-1	
48.998258083836745	-17.833907473409923	-0.00024939441968142438	-1	
49.302040013393039	-16.976053768123222	-0.00025080965940352089	-1	
48.23215189782578	-15.671576143300934	-0.00030832934313237596	-1	
48.911477980893707	-15.892302567854477	-0.00030779463401972215	-1	
49.59080406396167	-16.113028992408026	-0.00025215275758631688	-1	
49.008289455673157	-19.800634223412537	-0.00024620948949584907	-1	
49.346393971995063	-18.942305904537346	-0.00024776800214630558	-1	
48.939935230853706	-21.789463021917896	-0.00014401208754195755	-1	
49.31276000638082	-20.932024740496836	-0.0001450797202011479	-1	
49.199565581989674	-22.942134208780875	-0.00014287291184856033	-1	
49.592467700598441	-22.079989195543483	-0.00014398373113229111	-1	
-35.725287623605766	-36.9946183031308	0.00023187085655756385	-1	
-35.561343060401846	-38.134871584428303	0.00018464730175747488	-1	
-36.22147217393357	-37.50843244622979	0.00018791909336664418	-1	
-35.368332050396958	-39.280512203805301	0.00018120717051520757	-1	
-36.048484746160803	-38.657267085584898	0.0001845394492938151	-1	
-37.090080582115242	-34.587059688884032	0.00024363008289088564	-1	
-37.688059006353733	-33.934480751056554	0.00024724196260434935	-1	
-38.274557282726462	-33.27156504166161	0.00025077138476535413	-1	
-38.302222155949039	-32.139380484327084	0.00026436737276667397	-1	
-38.849396758176916	-32.598514491246085	0.00025421562177869078	-1	
-36.365491603879775	-36.365491603879754	0.00023572491961399396	-1	
-36.994618303130821	-35.725287623605738	0.00023949661187024163	-1	
-38.540313892563873	-30.656349909797385	0.00027377349199850666	-1	
-38.857298072848685	-31.466019552491986	0.00026784831576382611	-1	
-38.958958528321624	-29.894260302334263	0.00027793368561040738	-1	
-39.066424435027322	-28.907633422462002	0.00028420304548025689	-1	
-39.200534448856786	-27.961469480227311	0.00029012525338280504	-1	
-38.928706539538446	-26.379480923838557	0.00030168211492221774	-1	
-36.361203401564779	-23.653640908430067	0.00033071640705119001	-1	
-38.970432815767751	-24.89033445688867	0.00031165647563861839	-1	
-35.12692416690215	-22.203107212633597	0.0003478094673567376	-1	
-28.165640977414224	-10.281071765920716	0.00051780468973246468	-1	
-29.859519852675742	-11.020658223774104	0.00048914330843029415	-1	
-34.282976916848988	-16.418221553169484	0.00040042430338139875	-1	
-34.572403888335025	-14.954473548447819	0.00040957352891770178	-1	
-33.694282195852026	-13.748145033348788	0.00042643492825685664	-1	
-31.704102159324243	-11.961707949979596	0.00046009279799548273	-1	
-33.346504953473897	-12.133787764781314	0.0004415808912629538	-1	
-35.8529455186519	-20.442315848342012	0.00035825533531145046	-1	
-36.600775190704681	-19.166771644026358	0.00036367714695492319	-1	
-36.572002753613276	-17.688450169370171	0.0003747163717270628	-1	
-24.714169238751122	-8.0746490253232128	0.0005944899639868963	-1	
-26.07667637624532	-9.0248711639744403	0.00056137547521964025	-1	
-24.446525088109009	-6.2055046004797916	0.00061631931511337045	-1	
-22.772214015097408	-5.7784568904080622	0.00065554587475699958	-1	
-18.192324880480125	-3.4366244738106744	0.00079636655065325472	-1	
-17.084019942668778	-2.3393946636670648	0.00083755655434677751	-1	
-19.912714769784991	-3.0844112408807134	0.00074710038689643535	-1	
-21.371028071585616	-3.5943023849482123	0.00070480945316462966	-1	
-14.819555602931658	-0.95582551217384182	0.00091869990568341632	-1	
-33.713592377669983	-41.632819363766437	9.9902833928311259e-005	-1	
-34.435050518921869	-41.038095167088237	0.00010201291223836549	-1	
-35.146019410205867	-40.430870369077198	0.0001040905885646961	-1	
-35.846282483510379	-39.811329936289106	0.00010613527279222102	-1	
-31.908342267305869	-43.918065408925905	9.3365401451428982e-005	-1	
-32.669958399682805	-43.354499116853233	9.5568582178615555e-005	-1	
-33.421622946250203	-42.777726624365094	9.7741219137932286e-005	-1	
-32.328188876086188	-44.495934690622335	0	-1	
22.800955295696294	5.958325582277185	-0.00065318360577770133	-1	
25.260817292711277	6.6332767718109249	-0.00059689154843013432	-1	
5.1290507274657875	-5.013402414942985	-0.0016674159529919705	-1	
5.1401179388912119	-4.896181453330688	-0.0016004242919544808	-1	
5.1067802818395407	-5.0775711824967322	-0.0017094213878978358	-1	
5.043661244212343	-5.1314843749999994	-0.0017582468554311634	-1	
5	-5.1703124999999988	-0.0017971501973961771	-1	
4.8690081580867233	-5.4158207598056984	-0.0018219251052492601	-1	
4.8670901095797658	-5.283349492394942	-0.0017690020825164088	-1	
4.9157842343809044	-5.2213018013201324	-0.0017696794385511135	-1	
4.6782183844447722	-5.2608345331560855	-0.0016609897084213247	-1	
4.7921397889219604	-5.3079153872729234	-0.0017376364147153674	-1	
4.0503125000000004	-5	-0.0013235515808457245	-1	
4.3618750000000004	-5	-0.0014366497294431074	-1	
3.7387500000000005	-5	-0.0012129175119341162	-1	
4.5176562499999999	-5	-0.0014949866801125733	-1	
4.6451946417105514	-5.1420737414853921	-0.0015994409167767178	-1	
13.326091516100202	7.6813735948158222	-0.0009340881474786349	-1	
8.0868398877593499	7.385617867346113	-0.0013771991280903363	-1	
6.7023449736036351	6.4162452726345149	-0.0016043270508362818	-1	
6.8927404667404844	7.4863333024972576	-0.0015888438569719055	-1	
10.851679202451757	7.8807389287221641	-0.0010770212556676492	-1	
9.313416232649578	8.5669661609529584	-0.0011853960536592147	-1	
12.402768993356537	9.5861823609107972	-0.00092435540159355309	-1	
5.0033696351919232	4.0514268968653848	-0.0012856949618556617	-1	
5.4705129507932089	4.5271387649530599	-0.0014508508684812238	-1	
5.7221454014278406	4.9201267412077261	-0.0015473758201963322	-1	
6.0454776081696622	5.7895304741736435	-0.0016846222391552975	-1	
5.677059966577823	5.243802209691399	-0.0016481063569634439	-1	
4.4859927392259955	4.0681292061218732	-0.0012098494714360727	-1	
3.7493714116022723	3.9781498024953463	-0.0010316167348926311	-1	
2.5032073720246588	3.0314340248301779	-0.00062749720217479814	-1	
4.4326902086539741	-4.5953331671319466	-0.0013369968856946639	-1	
4.1388786899769583	-4.5298551286771946	-0.0012392944655474677	-1	
3.4271875000000005	-4.6467097971906339	-0.001050127549151287	-1	
3.8945312500000004	-4.7056587424167393	-0.0012061890221181702	-1	
2.8040625000000001	-4.4112099085800009	-0.00082982513935338622	-1	
0.087033704712636495	3.0758997106751185	-1.9520583407374585e-005	-1	
1.1053830009755383	3.2326190027233483	-0.00028998683736359735	-1	
-1.5104429847589846	0.82960685488891628	0.00033284644394076721	-1	
-1.1053830009755383	-3.2326190027233483	0.00028999307568669129	-1	
-2.8122734058267045	-1.4639332483535674	0.00061378895886027036	-1	
-2.745370262309859	0.014326396163189425	0.00057537066209948577	-1	
-2.5032073720246588	-3.0314340248301779	0.00062750340693374187	-1	
5.064547869223162	-4.8763144596813266	-0.0015895412862707143	-1	
4.9188471882826335	-4.7797740548694145	-0.0015224336796375788	-1	
4.9865924425439987	-4.8709773895518209	-0.0015798210685147775	-1	
4.5955468750000001	-4.7954279546121983	-0.0014469065437195008	-1	
4.7784739195459354	-4.9156542728238479	-0.0015511462628901905	-1	
16.941838350497068	7.7481977403039579	-0.00078848730467308053	-1	
15.355118269957652	8.8762316391879281	-0.00082093817978395195	-1	
18.621282023214988	8.0371206237851762	-0.00073325327025336473	-1	
22.027812393770251	7.8030805864180852	-0.00065145963696379807	-1	
19.834734594476455	9.2335905731488452	-0.00068205408382114748	-1	
36.689101312138689	0.69907249374847358	-0.00044725118421787264	-1	
36.22876807114649	2.0468085981430462	-0.00045152415944372512	-1	
39.79359296350313	-0.9242134689478243	-0.00041465624395525065	-1	
38.072138125278947	1.0389378690809399	-0.00043209538900387004	-1	
39.690281158335864	0.70411122339261978	-0.00041573651933751737	-1	
34.549338309162714	3.3090812460030761	-0.00046954756450693247	-1	
33.595798018770722	4.5823344667441992	-0.00047801640665800463	-1	
41.166478926777792	-1.5491846793185784	-0.00040134048379817505	-1	
27.288078684844635	8.5131089435883212	-0.0005465896753709137	-1	
25.666366861720551	8.2426777819922918	-0.00057590776532255117	-1	
29.247447937022084	7.2965420265031939	-0.00052543804061676227	-1	
31.247112030064503	6.6066964439567721	-0.00050105272385287183	-1	
32.240731935747128	5.4155263775112061	-0.00049286834251152927	-1	
-5.0604667684792908	-9.9721144488063729	0.0015930331418190112	-1	
-5.0191748514696144	-10.019174851469614	0.0015607561738406317	-1	
-5.0240535968859632	-9.9924999999999997	0.0015841725983256167	-1	
-4.9924999999999997	-10.024053596885963	0.0015546007182739227	-1	
-4.9655273437500007	-10.019267708095732	0.0015518088204627015	-1	
-4.9460546875000002	-10	0.0015598817631675133	-1	
-4.9265820312500006	-9.9624595767141297	0.0015796566828433737	-1	
-4.9042744875073749	-9.9038432276054067	0.0016073738576862263	-1	
-4.8484108231536247	-9.7932802538950821	0.0016393002641615798	-1	
-4.8988705102622365	-9.8402444195067567	0.0016412472041028626	-1	
-3.4271875000000005	-5.3533230829312055	0.0011594481877823741	-1	
-4.3427256862789525	-5.9189545971577866	0.0016627448990483651	-1	
-4.5824165193194579	-6.0442029880180481	0.0018163534302660417	-1	
-3.8945312500000004	-5.294177401142937	0.0013301842053546507	-1	
-4.3333820730558728	-5.6486740914814169	0.0016017184084160419	-1	
-3.1156250000000005	-5	0.00099893623193347608	-1	
-2.4925000000000002	-5	0.00079168801678090872	-1	
-1.2462500000000001	-5	0.00039094965411117747	-1	
-5	-6.8787500000000001	0.00217479449143301	-1	
-4.8345519840403481	-6.1021875000000003	0.0019768610794656284	-1	
-5	-6.2575000000000003	0.0021087540924673983	-1	
-0.93468750000000012	-4.3822153255811065	0.00027757081184575695	-1	
-4.867090109579765	-9.7166505076050473	0.0016861926438259977	-1	
-5.3522778669580493	-6.5681250000000002	0.0020052444608373407	-1	
-5.2932030646539925	-6.1021875000000003	0.0019633897993980012	-1	
-5.4185460495254212	-5.5882651814210202	0.0018095020557734739	-1	
-5.6770599665778505	-5.2438022096912889	0.0016481122674580067	-1	
-5.7221454014278228	-4.9201267412076284	0.001547381719612409	-1	
-5.6899194326874829	-3.8444637623358724	0.0012906725552465064	-1	
-5.4705129507930979	-4.5271387649529986	0.0014508568049319995	-1	
-5.7173565791829324	-2.7249035073529506	0.0011263415121142363	-1	
-12.008995381002162	-0.46333923742299898	0.0010165651521579402	-1	
-10.706695904347102	0.093992284900991208	0.0010534399231375844	-1	
-9.4909936774593255	0.90992052708345295	0.0010808625898317695	-1	
-5.7088156960458143	-0.6643114215805408	0.0009889553330849868	-1	
-6.5595746026718205	0.54999072750388556	0.0010396456712714716	-1	
-7.9177776023936275	1.5736815462618083	0.0011123513741609159	-1	
-5.0389948609875868	-9.9267578125	0.001631722022863955	-1	
-4.9157842343809044	-9.778698198679864	0.0016838548788722988	-1	
-5	-9.907343749999999	0.0016600911833286845	-1	
-4.9560959443068446	-9.8685156249999988	0.0016579091522968142	-1	
47.474159593010157	-9.3587450529361682	-0.00033920697986031462	-1	
47.285211118182474	-8.5467876780793137	-0.00034234031716142918	-1	
48.257362738281259	-9.8180714132268658	-0.00033316632397051396	-1	
48.907380036690391	-10.395584540887986	-0.00032778597368264876	-1	
46.951211128236565	-7.474673534308744	-0.00034687434097912249	-1	
42.760156635298777	-0.81472511044359985	-0.00038756169276371973	-1	
44.219128895513776	-1.8217046682428479	-0.00037507813073522239	-1	
45.939441192753002	-3.6004953056187148	-0.00036020055389553244	-1	
46.777522810228675	-4.8150354506689776	-0.00035268346482465941	-1	
47.364159975635438	-6.430423573816185	-0.00034606833947151361	-1	
47.277149157661619	-5.5478077020793624	-0.00034812744009980198	-1	
49.846928287015864	-23.244004395738525	0	-1	
48.498312623839794	-14.827422168081675	-0.0003098028926494888	-1	
48.749700294014886	-13.978751616433556	-0.00031119206905888503	-1	
48.986238333231462	-13.125823001627863	-0.0003124965806272873	-1	
49.207854689711397	-12.268896133983171	-0.00031371627150796663	-1	
49.414481856965651	-11.408232041724601	-0.00031485131045340474	-1	
49.669467098683846	-18.078207575785392	-0.00024925461239123318	-1	
49.977410424535442	-17.208602449878324	-0.00025066921255837435	-1	
49.181387449527634	-15.036259100026497	-0.00030926660229569562	-1	
49.864462275215516	-15.245096031971325	-0.000253423631756567	-1	
50.270130147029668	-16.333755416961548	-0.00025201170710239081	-1	
49.670563637506554	-20.068210361566738	-0.00014610371745634419	-1	
50.013237133778752	-19.198283011355393	-0.00014708384059707453	-1	
49.97026347313259	-21.211118403703477	-0.00014505117367387784	-1	
50.33283781934	-20.335786499720985	-0.00014607498900931967	-1	
50.245000170343168	-22.370515369169066	0	-1	
50.627766939884332	-21.490212066910111	0	-1	
-36.870567876155832	-36.87056787615581	0.0001911279098264588	-1	
-36.717656724261452	-38.022246589328873	0.00018780951510517639	-1	
-37.375644148431967	-37.375644148431959	0.00019101664886015272	-1	
-36.535626431919681	-39.179662586741401	0.00010814638837057309	-1	
-37.213841274589264	-38.536060732427863	0.00011012337235692888	-1	
-37.612476083271815	-35.074201374642939	0.0002431857102762215	-1	
-38.218876738837615	-34.412431184170003	0.00024679216101561292	-1	
-38.813635554314189	-33.740178633797662	0.00025031583126250407	-1	
-39.412402331032268	-31.915534117527628	0.00025757588977277869	-1	
-39.396571360404785	-33.057648498165022	0.00025375507849333546	-1	
-37.508432446229811	-36.221472173933542	0.00019427306517537198	-1	
-39.400537680336242	-30.783073766283024	0.00027121758706649728	-1	
-39.963402504341076	-31.222831962944255	0.00026085044009967629	-1	
-39.931775502364786	-30.090751157602522	0.0002744886394046529	-1	
-39.97852042226701	-28.516401481981923	0.00028443549771855684	-1	
-40.450849718747513	-29.389262614623757	0.00027770610502171871	-1	
-40.05148808210528	-27.526625122490408	0.00029055634156794404	-1	
-39.782459450553986	-26.139298438176777	0.00030045134242262029	-1	
-38.228980267939235	-22.965029935781647	0.00032795360493706601	-1	
-36.979608868044529	-21.761459581695405	0.00034238452995850866	-1	
-40.588364154932272	-24.141186368301693	0.00031029881857293527	-1	
-40.416448150619154	-25.519104929926435	0.00030225203847293559	-1	
-40.27702278794068	-22.715888979809577	0.0003206582727206948	-1	
-28.556216984435903	-8.7939807547685991	0.00052489255438063374	-1	
-30.996583262309169	-9.2900094218316234	0.00048818515761529655	-1	
-36.019824426356401	-15.316826938474932	0.00039547487368983873	-1	
-35.073173890798856	-13.667179018602527	0.00041460880222295897	-1	
-35.080768293613843	-12.285933158162349	0.00042375396069565131	-1	
-32.717333991766523	-9.4867260744184811	0.00046625713330923657	-1	
-34.021339342617466	-10.626572800643155	0.00044466915282285487	-1	
-37.682081097889416	-20.175255541098203	0.00035027144559102662	-1	
-37.804263244193201	-18.403907529944238	0.00036186030947699653	-1	
-37.822064300702614	-16.954333912423657	0.00037133362618331489	-1	
-26.483119921997904	-7.4142341916490162	0.00056882151604526962	-1	
-24.049577220934779	-4.5238031684079143	0.0006361944389118914	-1	
-25.58717404261742	-4.9075803814031707	0.00060274470424355703	-1	
-22.86070509987189	-3.1849992987110198	0.00067049912738317342	-1	
-18.716808911674889	-1.7984856165884988	0.00078726960986719933	-1	
-17.425968360750812	-0.66168612388562709	0.00082978693781764678	-1	
-21.776635327231901	-2.1550033885080624	0.00070085680440925202	-1	
-20.564764766511523	-1.2789505413317008	0.00073495907361317489	-1	
-13.424649371451451	0.52198060316670403	0.0009683095222790659	-1	
-15.35165048261975	0.94365209104942538	0.00089990684741551386	-1	
-34.163106942705646	-42.187923621950034	9.9882682038806485e-005	-1	
-34.894184525840892	-41.585269769316128	0.00010199235392546548	-1	
-35.614633002342011	-40.969948640664938	0.00010406963126601812	-1	
-36.32423291662392	-40.342147668773002	0.00010611392402791741	-1	
-33.099826273362829	-43.924953052601325	0	-1	
-33.861381142911384	-43.340591448369928	0	-1	
-34.612621507741238	-42.743027880133603	0	-1	
23.720230400669291	7.4279876795704443	-0.00062040277091239342	-1	
5.060466768479289	-5.0278855511936271	-0.0016882990545757145	-1	
5.0643892991273241	-4.9863391492282547	-0.0016585177238585759	-1	
5.038994860987585	-5.0732421874999982	-0.0017249073211912374	-1	
5	-5.0926562499999992	-0.001752058698316507	-1	
4.9560959443068455	-5.1314843749999994	-0.0017477967826807486	-1	
4.8484108231536229	-5.2067197461049135	-0.0017249210258590524	-1	
4.8988705102622383	-5.1597555804932416	-0.0017293337584745228	-1	
4.7809241245606069	-5.1926713160248159	-0.0016834497632061236	-1	
4.2060937500000009	-4.8232741426031414	-0.0013335753431221581	-1	
4.4397656249999997	-4.853228797637076	-0.0014180379084702635	-1	
4.6734375000000004	-5	-0.0015517768673230627	-1	
4.7780989942625185	-5.0844626302588374	-0.0016322703225508284	-1	
13.989626255095189	9.6914836829813549	-0.00084923620814014787	-1	
7.1615934126285019	8.1471531497941516	-0.0015025918355597309	-1	
7.7283957277419502	9.015672080136877	-0.0013398971384239251	-1	
6.3697379490495143	7.0274064836199539	-0.0017125683387175332	-1	
5.8056895204090306	6.2739246042887107	-0.0018227623329664924	-1	
6.5330079301056818	8.017790615999111	-0.0016519347287213748	-1	
6.2947030985774717	7.7191544361363116	-0.0017296392700873514	-1	
10.699194932628592	9.5582100390475411	-0.0010217607885050113	-1	
8.2643062478776841	9.8370036575412421	-0.0011936904940090792	-1	
9.2816200179642241	10.503423450129834	-0.0010499828469977351	-1	
11.523830877574298	11.225755209677381	-0.00088648042119394358	-1	
13.329468218892725	11.138340864875897	-0.00082099063703675642	-1	
4.7468780719380197	4.5152272521806482	-0.0013813969231086241	-1	
5.0559335453641578	4.5788126446424755	-0.0014500146258445124	-1	
5.3977431401972185	4.8507885285698205	-0.0015593063292653727	-1	
5.2266921875467149	4.7520744229383123	-0.0015275539471615971	-1	
5.4158233098439412	5.0474507021539106	-0.0016313500865296131	-1	
5.4185460495254212	5.5882651814210202	-0.0018094961031464734	-1	
5.3503031337410354	5.2491386437266012	-0.0017206988308172307	-1	
4.4100050417629211	4.5801679638815749	-0.0013225085942832331	-1	
3.4271875000000005	4.6466591894838771	-0.0010502700767968051	-1	
3.8945312500000004	4.7059106799155792	-0.0012072708790182266	-1	
2.8040625000000001	4.4112436347400692	-0.00083301375710537976	-1	
1.8693750000000002	4.2934343781591062	-0.00054895787491833091	-1	
0.31156250000000002	4.0814756878076528	-9.0919243325653898e-005	-1	
-0.62312500000000004	3.8224054640488725	0.0001735158240788457	-1	
-1.5852261777115362	3.1610717478450168	0.00040781210890071919	-1	
0.93468750000000012	4.3822153255811065	-0.00027756460967826827	-1	
-3.0294691365034279	2.5998838454617039	0.00071340631574610589	-1	
-3.8357498141120754	1.0147263363025534	0.00077422908508953316	-1	
-1.8693750000000002	-4.2934343781591062	0.00054896404949628444	-1	
-3.6373505818122931	-2.8320809564511071	0.00086145905491344073	-1	
-4.4074653986380961	-1.3748097184900949	0.00087156700524422797	-1	
-2.8040625000000001	-4.4112436347400692	0.00083301989255465166	-1	
-3.7493714116022985	-3.9781498024951421	0.001031622840703341	-1	
5.0136608507717435	-4.9356107008726759	-0.0016238379155520191	-1	
4.9227514920262188	-4.8933179853298574	-0.0015805226221553173	-1	
4.9721295178261968	-4.9395411370054836	-0.001620005390379653	-1	
4.8681640625000009	-4.9562118586440747	-0.0016000651785923361	-1	
4.8292187500000008	-5	-0.0016099313759587843	-1	
17.209121419853584	9.8041412373388219	-0.00073907147446279598	-1	
15.979688530650701	11.473523959518145	-0.00072896955209513414	-1	
21.620399945138679	9.5748174880864898	-0.00063686083407195381	-1	
23.076439951017189	10.093928845473332	-0.00060114913432768985	-1	
18.629971029689273	10.977980731896606	-0.00067708395073184382	-1	
20.358724473616554	10.883714564480554	-0.00064136764464486028	-1	
37.653797071660428	2.4634766213549613	-0.00043526766308491595	-1	
36.255841413564063	4.1475426596326974	-0.00044760588484865074	-1	
41.165303700437775	-0.040740613139149451	-0.0004018680538597695	-1	
39.027944864700594	2.0933234679031392	-0.0004214784051593995	-1	
40.740379877193156	1.9799593486598115	-0.00040501898050630233	-1	
35.146408443976554	5.8565983946330951	-0.00045542665647902721	-1	
33.612068126537338	6.172978403369159	-0.00047234456120601246	-1	
27.887673335413172	9.7754562451700604	-0.00052640609067130585	-1	
28.707224728031491	8.6126099694730573	-0.00052407840917661976	-1	
26.25048939008084	9.7795197134493304	-0.00055108601796369249	-1	
24.389975642258463	9.278972964506762	-0.00058743348806731838	-1	
31.180097719186016	8.1564305264051686	-0.00049329992452039502	-1	
32.583412246997682	7.3943945932430433	-0.00047969080701759398	-1	
-5.0192494383489237	-9.9655859375000002	0.0016086986145792122	-1	
-5	-10	0.0015807556038878027	-1	
-5	-9.9849999999999994	0.001597953765302283	-1	
-4.9850000000000003	-10	0.0015752298039426879	-1	
-4.9684464031140365	-9.9684464031140383	0.0015952599980298093	-1	
-4.9626562028793417	-9.9267578125	0.0016236063679470312	-1	
-3.7387500000000005	-5	0.0012129623263590159	-1	
-4.5779600899828417	-5.7855243525697917	0.0017601696572779877	-1	
-4.7832710305717168	-5.8811325691511644	0.0019004880574512301	-1	
-4.2089070732964355	-5.184742567011094	0.0014302335313471487	-1	
-4.0503125000000004	-5	0.0013226110180627497	-1	
-4.6123964626676335	-5.6222663139630091	0.0017379390981635589	-1	
-4.5464921121732864	-5.3446285466771819	0.0016221761959084883	-1	
-3.4271875000000005	-4.6466591894838771	0.0010502761771673192	-1	
-5	-5.9468750000000004	0.0020512330636731019	-1	
-5.1765749413142785	-5.7915625000000004	0.0019422927797764899	-1	
-5.144539896756342	-5.5585937500000009	0.001892072831225119	-1	
-5.2099614345306078	-5.4081201732044475	0.0018189133186855768	-1	
-5.3503031337410816	-5.2491386437266012	0.0017207047815846136	-1	
-5.4158233098439439	-5.0474507021538635	0.0016313560264508665	-1	
-5.3977431401971883	-4.850788528569776	0.001559312270905512	-1	
-5.0033696351919206	-4.05142689686559	0.0012857009662478765	-1	
-4.7178978129476912	-3.2301263652491121	0.0010904465069895924	-1	
-5.0559335453641108	-4.5788126446425732	0.0014500206084463404	-1	
-5.2266921875466608	-4.7520744229383105	0.0015275599090012423	-1	
-11.774698825617028	1.0245685111344593	0.001025894654684628	-1	
-10.717713012417255	2.0976693147764465	0.0010693708272209285	-1	
-8.1726936650554709	3.2552510755586388	0.0011902681203930295	-1	
-5.1697165263516265	0.61856832509853177	0.00093713543163469442	-1	
-6.4968709041796879	2.5083913599651511	0.0011384047455266471	-1	
-5.3949232056019296	2.1256975258431039	0.0010408046466574088	-1	
-5	-9.9461718749999992	0.0016318207303686058	-1	
48.28439639831938	-8.948983913560129	-0.00033503492502267451	-1	
47.932229992072294	-8.0211044259640509	-0.00033926817554293988	-1	
49.081359172383308	-9.5404497688272585	-0.00032878283989596041	-1	
49.606056894357437	-10.544092891472099	-0.00031590229582289809	-1	
48.567297883216277	-7.2584313014680477	-0.00033666386986420157	-1	
42.323759594889644	0.90346158168986734	-0.00039133424056954954	-1	
43.818226190550064	0.89309632407770256	-0.0003787634535407083	-1	
46.114621139905218	-2.1352988861564297	-0.00036018510184219435	-1	
45.58574701444855	-0.4713020989857723	-0.00036482223237051936	-1	
47.365484200622085	-2.8177829932207801	-0.0003506678828641263	-1	
48.002637712359231	-3.7778895200464637	-0.00034535096490143801	-1	
48.374993449165714	-4.6579820757823249	-0.00034185671931133378	-1	
48.093495160037207	-5.8944499728595234	-0.00034208622258812829	-1	
49.43631579111365	-14.175635442017137	-0.00031065404370941857	-1	
49.676185352009341	-13.310693748129676	-0.00031195692041012567	-1	
49.900923065622784	-12.441697487982948	-0.00031317515924088221	-1	
50.110460474669352	-11.568911366255946	-0.00031430891135615852	-1	
50.304733752024404	-10.692601242056222	-0.0003153585024674496	-1	
50.340676113530897	-18.322507678160846	-0.00014801986253330232	-1	
50.652780835677774	-17.441151131633415	-0.00014891156767152475	-1	
50.122931288212435	-14.372519267600724	-0.00025462221010206208	-1	
50.547537100903433	-15.453932963916126	-0.00025328201280896457	-1	
50.949456230097603	-16.554481841515059	-0.00014975875179727444	-1	
50.680080295562497	-19.454260118173487	-0.00014705493841899139	-1	
51.011885128377997	-18.566807780536347	-0.00014799079480346688	-1	
50.995112001173425	-20.603362637875215	0	-1	
51.346923457346215	-19.710237224991566	0	-1	
-38.022246589328873	-36.717656724261445	0.00019416016521548951	-1	
-37.880720420708023	-37.880720420708023	0.00011206567544673301	-1	
-38.536060732427856	-37.213841274589257	0.00011397276198967909	-1	
-37.02276811767868	-39.702058087897996	0.00010812465573748304	-1	
-37.710025824917189	-39.049874875526939	0.00011010126352353876	-1	
-38.134871584428325	-35.561343060401818	0.00019735390974450563	-1	
-38.749694471321419	-34.890381617283431	0.00020036982742149644	-1	
-39.35271382590183	-34.208792225933699	0.0002033202325418416	-1	
-39.943745962632576	-33.516782505083938	0.00020620456686264998	-1	
-39.967506589215844	-32.365048682563206	0.00025711012893813991	-1	
-40.522610847399342	-32.814563247598763	0.00020902230623275091	-1	
-38.657267085584898	-36.048484746160788	0.00019723941407767315	-1	
-40.502229438112884	-30.520619031282596	0.00026403963730465012	-1	
-40.526267328345902	-31.662590159605415	0.00026037998901894057	-1	
-41.028719000443935	-29.809109223404135	0.0002671447597252278	-1	
-40.957602214449729	-28.6788218175524	0.00028080324474843684	-1	
-41.542710817513331	-29.088519272088906	0.0002701638555863622	-1	
-41.075037051803442	-27.186973950166749	0.0002896662608407617	-1	
-41.451878627752222	-27.959645173537435	0.00028384014551326934	-1	
-40.630634125987271	-26.398492148439647	0.00029600334567790533	-1	
-39.241701532326751	-21.16754696775833	0.0003354858581569363	-1	
-41.908559254999894	-23.710721999548081	0.00030767976226087036	-1	
-41.874084972739396	-24.665721070362835	0.00030218276582971872	-1	
-41.870338367086575	-25.658176351036293	0.00029631095092392065	-1	
-41.075324992136949	-21.494774864250349	0.00032456820861224392	-1	
-41.72718937069979	-22.556443143578619	0.00031528565003412993	-1	
-30.024391769716548	-7.8219235659916757	0.00051111262869148774	-1	
-28.339638354824757	-6.8720861442573327	0.00054209295253119529	-1	
-31.771377241239637	-8.0420920030439262	0.00048632758033652438	-1	
-36.499268180255875	-13.717109366328062	0.00040218927370466501	-1	
-38.281487281767376	-15.113000135371255	0.00037980688393444197	-1	
-37.091598358894302	-12.155665296480258	0.00040645090928273438	-1	
-35.988299293141331	-10.709849756343198	0.00042454081111848032	-1	
-34.244947699063985	-8.6705907451930528	0.00045353838914985532	-1	
-33.191595268775707	-7.6671462094120866	0.00047094848709594383	-1	
-35.056264782040621	-9.7418205917749141	0.00043906314917581803	-1	
-39.102191337012854	-18.991893768995322	0.0003503038885649529	-1	
-39.256030954910194	-16.741448532828727	0.00036327465165352798	-1	
-27.170608354935926	-4.8425825827067559	0.00057381490697382955	-1	
-24.712410808336237	-2.8605339908036203	0.00063036386982635167	-1	
-26.250514603000447	-3.4683207674996597	0.00059678861399658026	-1	
-23.513100044498056	-1.4128650167156986	0.00066039660825072816	-1	
-19.3002838146773	0.16532971481511013	0.00077243419305977011	-1	
-17.929521390414337	0.7345260521580228	0.00081349448406680194	-1	
-22.575514849323714	0.22634609811568285	0.00068442784700931179	-1	
-20.961467497731967	0.28675207349796117	0.00072564113985589495	-1	
-12.79869984194946	2.1291889267672728	0.0009931644106205592	-1	
-14.592474893415446	3.1845896731024004	0.00092381603012632108	-1	
-17.05693903420007	1.935181758778125	0.00083968455628140163	-1	
-35.353318532759843	-42.132444371543997	0	-1	
-36.083246594478084	-41.509026912252658	0	-1	
-36.80218334973739	-40.87296540125687	0	-1	
-37.509909803437608	-40.224453589054562	0	-1	
5.0192494383489228	-5.0344140624999989	-0.0017032421359134285	-1	
5.0240535968859623	-5.0075000000000003	-0.001679859819980429	-1	
5.0191748514696144	-4.9808251485303856	-0.0016574632935466337	-1	
5	-5.053828124999999	-0.0017253632757763459	-1	
4.9626562028793435	-5.0732421874999982	-0.0017159250849630478	-1	
4.904274487507382	-5.0961567723945915	-0.0016980744676429516	-1	
4.8401002014094878	-5.102033062703291	-0.0016693427409507928	-1	
4.8681640625000009	-5.0440219475212951	-0.0016504469347867162	-1	
14.562663099442307	12.032686635582937	-0.00074857518907538634	-1	
6.9382292710893623	8.7357771234717774	-0.0014962117915365029	-1	
6.570878734454638	8.3979728917967851	-0.0016111172108720397	-1	
6.91917918558386	9.234470626482981	-0.0014363323941334219	-1	
7.3253656867121171	9.6807425654110961	-0.0013142410140265938	-1	
5.5869846025165719	7.1893750000000001	-0.0019592074561266336	-1	
5.3522778669580493	6.5681250000000002	-0.0020052384422539838	-1	
5.2932030646539925	6.1021875000000003	-0.0019633838084081238	-1	
6.1590937847896354	8.0962824791780754	-0.0017468338159374939	-1	
5.5702287192921052	7.8296277422175091	-0.0019537286970806619	-1	
7.4029479381324359	10.242082376494022	-0.0012261923353808874	-1	
8.0658279385055671	10.533294276819186	-0.0011300721206663781	-1	
10.717713012402484	12.902330685234102	-0.00080513897014426229	-1	
8.172693665050458	11.744748924443909	-0.00098038148726022783	-1	
12.334337032608325	12.647539790837863	-0.00078117665319388122	-1	
13.809283320850554	13.356711892216779	-0.00071317467223870785	-1	
4.590701168403065	4.7893935568050727	-0.0014406646121675535	-1	
4.9188471882826406	4.7797740548693772	-0.0015179979117744956	-1	
5.0735566842667978	4.8214390708072372	-0.0015559654934503386	-1	
5.2361921196805383	4.9643850550276856	-0.00162246479069476	-1	
5.1401179388912208	4.8961814533306915	-0.0015957331721784685	-1	
5.2208148158131236	5.081199086824169	-0.0016804938640474323	-1	
5.1765749413142785	5.7915625000000004	-0.0019422867954946694	-1	
5.144539896756342	5.5585937500000009	-0.0018920668527970265	-1	
5.2099614345306078	5.4081201732044475	-0.0018189073503743955	-1	
5.0840943598786899	5.2209124353548839	-0.0017852233291425455	-1	
4.4397656249999997	4.8550147331955493	-0.0014157472693655663	-1	
4.2060937500000009	4.822894160087051	-0.0013304267708022933	-1	
3.7387500000000005	5	-0.0012129562494972398	-1	
3.1156250000000005	5	-0.00099893012573634026	-1	
4.0503125000000004	5	-0.0013226049599876801	-1	
2.4925000000000002	5	-0.00079168188683807403	-1	
1.2462500000000001	5	-0.00039094348529983779	-1	
0	5	-2.6560495664207112e-007	-1	
0.62312500000000004	5	-0.00019464532971207849	-1	
-1.8693750000000002	4.2934411253601477	0.00054566378541908334	-1	
-1.2462500000000001	5	0.00038904638015952445	-1	
-2.6689172162615962	3.5953696793485159	0.0007118470912747029	-1	
-4.0732798340184484	2.7772223929143061	0.00092824643336625269	-1	
-3.5393035603290959	3.5278162745435537	0.00091513485446658241	-1	
-4.4859927392261678	-4.0681292061220802	0.0012098555223566611	-1	
-3.8945312500000004	-4.7059106799155792	0.001207276951887534	-1	
-4.4100050417629202	-4.5801679638815784	0.0013225146350965627	-1	
4.9924999999999997	-4.9759464031140386	-0.0016511988877940726	-1	
4.9265820312500006	-4.9608464693346557	-0.0016219326760161885	-1	
4.9655273437500007	-4.9807322919042667	-0.0016479023673211385	-1	
4.907109375000001	-5	-0.0016398051154194986	-1	
17.679753651514918	12.557157639962755	-0.00065943871463684854	-1	
16.064527206582682	13.763609835519858	-0.00065460906831631669	-1	
21.992559704310494	11.196077978252436	-0.00060470954745673103	-1	
23.43591039011751	11.531472469233286	-0.0005748919272031823	-1	
24.944777139942929	11.639243211927553	-0.00054942205728742213	-1	
19.69442803498881	12.482521876771893	-0.00062283269141824018	-1	
21.102953045919826	13.045203709314894	-0.00058716888630957781	-1	
38.13646888669615	3.8675235624659776	-0.00042797280235924663	-1	
37.183387507056665	5.8073103035888778	-0.00043324045445057466	-1	
39.732699114964063	3.3296959687551531	-0.0004130149720956992	-1	
41.351729972367032	3.7943986102044818	-0.00039734063048471564	-1	
42.615039736320334	2.3693039072209352	-0.00038792532706199159	-1	
36.078224635809114	7.3007402996059243	-0.00043976828029376508	-1	
34.161251827022348	7.6401845179859507	-0.00045953381494032256	-1	
29.243295772610153	10.11504756215154	-0.00050492461275746176	-1	
27.294352291169144	11.040764347277321	-0.00052246848619276237	-1	
30.699706951347803	10.868737143134139	-0.00048042782305022147	-1	
32.326382114159152	10.661109060432441	-0.00046284547067672408	-1	
33.227064126167974	9.1404713325224272	-0.00046226713921500767	-1	
-4.7760508484575972	-5.6547669746505909	0.0018392912440308021	-1	
-5	-5.6362500000000004	0.0019734896261849825	-1	
-4.4397656249999997	-5.1196785080294349	0.0015035614741390237	-1	
-4.3618750000000004	-5	0.0014345540420225597	-1	
-4.2060937500000009	-4.822894160087051	0.0013304328214047685	-1	
-4.7422956662688973	-5.5175512346421334	0.0017789266190945366	-1	
-4.7444575962581004	-5.3177859066399362	0.0017120455675935385	-1	
-4.6941192805536227	-5.2100288461979165	0.0016451187531202045	-1	
-4.5813806663269991	-5.137983556977594	0.0015677103472345327	-1	
-5	-5.4809375000000005	0.001923788622730953	-1	
-5	-5.3256250000000005	0.0018648082856840195	-1	
-5.0840943598786899	-5.2209124353548839	0.0017852293069657204	-1	
-5.2208148158131369	-5.0811990868241557	0.0016804998263236606	-1	
-5.2361921196805303	-4.9643850550276722	0.0016224707508739724	-1	
-4.7468780719380419	-4.5152272521807397	0.001381402937464284	-1	
-5.073556684266781	-4.8214390708072568	0.0015559714713043406	-1	
-4.9188471882826317	-4.7797740548694092	0.0015180039057495884	-1	
-5.1401179388912093	-4.8961814533306862	0.0015957391429373721	-1	
-11.523830877565308	3.7742447903404899	0.0010573569678321861	-1	
-9.2816200179664197	4.4965765498796797	0.0011933209277258129	-1	
-8.0658279385070752	4.4667057231839014	0.0012744059647710807	-1	
-7.3962341424880629	4.1912816608377517	0.0012936462352806644	-1	
-6.6450337216476578	3.6654527587663566	0.0012611660391208003	-1	
-5.5806841460387622	3.2304336892527576	0.0011779674339829637	-1	
-4.9198863904348888	3.1402364072927074	0.0011008086192347707	-1	
49.240387650610522	-8.6824088833465343	-0.00032967438566571178	-1	
49.384417029756996	-7.8217232520115587	-0.00033048851004312306	-1	
49.782521446274544	-9.6767419083819313	-0.00031686865090212825	-1	
50.483683720165693	-9.8130340479366183	-0.00031632358672326109	-1	
48.824684268812071	-6.4278916279051446	-0.00033643902469200095	-1	
49.513403437078622	-6.958655048003286	-0.00033122231171285897	-1	
44.548001169232236	2.2286034559187331	-0.00037217632156720521	-1	
46.047975203947729	0.77506134186896558	-0.00036126359299988982	-1	
47.461268017506626	-1.6694822482957938	-0.00035068500516226324	-1	
46.840829282147659	-0.90930349986732106	-0.00035539771769968947	-1	
46.799389371799485	0.071052908652785851	-0.00035582075148934023	-1	
48.362659525259311	-1.56048123099861	-0.00034450863637794978	-1	
48.508085940299146	-2.9668816345935678	-0.0003426606277828183	-1	
48.955312959061033	-3.8528666880114564	-0.00033893182301145196	-1	
48.940753884477999	-5.5760945645691189	-0.00033697787885025187	-1	
49.726094768413773	-5.2264231633826839	-0.00033241192538868973	-1	
49.809734904587387	-4.3577871373829167	-0.00033288835092962834	-1	
50.366132370787227	-13.495564494631491	-0.00025574842688699969	-1	
50.593991441534207	-12.614498841982726	-0.00025680222286482071	-1	
50.806439092373083	-11.729590690787296	-0.00025778354567848729	-1	
51.0034106096914	-10.841109592640356	-0.00025869234911076529	-1	
51.184845994056872	-9.9493261874913106	-0.00025952859103100699	-1	
51.32815124682017	-17.673699813388549	-0.00014888234256021248	-1	
51.628782313165601	-16.775208266068617	-0.00014972937746436191	-1	
50.809546785311269	-14.569403093184283	-0.00025448005674013333	-1	
51.23061192659128	-15.662769895860915	-0.00015056122195789142	-1	
51.913686752279204	-15.871606827805751	-0.00015053170655137849	-1	
51.683094143225077	-18.811107882911831	0	-1	
52.003521657962544	-17.906248495143664	0	-1	
-39.179662586741394	-36.535626431919681	0.00011584410999297264	-1	
-38.385796692984201	-38.385796692984165	0.00011204319814760235	-1	
-39.049874875526967	-37.710025824917153	0.00011394992402023444	-1	
-38.206210375245043	-39.563689018625993	0	-1	
-38.890872965260307	-38.890872965260286	0	-1	
-39.280512203805294	-35.368332050396944	0.00020025377867263146	-1	
-39.891792097489549	-34.677405818069822	0.00020320267291828575	-1	
-40.490920564860438	-33.975916512002939	0.00020608553968960228	-1	
-41.077715105582918	-33.264077812634405	0.00020890185422201333	-1	
-41.089132152350651	-32.10234835626656	0.00021177295554116268	-1	
-41.651996976355477	-32.542106552927791	0.00021165112181042222	-1	
-39.811329936289091	-35.846282483510379	0.00011767921111236429	-1	
-41.072683373860976	-30.950486904962613	0.0002635648031505679	-1	
-41.643137309608996	-31.380354778642609	0.00021445605209240246	-1	
-41.606588282140343	-30.228955832184454	0.00026666517916222799	-1	
-42.044048322434428	-28.359068676016584	0.00027309809710317153	-1	
-42.12781942057692	-29.498216726625344	0.00026968011199093211	-1	
-41.533647165987382	-26.45985143232199	0.00029263643943218956	-1	
-41.933528397271338	-27.231951750751445	0.00028677144390197324	-1	
-42.532578802946674	-27.620979632905076	0.00027594592009989459	-1	
-40.871431892784166	-20.265753177131977	0.00033291362231403543	-1	
-42.740289529207203	-24.181292347489229	0.00030172956647853317	-1	
-42.709397662733842	-23.189310889105876	0.00030743402142290103	-1	
-43.301270189222066	-25.000000000000082	0.00029502981964214185	-1	
-42.858365035105749	-25.751903745502798	0.00029234816854153685	-1	
-42.402404807821434	-26.495963211660335	0.00028960571837338841	-1	
-42.319941388740347	-21.549517248898155	0.00031837965226729306	-1	
-43.055471423466635	-22.081854961291334	0.00031213614951452865	-1	
-29.741173548624754	-6.3552096828194538	0.00052375287704059504	-1	
-32.172408164509861	-6.6290181222854976	0.00048854638799694899	-1	
-28.585157495197201	-5.379219996330602	0.00054688542474814735	-1	
-38.147596761594535	-13.44882684410423	0.00039057148435547379	-1	
-40.124542503701775	-15.504563637449648	0.00036464727507773859	-1	
-39.751427546007875	-13.912643865920774	0.00037583695185874883	-1	
-37.805195936604271	-10.628991908447624	0.00040815555627335317	-1	
-39.27802580274912	-11.447970126736923	0.00039172272426041629	-1	
-36.838368546801192	-9.3576281544009614	0.00042318228249660334	-1	
-35.666097695874832	-8.5443763924311664	0.00043875581779960525	-1	
-34.545193182320233	-7.1340186756729214	0.00045727672344921953	-1	
-34.49026034724497	-5.5693514718638326	0.00046399471843750335	-1	
-41.078259824487667	-18.070979403436152	0.00034441356616885486	-1	
-41.452211969742358	-16.226706520641589	0.00035222937982130512	-1	
-28.308500350962358	-3.9758154864826101	0.0005575479525407696	-1	
-27.520069361993418	-2.8177170112778795	0.0005754674514307402	-1	
-26.274537968313119	-1.8146609091835497	0.00060118177502758627	-1	
-24.230826878454732	0.085398123446202456	0.00064591082097075576	-1	
-18.790309469328054	2.4190746799699587	0.00078293092632199593	-1	
-20.491523517744081	1.8320515236743158	0.00073550944953954022	-1	
-23.613534291403759	2.6264085826288377	0.00065492146063291998	-1	
-21.850884816067204	3.0217389251584672	0.00069574690958636002	-1	
-13.150081202911098	3.9578244784211511	0.00098210705466470947	-1	
-15.739315251979313	4.3638586014469247	0.00087444027898461447	-1	
-14.175792805369213	4.8750489498848708	0.00093272677819941511	-1	
-17.72420985977168	3.8689564155122373	0.00080834823402892099	-1	
5	-5.0149999999999988	-0.0016930739479618442	-1	
5	-5	-0.0016764838255936795	-1	
4.9684464031140383	-5.0315535968859608	-0.0016893404046230604	-1	
4.9265820312500006	-5.037540423285872	-0.0016729969966217848	-1	
6.4485242524190634	8.8319390202525412	-0.0015865227041979421	-1	
6.1468266285075046	8.4968632621810407	-0.0017103588174544912	-1	
6.4988717137676	9.2494903290339341	-0.0015111579353957938	-1	
6.7232656063976659	9.6404733407003214	-0.001402030922724073	-1	
6.8633681864677953	10.068949246112849	-0.0013071994360958508	-1	
5	6.8787500000000001	-0.0021747884340936499	-1	
5	7.5	-0.0021904862726790002	-1	
5	6.2575000000000003	-0.002108748073138884	-1	
5	5.9468750000000004	-0.0020512270593825376	-1	
5.7886620594007709	8.2492392824264051	-0.001846092318877322	-1	
5.3522778669580484	8.4318749999999998	-0.0019761770554711884	-1	
5	8.1212499999999999	-0.0021559746791057254	-1	
7.3962341424862421	10.808718339163249	-0.001138075335854583	-1	
10.896695625742106	14.346832797439674	-0.00071067747609041801	-1	
9.4356821652979352	13.794521693145549	-0.00076116121469786474	-1	
12.318327248384481	14.034447366365415	-0.00070840103051958089	-1	
7.9177776024110456	13.426318453761636	-0.00079666766639058066	-1	
6.4968709041867498	12.491608640042561	-0.00089725392446533847	-1	
6.6450337216475424	11.334547241232457	-0.0010836562169133457	-1	
14.775442164321317	14.455074867922104	-0.00065210421828577967	-1	
13.36552991592125	14.943917272052504	-0.0006509388866232594	-1	
4.7784739195459354	4.9156542728238479	-0.0015465093877882966	-1	
4.5176562499999999	5	-0.0014915494435605607	-1	
4.6734375000000004	5	-0.00154783353163779	-1	
4.986592442544004	4.8709773895518138	-0.0015749245560849063	-1	
4.9227514920262072	4.8933179853298441	-0.0015758348724488858	-1	
5.0786042040224348	4.9213957959775634	-0.0016119128028353501	-1	
5.129050727465791	5.0134024149429894	-0.0016626354626588071	-1	
5.1067802818395398	5.0775711824967367	-0.0017048969638499176	-1	
5	5.6362500000000004	-0.0019734836327134457	-1	
5	5.4809375000000005	-0.0019237826336740114	-1	
5	5.3256250000000005	-0.0018648022989632706	-1	
5.043661244212343	5.1314843749999994	-0.0017539441276052199	-1	
5	5.1703124999999988	-0.0017929884235449434	-1	
4.3618750000000004	5	-0.0014345480050600094	-1	
3.8945312500000004	5.294177401142937	-0.0013301781405815226	-1	
3.4271875000000005	5.3533230829312055	-0.001159442100952048	-1	
2.8040625000000006	5.5887681774130922	-0.00095435569554464916	-1	
4.2089070732964355	5.184742567011094	-0.0014302274849449406	-1	
1.8693750000000002	5.7065632584128556	-0.00062725649089146677	-1	
0.95841164732182238	5.5847740089324791	-0.00031500364745039804	-1	
0.25613886078450659	5.6579811863002272	-8.3897805142041918e-005	-1	
-0.67627960136150489	5.9592291233432704	0.0002264152570314755	-1	
-2.8040625000000001	4.4112099085800009	0.00082983155139916369	-1	
-2.4925000000000002	5	0.00079020106952645017	-1	
-1.8693750000000002	5.7071571622785129	0.00062683995697583659	-1	
-3.2437967661216542	4.1898215533483487	0.0009296001199673486	-1	
-4.2477487565669829	3.6817014866844056	0.0010876691156803614	-1	
-3.7347910195891276	4.2259279474585902	0.0010681991795330236	-1	
-4.4397656249999997	-4.8550147331955502	0.0014157533024439918	-1	
-4.5907011684030632	-4.7893935568050736	0.0014406706343891946	-1	
4.9850000000000003	-5	-0.0016707918442603149	-1	
4.9460546875000002	-5	-0.0016549882634126145	-1	
18.368090984348246	14.507528211798029	-0.00059655385551855779	-1	
16.135749309799756	15.443728658749402	-0.0005998137536964987	-1	
17.542329800587428	15.668101478135743	-0.00057579225727532332	-1	
22.590380693515019	12.748366137128384	-0.00056887320867524756	-1	
24.096947386809887	12.892973303995694	-0.00054481789900241294	-1	
25.638683689901018	13.022030342063339	-0.00052190997261414187	-1	
20.381392736162525	14.379334239088916	-0.00057052136943075795	-1	
22.096865035595759	14.150506500863461	-0.00055172473710608783	-1	
38.564206666360747	5.2817188518948122	-0.00042060356821189564	-1	
39.094311727493746	6.8170158750297061	-0.0004112150625711479	-1	
37.685485436743456	7.9094602473978224	-0.00042112419114391031	-1	
40.041462617826319	5.3066743854419425	-0.00040635225570865083	-1	
42.902929286480394	4.2518463580252011	-0.00038327497514606716	-1	
41.865343682729488	6.1296181391899678	-0.00038837596858247003	-1	
44.439225345044562	3.7466016900353329	-0.00037151860609408891	-1	
35.862668755938586	9.0058393934163465	-0.0004344722289403545	-1	
29.352747868173772	11.687556360742862	-0.00048954034708530842	-1	
27.176096619689094	13.195143110697956	-0.00050032548296520454	-1	
31.469661108295295	12.316615626375391	-0.00045971175578828896	-1	
34.352120589990911	10.503488258136272	-0.00044210874756386354	-1	
33.734352462272255	12.439159519005907	-0.00043573276134597176	-1	
-4.8795799868243757	-5.55859375	0.0018738767389450516	-1	
-4.5176562499999999	-5	0.0014915554687475587	-1	
-4.8576113689559346	-5.3544158646977262	0.0017888474052126155	-1	
-4.8086335066132735	-5.2176510843594057	0.0017047600679308444	-1	
-4.7150874530366362	-5.1331862635361691	0.0016225887391723925	-1	
-4.792672086663087	-5.1512159998751832	0.0016664958332611639	-1	
-4.6734375000000004	-5	0.0015478395449445475	-1	
-4.9157842343809044	-5.2213018013201324	0.0017656801903369833	-1	
-5	-5.1703124999999988	0.0017929944091665162	-1	
-5.043661244212343	-5.1314843749999994	0.0017539501080895479	-1	
-5.1067802818395451	-5.0775711824967384	0.0017049029379322211	-1	
-5.1290507274657893	-5.0134024149429841	0.0016626414348033254	-1	
-4.9865924425439978	-4.87097738955182	0.0015749305433027979	-1	
-5.0786042040224304	-4.9213957959775669	0.0016119187803692444	-1	
-4.9227514920262152	-4.8933179853298565	0.0015758408651208096	-1	
-4.7784739195459345	-4.915654272823847	0.0015465153926291313	-1	
-10.699194932615312	5.4417899609640861	0.0011169119106483601	-1	
-12.402768993331723	5.4138176391113628	0.0010151452143674891	-1	
-8.2643062478756626	5.1629963424633756	0.0013037223560392155	-1	
-9.3134162326397991	6.4330338390434472	0.0012354054760565631	-1	
-7.4029479381324252	4.757917623506863	0.0013534285548255675	-1	
-6.5373507443622065	4.4970981851479506	0.0013874534591100962	-1	
-6.8633681864678424	4.931050753887769	0.0014228757908397386	-1	
-5.724493803316955	3.8816694422313747	0.0012944790295242538	-1	
-6.0105134549400789	4.3665429288488147	0.0013918733617177266	-1	
-5.1749148180864868	3.7597166721430599	0.0012374176695680653	-1	
-4.7776377435901303	3.7948818227050087	0.0011977830239021084	-1	
49.943821759904999	-8.8064432959657672	-0.00031774979250980397	-1	
50.089908701610717	-7.9334621556117195	-0.00031854678060105955	-1	
50.647255869199391	-8.9304777085850162	-0.00031720386377160687	-1	
51.350689978493818	-9.0545121212042705	-0.00026029223531530475	-1	
49.627307582066216	-6.0934671702573855	-0.00033186629684542644	-1	
50.220737771894086	-7.0580644058318995	-0.00031925980557522021	-1	
46.043784298560347	2.5092877068595989	-0.00036048722669864379	-1	
47.191410381293068	1.6449427964801711	-0.00035260700230218503	-1	
47.483175919240857	0.84091463859269078	-0.00035080850843650951	-1	
47.820927562949421	-0.86215147058402553	-0.00034844166936416659	-1	
47.827888088842613	0.021641222499652276	-0.00034849182451723539	-1	
49.22911517369247	-1.2891097488587813	-0.00033879640716690332	-1	
49.059953813408072	-2.1420038425414414	-0.00033953049229148931	-1	
48.596881881801906	-0.42409856322559791	-0.00034319321592602049	-1	
49.878202512991336	-3.4878236872062711	-0.00033327470492334376	-1	
49.931476737728815	-2.6167978121471958	-0.00033357651059180487	-1	
50.336269118952934	-6.180516701261058	-0.00031988856057784434	-1	
50.436467550819742	-5.3010863514310023	-0.00032043301551078299	-1	
50.52130254608155	-4.4200412393455242	-0.0003208942776772382	-1	
51.05607938956517	-13.68043524113328	-0.00025560577292745533	-1	
51.287059817445666	-12.787300195982473	-0.00025665910203815924	-1	
51.502417710076855	-11.890270015318613	-0.00025763999141282943	-1	
51.702087467358439	-10.989617943224456	-0.00025854839436181614	-1	
51.886008267948093	-10.085618327045973	-0.00025938426899220279	-1	
52.308108396233571	-16.995934690622153	0	-1	
51.496162282410033	-14.766286918767833	-0.0001513187963447733	-1	
52.182777779508882	-14.963170744351428	-0.00015128914800065354	-1	
52.596761577967079	-16.080443759750565	0	-1	
-39.702058087898017	-37.022768117678645	0.00011582091920462604	-1	
-39.563689018626008	-38.206210375245014	0	-1	
-40.224453589054562	-37.509909803437573	0	-1	
-40.430870369077184	-35.146019410205867	0.00011947757063145671	-1	
-41.038095167088223	-34.435050518921869	0.00012123870743158947	-1	
-41.632819363766401	-33.713592377669983	0.00012296215395400341	-1	
-42.214861800360218	-32.981864749588951	0.00012464745614945873	-1	
-42.21359124535708	-31.81022265232269	0.00021433287901111289	-1	
-42.784045181105078	-32.240090526002696	0.00012629417341936756	-1	
-40.342147668773023	-36.324232916623878	0.00011765567540780279	-1	
-42.184457563836695	-30.648802440964758	0.00021707116228972576	-1	
-42.76232684553311	-31.06864904974514	0.00021694669103948942	-1	
-42.71292802364043	-29.907914181161779	0.0002196178755898021	-1	
-42.636218017116626	-28.758492178495665	0.00027260994122837133	-1	
-43.228387711798753	-29.157915680974739	0.00022209580871598812	-1	
-43.008153447933211	-26.874476971826951	0.00027870728371921061	-1	
-43.131629208621995	-28.010007515058646	0.0002754537548331355	-1	
-42.792874222943752	-20.498753871774372	0.00032191594183936798	-1	
-43.730985356969917	-24.240481012316927	0.00029759365350255987	-1	
-43.681727103746589	-22.739267841403635	0.00030589355638361085	-1	
-44.147379642946483	-23.473578139294606	0.00030008810235459529	-1	
-43.919859763353855	-25.357142857142978	0.00028397310050986088	-1	
-44.355713719212396	-24.586773598207209	0.00028647672090900092	-1	
-43.47062739275016	-26.119788084724302	0.000281382717135928	-1	
-43.947266506024008	-21.911298804126158	0.00030912081701967638	-1	
-43.864500677580253	-20.922293577227652	0.00031461619913919606	-1	
-30.203640756729808	-4.9347920480105731	0.00052366128788039978	-1	
-32.801029334980214	-4.9392271651838877	0.00048721311419583818	-1	
-41.348359341254245	-14.617732817662503	0.00036095458113323602	-1	
-41.101397439521627	-13.024436999424488	0.00037026880417223199	-1	
-38.406610467000746	-9.0547448823209891	0.00040972699291128343	-1	
-40.560397489339529	-10.371745024435594	0.00038588142546547088	-1	
-41.575913886904829	-11.479715570736616	0.00037348042343630076	-1	
-37.305412860782297	-7.9938457061787123	0.00042447545597920833	-1	
-36.109879435687866	-7.1884062070336041	0.00043983655274417425	-1	
-35.841823921849731	-5.8369359700758192	0.00044751432408050423	-1	
-35.377554802846703	-4.6347977594097216	0.0004563883638504037	-1	
-34.21802628342369	-3.8244726169681074	0.00047248532162818451	-1	
-43.246918809300126	-18.466868173961377	0.00033032188944772197	-1	
-43.085967604592547	-17.160529415385138	0.0003377410251888746	-1	
-43.298245182755032	-15.861543475405497	0.00034264626114822604	-1	
-28.914290793552368	-2.6800140613466206	0.00055168501716082279	-1	
-27.853509556145404	-1.4569697387978091	0.00057241763945979315	-1	
-26.756734065068425	-0.27933313706027119	0.00059343705256459335	-1	
-25.672902338053785	0.91022696276467452	0.00061474707570083472	-1	
-24.983707364220269	2.1768947325248922	0.00062624125976335052	-1	
-20.33323144790652	4.0015080340506444	0.00072982533220622024	-1	
-24.651995937676084	3.4787821175779623	0.00062877654016475055	-1	
-23.362052144982101	3.9915684955075661	0.00065428001593352601	-1	
-22.303419643869528	4.8894560637966302	0.00067333666306169547	-1	
-15.111216601852142	5.8841908345782761	0.00088392967324628293	-1	
-17.111921865600916	5.8208370957487352	0.00081157962737768614	-1	
-13.669219276601719	6.1544114014290541	0.00094353360124573124	-1	
-18.531005835886663	5.194016346148052	0.00077277174506113671	-1	
6.0995585554368015	9.1174563791832295	-0.0016229245579234811	-1	
5.77416368881231	8.7220783311499517	-0.0017875251674754344	-1	
6.1783016368844033	9.6040254522759536	-0.0014993735836998192	-1	
6.448551559277762	9.9674422839803825	-0.0013775932729857344	-1	
6.5373507443616274	10.502901814851727	-0.0012531705694358223	-1	
4.6636329845660809	7.112103108151123	-0.0019756981271881638	-1	
4.6682210409301028	6.4451517420983855	-0.0019259111733802351	-1	
4.6562451308642681	7.7560528143021719	-0.001965705392924674	-1	
4.3862508432416352	7.4131937752764552	-0.001813217017883234	-1	
4.8345519840403481	6.1021875000000003	-0.0019768550565767923	-1	
4.7832710305717168	5.8811325691511644	-0.0019004820396860186	-1	
5.2932030646539925	8.8978124999999988	-0.0019136435506122563	-1	
5	8.7424999999999997	-0.0020668106627886079	-1	
4.4768821241469814	8.145359076245029	-0.0018295782199310522	-1	
4.6161945879119024	8.5261551531560382	-0.001865676347683861	-1	
10.435048531853338	15.854418057401393	-0.00061880164636579475	-1	
11.934600853440138	15.367310071249014	-0.00064344689606506806	-1	
8.8802391885529186	16.116141692817664	-0.00058893928029396558	-1	
6.5595746026660571	14.450009272517539	-0.00066748449188939693	-1	
5.5806841460408112	11.769566310748528	-0.00099209561999202833	-1	
5.3949232055989267	12.874302474159748	-0.00079624903645008228	-1	
5.7244938033172037	11.118330557768061	-0.001139438857115592	-1	
6.0105134549399084	10.633457071150717	-0.0012566014482060541	-1	
14.515708037698715	15.894658946982654	-0.00060036480489078134	-1	
13.047705577960908	16.499507356321519	-0.0005858551925057695	-1	
4.8681640625000009	4.9562118586440747	-0.0015954768676843237	-1	
4.8292187500000008	5	-0.0016054634213994365	-1	
4.4397656249999997	5.1196785080294349	-0.001503555443534247	-1	
4.5813806663269991	5.137983556977594	-0.0015677043275299167	-1	
4.7150874530366362	5.1331862635361691	-0.001622582730055229	-1	
4.7780989942625185	5.0844626302588374	-0.0016279464629834117	-1	
4.9721295178261951	4.93954113700548	-0.001615093645130181	-1	
5.0136608507717444	4.9356107008726759	-0.0016184768759361745	-1	
4.9265820312500006	4.9608464693346557	-0.0016172645944248015	-1	
5.0643892991273276	4.9863391492282547	-0.001654246365274779	-1	
5.0604667684792899	5.0278855511936271	-0.0016838392734389535	-1	
5.0389948609875841	5.0732421874999982	-0.0017204939251353128	-1	
4.8795799868243757	5.55859375	-0.0018738707373479541	-1	
4.7760508484575972	5.6547669746505909	-0.0018392852319131213	-1	
4.8576113689559346	5.3544158646977262	-0.0017888414058099501	-1	
4.9157842343809044	5.2213018013201324	-0.0017656741971709277	-1	
5	5.0926562499999992	-0.0017477265461572633	-1	
4.9560959443068455	5.1314843749999994	-0.0017436475037903533	-1	
4.3333820730558728	5.6486740914814169	-0.0016017123669125122	-1	
3.9046393243558439	5.7987975113813555	-0.0014313161975380319	-1	
3.3190119484315432	5.9478633147024489	-0.0011924558079162717	-1	
2.6171070893669914	6.4056372495854603	-0.00094055154364660546	-1	
4.5464921121732864	5.3446285466771819	-0.0016221701716058648	-1	
1.3578650720921517	6.0997968436055698	-0.00046466445762536002	-1	
1.9375456745785451	6.3830731362472601	-0.00068062066246487424	-1	
0.71915684186712214	6.1910484491510029	-0.00024478190295836819	-1	
-0.02793552074822292	6.372346430458351	9.8878916899151179e-006	-1	
-1.5714970336672214	6.6252415220942122	0.0005498360140086825	-1	
-0.98787372981562838	7.0306281458866637	0.00034523743569655943	-1	
-3.1156250000000005	5	0.00099823866905209371	-1	
-3.4271875000000005	4.6467097971906339	0.0010501340164525837	-1	
-2.8040625000000001	5.5858505460923009	0.00095439124275867001	-1	
-2.6468943321533298	6.407781254651792	0.00095310133961751752	-1	
-4.541311474872332	4.116153602431071	0.0012319696477785336	-1	
-4.2423665840882965	4.2060093568093819	0.001189741107556645	-1	
-4.1388786899770258	4.5298551286770161	0.0012393010338275811	-1	
-3.8945312500000004	4.7056587424167393	0.0012061955461882823	-1	
18.932745229139417	15.78334208767564	-0.00055705509661533247	-1	
16.431226514419144	16.86582335603422	-0.00055143084287446391	-1	
17.871462983762022	17.053916468268703	-0.00053484955576712503	-1	
24.737125705215483	14.518743760809013	-0.00051213050820443336	-1	
23.111775873585955	15.236559582050862	-0.00052003790089906335	-1	
26.129791171291721	15.573940783739923	-0.00048186357466511472	-1	
21.477104994249139	15.746909904216157	-0.00052872704715392822	-1	
20.023860090538872	16.652826889886576	-0.00052501790325111498	-1	
40.572995628256145	6.8488947531160171	-0.00039769424994561204	-1	
39.392305486777317	8.5746921659479245	-0.00040263444210668229	-1	
38.303762692093692	10.048070180171635	-0.00040632208524470423	-1	
43.919243240300339	5.5098541884312207	-0.00037290526699772079	-1	
43.295142642982263	7.7290823246314284	-0.0003728113104867398	-1	
41.184522303006723	8.1955786311328485	-0.00038847355098480966	-1	
45.496679868653878	4.5658550115871988	-0.00036236380830471454	-1	
46.462663005577532	3.6405103981837827	-0.00035635145207992767	-1	
36.501287278948254	11.034847590963546	-0.00041796941332957366	-1	
29.823853680635342	13.191824620175112	-0.00046975177610042679	-1	
28.501296430790472	14.247707190433625	-0.00047318608988787856	-1	
31.705672517164551	14.165661728194422	-0.00044162142822784712	-1	
35.176072392023976	12.360788480961897	-0.00042247450023948075	-1	
34.539573519515002	13.656769792841898	-0.00041940010876260678	-1	
33.725322463766446	14.707145937291086	-0.00041868869983902122	-1	
-4.8988705102622383	-5.1597555804932416	0.0017254837988001351	-1	
-4.7780989942625185	-5.0844626302588374	0.0016279524670486652	-1	
-4.8401002014094878	-5.102033062703291	0.0016651391913944135	-1	
-4.8292187500000008	-5	0.0016054694210185349	-1	
-4.9560959443068455	-5.1314843749999994	0.0017436534930408709	-1	
-5	-5.0926562499999992	0.0017477325304608962	-1	
-5.0389948609875841	-5.0732421874999982	0.0017204999061664499	-1	
-5.0604667684792899	-5.0278855511936271	0.0016838452524913878	-1	
-5.0643892991273241	-4.9863391492282547	0.0016542523441411135	-1	
-4.9721295178261959	-4.9395411370054836	0.0016150996329888387	-1	
-5.0136608507717435	-4.9356107008726759	0.0016184828599614574	-1	
-4.8681640625000009	-4.9562118586440738	0.0015954828643293371	-1	
-4.9265820312500006	-4.9608464693346574	0.0016172705867025341	-1	
-10.851679202426615	7.1192610712779842	0.0010963832239805752	-1	
-12.816856409388546	7.3485022620316576	0.00096838152709240416	-1	
-7.3253656867096284	5.3192574345893071	0.0014139351803644203	-1	
-7.7283957277432211	5.9843279198618768	0.0014095650679076316	-1	
-8.0868398877579946	7.6143821326544021	0.0013716866987456204	-1	
-9.9173018549669649	8.5207245032061589	0.0011298650623377099	-1	
-6.4485515592778357	5.0325577160196495	0.0014857121956306318	-1	
-6.035464979158137	4.9242250114492023	0.0015138004471329243	-1	
-6.7232656063972502	5.3595266592999069	0.001496878462522348	-1	
-5.5788912538670239	4.425461164063222	0.0014192815576709304	-1	
-5.1469406134339808	4.2995269644624372	0.001368366009819253	-1	
-5.688867030298046	4.6603330927667477	0.0014810386670598347	-1	
-4.8450961183982102	4.187965820601999	0.0013023458786362925	-1	
50.795400373464346	-8.0452010592118981	-0.00031799996067121339	-1	
50.928072106709458	-7.1574737636605335	-0.00031871208939121711	-1	
51.500892045318011	-8.156939962812082	-0.00026098325373113409	-1	
52.054124087788281	-9.1785465338234911	-0.00026014757938399647	-1	
51.045230655839553	-6.2675662322647501	-0.00031934012066523176	-1	
47.479286529459856	2.4503717077607083	-0.00035010551812826628	-1	
48.028892882651526	1.4711283329615044	-0.0003468177397947834	-1	
48.382527810644973	0.71619877172600599	-0.00034461850284522497	-1	
49.969541350954906	-1.7449748351250509	-0.00033380138677742053	-1	
49.992384757819686	-0.87262032186417593	-0.00033392336860520465	-1	
49.24411540828428	0.42974688464096883	-0.0003388862474129701	-1	
50.000000000000121	1.6653345369377348e-015	-0.000333968214972084	-1	
50.590748263176962	-3.5376497398806404	-0.0003212719324851828	-1	
50.644783548267839	-2.6541806380350055	-0.00032156606390686262	-1	
51.146840333225626	-5.375749539479342	-0.00031988413991620166	-1	
51.232870187575628	-4.482295341308153	-0.00032034481321876991	-1	
51.303294013362546	-3.5874757925550318	-0.00032072201992789544	-1	
51.746026408343049	-13.865305987635059	-0.00015203130417892254	-1	
51.980128193357054	-12.960101549982216	-0.00015269858560400398	-1	
52.198396327780557	-12.050949339849927	-0.0001533204915845715	-1	
52.400764325025406	-11.138126293808552	-0.00015389688380598043	-1	
52.587170541839242	-10.22191046660063	-0.00015442763458032492	-1	
52.435973427120985	-14.050176734136883	-0.00015200153102182964	-1	
52.869393276607667	-15.160054569934999	0	-1	
53.125920445898892	-14.235047480638684	0	-1	
-40.87296540125687	-36.802183349737355	0	-1	
-40.96994864066496	-35.614633002341968	0.00011945369796035517	-1	
-41.585269769316135	-34.894184525840849	0.00012121450578643772	-1	
-42.187923621950041	-34.163106942705603	0.00012293763136531319	-1	
-42.777726624365101	-33.42162294625016	0.0001246226206817997	-1	
-43.34019612722944	-31.488495658525455	0.00012790187854728625	-1	
-43.354499116853233	-32.669958399682756	0.00012626903316725833	-1	
-41.509026912252658	-36.083246594478048	0	-1	
-43.298036626704025	-30.317611635698277	0.00021949214777768801	-1	
-43.883145229767528	-30.727309090234716	0.0001294701576213855	-1	
-43.820557406480958	-29.557339183453884	0.00022196886524943486	-1	
-43.730679614297259	-28.399035397212206	0.00022450460107317747	-1	
-44.329730019972601	-28.788063279365836	0.00022437648334627924	-1	
-43.613902088044959	-27.252990731993503	0.00027821142298874884	-1	
-43.815610121448501	-19.967923934523345	0.00031972220387369948	-1	
-44.778056494988618	-23.808914969856001	0.00028889463265750406	-1	
-44.550326209418522	-22.699524986977409	0.00030248042535311324	-1	
-45.186759440981689	-23.023803915362837	0.000291225940584638	-1	
-44.082889750394529	-26.48767242394575	0.00028088332476420441	-1	
-44.538449337485602	-25.714285714285811	0.00028346989599225983	-1	
-44.980442081454818	-24.933066184097427	0.00028597025309109932	-1	
-44.939702314958488	-21.918557339453937	0.00030477125679094529	-1	
-44.685188319046048	-20.36421355040725	0.00031362141646174713	-1	
-45.315389351832636	-21.130913087035037	0.00030700062049745326	-1	
-30.944870955133421	-3.4038464854295936	0.00051789495287818627	-1	
-32.641157821189786	-3.2780395275277412	0.00049424668000105042	-1	
-42.60734349378501	-13.610488731555016	0.00035719240696793081	-1	
-42.713641286365437	-12.35558857401414	0.00036167602327987712	-1	
-39.906436114390637	-7.6475956203791817	0.00040129741792496151	-1	
-40.927235004926764	-8.914246303217503	0.00038826631033476772	-1	
-38.393891304606477	-7.0487279174183648	0.00041718839186914204	-1	
-42.056055966241267	-10.22383286919959	0.00037465580762360628	-1	
-42.941573764817818	-11.116992428626082	0.0003648280566166096	-1	
-36.990738785382575	-5.0764623043680208	0.00043739940378609288	-1	
-35.950156604780091	-3.4803241699214342	0.00045246890069440245	-1	
-34.882361928606407	-2.1882049877868268	0.00046730157700275264	-1	
-33.269417765929376	-1.7319500377959658	0.00048847094169273818	-1	
-44.039156895904412	-18.068194781797082	0.00032804033633227842	-1	
-44.567957124653823	-19.378699284527791	0.00031895075465797194	-1	
-44.543158937638715	-17.338425228161242	0.00032870427645434854	-1	
-44.688248164451792	-16.224902059646286	0.00033285786718537596	-1	
-44.648435458655641	-15.370499721010031	0.00033675072176688191	-1	
-44.144098355718825	-14.456109508951416	0.00034364912818879775	-1	
-29.43249149857678	-1.0993242802369885	0.00054586159360056976	-1	
-30.982429193057921	-1.703315420915964	0.00052081586812659014	-1	
-28.722135698707387	0.4048388732753323	0.0005582615921008949	-1	
-27.305530841440948	1.3092167646920827	0.00058243896558206158	-1	
-25.971722713484048	3.2272578223780473	0.00060327493001038988	-1	
-19.794412892541082	6.0942975111447124	0.00072626567909900525	-1	
-24.937290302259942	5.3219833909865093	0.00061272894089060652	-1	
-23.5841143293617	5.3264067501301078	0.00064100252625695164	-1	
-22.524351024852194	6.463069968525188	0.00065458731262571057	-1	
-15.667837156700523	7.2070025267618618	0.00084268480187808825	-1	
-14.258130880839133	7.4760479334394834	0.00089518660555712069	-1	
-18.977098581541597	7.648723689959593	0.00072862645761281267	-1	
-17.618835151146673	8.6229191985700098	0.00075226674411212535	-1	
5.7064845846825545	9.7466389334680699	-0.0015579397245724361	-1	
5.4185460495254141	9.4117348185789815	-0.0017369080051828896	-1	
6.0354649791579345	10.075774988550984	-0.0014041239281881647	-1	
4.2722818881137448	6.9919333887486594	-0.0017419086562280965	-1	
4.5824165193194579	6.0442029880180481	-0.0018163473949383614	-1	
4.2872909655472986	6.3170165720659561	-0.0016939358962884054	-1	
4.2326606648924727	7.8216779158561884	-0.0017167546340262619	-1	
3.6760677705368172	7.3792817443653309	-0.0014415238861686531	-1	
4.5779600899828417	5.7855243525697917	-0.0017601636283744459	-1	
5.1765749413142812	9.2084375000000005	-0.0018800925841234337	-1	
5	9.0531249999999996	-0.0019961992874113991	-1	
4.7096145494158703	8.8978125000000006	-0.0018546051460639496	-1	
4.236803975906632	8.4721251967173821	-0.0016621966304523181	-1	
4.3833895640246983	8.8305534013825593	-0.0016842254843451524	-1	
10.849990023303123	17.546896510702346	-0.00053397477906305169	-1	
8.4061244066571881	17.604981142922611	-0.00049328370058623699	-1	
6.5404733815199494	16.127635047811584	-0.00052823307534896635	-1	
5.1113350845218424	14.723606484128032	-0.00056370989419084162	-1	
5.1749148180872666	11.240283327857412	-0.0010853982759594378	-1	
4.9198863904351535	11.859763592705985	-0.00092440304177418195	-1	
4.0732798340084342	12.22277760710605	-0.00075849239893000994	-1	
3.8357498140189454	13.985273663652281	-0.00052142673343467776	-1	
5.5788912538670425	10.574538835936581	-0.0012918079756232344	-1	
5.1469406134343618	10.700473035537794	-0.0012413533869816069	-1	
5.6888670302978772	10.339666907233115	-0.0013628723036560933	-1	
14.384801028632328	17.660828093230887	-0.00053659701129978564	-1	
12.592575471027473	18.373922731292247	-0.00050786500709581767	-1	
4.907109375000001	5	-0.001635271994755663	-1	
4.8681640625000009	5.0440219475212951	-0.0016460725205285907	-1	
4.6941192805536227	5.2100288461979165	-0.0016451127417549595	-1	
4.792672086663087	5.1512159998751832	-0.0016664898303722642	-1	
4.8401002014094878	5.102033062703291	-0.0016651331924398159	-1	
4.9655273437500007	4.9807322919042667	-0.0016432041131187348	-1	
4.9924999999999997	4.9759464031140377	-0.0016464176975099149	-1	
5.0191748514696144	4.9808251485303856	-0.0016527425959401278	-1	
4.9460546875000002	5	-0.0016503991529619177	-1	
5.0240535968859623	5.0075000000000003	-0.0016753066248006289	-1	
5.0192494383489228	5.0344140624999998	-0.0016987536215276602	-1	
5	5.053828124999999	-0.001720927155891728	-1	
4.7422956662688973	5.5175512346421334	-0.0017789206070403141	-1	
4.6123964626676335	5.6222663139630091	-0.0017379330748329733	-1	
4.7444575962581004	5.3177859066399362	-0.0017120395592637335	-1	
4.8086335066132735	5.2176510843594057	-0.0017047540666777193	-1	
4.8988705102622383	5.1597555804932416	-0.0017254778045142881	-1	
4.9626562028793435	5.0732421874999982	-0.0017115763077868583	-1	
4.904274487507382	5.0961567723945915	-0.0016938687592776499	-1	
4.3427256862789525	5.9189545971577866	-0.00166273885320951	-1	
3.4444155024352141	6.5390096466668757	-0.0013001725020030486	-1	
2.9240023514847238	7.1345487272597357	-0.0010931970368529818	-1	
2.2006942668713987	7.0100226350542245	-0.0007945784294646689	-1	
1.5515112606228709	6.9138030292964121	-0.00054749356727768969	-1	
0.99322781271641825	7.258790536211877	-0.00034768198144450229	-1	
-0.032893845646091435	7.3931345511993696	1.2097989832101593e-005	-1	
-2.1281018265500449	7.2596269897734143	0.00076704541439946141	-1	
-1.5472667275643639	7.4688449297028185	0.00054732603490285296	-1	
-0.99322781270667537	7.7412094637841209	0.00034557475926660539	-1	
-3.7387500000000005	5	0.0012129239946551515	-1	
-3.4271875000000005	5.3577994813328971	0.0011600824831379305	-1	
-3.2433555339515663	5.8208349560802874	0.001148218837704404	-1	
-3.0905005739634359	6.2620404101799414	0.0011248867300923896	-1	
-3.039104699984573	6.8535967139206573	0.0011344843265177335	-1	
-4.6202349083683369	4.4181688271565402	0.0013289808884388086	-1	
-4.4326902086540931	4.5953331671322672	0.0013370034966926254	-1	
-4.2060937500000009	4.8232741426031414	0.0013335819047801199	-1	
-4.0503125000000004	5	0.0013235581073237845	-1	
19.121220469446843	17.784754003287844	-0.00050678885273437637	-1	
16.048828365538142	18.267048449382063	-0.00051084062097738847	-1	
17.764258232424993	19.240739116870756	-0.00047810912975920197	-1	
24.527194423330151	16.242443634677695	-0.00048836616201122839	-1	
22.206476514064438	18.00922875639499	-0.00047870688441460266	-1	
27.390156567790353	16.670204987123196	-0.00045522322181670171	-1	
26.077056830543363	17.702719014317307	-0.00045255487452597256	-1	
21.048773371187465	19.009348318361429	-0.00046715245929691108	-1	
40.353687966124355	10.191086418177335	-0.00038828312469457011	-1	
37.862868864947458	11.854141760860678	-0.0004015211907024959	-1	
39.448806028639424	11.75438874095541	-0.00038883539823015694	-1	
44.693003486925548	7.1908036903773009	-0.00036351771063858671	-1	
45.673756643669435	6.0586013795418108	-0.00035860718014897315	-1	
43.006375896334873	9.3588440814816565	-0.00037031083957082979	-1	
44.647349236814954	9.5749831892213724	-0.00035771393197848642	-1	
45.456839512137272	8.4793351621361666	-0.00035492209098552193	-1	
41.759796778709969	10.029207600688887	-0.00037763899453702556	-1	
46.756423866992108	5.015778486220821	-0.00035256391218427253	-1	
47.666099678846479	3.5576591942668259	-0.00034790520350332403	-1	
47.397484097772136	4.4028972252913912	-0.00034886906546222833	-1	
36.565590392882115	12.42433058217796	-0.00040948737498037091	-1	
30.579206708188526	15.960285819105824	-0.00043503941193631695	-1	
28.871888837098183	15.898981531565346	-0.00045098481365031361	-1	
32.26955290545974	16.208120969934058	-0.00041820730449686298	-1	
35.868279959032854	13.627890315710413	-0.00040806825938882296	-1	
35.137373034110553	14.843753603584453	-0.00040582734344186261	-1	
35.123038858502582	16.262324362873137	-0.00039537006471394252	-1	
-4.904274487507382	-5.0961567723945915	0.0016938747528245696	-1	
-4.8681640625000009	-5.0440219475212951	0.0016460785171492989	-1	
-4.907109375000001	-5	0.0016352779882252658	-1	
-4.9626562028793435	-5.0732421874999982	0.0017115822963299024	-1	
-5	-5.053828124999999	0.0017209331404902709	-1	
-5.0192494383489228	-5.0344140624999998	0.0016987596046792769	-1	
-5.0240535968859623	-5.0075000000000003	0.0016753126077825064	-1	
-5.0191748514696144	-4.9808251485303856	0.0016527485798725184	-1	
-4.9655273437499998	-4.9807322919042667	0.0016432101017635386	-1	
-4.9924999999999997	-4.9759464031140386	0.0016464236840160779	-1	
-4.9460546875000002	-5	0.0016504051437386891	-1	
-12.631839624831326	9.3183351909200347	0.00092114947700758015	-1	
-13.870956473260922	8.7732204731307384	0.00088043531483589959	-1	
-6.9191791855838023	5.7655293735168227	0.0015135593107530217	-1	
-6.9382292710901368	6.2642228765285957	0.0015509688377575018	-1	
-7.1615934126279779	6.8528468502063156	0.0015314343127171407	-1	
-7.8961025361523003	8.8153442915419831	0.0013311307830274398	-1	
-6.8927404667397862	7.5136666975027442	0.0015882742258499299	-1	
-10.972001226371205	9.9492757934661054	0.00098520016971991573	-1	
-9.1733002075977126	10.496994099546223	0.0010608924461107693	-1	
-6.1783016368843331	5.3959745477242214	0.0015890719057156616	-1	
-5.6003057229709157	4.9040878653129072	0.0015616611504983089	-1	
-5.7064845846826495	5.2533610665318742	0.0016501816949228631	-1	
-6.4988717137676506	5.7505096709663013	0.00158709258391924	-1	
-5.4392847604453882	4.7308184449309758	0.001516644204254647	-1	
-5.290474764395201	4.5973593042078535	0.0014719007539244233	-1	
-5.0614872296666196	4.6080726256403013	0.0014650270120824232	-1	
-4.9012684216004647	4.5048264529875999	0.0014083543637400931	-1	
51.635406441524857	-7.2568831214891683	-0.00026160162230249001	-1	
51.754192192726201	-6.3546157632684448	-0.00026214732034884463	-1	
52.206383717171718	-8.2686788664122322	-0.00026083829654772686	-1	
52.757558197082673	-9.3025809464427116	-0.00015491262676241697	-1	
51.857213115631531	-5.4504127275276844	-0.00026262033139471075	-1	
48.552477147994502	2.1198469328254292	-0.00034293881341723937	-1	
49.015098623164825	2.997891858727161	-0.00033927171154405234	-1	
49.089864866465334	1.2854633512352505	-0.00033972215376648873	-1	
50.683391941682885	-1.7699030470554007	-0.00032177669414933238	-1	
50.706561682931444	-0.88508632646222685	-0.00032190298865907664	-1	
49.992384757819686	0.87262032186417937	-0.00033393662345919444	-1	
50.714285714285886	1.1213252548714083e-014	-0.00032194568335727595	-1	
51.358090358806813	-2.6915634639228396	-0.00032101577382741221	-1	
51.397242532410807	-1.7948312589857758	-0.00032122600325951601	-1	
51.944437829069727	-4.5445494432707845	-0.00026302064289946016	-1	
52.015839763548115	-3.637301845229425	-0.00026334824251730745	-1	
52.071397169345772	-2.7289462898106747	-0.00026360311910326165	-1	
52.673196569268519	-13.132902903982	-0.00015266869574687191	-1	
52.894374945484337	-12.21162866438128	-0.00015329049312800167	-1	
53.099441182692452	-11.286634644392684	-0.00015386678483944209	-1	
53.288332815730477	-10.358202606155324	-0.00015439744318397478	-1	
53.460992306377157	-9.4266153590619641	-0.00015488235100696466	-1	
53.366264945179942	-13.305704257981764	0	-1	
-42.13244437154399	-35.353318532759808	0	-1	
-42.743027880133596	-34.612621507741203	0	-1	
-43.340591448369906	-33.861381142911341	0	-1	
-43.918065408925905	-31.908342267305816	0.0001278764416311443	-1	
-43.924953052601303	-33.099826273362787	0	-1	
-44.412727101163064	-29.956762685932965	0.00013099860995114898	-1	
-44.468253832831181	-31.1370065447712	0.0001294444321841902	-1	
-44.928780425647837	-29.177091161519403	0.00013248684797792452	-1	
-44.825399368268414	-28.010018252326663	0.00022671466755301743	-1	
-44.219650728156651	-27.631504492160051	0.00022684391844811922	-1	
-45.431148008380084	-28.388532012493215	0.00013393449718005583	-1	
-45.408733347030704	-24.144251800417329	0.00028838478245463096	-1	
-45.581698062315084	-22.231679587160457	0.00029347090698378977	-1	
-45.82319267254482	-23.348082843748205	0.00029071305965495524	-1	
-44.695152108038862	-26.85555676316719	0.00022911345197141179	-1	
-45.157038911617313	-26.071428571428648	0.00023131291463802128	-1	
-45.605170443697226	-25.279358769987645	0.00023344203721314391	-1	
-45.962752056858868	-21.432783273992712	0.00029563096908289175	-1	
-45.677272882130183	-20.336832153790073	0.00030912149351685286	-1	
-46.329805351874946	-20.627358327415674	0.00029770505550675576	-1	
-44.352373531619428	-13.432836903820759	0.00034645772383122423	-1	
-43.899616883882459	-11.931872267745735	0.00035517669656712301	-1	
-41.644272674264066	-7.2608770719878901	0.00038737804203828319	-1	
-40.125318721305575	-6.0356015969272665	0.00040389630861059476	-1	
-42.361070103409453	-8.9143504705026828	0.00037668667598702346	-1	
-38.707560333346407	-5.0673451727225034	0.00041978611175012273	-1	
-43.369009650365179	-9.9341254310574065	0.00036583718699024391	-1	
-37.839382789647438	-3.2327506631933822	0.00043222473903753965	-1	
-36.468782852972261	-1.646886133469653	0.00044911041612393513	-1	
-34.668032103768965	0.13325297297525984	0.00047130309877609658	-1	
-32.149225214825776	0.14342944779742006	0.00050488221175002334	-1	
-44.921204705084804	-18.160787015846477	0.00032296123045111964	-1	
-45.507892117929849	-18.849986110258218	0.00031680156453065591	-1	
-46.025242672622156	-19.536556424463747	0.00031117352716211061	-1	
-45.996873174019299	-17.197526183971419	0.00032152893483830514	-1	
-45.811181548912309	-16.222590216045482	0.00032659268959353706	-1	
-45.500142388744983	-15.449136309489608	0.00033149005231818265	-1	
-45.162527313387891	-14.68690775740318	0.00033651563815743202	-1	
-30.437272919699463	0.29501142237230515	0.0005303979173546632	-1	
-29.350670571939443	2.9510310372961706	0.00054397785781563077	-1	
-27.690518090283305	3.4478194310661605	0.00057045590198988977	-1	
-26.859418415296084	4.9684042859064679	0.00057834073317720373	-1	
-21.811764649341658	7.8833840372067296	0.00065522614779321448	-1	
-20.22986848019028	8.7552967857759771	0.00068084433804456435	-1	
-25.688473927192774	6.5331674220563345	0.00058967996787973921	-1	
-24.264462690326091	6.4745534922852883	0.0006177092836678142	-1	
-23.600495874128917	7.6322507328354572	0.00062057700133226143	-1	
-15.208843232047517	8.5667752254835836	0.00083298257486764482	-1	
-18.892463023360108	9.3180868193104853	0.00070369227741925175	-1	
-16.383596997368663	9.8929997954599305	0.00076122105406642481	-1	
-18.499089128831891	10.714741020216564	0.00068554821993825426	-1	
5.4158233098439528	9.9525492978461418	-0.0015381712690738709	-1	
5.6003057229709245	10.095912134687032	-0.0014552613889101814	-1	
5.350303133741094	9.7508613562733935	-0.0016356946634992701	-1	
5.1445398967563403	9.44140625	-0.001820871925883415	-1	
5.2099614345306033	9.5918798267955516	-0.0017413391544388369	-1	
3.5991397639411473	8.3437383399745038	-0.0013579136705476962	-1	
3.0391046999843421	8.1464032860800675	-0.0011180484313025806	-1	
5	9.3637499999999996	-0.0019062684029990083	-1	
4.815330427526419	9.2096936242805718	-0.0018385063498342863	-1	
4.492282477663788	9.1453372332410119	-0.001674463633001555	-1	
4.0508320749611624	8.8117905682260922	-0.0015180203980593324	-1	
4.2244795626144418	9.3371270183421959	-0.0014927970077910848	-1	
11.122651690892157	19.221755079274743	-0.00046383752469857814	-1	
8.8766381399333678	19.094962539249209	-0.00043292636069834005	-1	
6.8999984514890267	18.020928665778129	-0.00042741073776770709	-1	
5.5408580600979072	17.475063082163892	-0.00039843607429542518	-1	
4.8634496899460675	16.176467787650029	-0.00043669154012327001	-1	
4.7776377435918311	11.205118177294855	-0.0010550542240553844	-1	
4.8450961183985246	10.812034179398502	-0.001175471251421655	-1	
4.2477487565610099	11.318298513318414	-0.00095212160018011503	-1	
3.0294691365159236	12.400116154499802	-0.00057468452892029255	-1	
3.539303560329059	11.472183725447632	-0.00079236204763678917	-1	
2.5551252693645234	15.449049686851213	-0.00028832337766775031	-1	
1.6393911297077868	13.733220308407494	-0.00025327125782941343	-1	
5.4392847604453349	10.269181555068966	-0.0014044933194013759	-1	
5.2904747643952392	10.402640695792105	-0.0013558212074283112	-1	
4.9012684216004834	10.495173547012691	-0.0012938513823773962	-1	
5.0614872296666684	10.391927374359772	-0.0013524938685037053	-1	
14.778010795706864	19.168420568915838	-0.0004854702288786645	-1	
12.606914436366635	20.096934355532767	-0.00044630875122335134	-1	
4.9265820312500006	5.037540423285872	-0.0016685620535337696	-1	
4.9850000000000003	5	-0.0016661589712141257	-1	
5	5	-0.0016718513473339468	-1	
4.9684464031140383	5.0315535968859608	-0.0016848463456478244	-1	
5	5.0149999999999988	-0.0016885094337096979	-1	
2.1281018265511071	7.7403730102272084	-0.00076227882604784321	-1	
1.5472667275652932	7.5311550703054886	-0.00054693188322823877	-1	
0.98564116953601633	7.9739132870599967	-0.00034051516986071518	-1	
0.36716448562300641	8.3330019911308657	-0.00012452404307449351	-1	
-2.9240023514823736	7.8654512727400201	0.0010846041533121315	-1	
-2.2006942668661695	7.9899773649505121	0.00078557588607002676	-1	
-1.5515112606117978	8.0861969707144432	0.00053958197993026955	-1	
-0.71915684183288919	8.8089515508502902	0.00023720611008515541	-1	
-3.8945312500000004	5.2760591633479619	0.0013265148463796662	-1	
-3.7358284870902838	5.745559242582484	0.0013457149910701615	-1	
-3.5507627269737596	6.1833915575083607	0.0013199983493486997	-1	
-3.5991397639420164	6.6562616600259883	0.0013824105698725581	-1	
-3.6760677705355418	7.6207182556341007	0.0014381882112834471	-1	
-4.8022133554007356	4.6491952855762309	0.0014437113015922421	-1	
-4.4397656249999997	4.853228797637076	0.0014180445053163853	-1	
-4.5955468750000001	4.7954279546121983	0.0014469131707307674	-1	
-4.3618750000000004	5	0.0014366563034507581	-1	
-4.2060937500000009	5.2177044881823091	0.0014391132586752582	-1	
19.527812168047262	19.174250482681483	-0.00047225408656501543	-1	
16.858835687789909	20.755583411836966	-0.00044064246815026512	-1	
18.663841930174829	20.75905805341468	-0.0004394750434728058	-1	
24.167199274425275	18.177134734928391	-0.00046048003832118486	-1	
22.393921254777482	19.738109511433933	-0.00044584447596462192	-1	
28.040533895150624	18.526876452211049	-0.00042673221903544243	-1	
25.389745183185472	19.017274392866735	-0.00043868372114689707	-1	
26.769199913778227	19.06429245466931	-0.00042873373126238072	-1	
20.468850517439183	20.757158557544663	-0.00043493174741970366	-1	
41.20485324616827	11.331276884587608	-0.00037689912190557779	-1	
38.517512107317629	13.302102249747932	-0.00038837401130349414	-1	
39.65807918102518	14.097140249092197	-0.00037552348667648796	-1	
41.182969063982256	12.753963679428679	-0.00037089517908198442	-1	
46.676323514178613	7.1786494023734297	-0.00034938552417767838	-1	
47.739132305073838	6.2849760006181015	-0.000343787054245204	-1	
43.009288402147149	11.013987922774836	-0.00036470320219617026	-1	
45.975995667587739	9.8756786615714827	-0.00034769553327744214	-1	
45.003067494675953	10.889967457614516	-0.00035117857929725432	-1	
46.677607639718822	9.3331638691016909	-0.0003444711269526803	-1	
47.033103149012696	8.5206341143492281	-0.00034406809362506218	-1	
48.286332706989761	5.5015326896265204	-0.00034134439413064234	-1	
48.268061961991236	4.233557797461069	-0.00034313083277075982	-1	
37.274135478463052	14.125616399458917	-0.00039343210194980985	-1	
31.035400882329135	17.606669554477222	-0.00041445140923477804	-1	
29.681429336774592	18.533678275564505	-0.0004147633291517129	-1	
32.891910333441089	17.786786231820102	-0.00039936935310912381	-1	
36.625250092949813	15.468415249779882	-0.00038977852142491482	-1	
34.586554492719316	17.874501399684579	-0.0003865223450573864	-1	
36.348560134003073	17.439196435805297	-0.00037798630002397774	-1	
-4.9265820312500006	-5.037540423285872	0.0016685680454206074	-1	
-4.9684464031140383	-5.0315535968859608	0.0016848523338299894	-1	
-5	-5.0149999999999988	0.0016885154191437024	-1	
-5	-5	0.0016718573331121428	-1	
-4.9850000000000003	-5	0.0016661649584913056	-1	
-13.7207565176986	10.112690845893415	0.00084544542040444531	-1	
-11.902490690677331	11.461670883963016	0.00085826666545641057	-1	
-6.4485242524192739	6.1680609797475876	0.0016438003492254645	-1	
-6.5708787344545172	6.6020271082035009	0.0016498941163690924	-1	
-6.5330079301053878	6.9822093840009787	0.0016741640277788843	-1	
-6.8017675215966715	9.3455534203722994	0.0014318226319453542	-1	
-6.7023449736037444	8.5837547273651822	0.0015568467450250158	-1	
-7.0755631784773509	10.25475594119054	0.0012478461811201904	-1	
-6.3697379490486643	7.9725935163800976	0.0016924142546466384	-1	
-6.2947030985771555	7.2808455638635339	0.0017388352904910683	-1	
-10.232255157013858	11.844026853622021	0.00089337253428263671	-1	
-8.6216420884565501	12.428670650166886	0.00089065576006800795	-1	
-6.0995585554369436	5.8825436208168869	0.0016909295298549543	-1	
-5.3670357206865411	4.9171939621561069	0.0015917551758505124	-1	
-5.4158233098439768	5.0474507021538288	0.001636493783188267	-1	
-5.3503031337411455	5.2491386437266137	0.0017249038892131173	-1	
-5.4185460495254194	5.5882651814210202	0.001812704298128894	-1	
-5.2629404303063554	4.824937701169147	0.0015613594238492508	-1	
-5.1341910811623386	4.7650658236767125	0.0015358956163617004	-1	
-4.9744141030411297	4.6808365319948875	0.0014860548729407532	-1	
-5.0320796388522346	4.7785657570400888	0.0015363795788067751	-1	
52.3427407763403	-7.356292479317772	-0.00026145639612928538	-1	
52.463153729612884	-6.4416652942721058	-0.00026200185744105358	-1	
52.91187538902534	-8.3804177700123805	-0.00015535175367005973	-1	
53.617367060879054	-8.4921566736125627	-0.0001553214016159522	-1	
52.56758589803745	-5.5250759155759903	-0.00026247466376883526	-1	
49.969541350954913	1.7449748351250545	-0.00033379981031663261	-1	
49.931476737728822	2.6167978121471993	-0.00033357951979641796	-1	
49.094181590875223	3.8637958863596431	-0.0003380019493952466	-1	
49.878202512991344	3.4878236872062756	-0.00033328536953381956	-1	
51.420738608043138	-0.89755233106030374	-0.00032135225359986551	-1	
51.428571428571587	-6.106226635438361e-015	-0.00032139486896096771	-1	
50.706561682931444	0.8850863264622495	-0.0003219047068615222	-1	
51.420738608043138	0.89755233106029153	-0.00032135377164495878	-1	
52.111093123138701	-1.8197594709161518	-0.00026378526250290038	-1	
52.134915533154825	-0.91001833565838186	-0.00026389466386503947	-1	
52.656005470563841	-4.6068035452333795	-0.00026287480179186529	-1	
52.72838551373372	-3.6871278979037823	-0.00026320225915299017	-1	
52.784703979884782	-2.7663291156984737	-0.00026345702466076733	-1	
53.590353563188081	-12.372307988912613	0	-1	
53.798118040359455	-11.4351429949768	0	-1	
53.989495089621663	-10.49449474571	0	-1	
54.164426415671592	-9.5506497716812024	0	-1	
54.322858732732726	-8.6038955772127288	0	-1	
-44.495934690622306	-32.328188876086152	0	-1	
-45.004896795845312	-30.356186188412092	0.00013097260415518652	-1	
-45.053362435894741	-31.546703999307663	0	-1	
-45.597066490527482	-30.755609690891198	0	-1	
-45.527830831323207	-29.566119043673016	0.00013246057000169869	-1	
-45.919676823327563	-27.591325441610135	0.00013534119597163099	-1	
-45.307414465683266	-27.223441102388694	0.00022898310810530361	-1	
-46.03689664849189	-28.767045772659809	0.00013390795521522677	-1	
-46.039410199072769	-24.479588630978654	0.00023550057264005964	-1	
-46.22369380967163	-22.544801834866924	0.00029295532311295909	-1	
-46.459625904107909	-23.672361772133574	0.00023748829217746517	-1	
-45.775628485749088	-26.428571428571541	0.00023118151709361007	-1	
-46.229898805939676	-25.62565135587792	0.00023330962577005116	-1	
-46.670087051114898	-24.814925461540042	0.00023536718638534227	-1	
-46.610114761885043	-21.734653460950337	0.00029511241190398991	-1	
-46.682746139373954	-19.815650087670406	0.00029969412473455415	-1	
-46.982337821619659	-20.917884501041232	0.0002971839151386952	-1	
-45.256555541221388	-12.717111658655975	0.00034336872593360927	-1	
-45.731709565913533	-14.004216777824469	0.00033572981757425867	-1	
-45.110013940700426	-10.935467537897338	0.0003503341936346586	-1	
-42.00026902580872	-5.4942306920599826	0.00038858338140206565	-1	
-43.161242090459474	-6.4227341438472072	0.00037703819429446382	-1	
-43.369157811839131	-7.8947219731544056	0.00037179512787461895	-1	
-41.568656430248907	-4.1059101312246185	0.00039485967692609825	-1	
-40.114955252855133	-4.0840858528157957	0.00040813451459661607	-1	
-45.37059767914063	-9.7685134841478458	0.0003520664097314043	-1	
-39.274163627381967	-1.7971764890569926	0.0004192316784065042	-1	
-38.264333152340519	-0.56544745490834813	0.00043022287164080398	-1	
-36.98579368757256	0.38442139862778013	0.00044407276872728647	-1	
-35.573286147606602	1.630747016729639	0.00045958790958163458	-1	
-33.49151510082698	1.866838113341196	0.00048529523403245537	-1	
-31.456867235981147	2.0671083534710109	0.00051306169353287239	-1	
-45.819334755471232	-18.048715945887931	0.00031879074733833212	-1	
-46.359192728339508	-18.730329670795658	0.00031313194090774161	-1	
-47.021466910172983	-18.997905808949916	0.00030159732763262542	-1	
-46.679021324860223	-17.918397477265067	0.00031499335202811809	-1	
-46.984631039295557	-17.101007166283487	0.00031676292580341565	-1	
-46.569038130024282	-15.581782192019711	0.00032496001017659319	-1	
-47.27592877996598	-16.278407722857882	0.00031846401565891591	-1	
-46.059045195023764	-14.830586426409962	0.00033070953021798838	-1	
-30.814580050265608	3.4879438455016198	0.00051961373714445706	-1	
-29.599096201694444	5.5618614280858107	0.00052983724562029203	-1	
-28.860414215180448	7.0146686522978108	0.00053318297382136035	-1	
-27.378416992169562	7.6928899575594851	0.00055179535024640815	-1	
-21.641021672896311	9.6815703921454919	0.00063501975841654312	-1	
-20.214579914926258	11.36963898425406	0.00063546220278757096	-1	
-25.484942803070265	7.9437767503252239	0.00058167358899095106	-1	
-24.312324073809084	9.1816939634621608	0.00058975032827326881	-1	
-14.870949903716046	10.815397100968486	0.00078249295659948807	-1	
-16.485353798118496	11.761371621997334	0.00070810191366113984	-1	
-18.637586797580003	12.310326333120658	0.00064555488304263208	-1	
5.367035720686542	10.082806037843875	-0.0014884388237976255	-1	
5.2361921196805348	10.035614944972332	-0.0015276927634918695	-1	
5.2208148158131422	9.9188009131758452	-0.0015903409137988621	-1	
5.0840943598786899	9.7790875646451134	-0.0017016832242098907	-1	
5	9.5190625000000004	-0.0018509989769598012	-1	
5	9.6743749999999995	-0.0017860490260827471	-1	
3.5507627269735895	8.8166084424918765	-0.0012819566723160853	-1	
3.0905005739633284	8.7379595898200915	-0.0010928895768242061	-1	
2.6468943321532699	8.5922187453481804	-0.00092857787939902624	-1	
4.8797158061429107	9.44140625	-0.0018041638882070516	-1	
4.6596814942851257	9.5329437371204406	-0.0016480553705657296	-1	
3.7358284870903447	9.2544407574173047	-0.0012924521321254947	-1	
4.2060937500000009	9.7822955118176207	-0.0013621150951633322	-1	
3.8945312500000004	9.7239408366520568	-0.00125588035813987	-1	
4.4712648991640815	9.7455898763195812	-0.0014845673263064276	-1	
10.395085725552585	20.754772814257713	-0.00039744127222269448	-1	
8.8714687948709123	20.624158994648084	-0.00037331584708346987	-1	
7.0725774103504495	19.575145518808331	-0.00036349821157456697	-1	
5.5098835520261495	19.51716769166465	-0.00030779109655304412	-1	
4.1534179611907938	17.944362358564288	-0.00029935563332465017	-1	
2.3333844851425347	17.381268746656811	-0.00019235993834963884	-1	
4.5413114748714563	10.883846397571759	-0.0011077132539829791	-1	
4.620234908367757	10.581831172844614	-0.0012154969177404203	-1	
4.2423665840865237	10.793990643190549	-0.0010749781338990818	-1	
3.7347910195893297	10.774072052541252	-0.00096521430145479108	-1	
2.6689172162613253	11.4046303206517	-0.00061820428520559061	-1	
1.6127508753716346	11.807402599737605	-0.00035278130937030811	-1	
3.2437967661217293	10.810178446651845	-0.00083697082389624835	-1	
0.76079992546188413	16.221966514654163	-7.5049969791933708e-005	-1	
-0.018503529237759997	14.721138354455499	1.4370742295839151e-006	-1	
0.21783789424206307	12.433731967207558	-4.4009408123566685e-005	-1	
5.2629404303063483	10.175062298830833	-0.0014553367530490047	-1	
5.1341910811623563	10.234934176323286	-0.0014289511395516711	-1	
4.9744141030410498	10.319163468005208	-0.0013777404976917577	-1	
4.8022133554001565	10.350804714423873	-0.0013365857062513742	-1	
5.0320796388522142	10.221434242959942	-0.0014313050262459485	-1	
15.517627824166409	21.41799222511181	-0.00042177085224944416	-1	
14.244696025690228	20.632327789250102	-0.00043945981211750205	-1	
11.830454403811874	21.533567067622947	-0.00039268991997106704	-1	
1.5474907352802481	8.44140525165915	-0.00052651895389676314	-1	
-0.25613886077832915	9.3420188137099291	8.1607158217840217e-005	-1	
0.62312499999999993	9.3785845022649372	-0.00019276133834473085	-1	
-3.4444155024339609	8.460990353333413	0.0012733060752950049	-1	
-2.6171070893702728	8.5943627504178846	0.00091643369320892898	-1	
-1.9375456745864135	8.6169268637580743	0.00066254082726501505	-1	
-1.3578650720758363	8.900203156388276	0.00044890955222111123	-1	
-0.95841164730479722	9.4152259910688372	0.00029955987321118172	-1	
-4.2244795626142437	5.6628729816579666	0.0015542708469703428	-1	
-4.0508320749612343	6.1882094317742391	0.001560024428168081	-1	
-4.2368039759069367	6.5278748032825247	0.0016942566659676043	-1	
-4.2326606648926353	7.1783220841432804	0.0017273865218952976	-1	
-4.2722818881137661	8.0080666112508005	0.0017250133673077455	-1	
-4.3862508432414673	7.5868062247230439	0.0018102642560998234	-1	
-4.9188471882826406	4.7797740548693772	0.0015224403657128553	-1	
-4.7784739195459354	4.9156542728238479	0.0015511529137089725	-1	
-4.5176562499999999	5	0.0014949932798675814	-1	
-4.6734375000000004	5	0.0015517834932017795	-1	
-4.4712648991640185	5.2544101236803842	0.0015637079514670008	-1	
16.240931092853327	22.727364727823133	-0.00039239646759599609	-1	
18.663030877000399	22.617879096456765	-0.00039954484826577316	-1	
24.122862924226375	19.551227464119933	-0.00043839541633508013	-1	
22.240304219136977	21.260251919888596	-0.00041907445815247057	-1	
23.718281036385839	20.865156699808605	-0.00041971312737972721	-1	
27.929139022119184	20.03582470607822	-0.00040874538507406738	-1	
29.406299793887758	20.363436831822305	-0.00039593307445790561	-1	
26.143784691027328	20.294724025721454	-0.00041568677133385141	-1	
21.248798562873532	22.425340860207204	-0.00040101904489984406	-1	
42.360446500250241	12.161409924988559	-0.00036495484635427748	-1	
38.474565295852727	15.314830946579134	-0.00037721514887705448	-1	
39.975646485312723	15.450702097429639	-0.00036595433630234712	-1	
41.022147955221236	14.366017636186005	-0.00036443617704783868	-1	
42.378098041835841	13.479462081733878	-0.00035925598430230335	-1	
48.064917255797383	7.1833500136418849	-0.00034005158917503879	-1	
48.686577941678024	6.4097095850053263	-0.00033738047004321325	-1	
44.703072198677454	12.263056607598106	-0.00034856921320165985	-1	
43.693000024295124	13.004368425727609	-0.00035248332379473815	-1	
46.820653460260118	11.240644382059392	-0.00033827083180592199	-1	
47.446748366475084	10.518690872610156	-0.00033637755787721768	-1	
45.917995227842731	11.956868687582022	-0.00034176546431713883	-1	
47.561117177469399	9.2557522666769323	-0.00033893316219040794	-1	
48.433223755337366	8.1049420294423484	-0.00033588675288605252	-1	
49.030616239285138	4.7211113702195497	-0.00033750535604665748	-1	
49.726094768413809	5.2264231633826883	-0.00033242231875285573	-1	
49.627307582066237	6.0934671702573917	-0.00033186471142500909	-1	
31.027669231139949	19.471879886073882	-0.00039572004561908101	-1	
33.53794544020532	19.355910643100938	-0.00038082311126647669	-1	
32.315832877109514	20.128767836272996	-0.0003811986997125929	-1	
37.827754735593153	17.054138555087246	-0.00037068113143174384	-1	
36.060154868784451	18.934056128405288	-0.00036873965484646073	-1	
37.534437529736621	18.554222305290825	-0.00036250926991593353	-1	
-13.517311637021516	11.73836501771618	0.00078985312131102836	-1	
-12.266201886915475	14.18950142326438	0.00069975700627440999	-1	
-6.1468266285074753	6.5031367378189548	0.0017520957758746754	-1	
-6.1590937847895653	6.9037175208218047	0.0017716751418493861	-1	
-6.218639966721593	9.8457377328633768	0.001433243088369104	-1	
-6.0454776081699118	9.2104695258263405	0.0016126633224226462	-1	
-5.8056895204090919	8.7260753957113035	0.0017725971921348654	-1	
-6.2265141335676217	10.679878282319356	0.0012342466747283399	-1	
-6.7209690973584628	11.778176101732882	0.0010166569565229883	-1	
-5.586984602516571	7.8106249999999999	0.0019468870907319402	-1	
-5.5702287192921034	7.1703722577824918	0.0019668277179499807	-1	
-10.106305470507962	14.007883220750712	0.00074044990012514544	-1	
-8.5145899666405054	14.208920751053018	0.0007289385109169517	-1	
-7.0160110227684402	13.636002359983774	0.00076924237211588623	-1	
-5.7741636888123091	6.2779216688500448	0.0018371661837895343	-1	
-5.2361921196805401	4.9643850550276607	0.0016275627056023048	-1	
-5.2208148158131635	5.0811990868241539	0.0016851837355350593	-1	
-5.2099614345306078	5.4081201732044475	0.0018226864294611416	-1	
-5.0840943598786899	5.2209124353548839	0.0017893733366145883	-1	
-5.144539896756342	5.55859375	0.0018955636800113613	-1	
-5.1765749413142812	5.7915625000000004	0.0019457876905259186	-1	
-5.2932030646539916	6.1021875000000003	0.0019677454091585581	-1	
-5.1401179388912093	4.8961814533306756	0.0016004310139080297	-1	
-5.0645478692231611	4.876314459681331	0.0015895479943712361	-1	
-4.986592442544004	4.8709773895518138	0.0015798277614476114	-1	
53.050075111155657	-7.455701837146373	-0.00015574491900541943	-1	
53.172115266499503	-6.5287148252757659	-0.00015609203678235731	-1	
53.75740944597112	-7.5551111949750087	-0.00015571449870374482	-1	
53.277958680443319	-5.5997391036242998	-0.00015639303126365096	-1	
50.683391941682885	1.7699030470554238	-0.00032177909116584913	-1	
50.644783548267846	2.654180638035029	-0.00032156958628250714	-1	
49.809734904587408	4.3577871373829211	-0.00033290215579620861	-1	
50.590748263176977	3.5376497398806639	-0.00032127668068936344	-1	
52.142857142857281	-2.4868995751603507e-014	-0.00026393131837083801	-1	
52.134915533154825	0.91001833565833212	-0.00026389522297189197	-1	
51.397242532410807	1.794831258985764	-0.00032122843882043014	-1	
52.111093123138701	1.819759470916102	-0.00026378637675577552	-1	
52.824943713866652	-1.8446876828464913	-0.00026363908828595193	-1	
52.849092458266554	-0.92248434025642312	-0.0002637484416406178	-1	
53.367573112057904	-4.669057647195979	-0.00015664783690479988	-1	
53.440931263919268	-3.7369539505781448	-0.00015685639830106854	-1	
53.49801079042372	-2.8037119415862786	-0.00015701867014358413	-1	
54.46474378078652	-7.6545205528036284	0	-1	
-46.126881236998514	-29.955146925826607	0	-1	
-46.642645288603624	-29.145559532826386	0	-1	
-46.531939180972003	-27.959209780831621	0.00013531439821998974	-1	
-46.394218059880757	-26.785714285714377	0.00013670659559588213	-1	
-47.144201538616372	-28.327094120053093	0	-1	
-47.096059135671062	-23.996640700518999	0.00023735397021171746	-1	
-46.865689557028155	-22.857924082573383	0.00023940498716623794	-1	
-47.507685304384729	-23.1710463302799	0.00023926976791650782	-1	
-46.854627168182027	-25.971943941768142	0.00013803036001295616	-1	
-47.30076390315692	-25.150262292101377	0.00013931216578592071	-1	
-47.732492367234109	-24.320919628904374	0.00014055170196372279	-1	
-47.257477466911197	-22.036523647907956	0.00024125046700395169	-1	
-47.340249606125695	-20.094743750877008	0.00029917024035366159	-1	
-47.634870291364358	-21.208410674666773	0.00024302455347790104	-1	
-46.399838751678153	-12.867814126259169	0.00033573340116498611	-1	
-45.944610999179872	-11.791699631595828	0.00034210214020636052	-1	
-46.597423688441793	-13.802785726982176	0.00033131429124656374	-1	
-46.276158327856599	-10.671284047485853	0.00034342410546236372	-1	
-43.423360043905234	-4.9049148622797585	0.00037789815615952346	-1	
-44.642933004863117	-6.3020314056883819	0.00036587320303421603	-1	
-45.405393233170351	-8.0083520526871173	0.00035650039888681355	-1	
-42.04175056715345	-2.7311718470735418	0.00039248757217820831	-1	
-40.803568691623731	-1.8327022733067828	0.00040455301034987551	-1	
-46.383519926502274	-8.9881140355753004	0.00034727686713386015	-1	
-46.649282446005074	-9.7683001268616714	0.00034349060140727512	-1	
-40.14652054095658	0.4606584189730159	0.00041137873674939083	-1	
-38.552202389297918	1.0010918214268323	0.00042705791053554459	-1	
-37.001950929424794	2.6411381470136552	0.00044204070406132345	-1	
-35.842765597638738	3.3597218924796057	0.00045389885674684409	-1	
-32.467423197371495	3.2260597257302881	0.00049663436588377003	-1	
-33.832399811859879	3.9340360503789618	0.00047702379021501628	-1	
-47.345864486643997	-18.174374584083171	0.00030341432154660321	-1	
-47.6837410920064	-19.265481947104114	0.00030107089944233042	-1	
-47.655840054142693	-17.345307268658996	0.00030514545444697505	-1	
-47.951299191108404	-16.510956404613022	0.00030679143352784003	-1	
-46.9667359388731	-14.808554959125724	0.0003256283542502369	-1	
-47.55282581475781	-15.450849718747417	0.00032006708956076272	-1	
-48.232151897825844	-15.671576143300978	0.0003083511677614606	-1	
-31.864629146109781	4.6406377427115775	0.00050072901098748446	-1	
-31.986723624786812	6.0915102638468355	0.00049327484955447487	-1	
-30.442725819088146	7.4052962192485916	0.00050772651849841836	-1	
-29.983879865436993	8.7499444576359497	0.00050522896534125413	-1	
-28.7699650764404	9.4882055085086243	0.00051635182754579422	-1	
-26.607249931260402	9.1433824863132447	0.0005514638336772946	-1	
-23.153001653639908	10.432072001052356	0.00059527469327131158	-1	
-21.82995920157531	11.358960846809483	0.00060452695279639493	-1	
-21.26817699825833	12.873544954210058	0.00058743001340311304	-1	
-25.477879953301628	10.246338267134162	0.00055811484355899139	-1	
-24.273332150771463	11.498713387242958	0.00056182217380406382	-1	
-13.980878517035233	13.368872600931315	0.00070859790601328007	-1	
-15.674177317577165	13.44753900577456	0.0006713821942159892	-1	
-17.300273610523476	13.191613763377452	0.00064929729447363446	-1	
-18.783658259956869	13.905236118306954	0.00060521788267930813	-1	
5.1401179388912093	10.103818546669318	-0.0014988460146000866	-1	
5.1290507274657919	9.9865975850570177	-0.001570784866339803	-1	
5.1067802818395487	9.9224288175032616	-0.0016156619334265117	-1	
5.0436612442123439	9.8685156249999988	-0.0016673672725246555	-1	
5	9.8296874999999986	-0.0017083166636544197	-1	
4.8690081580866833	9.5841792401942811	-0.0017442917044330659	-1	
4.867090109579765	9.7166505076050473	-0.0016861863750891285	-1	
4.9157842343809044	9.778698198679864	-0.0016838486022329984	-1	
3.2433555339515734	9.1791650439196761	-0.0011029932565016134	-1	
2.8040625000000006	9.4141494539077026	-0.0009088650291468243	-1	
1.8693750000000002	9.2928428377214853	-0.00059757587782374873	-1	
4.6782183844447953	9.7391654668439429	-0.0015795131079925501	-1	
4.792139788921947	9.6920846127270863	-0.0016566438888523591	-1	
3.4271875000000005	9.6422005186670958	-0.0010989507779377221	-1	
4.0503125000000004	10	-0.0012410339453440345	-1	
4.3618750000000004	10	-0.0013494042421905185	-1	
3.7387500000000005	10	-0.0011354643005872416	-1	
4.5176562499999999	10	-0.0014055302974146182	-1	
4.6451946417105461	9.8579262585146026	-0.0015137717851561273	-1	
9.5227723126345563	21.97851180752739	-0.00034407340329319097	-1	
7.4182565194384127	21.100228951550594	-0.0003204471084136889	-1	
3.548646174816207	20.086991003340472	-0.00019773675386598239	-1	
4.9417232867033896	21.221692865782693	-0.00023220390399292912	-1	
2.5191882531115004	18.923591407836412	-0.00016565914978344305	-1	
1.0109449864003393	18.551456378848233	-7.0987433541784548e-005	-1	
4.4326902086539981	10.404666832867994	-0.0012336434172168116	-1	
4.1388786899769716	10.470144871322841	-0.0011386977954547708	-1	
3.8945312500000004	10.294341257583261	-0.0011163332109301951	-1	
3.4271875000000005	10.353290202809365	-0.00096743079087078306	-1	
2.8040625000000006	10.588790091419998	-0.00075423702289797534	-1	
1.8693750000000002	10.706558874639853	-0.00049184513092569789	-1	
0.80138280000777695	11.020386275441393	-0.00019922401819809366	-1	
-1.1746316517903264	15.955304795903	0.00012396401415384976	-1	
-0.39993511985690333	17.489570015749607	3.5548314029861643e-005	-1	
-1.0220951618848864	13.360034803717063	0.00016841686107495359	-1	
-2.3703407824951883	15.289914300506165	0.00027812241336948486	-1	
-0.31156250000000002	10.99922650397103	8.0280849813780608e-005	-1	
-1.1906195091429623	11.821506132231507	0.00026401492046921975	-1	
5.0645478692231602	10.123685540318673	-0.0014880569946260156	-1	
4.9188471882826343	10.220225945130577	-0.0014189040837919247	-1	
4.5955468750000001	10.204572045387801	-0.001348625524577619	-1	
4.7784739195459354	10.084345727176153	-0.0014548933818856055	-1	
4.9865924425439978	10.129022610448176	-0.0014790817751379791	-1	
14.204129756351094	22.379272840329925	-0.00039035569279477706	-1	
12.567262709026556	22.990933614847496	-0.00036063579303668444	-1	
9.8662713737317791	23.441548447202109	-0.00030979007221368214	-1	
0	10	1.0512434459217909e-006	-1	
-0.62312500000000004	10	0.00018095139315390079	-1	
1.2462500000000001	10	-0.00036011621749524014	-1	
-3.3190119484320593	9.0521366852978318	0.0011499732323958383	-1	
-4.2872909655469975	8.6829834279339355	0.0016542863457797684	-1	
-3.9046393243559407	9.2012024886190584	0.0013779160303014715	-1	
-2.8040625000000006	9.4112318225869114	0.0009090086484540629	-1	
-1.8693750000000002	9.2934367415871435	0.00059835829694910279	-1	
-1.2462500000000001	10	0.00036339871399984386	-1	
-4.4922824776637338	5.8546627667590272	0.001731847288138073	-1	
-4.3833895640247649	6.1694465986175313	0.0017295900108096015	-1	
-4.6596814942851505	5.4670562628796366	0.001721469042679733	-1	
-4.47688212414727	6.8546409237547135	0.0018517531643523742	-1	
-4.6161945879120143	6.4738448468437912	0.0019018700587548423	-1	
-4.6562451308643826	7.2439471856976612	0.0019747331521681897	-1	
-4.6636329845662727	7.8878968918482872	0.0019618787854250139	-1	
-4.6682210409301037	8.5548482579016127	0.001888320229058366	-1	
-5	7.5	0.002190459381735667	-1	
-4.9227514920262072	4.8933179853298441	0.0015805293010657695	-1	
-4.8681640625000009	4.9562118586440747	0.0016000718425229843	-1	
-4.8292187500000008	5	0.0016099380293891556	-1	
-4.6451946417105514	5.1420737414853921	0.0015994475251907936	-1	
-4.7780989942625185	5.0844626302588374	0.0016322769595989864	-1	
-4.6782183844447722	5.2608345331560855	0.0016609963114221557	-1	
16.286727236619239	24.481210178717063	-0.00035451446691856534	-1	
14.665672514287774	24.064633607731547	-0.00035308423521904214	-1	
19.277711679289144	24.24662706097255	-0.00036830956607797154	-1	
17.807850156793588	25.179450476900612	-0.0003468343813962977	-1	
23.423095245371695	22.722886329083263	-0.00039102330726261677	-1	
24.93060476154654	21.913856401597293	-0.00039830281565877165	-1	
26.528621368039353	21.787988198732577	-0.00039331231604273147	-1	
28.047342786182984	22.055237917991651	-0.0003829195961166837	-1	
31.091475841462056	20.898064402738072	-0.0003805389295279026	-1	
30.217166875145534	22.026628707734474	-0.00037308348217259164	-1	
21.310067994782081	24.468897131541123	-0.00036555217039498626	-1	
39.352667616488255	16.949606519057514	-0.00036143280439650434	-1	
41.274715156234073	16.214983652365181	-0.0003533840387623052	-1	
42.563370681672751	14.865230913242444	-0.00035184044840487597	-1	
49.513403437078658	6.9586550480032914	-0.00033122427511813967	-1	
49.384417029757017	7.8217232520115649	-0.00033048807673942898	-1	
45.654246606211174	13.078566420912933	-0.00033958527258915925	-1	
45.264515630641725	14.180094667918373	-0.00033788829898730388	-1	
47.74987068064025	11.463729699244132	-0.00033192342049678889	-1	
47.050748071915187	12.168150808496264	-0.00033403842260250089	-1	
48.268530876923798	9.8203435967139843	-0.00033309448703843295	-1	
48.718503239261899	11.24755271719328	-0.00032672057771437489	-1	
48.907380036690427	10.395584540887995	-0.00032779479137807154	-1	
46.477837706643491	13.460777843177029	-0.00033324843223748557	-1	
48.421361880930363	8.9743689652958381	-0.00033410625769635506	-1	
49.240387650610536	8.6824088833465414	-0.000329681687398319	-1	
50.521302546081557	4.4200412393455482	-0.00032089981532087416	-1	
50.436467550819764	5.3010863514310262	-0.00032043871239569884	-1	
50.336269118952941	6.1805167012610838	-0.00031989404293623252	-1	
35.8529455186519	20.442315848342012	-0.0003582475401286739	-1	
33.907555623628646	21.016617377052622	-0.00036418414153398005	-1	
32.318331835493836	21.62806298424476	-0.00036691108561025043	-1	
39.102229402350176	18.991962561036864	-0.00035029369288696558	-1	
37.682078370478287	20.175268285353951	-0.00035025905339073726	-1	
-12.693809480422171	15.775838773175863	0.00061915409801866492	-1	
-11.05479195028957	15.662102333690543	0.00063100946187727588	-1	
-14.478900612961132	14.989188379764959	0.00063472522772150793	-1	
-5.7886620594007772	6.7507607175735957	0.0018764380764574344	-1	
-5.7221454014278059	10.079873258792432	0.0014398712737972953	-1	
-5.6770599665778851	9.7561977903087662	0.0015552350197257511	-1	
-5.4185460495254096	9.4117348185789833	0.0017333589335443618	-1	
-5.3522778669580511	8.4318749999999998	0.0019688651395638932	-1	
-5.2932030646539889	8.8978125000000006	0.0019090431913586019	-1	
-5.689919432687379	11.15553623766413	0.0011328568121904137	-1	
-5.4705129507930801	10.472861235047001	0.0013284759822224158	-1	
-5.7173565791826846	12.275096492647201	0.00090737822741265091	-1	
-5	8.1212499999999999	0.0021515679752669593	-1	
-5.3522778669580502	6.5681250000000002	0.0020123147632990857	-1	
-5	6.8787500000000001	0.002179069957053708	-1	
-9.5792703609028482	15.40909990097834	0.00064454181452315443	-1	
-8.2805523193044692	16.153751255728654	0.00057526900446766007	-1	
-6.7257878589557158	15.376282776801871	0.00058926924751748352	-1	
-4.4074653986370897	13.625190281509663	0.00062296580121422925	-1	
-5.0059335280937667	15.123595532359904	0.00051761935843769118	-1	
-5.1290507274657955	5.0134024149429806	0.0016674226630343052	-1	
-5.106780281839554	5.0775711824967473	0.0017094280882560685	-1	
-5	5.4809375000000005	0.0019274383714980021	-1	
-5	5.3256250000000005	0.0018686618954925557	-1	
-5.043661244212343	5.1314843749999994	0.0017582535379503225	-1	
-5	5.1703124999999988	0.0017971568683170934	-1	
-5	5.6362500000000004	0.001976606487234675	-1	
-5	5.9468750000000004	0.0020544698208986409	-1	
-5	6.2575000000000003	0.0021131738559962304	-1	
-5.0643892991273249	4.9863391492282538	0.0016585244240973854	-1	
-5.0136608507717444	4.9356107008726759	0.0016238446097272563	-1	
-4.9721295178261951	4.93954113700548	0.0016200120757347814	-1	
53.881076803386208	-6.6157643562794597	-0.00015606155627661078	-1	
53.988331462849288	-5.6744022916726395	-0.00015636249859011552	-1	
54.079140753552061	-4.731311749158607	-0.00015661726009234695	-1	
51.35809035880682	2.6915634639228281	-0.00032101928641961971	-1	
51.303294013362553	3.5874757925550207	-0.00032072663231956961	-1	
51.232870187575656	4.4822953413081423	-0.00032035016823713772	-1	
52.857142857143025	-6.2172489379008766e-015	-0.00026378507958085823	-1	
52.849092458266554	0.92248434025641091	-0.00026374899916145698	-1	
52.071397169345772	2.7289462898106245	-0.00026360478410408241	-1	
52.824943713866652	1.8446876828464793	-0.00026364020000664123	-1	
53.538794304594539	-1.8696158947768382	-0.00015713461718801233	-1	
53.563269383378227	-0.93495034485447226	-0.00015720421423003327	-1	
54.153477014104908	-3.7867800032525345	-0.00015682578537286565	-1	
54.211317600962744	-2.8410947674741092	-0.00015698802911929928	-1	
54.252644895322504	-1.8945441067072082	-0.00015710395608429164	-1	
54.590038340272869	-6.7028138872831375	0	-1	
-47.631397208144314	-27.500000000000107	0	-1	
-47.012807634012582	-27.142857142857249	0.00013667955026640794	-1	
-48.149681051741211	-23.484168577986363	0.00014174866996157393	-1	
-47.904840171937394	-22.338393834865631	0.00024111438764110052	-1	
-48.552202876963513	-22.640264021823253	0.00014290278343821801	-1	
-47.479355530424542	-26.318236527658403	0.00013800307531987787	-1	
-47.931440755199091	-25.485599122662741	0.00013928464994668975	-1	
-48.368925598797311	-24.645198557289778	0.00014052396319691132	-1	
-48.287402761109099	-21.498936848292381	0.0002428876511642472	-1	
-47.997753072877408	-20.373837414083606	0.00024472708299114388	-1	
-48.655256539629178	-20.652931077290265	0.0002445893942420442	-1	
-47.320704352742794	-13.123192759214808	0.00032940586404355161	-1	
-47.050748071915187	-12.168150808496264	0.00033402794154104536	-1	
-47.118624125580496	-11.009868234485015	0.00033709970113790212	-1	
-47.815237798151905	-14.61858523613688	0.00032156044360164828	-1	
-48.063084796916087	-13.781867790850001	0.00032298941017072202	-1	
-44.438366389327491	-3.7463626140971029	0.00037149356717270087	-1	
-46.246298614440747	-7.2622889087302811	0.00035220378234310581	-1	
-46.117258710305904	-5.1534499047076592	0.0003568892568944695	-1	
-46.770772788660118	-6.1718288434293811	0.00035056621310000706	-1	
-46.767031198229255	-8.2585668073114	0.00034644962212485199	-1	
-44.548082490606404	-2.2284914732379955	0.00037212676233140695	-1	
-42.082132823170454	-0.99269293205092146	0.00039338429147976262	-1	
-43.818226190550064	-0.89309632407770256	0.00037875927385788748	-1	
-47.207442338115357	-8.9663904665573888	0.00034188073026389317	-1	
-47.623098465182323	-9.6890288884226017	0.00033744359493600019	-1	
-41.270386200981562	1.4643630822552185	0.00040044629644089369	-1	
-42.557049480327152	0.68014711808368522	0.00038929085337378655	-1	
-39.350218868399338	2.4833496702097859	0.00041777636895444465	-1	
-38.379767344041461	4.4284975027455848	0.00042443963604549154	-1	
-37.016094738897749	4.054971458425686	0.00043946931973193798	-1	
-35.769196132072587	4.7215811974050927	0.00045165295890301415	-1	
-33.216428902426216	5.3119186627795916	0.0004804656987969538	-1	
-48.012707648427707	-18.430351690901219	0.00030288563332895885	-1	
-48.346015273839811	-19.533058085258311	0.00024635790324015644	-1	
-48.327049068989766	-17.58960737103445	0.00030461467124461011	-1	
-48.626669602250772	-16.74350508636811	0.00030625836772698375	-1	
-48.498312623839851	-14.827422168081718	0.00030982438025130949	-1	
-48.911477980893814	-15.892302567854488	0.00030781610781504837	-1	
-32.46914289598773	7.4652678047115861	0.00048056448276758253	-1	
-33.967396922330977	6.6211274650356877	0.00046620805419696801	-1	
-31.355041104179218	8.46722556503852	0.00048906854693308275	-1	
-30.937193562169092	9.8034203661422836	0.00048527269330566236	-1	
-30.078169061280462	11.115169058578617	0.0004856081801895136	-1	
-28.512502745249215	11.029748264385812	0.00050621815592155812	-1	
-26.975908733436164	10.744231604556459	0.00053017854476562157	-1	
-23.977814471203409	13.017111744262737	0.0005440739410194445	-1	
-22.929472481212738	14.474924741119441	0.00053479061797066471	-1	
-20.65270014379756	14.898808234868035	0.00055592473073202747	-1	
-25.678178921899715	12.146223865295767	0.00053260418998894883	-1	
-15.916497854417116	14.869603403933796	0.00061993577747596702	-1	
-17.282307455127384	14.586366806940676	0.0006093137665667285	-1	
-18.701383693006306	15.71909307760856	0.00056091677672467889	-1	
5.0643892991273249	10.013660850771746	-0.001561512987174314	-1	
5.0604667684792908	9.9721144488063729	-0.0015930268414860672	-1	
5.0389948609875868	9.9267578125	-0.0016317157271968654	-1	
5	9.907343749999999	-0.0016600848911034315	-1	
4.9560959443068446	9.8685156249999988	-0.0016579028662002703	-1	
4.8484108231536247	9.7932802538950821	-0.0016392939908050567	-1	
4.8988705102622365	9.8402444195067567	-0.0016412409231591901	-1	
3.1156250000000005	10	-0.00093183584640230111	-1	
2.4925000000000002	10	-0.00073581963387767948	-1	
4.7809241245606131	9.8073286839751912	-0.0015980704187424984	-1	
4.2060937500000009	10.176725857396859	-0.0012424116028716022	-1	
4.4397656249999997	10.146771202362924	-0.0013242660396294058	-1	
4.6734375000000004	10	-0.0014601655843434161	-1	
4.7780989942625176	9.9155373697411626	-0.0015426465459991842	-1	
7.7959294851106229	23.155791138892987	-0.0002732544666234286	-1	
5.4430182124394761	22.947066898775265	-0.00021028478638112185	-1	
2.6514582024193487	21.273840780599802	-0.00013250644403620709	-1	
3.0285284123760894	22.713068597297802	-0.00012663498228563375	-1	
1.1683208881274108	21.156102262904835	-5.9707631354234595e-005	-1	
-0.63452742901478432	19.192241719251079	4.07759620586514e-005	-1	
-2.3996412901434439	16.657980935165082	0.00022216611990970306	-1	
-2.6663144131806962	18.044807462238985	0.00020073096435426082	-1	
-2.5241520158901087	13.733258779283757	0.00038068428232118613	-1	
-2.487909679216374	11.847195527195572	0.00053217075390163816	-1	
-3.475297981897457	14.613167062864649	0.00043286146911279005	-1	
-3.5934423307301122	15.903500023385009	0.00036004249247990742	-1	
-0.93468750000000012	10.645332752549921	0.00025086846183090334	-1	
-1.8693750000000002	10.706565621840895	0.00049524724113498761	-1	
5.0136608507717435	10.064389299127324	-0.0015253690349437909	-1	
4.9227514920262214	10.10668201467014	-0.0014814805822914317	-1	
4.8681640625000009	10.043788141355924	-0.0015042071499985531	-1	
4.8292187500000008	10	-0.0015162663080382573	-1	
4.9721295178261977	10.060458862994516	-0.0015221925757368431	-1	
11.563920223664811	24.185123480730226	-0.00031805406113097448	-1	
13.067031968986049	24.601585555577671	-0.00032692285749531314	-1	
8.6382584098134014	24.695830598637293	-0.00025713442689834719	-1	
11.161632918432035	25.69209080046793	-0.00028006160833014284	-1	
-3.4271875000000005	9.64667691706879	0.0010982029852577141	-1	
-4.3427256862789587	9.0810454028423173	0.0016089312104221162	-1	
-4.5824165193194037	8.9557970119819483	0.001764875933737288	-1	
-3.8945312500000004	9.7058225988570808	0.0012600967259014488	-1	
-4.3333820730560717	9.3513259085186906	0.0015383869356582378	-1	
-3.1156250000000005	10	0.00093267763450783595	-1	
-2.4925000000000002	10	0.00073764081592599888	-1	
-4.8153304275264093	5.7903063757194584	0.0019012483844304117	-1	
-4.7096145494159272	6.1021875000000003	0.0019048296241597291	-1	
-4.8797158061428911	5.55859375	0.0018763649504008255	-1	
-4.7921397889219604	5.3079153872729234	0.0017376430331761511	-1	
-4.8690081580867233	5.4158207598056984	0.0018219317269891589	-1	
-4.8345519840403473	8.8978124999999988	0.0019255706050720391	-1	
-5	8.7424999999999997	0.0020622109408245035	-1	
-4.9265820312500006	4.9608464693346557	0.0016219393508571148	-1	
-4.907109375000001	5	0.0016398117836862213	-1	
-4.8681640625000009	5.0440219475212951	0.0016504535919001139	-1	
-4.7809241245606069	5.1926713160248159	0.0016834563903236112	-1	
-4.8401002014094878	5.102033062703291	0.0016693493876549529	-1	
15.856695525975564	26.098747560086672	-0.00032004700845197508	-1	
13.64087833429676	26.187356452144396	-0.00030048068014933035	-1	
19.843246340573931	25.893084763891807	-0.00034055927040124322	-1	
17.698686723646595	27.333561631270456	-0.0003091409088518511	-1	
23.38571931017044	24.603550325168005	-0.00036220826927531302	-1	
25.895339193819058	23.194007702931245	-0.00037686801043236942	-1	
27.415853123015559	23.464644841031365	-0.00036816744143592506	-1	
30.086316710131076	23.430813384769031	-0.00035851473727341099	-1	
28.833278796926241	24.077924164291524	-0.00035595009295527879	-1	
32.315873889320677	23.330852442113443	-0.00035041494676665391	-1	
20.833393509839492	26.976191016495203	-0.00032543226919134663	-1	
22.282432368524614	26.744249305598451	-0.00033081554992189121	-1	
41.078071418574183	18.070730607219776	-0.00034443781302093666	-1	
43.00373591498365	16.997119773020174	-0.00033904963138715422	-1	
44.448997104287827	15.953019791421124	-0.00033543990707986731	-1	
50.220737771894107	7.0580644058319262	-0.00031926572787179886	-1	
50.089908701610746	7.9334621556117479	-0.00031855342534482323	-1	
45.662800028221376	15.278559164802008	-0.00033120351337348524	-1	
46.349434848640321	14.613920673001649	-0.00032981744818190331	-1	
48.514786313799974	12.096094779983421	-0.00032556682223073918	-1	
47.320704352742794	13.123192759214808	-0.00032938850551777614	-1	
48.296291314453555	12.940952255126076	-0.00032431219702968298	-1	
49.08135917238333	9.5404497688272674	-0.00032878649474930968	-1	
49.606056894357486	10.544092891472131	-0.00031591347781190779	-1	
49.414481856965693	11.408232041724636	-0.00031486463589234869	-1	
49.782521446274579	9.6767419083819615	-0.00031687796696722815	-1	
47.218027597396635	13.986616979840818	-0.00032710174200474573	-1	
49.943821759905028	8.8064432959657957	-0.00031775776969880724	-1	
51.146840333225654	5.3757495394793313	-0.00031988973851356439	-1	
51.045230655839589	6.2675662322647412	-0.00031934571970712881	-1	
50.9280721067095	7.1574737636605255	-0.00031871810588266787	-1	
36.979598231560715	21.761469599737193	-0.0003423908345240101	-1	
35.126885761118608	22.203121721625962	-0.00034784989174792058	-1	
33.643523784749483	22.697345115843401	-0.00035054159292190185	-1	
40.871431892784166	20.265753177131977	-0.00033292043060409671	-1	
39.241701532326751	21.16754696775833	-0.00033548636576240443	-1	
-12.435264336595472	17.314337481186268	0.00055073156189696423	-1	
-13.92785752808885	16.860476896145371	0.00056661010827571234	-1	
-9.5681192367642556	16.894499642338232	0.000554950334617852	-1	
-10.895015610017259	17.562244169720984	0.00053312243549497301	-1	
-15.373654396472682	16.269446587175295	0.00057869414478208751	-1	
-5.3977431401971758	10.149211471430236	0.0014522087137667724	-1	
-5.4158233098439572	9.9525492978461596	0.001532527817587462	-1	
-5.3503031337411207	9.7508613562733881	0.0016310527546342232	-1	
-5.1765749413142821	9.2084374999999987	0.001876312691629457	-1	
-5.1445398967563376	9.44140625	0.0018170477245934352	-1	
-5.2099614345306007	9.5918798267955498	0.0017371841800568465	-1	
-5	9.0531249999999996	0.0019927297003311151	-1	
-5.0033696351918593	10.948573103134358	0.001149449991574532	-1	
-4.7178978129475331	11.769873634750537	0.00092288207303761456	-1	
-5.2266921875466537	10.247925577061695	0.0014182852848923181	-1	
-5.0559335453640983	10.421187355357425	0.0013357242651513231	-1	
-6.9916074033819768	17.094156384693118	0.00048191908149985968	-1	
-7.8075851009748876	18.46525856903099	0.00043466617374517466	-1	
-5.5503218118565911	17.778580702296189	0.00038115292068243128	-1	
-3.6163095602874233	12.195162554705769	0.0006996691705162851	-1	
-4.0589040536364989	17.376396610873904	0.00031657188357790792	-1	
-5.0604667684792926	5.0278855511936289	0.0016883057501579654	-1	
-5.0389948609875841	5.0732421874999982	0.0017249140083078645	-1	
-4.8670901095797658	5.283349492394942	0.0017690087174641455	-1	
-4.9157842343809044	5.2213018013201324	0.0017696860887423118	-1	
-5	5.0926562499999992	0.0017520653762609559	-1	
-4.9560959443068455	5.1314843749999994	0.0017478034488872464	-1	
-5.0191748514696144	4.9808251485303856	0.0016574699851642667	-1	
-5.0240535968859632	5.0075000000000003	0.0016798665099681531	-1	
-4.9924999999999997	4.9759464031140377	0.0016512055749339674	-1	
-4.9655273437500007	4.9807322919042667	0.0016479090485764436	-1	
54.698704245255193	-5.749065479720965	0	-1	
54.790708395046167	-4.7935658511212207	0	-1	
52.015839763548115	3.6373018452293753	-0.00026335045217538007	-1	
51.944437829069727	4.5445494432707347	-0.00026302338912173145	-1	
51.857213115631538	5.4504127275276346	-0.00026262360589175102	-1	
53.571428571428697	3.7747582837255322e-015	-0.00015722744608697155	-1	
53.563269383378227	0.93495034485447992	-0.00015720430758753943	-1	
52.784703979884782	2.7663291156984617	-0.00026345868608151164	-1	
53.538794304594546	1.869615894776846	-0.00015713480357026753	-1	
54.277446308489985	-0.94741634945254338	-0.00015717354106089526	-1	
54.285714285714455	-6.994405055138487e-015	-0.00015719676886501586	-1	
54.866022764290499	-3.8366060559269104	0	-1	
54.924624411501739	-2.8784775933619269	0	-1	
54.966495486050434	-1.9194723186375668	0	-1	
-48.104083892666964	-26.664529113548639	0	-1	
-48.791676799097843	-23.797290825692865	0.00014172071648469082	-1	
-48.939935230853742	-21.789463021917935	0.00014401376817151497	-1	
-49.199565581989773	-22.942134208780914	0.00014287462346593391	-1	
-48.562117607241184	-25.82093595322409	0	-1	
-49.005358830360429	-24.969477485675167	0	-1	
-49.433672546454382	-24.110413073399346	0	-1	
-49.312760006380856	-20.932024740496875	0.00014508136193598585	-1	
-49.008289455673236	-19.800634223412569	0.00024621946482374888	-1	
-49.670563637506589	-20.068210361566781	0.00014610531438073292	-1	
-48.296291314453555	-12.940952255126076	0.00032431747353047136	-1	
-47.885319905860591	-11.496248181153394	0.00033101022415586045	-1	
-48.514786313799974	-12.096094779983421	0.00032556738790850406	-1	
-47.942667814052257	-10.628633567238849	0.00033303728978233474	-1	
-48.749700294014936	-13.978751616433595	0.00031121270840156175	-1	
-48.986238333231512	-13.1258230016279	0.0003125155467690901	-1	
-46.462374907422763	-3.6409562192244431	0.00035633645839942401	-1	
-46.043784298560347	-2.5092877068595989	0.0003604606159635207	-1	
-47.369777016979086	-7.2231947397257752	0.0003445787934884097	-1	
-47.399243966659277	-4.4013298678677621	0.00034881778898316343	-1	
-47.599526621756233	-5.2632341750205374	0.00034629802380647668	-1	
-48.182963480111013	-6.3434074833188987	0.00034073154608303322	-1	
-47.674820435376603	-8.276076031734668	0.00034041804830867341	-1	
-46.047975203947729	-0.77506134186896558	0.00036124435043350132	-1	
-45.58574701444855	0.4713020989857723	0.00036480839013078293	-1	
-44.219128895513776	1.8217046682428479	0.00037506209610090415	-1	
-48.284396398319402	-8.9489839135601361	0.00033504017485998564	-1	
-49.08135917238333	-9.5404497688272674	0.00032878636433729467	-1	
-48.907380036690427	-10.395584540887995	0.00032779318663572212	-1	
-40.752793941249315	2.8076824087499932	0.00040405142464738046	-1	
-42.184976590331118	2.6618694465753672	0.00039138794241595369	-1	
-39.760763640808868	3.9028314596098679	0.0004117470712724754	-1	
-39.514402354254656	5.3324725134897282	0.00041127525241689046	-1	
-38.083711973212338	5.9641577648443205	0.00042347075979630027	-1	
-36.529501718597537	6.0822625208774115	0.00043915786649848307	-1	
-48.679550810211403	-18.686328797719263	0.00024791687555377498	-1	
-49.346393971995148	-18.942305904537371	0.0002477777242964057	-1	
-48.998258083836816	-17.833907473409901	0.0002494038758186557	-1	
-49.30204001339311	-16.976053768123197	0.00025081879276169406	-1	
-49.18138744952774	-15.036259100026506	0.0003092877886561489	-1	
-49.590804063961741	-16.113028992407997	0.00025216152537002742	-1	
-34.07706802353318	8.0751160028148838	0.00045834769325926473	-1	
-33.030758199020852	9.0906681529091937	0.00046485985130223083	-1	
-35.976629909063234	7.4875097450985573	0.00044004808278348624	-1	
-33.06484283143611	10.406858178292328	0.00045634365971970183	-1	
-31.975083329871509	12.189626853935167	0.00045539881633380874	-1	
-29.216436249396612	12.42514015984694	0.00048387406969691899	-1	
-27.102065232900223	12.196754006574348	0.0005125455099398423	-1	
-25.767398523960811	14.764443365302938	0.00049640978567299266	-1	
-24.138907654005582	15.802142215610139	0.00049902189689997865	-1	
-26.392883046078154	13.432499185697674	0.00050665199124594112	-1	
-22.236156539707547	16.131292051542072	0.00051322236069711749	-1	
-20.046429991294239	16.187661301375549	0.00053520875823223006	-1	
-16.897620304954472	15.927140699795256	0.00057511741335546898	-1	
-17.943308417176194	17.06991197043417	0.00053327931942300747	-1	
5.0191748514696144	10.019174851469614	-0.0015607498715497052	-1	
5.0240535968859632	9.9924999999999997	-0.0015841662980353255	-1	
5.0192494383489237	9.9655859375000002	-0.0016086923167041558	-1	
5	9.9461718749999992	-0.0016318144346432297	-1	
4.9626562028793417	9.9267578125	-0.0016236000763834488	-1	
4.9042744875073749	9.9038432276054067	-0.0016073675716134425	-1	
4.8401002014094843	9.8979669372967134	-0.0015796491735765045	-1	
4.8681640625000009	9.955978052478704	-0.0015580739433352945	-1	
6.5294065163886259	24.066742053639807	-0.00021970557297220348	-1	
4.4514125983182282	24.783758606012	-0.00014782128938226397	-1	
1.5892280980275002	22.542955204607928	-6.9004687668579122e-005	-1	
2.076408119727911	24.594901948664774	-7.2583044681196669e-005	-1	
0.18195584638206427	22.196388081231817	-7.6822737311233566e-006	-1	
-0.83196174165879011	21.182937685775308	4.4652967364309972e-005	-1	
-2.3901629671775049	19.928402042703731	0.00014027918043499563	-1	
-4.2629039030589357	19.586306220221552	0.00024733788905731966	-1	
-2.8040625000000001	10.588756365259929	0.00075813630967896299	-1	
-3.7493714116023127	11.021850197504971	0.00091865969473198684	-1	
4.9924999999999997	10.024053596885961	-0.0015545944168676258	-1	
4.9265820312500006	10.039153530665343	-0.0015255196587730879	-1	
4.907109375000001	10	-0.0015451640195037718	-1	
4.9655273437500007	10.019267708095732	-0.0015518025213885353	-1	
8.3982535049897002	26.434691490319267	-0.00021918591095696584	-1	
10.065594996692223	27.126363847706276	-0.00023633962767351306	-1	
5.9921633475566098	25.531420099123441	-0.000179909858656817	-1	
12.899806383134299	27.528037124416887	-0.00026785926639799601	-1	
11.520615884013839	28.194704859454824	-0.00023963987494264501	-1	
-3.7387500000000005	10	0.0011353959548846021	-1	
-4.5779600899828754	9.2144756474302572	0.001699263004868219	-1	
-4.783271030571723	9.1188674308488373	0.0018412817826551115	-1	
-4.2089070732964258	9.8152574329889024	0.0013518053384256289	-1	
-4.0503125000000004	10	0.0012398781059187139	-1	
-4.6123964626677294	9.3777336860369562	0.0016706047090684273	-1	
-4.5464921121732536	9.6553714533228252	0.001545164343011786	-1	
-3.4271875000000005	10.353340810516123	0.00096749757632287354	-1	
-4.8484108231536229	5.2067197461049135	0.0017249276644141342	-1	
-4.9460546875000002	5	0.0016549949391410346	-1	
-4.9265820312500006	5.037540423285872	0.0016730036654859545	-1	
-4.904274487507382	5.0961567723945915	0.0016980811272945277	-1	
-4.8988705102622383	5.1597555804932416	0.0017293404112649824	-1	
15.959086332611768	28.635964453063657	-0.00027737847628877524	-1	
14.410786771693644	27.78012950271064	-0.00027882813492279826	-1	
18.954981084756518	28.319006112846914	-0.000299359686029746	-1	
17.804687740144253	29.512221955002776	-0.00027625806370911457	-1	
23.904456361363795	26.225559279571478	-0.00033855301162555551	-1	
26.251714773047631	24.870144344369358	-0.00035355786974942548	-1	
27.707493985525122	24.735231112348927	-0.00035166102556297499	-1	
31.202696185117198	24.292528674602423	-0.00034533775417191012	-1	
29.967899901359701	24.738236259295274	-0.00034493239320942682	-1	
28.886532478323979	25.29138945135373	-0.00034209767267203464	-1	
32.350735133879112	25.207922508023287	-0.00033255867056401788	-1	
33.463992424331458	24.250531520289435	-0.00033736358651741821	-1	
20.548721155376388	28.4157993735971	-0.00030361062148990468	-1	
22.190124243842295	29.150764090622598	-0.00029785217413866262	-1	
23.958365849415699	28.822589048279365	-0.00030473347012711943	-1	
43.246918809300126	18.466868173961377	-0.0003303442540855653	-1	
42.792874222943752	20.498753871774372	-0.00032192594913091506	-1	
44.039156895904412	18.068194781797082	-0.00032805488856390294	-1	
44.543158937638715	17.338425228161242	-0.00032872402167775396	-1	
45.811181548912309	16.222590216045482	-0.000326572384020618	-1	
50.795400373464403	8.0452010592118928	-0.00031800673779656865	-1	
50.647255869199448	8.9304777085850127	-0.00031721187136576554	-1	
46.569038130024282	15.581782192019711	-0.00032495148797446197	-1	
47.55282581475781	15.450849718747417	-0.00032004634441398609	-1	
47.815237798151905	14.61858523613688	-0.00032156275833635238	-1	
49.207854689711439	12.268896133983207	-0.00031373138999318546	-1	
48.063084796916087	13.781867790850001	-0.0003229885758664606	-1	
48.986238333231512	13.1258230016279	-0.00031251300487612771	-1	
50.110460474669424	11.568911366255946	-0.00031432210192518657	-1	
50.304733752024475	10.692601242056222	-0.0003153697033189631	-1	
49.900923065622862	12.441697487982948	-0.00031319009640581619	-1	
50.483683720165757	9.8130340479366165	-0.00031633299528089492	-1	
51.754192192726229	6.3546157632683959	-0.00026215111717920982	-1	
51.635406441524886	7.2568831214891212	-0.00026160593919464397	-1	
51.500892045318047	8.1569399628120358	-0.00026098808975766601	-1	
38.228980267939235	22.965029935781647	-0.00032796123080284189	-1	
36.361217032566188	23.653647973448777	-0.00033073261862976962	-1	
34.857181598834103	23.683070344617054	-0.00033681125109330111	-1	
41.075324992136949	21.494774864250349	-0.00032457410674808173	-1	
42.319941388740347	21.549517248898155	-0.00031838703135414443	-1	
40.27702278794068	22.715888979809577	-0.0003206636325909184	-1	
-13.708685924489211	18.820942111672615	0.00049516329420096303	-1	
-12.062676476729562	19.908192290335599	0.00044814168740848868	-1	
-15.237114356284298	17.999330025206007	0.00052184745445361827	-1	
-9.5295835439666465	18.623306383951601	0.00046704125204756198	-1	
-10.555189346026721	19.740752674774807	0.00043802256450405135	-1	
-16.517989569943612	17.324332150243535	0.00053645565568269523	-1	
-5.2361921196805321	10.035614944972332	0.0015220762591670691	-1	
-5.2208148158131511	9.9188009131758452	0.0015851750213037891	-1	
-5.0840943598786907	9.7790875646451116	0.0016971163404328213	-1	
-5	9.3637499999999996	0.0019028630529162429	-1	
-5	9.5190625000000004	0.0018470070877253761	-1	
-5	9.6743749999999995	0.0017818138904317716	-1	
-4.4859927392262584	10.93187079387776	0.0010840436841322069	-1	
-4.7468780719380508	10.484772747819223	0.0012691379830214163	-1	
-5.1401179388912093	10.103818546669318	0.0014936126758848688	-1	
-5.0735566842667783	10.178560929192745	0.0014515640487217391	-1	
-4.9188471882826326	10.220225945130583	0.0014139286257688862	-1	
-6.2231995646256077	19.620084319057948	0.00033213646879605858	-1	
-8.4478422278478664	20.949361872459608	0.00035316941875272105	-1	
-5.0192494383489228	5.0344140624999998	0.0017032488229955472	-1	
-5	5.053828124999999	0.0017253699575484741	-1	
-4.9626562028793435	5.0732421874999982	0.0017159317575642619	-1	
-5	5	0.0016764905124484334	-1	
-5	5.0149999999999988	0.0016930806333776904	-1	
-4.9850000000000003	5	0.001670798528309754	-1	
52.728385513733734	3.6871278979037712	-0.00026320446420702011	-1	
52.656005470563869	4.6068035452333689	-0.00026287754286537311	-1	
52.567585898037485	5.5250759155759805	-0.00026247793321691038	-1	
54.277446308489985	0.9474163494525295	-0.00015717363432529347	-1	
54.252644895322511	1.8945441067071944	-0.00015710414228098981	-1	
53.498010790423734	2.803711941586287	-0.00015701894888966268	-1	
54.211317600962765	2.8410947674740954	-0.00015698830758748635	-1	
54.991623233601693	-0.95988235405060374	0	-1	
55.000000000000178	-7.5495165674510645e-015	0	-1	
-49.592467700598533	-22.079989195543526	0.00014398540991458094	-1	
-49.846928287015949	-23.244004395738553	0	-1	
-50.245000170343246	-22.370515369169091	0	-1	
-49.970263473132668	-21.211118403703512	0.00014505281360009046	-1	
-50.013237133778787	-19.198283011355432	0.00014708538690969071	-1	
-50.332837819340085	-20.335786499721017	0.0001460765841658078	-1	
-49.207854689711439	-12.268896133983207	0.00031373362855035371	-1	
-48.718503239261899	-11.24755271719328	0.00032673072403067977	-1	
-49.414481856965693	-11.408232041724636	0.00031486682330299909	-1	
-49.436315791113735	-14.175635442017143	0.00031067436542354428	-1	
-49.676185352009419	-13.310693748129676	0.00031197573696288653	-1	
-47.666099678846479	-3.5576591942668259	0.00034788162044318655	-1	
-47.479286529459856	-2.4503717077607083	0.00035008508485946563	-1	
-47.191410381293068	-1.6449427964801711	0.00035258756609234397	-1	
-48.567297883216305	-7.2584313014680477	0.00033667665574381862	-1	
-48.268061961991236	-4.233557797461069	0.00034311146661139411	-1	
-48.791027596861234	-5.5590354089107574	0.00033796476163211654	-1	
-49.627307582066237	-6.0934671702573917	0.00033185907883567128	-1	
-49.513403437078658	-6.9586550480032914	0.00033121715001122254	-1	
-48.57061140768225	-8.1279328376413105	0.00033497882681639713	-1	
-46.799389371799485	-0.071052908652785851	0.00035580531187785432	-1	
-47.483175919240857	-0.84091463859269078	0.00035079202175769688	-1	
-46.114621139905218	2.1352988861564297	0.00036017468671389847	-1	
-46.840829282147659	0.90930349986732106	0.00035538504700413485	-1	
-44.103922447283409	3.7395054025067247	0.00037416709931690063	-1	
-45.939441192753002	3.6004953056187148	0.00036019547663924853	-1	
-49.240387650610536	-8.6824088833465414	0.00032969087240677843	-1	
-49.782521446274579	-9.6767419083819615	0.00031687901509369409	-1	
-49.943821759905028	-8.8064432959657957	0.00031775860606816117	-1	
-49.606056894357486	-10.544092891472131	0.00031591491988669962	-1	
-41.232626397845969	4.8866751397455337	0.000396514973323906	-1	
-42.847120294765858	4.760730606849644	0.0003829142716673647	-1	
-40.466653813951169	6.426905966906256	0.00039980322089088767	-1	
-38.961030036767824	7.2588446916900295	0.00041109661957638137	-1	
-37.477364055353824	7.3196287720360358	0.00042518324649184444	-1	
-49.669467098683917	-18.078207575785413	0.00024926404805838406	-1	
-50.340676113530932	-18.322507678160882	0.00014802135256352002	-1	
-49.977410424535513	-17.208602449878342	0.00025067832426845589	-1	
-50.270130147029732	-16.333755416961562	0.00025202045235234389	-1	
-49.86446227521558	-15.245096031971293	0.00025343198632931502	-1	
-50.54753710090349	-15.453932963916136	0.00025329034487159746	-1	
-35.112810556439349	9.1014433501857415	0.00044181341788933896	-1	
-34.333793129719659	10.757975089834668	0.00044067046487096837	-1	
-36.895567052814222	8.6858175205860331	0.00042561269003809954	-1	
-33.293812929294411	11.703426972985344	0.00044501180186881352	-1	
-33.127569819411967	13.099063497674461	0.000436580540866503	-1	
-31.556059825588136	13.90560014025943	0.00044516592822205767	-1	
-29.427858164755687	13.979543300028796	0.00046626643834231531	-1	
-27.864036627609032	13.400666426760214	0.000489799600185021	-1	
-25.075291914654567	17.111613747649436	0.00046961367282412618	-1	
-26.922723726600093	15.750306040686702	0.00047114184596839669	-1	
-23.555690604248099	17.642973356787572	0.00047403559130810468	-1	
-28.255295049713425	15.021639307958825	0.00046673365640797013	-1	
-21.969319573691742	18.120047579423549	0.00047793597460106058	-1	
-20.408443978290851	17.565214058289431	0.00050163265092233525	-1	
-18.120794301653497	18.60870648753215	0.00049256571543695071	-1	
5	10	-0.0015807493038904759	-1	
5	9.9849999999999994	-0.0015979474669065212	-1	
4.9684464031140365	9.9684464031140383	-0.0015952537027307096	-1	
4.9265820312500006	9.9624595767141297	-0.0015796503907425637	-1	
4.9089095478107057	26.43409406305258	-0.00013937637070024909	-1	
3.5155124828192186	26.21798367669275	-0.00010403027382754512	-1	
0.20118656872941254	23.629824776278916	-7.7467485450869175e-006	-1	
1.1512411700229905	26.055973965116152	-3.5809318070168608e-005	-1	
-1.5715252327091407	22.936759805448936	6.4383644070385116e-005	-1	
-3.7201965253321081	21.912390631586923	0.00016824388414323608	-1	
-5.5424531491422018	21.627896496182277	0.00024473624905404329	-1	
-3.8945312500000004	10.294089320084421	0.0011172176150601573	-1	
-4.4100050417629184	10.419832036118423	0.0012183097795084824	-1	
4.9850000000000003	10	-0.0015752235048354746	-1	
4.9460546875000002	10	-0.0015598754669798119	-1	
6.4496602970490873	27.181755556164021	-0.00016623599154225253	-1	
7.8460519445897479	27.909188718343813	-0.00018548233106762253	-1	
9.1780398542077073	28.748758160017218	-0.0001971136378182546	-1	
12.754684307272409	28.98776752910738	-0.00024261386132462643	-1	
11.260986587510544	29.955394153807138	-0.00021079291656515064	-1	
-4.7760508484576283	9.3452330253494065	0.0017715219329061623	-1	
-4.4397656249999997	9.8803214919705589	0.0014194417064354902	-1	
-4.3618750000000004	10	0.0013469691497181983	-1	
-4.2060937500000009	10.177105839912949	0.0012388950877167142	-1	
-4.7422956662688973	9.4824487653578373	0.0017062482250777189	-1	
-4.7444575962580871	9.682214093360054	0.0016316312740547627	-1	
-4.6941192805536156	9.789971153802087	0.0015611083256236579	-1	
-4.5813806663270071	9.8620164430224246	0.0014823564646873704	-1	
-4.9684464031140383	5.0315535968859608	0.001689347082319018	-1	
16.547651013033402	30.592405963089107	-0.00025368385043122608	-1	
14.119655164670899	29.525101531133267	-0.00024863958034851142	-1	
19.428563720828201	29.843832606201968	-0.00027990696408714309	-1	
18.831215801921971	31.557660793441244	-0.00025490905793201768	-1	
17.378724073395318	31.810098225991101	-0.00024343420814820915	-1	
25.592301043829366	26.451792575791373	-0.00033433350510643592	-1	
27.497570143537509	26.046699481225872	-0.00033655616045899495	-1	
30.96479490133385	25.768494034522238	-0.00033138170316055789	-1	
29.415896068542125	26.384599470901087	-0.00032896145807217303	-1	
33.083952282796155	26.480059258012556	-0.00031874453795992453	-1	
31.507281281204207	27.161612583736243	-0.00031649894156366207	-1	
35.632874790710808	24.878620328087244	-0.00032401784383910987	-1	
34.759974018253097	26.104083826179746	-0.00031699418154752443	-1	
20.925764732052066	30.869708194949308	-0.00027247020199856097	-1	
23.122929447570215	30.68837642342821	-0.00028095332697027775	-1	
26.650190189514479	27.800580312721348	-0.00031737560766751749	-1	
25.144109041578634	30.027627710539289	-0.00029152820961439154	-1	
43.815610121448501	19.967923934523345	-0.00031973346144030166	-1	
44.567957124653823	19.378699284527791	-0.00031896083780601849	-1	
43.055471423466635	22.081854961291334	-0.00031214282618217471	-1	
43.864500677580253	20.922293577227652	-0.00031462465091028368	-1	
44.921204705084804	18.160787015846477	-0.00032297198874512475	-1	
45.996873174019299	17.197526183971419	-0.00032152242660952025	-1	
47.27592877996598	16.278407722857882	-0.0003184541586124072	-1	
46.984631039295557	17.101007166283487	-0.00031675643315863457	-1	
51.350689978493861	9.0545121212042261	-0.00026029758926227986	-1	
51.184845994056914	9.9493261874912697	-0.00025953445885226273	-1	
48.232151897825844	15.671576143300978	-0.00030834736848764322	-1	
48.498312623839851	14.827422168081718	-0.0003098214744741774	-1	
48.749700294014936	13.978751616433595	-0.00031121008299995903	-1	
49.676185352009419	13.310693748129676	-0.00031197325158290376	-1	
49.436315791113735	14.175635442017143	-0.00031067172123808927	-1	
50.806439092373132	11.729590690787257	-0.00025779041310638952	-1	
50.59399144153425	12.614498841982687	-0.00025680956386580267	-1	
51.003410609691443	10.841109592640317	-0.00025869872329383652	-1	
50.366132370787291	13.495564494631456	-0.00025575621630595226	-1	
52.463153729612912	6.4416652942720951	-0.00026200564961869092	-1	
52.342740776340321	7.3562924793177631	-0.00026146070830164361	-1	
52.206383717171754	8.2686788664122233	-0.00026084312727993482	-1	
38.970432815767751	24.89033445688867	-0.00031166398883274502	-1	
36.875293595193213	25.576785928190791	-0.00031426971900317985	-1	
41.72718937069979	22.556443143578619	-0.00031529163846919151	-1	
40.588364154932272	24.141186368301693	-0.00031030462788892316	-1	
41.908559254999894	23.710721999548081	-0.00030768529269480696	-1	
-15.241708725155654	19.840335208549799	0.00046543575004966815	-1	
-14.204749950982533	21.361531347773603	0.00041738979963486624	-1	
-12.614915055783788	21.399517366712509	0.00040504247184134159	-1	
-10.738713381835835	21.246366304619517	0.00038752399579349006	-1	
-16.538786984778927	18.916589926337757	0.00049057231743315842	-1	
-5.1290507274657919	9.9865975850570177	0.0015655091383875008	-1	
-5.1067802818395496	9.9224288175032562	0.0016106663449703157	-1	
-5.0436612442123447	9.8685156249999988	0.0016626186238412625	-1	
-5	9.8296874999999986	0.0017037271770732028	-1	
-4.8795799868243801	9.44140625	0.00180137269401614	-1	
-4.8576113689559337	9.6455841353022684	0.0017085722560039873	-1	
-4.9157842343809044	9.778698198679864	0.0016794435748413716	-1	
-4.5907011684030632	10.210606443194928	0.0013417061632551063	-1	
-5.0786042040224322	10.078604204022433	0.0015115730603656472	-1	
-4.9865924425439978	10.129022610448176	0.0014736644128323126	-1	
-4.9227514920262179	10.10668201467014	0.0014762894164303195	-1	
-4.7784739195459354	10.084345727176153	0.0014497854666438881	-1	
-7.3270362779154894	22.09353495313912	0.00028768864098594366	-1	
-8.9145701638263226	22.305841752465732	0.00032106226980140723	-1	
53.440931263919289	3.7369539505781537	-0.00015685676842748682	-1	
53.367573112057926	4.6690576471959888	-0.00015664829710940604	-1	
53.277958680443341	5.5997391036243105	-0.00015639357993321606	-1	
54.991623233601707	0.95988235405058864	0	-1	
54.966495486050455	1.9194723186375522	0	-1	
54.153477014104929	3.7867800032525212	-0.00015682615512819457	-1	
54.924624411501746	2.8784775933619127	0	-1	
-50.627766939884417	-21.490212066910132	0	-1	
-50.680080295562576	-19.454260118173515	0.00014705648300906456	-1	
-50.995112001173517	-20.603362637875232	0	-1	
-49.900923065622862	-12.441697487982948	0.00031319232923371674	-1	
-50.110460474669424	-11.568911366255946	0.00031432414353992891	-1	
-50.122931288212499	-14.372519267600691	0.00025463010261574657	-1	
-50.366132370787291	-13.495564494631456	0.00025575580965906482	-1	
-49.015098623164825	-2.997891858727161	0.00033925514651774526	-1	
-48.028892882651526	-1.4711283329615044	0.00034680100177685442	-1	
-48.552477147994502	-2.1198469328254292	0.00034292224870417353	-1	
-49.384417029757017	-7.8217232520115649	0.00033050050734577532	-1	
-49.094181590875223	-3.8637958863596431	0.00033798465387212728	-1	
-49.030616239285138	-4.7211113702195497	0.0003374825956101839	-1	
-49.726094768413809	-5.2264231633826883	0.00033241990096103503	-1	
-50.336269118952941	-6.1805167012610838	0.0003198907019720575	-1	
-50.436467550819764	-5.3010863514310262	0.00032043413695882495	-1	
-50.220737771894107	-7.0580644058319262	0.00031926378454351281	-1	
-47.827888088842613	-0.021641222499652276	0.00034847790478717978	-1	
-48.382527810644973	-0.71619877172600599	0.00034460409079434132	-1	
-47.461268017506626	1.6694822482957938	0.00035067446174059339	-1	
-47.365484200622085	2.8177829932207801	0.00035065973629664531	-1	
-47.820927562949421	0.86215147058402553	0.00034842971996988258	-1	
-45.451762890365636	4.993211513203712	0.00036205641171487137	-1	
-44.247083941920167	5.5747050261064146	0.00037021522165477225	-1	
-48.002637712359231	3.7778895200464637	0.00034534436864054434	-1	
-46.777522810228675	4.8150354506689776	0.0003526791113324958	-1	
-50.089908701610746	-7.9334621556117479	0.00031855340535493946	-1	
-50.483683720165757	-9.8130340479366165	0.00031633403780639607	-1	
-50.304733752024475	-10.692601242056222	0.00031537117195822777	-1	
-50.647255869199448	-8.9304777085850127	0.00031721252607540463	-1	
-42.178293419253684	6.5981218007958118	0.00038468027863167474	-1	
-40.88105649503472	8.4447603349450144	0.00039023371540141218	-1	
-39.406022939392031	8.685633029903757	0.00040205276027140325	-1	
-38.150847194794096	9.396018659212908	0.00041063502769280797	-1	
-50.65278083567781	-17.441151131633447	0.00014891299590147979	-1	
-51.011885128378083	-18.566807780536369	0.00014799228316268474	-1	
-50.949456230097638	-16.554481841515091	0.00014976011288471872	-1	
-51.230611926591315	-15.662769895860945	0.00015056251076216111	-1	
-50.809546785311319	-14.569403093184292	0.0002544879275590424	-1	
-51.496162282410069	-14.766286918767859	0.00015132000795625209	-1	
-36.44076604546953	10.954132131098879	0.00041890936340653628	-1	
-35.816910627421514	12.267337518329439	0.00041708341830256035	-1	
-34.595007083234925	13.055154565862358	0.00042311523232423451	-1	
-33.426072678528236	14.53649042125997	0.00042258631039384688	-1	
-32.377065195661757	15.987159907914426	0.00041932075574710676	-1	
-30.381626139415427	15.225013090515411	0.00044415743303831894	-1	
-26.679204428691818	17.249439086855251	0.0004536589085135089	-1	
-25.124587908302775	18.780864876650558	0.0004440089189239986	-1	
-28.224682873471657	17.750414929952868	0.00043484492114241846	-1	
-23.331356545229003	19.831445336739201	0.00043855012732934364	-1	
-29.781011133520732	17.284236031225021	0.00042752148289020025	-1	
-20.973395476251582	19.443795309404667	0.00045855467645721464	-1	
-19.040282707429569	19.777430941654952	0.00046065984563311055	-1	
-17.568015029600293	19.986724187700915	0.00045983651104135711	-1	
4.8701511678232823	27.843617694567939	-0.00012347693074415159	-1	
3.0541020992844139	27.979702665837312	-7.8520191773780003e-005	-1	
1.4512747064539071	27.759102028152043	-3.7875678998056971e-005	-1	
-0.42893316607505988	25.67165323862433	1.4152973192122943e-005	-1	
-1.9716948272924846	25.157318901882395	6.583354741025141e-005	-1	
-0.088348189986642053	27.261827828830381	2.1384668325651742e-006	-1	
-2.8186318898804994	23.858354299590363	0.00010500902139642903	-1	
-5.52913531861231	23.472179216236164	0.00020318274905273059	-1	
-4.3045186811653338	24.301921509242035	0.000149521245062573	-1	
-4.4397656249999997	10.144985266804451	0.001321600135029351	-1	
6.8582070289035642	29.391419173248714	-0.00014862547166470596	-1	
8.2676590855745822	29.970845000314654	-0.00016689251237467245	-1	
10.021201634851604	31.152423356936314	-0.00017942956899425901	-1	
12.835154155386777	30.785713749563062	-0.00021838137032535924	-1	
11.313292758678811	32.292794423611774	-0.00018304986161334129	-1	
-4.5176562499999999	10	0.0014016905539791884	-1	
-4.8086335066132699	9.7823489156405898	0.0016196417869539907	-1	
-4.7150874530366398	9.8668137364638291	0.0015352862035226498	-1	
-4.7926720866630879	9.8487840001248159	0.0015789306792179834	-1	
-4.6734375000000004	10	0.0014557914129033622	-1	
15.510772111118527	31.783219382673426	-0.00023039881447907052	-1	
13.980842281767041	32.173692396797129	-0.00021246954039991759	-1	
20.335956772090597	32.903608739690846	-0.00024638414234007348	-1	
18.493167967272285	34.013695950774803	-0.00022501039206956596	-1	
17.007234907587726	33.236791142661779	-0.00022432669119219563	-1	
28.287191871377228	28.309091175367946	-0.00031025478809473193	-1	
30.229681332115632	28.46195236101148	-0.00030628828074513389	-1	
32.822297701521784	28.177687975713841	-0.00030444409646107449	-1	
34.481762577367853	28.266309156706203	-0.00030003222248066886	-1	
31.808848476575164	29.372653352629953	-0.00029560220892277465	-1	
36.253620568109199	27.692051070776639	-0.00030019802096042507	-1	
22.327317797632446	32.571490496785586	-0.00025743907015279637	-1	
23.792851893439888	32.619780168716417	-0.00026100919100580181	-1	
24.939475110239332	31.705790411068211	-0.00027291213452670281	-1	
26.754021165775871	29.511596657535055	-0.00029803053850415903	-1	
26.954855484440845	31.094264356044359	-0.0002815296939878607	-1	
44.685188319046048	20.36421355040725	-0.0003136295764487975	-1	
45.507892117929849	18.849986110258218	-0.00031680789113279869	-1	
46.025242672622156	19.536556424463747	-0.00031117837634556296	-1	
45.677272882130183	20.336832153790073	-0.00030912723105732309	-1	
43.681727103746589	22.739267841403635	-0.0003058992884774972	-1	
43.947266506024008	21.911298804126158	-0.00030912742557645377	-1	
42.709397662733842	23.189310889105876	-0.00030743967844375827	-1	
45.315389351832636	21.130913087035037	-0.00030700657125702928	-1	
44.939702314958488	21.918557339453937	-0.00030477683299455206	-1	
45.819334755471232	18.048715945887931	-0.00031879268520446498	-1	
46.679021324860223	17.918397477265067	-0.00031499155935899194	-1	
47.951299191108404	16.510956404613022	-0.00030678817364388817	-1	
47.655840054142693	17.345307268658996	-0.00030514313625001812	-1	
52.054124087788317	9.1785465338234857	-0.00026015292681755417	-1	
51.886008267948128	10.085618327045967	-0.00025939012874283662	-1	
48.626669602250772	16.74350508636811	-0.00030625528802874724	-1	
48.911477980893814	15.892302567854488	-0.00030781263459034059	-1	
49.18138744952774	15.036259100026506	-0.00030928484121767191	-1	
50.122931288212499	14.372519267600691	-0.00025463041903440455	-1	
49.86446227521558	15.245096031971293	-0.00025343222714450464	-1	
51.502417710076898	11.890270015318615	-0.00025764684644062163	-1	
51.702087467358474	10.989617943224454	-0.00025855475841353838	-1	
51.287059817445709	12.787300195982478	-0.00025666642860460798	-1	
51.05607938956522	13.680435241133285	-0.00025561354626506467	-1	
53.172115266499524	6.5287148252757774	-0.0001560926720027828	-1	
53.050075111155678	7.4557018371463855	-0.00015574563856649202	-1	
52.911875389025361	8.380417770012393	-0.00015535255506609347	-1	
39.782459450553986	26.139298438176777	-0.00030045740956852174	-1	
40.416448150619154	25.519104929926435	-0.00030225777125143484	-1	
38.928706539538446	26.379480923838557	-0.00030168900803025707	-1	
38.095301962354107	28.287399367091542	-0.00029087239909605386	-1	
41.874084972739396	24.665721070362835	-0.00030218789980535033	-1	
42.740289529207203	24.181292347489229	-0.00030173457154350529	-1	
-15.790636599827792	21.32855629609913	0.00042520490748807084	-1	
-15.023243194215189	22.573829617934486	0.00039019885501339111	-1	
-13.462802393696474	22.744918791505039	0.0003749059079885559	-1	
-11.803154096455582	22.850973243489651	0.000354657307629282	-1	
-10.150275542059038	23.034473929418457	0.00032488455206099019	-1	
-5.0604667684792908	9.9721144488063729	0.0015880850371778126	-1	
-5.0643892991273249	10.013660850771746	0.0015567440001386867	-1	
-5.0389948609875832	9.9267578125	0.0016268384518166865	-1	
-5	9.907343749999999	0.0016553006641045133	-1	
-4.9560959443068446	9.8685156249999988	0.0016533206981746388	-1	
-4.8988705102622365	9.8402444195067567	0.0016369707015287743	-1	
-5.0136608507717435	10.064389299127324	0.0015195044325450298	-1	
-4.9721295178261977	10.060458862994516	0.0015167844233762275	-1	
-4.8681640625000009	10.043788141355924	0.0014991442762552238	-1	
-4.9265820312500006	10.03915353066534	0.0015203689051759498	-1	
-4.8292187500000008	10	0.0015113432092335654	-1	
-6.8140662474215761	24.054621177085494	0.00022776546205027586	-1	
-8.1078041140550035	23.492012554677839	0.00027245215202727164	-1	
54.079140753552082	4.7313117491585945	-0.00015661771983223883	-1	
53.98833146284931	5.6744022916726271	-0.00015636304670135591	-1	
53.881076803386243	6.6157643562794499	-0.00015606219084406055	-1	
54.86602276429052	3.8366060559268966	0	-1	
-51.3469234573463	-19.71023722499158	0	-1	
-50.59399144153425	-12.614498841982687	0.00025680905242374225	-1	
-50.806439092373132	-11.729590690787257	0.00025778978289868373	-1	
-51.05607938956522	-13.680435241133285	0.000255613135622138	-1	
-51.287059817445709	-12.787300195982478	0.00025666591340642395	-1	
-49.931476737728822	-2.6167978121471993	0.00033356633523499133	-1	
-49.878202512991344	-3.4878236872062756	0.0003332716697445954	-1	
-49.089864866465334	-1.2854633512352505	0.00033970826203641691	-1	
-49.969541350954913	-1.7449748351250545	0.00033378750374533071	-1	
-49.809734904587408	-4.3577871373829211	0.00033288887163787292	-1	
-50.521302546081557	-4.4200412393455482	0.0003208937045055381	-1	
-50.9280721067095	-7.1574737636605255	0.00031871623223608369	-1	
-51.045230655839589	-6.2675662322647412	0.00031934243308862401	-1	
-51.146840333225654	-5.3757495394793313	0.00031988516188218805	-1	
-50.795400373464403	-8.0452010592118928	0.00031800648304234773	-1	
-48.596881881801906	0.42409856322559791	0.00034318128128523411	-1	
-49.24411540828428	-0.42974688464096883	0.00033887391941906595	-1	
-48.362659525259311	1.56048123099861	0.00034449846385607914	-1	
-48.508085940299146	2.9668816345935678	0.00034265288034178952	-1	
-46.204247014935	6.0991743139554799	0.0003547118501883092	-1	
-44.038522554235428	7.0815951726846516	0.00036871210880242604	-1	
-45.559327390223054	7.1185872951463658	0.00035737368227327094	-1	
-48.955312959061033	3.8528666880114564	0.00033892530223626641	-1	
-48.374993449165714	4.6579820757823249	0.00034185113055929753	-1	
-47.277149157661619	5.5478077020793624	0.00034812326952301533	-1	
-51.184845994056914	-9.9493261874912697	0.0002595335511016913	-1	
-51.003410609691443	-10.841109592640317	0.00025869796024610378	-1	
-51.350689978493861	-9.0545121212042261	0.00026029652596134542	-1	
-43.13342624275095	8.3043038187752707	0.00037249536199180435	-1	
-42.043274529188025	9.9003332970976388	0.00037583732987953825	-1	
-39.361713218116918	10.17954744982517	0.0003965733604660291	-1	
-38.003249471073815	10.951517358754344	0.00040473667131781405	-1	
-51.328151246820255	-17.673699813388566	0.00014888376917705266	-1	
-51.683094143225162	-18.811107882911845	0	-1	
-52.003521657962622	-17.906248495143679	0	-1	
-51.628782313165686	-16.775208266068631	0.00014973073700358066	-1	
-51.913686752279276	-15.87160682780576	0.00015053299388049097	-1	
-51.746026408343084	-13.865305987635082	0.00015203243395107906	-1	
-52.182777779508939	-14.963170744351432	0.00015129035821907137	-1	
-38.115916203805732	12.399186152967095	0.00039641980859478419	-1	
-36.916813776841245	13.218083032952457	0.00040174113123817766	-1	
-36.333074238214309	14.603203199673748	0.00039775700933598901	-1	
-35.024470131452965	15.342706422778111	0.00040308822830921432	-1	
-33.849496117211352	16.275907349484463	0.0004049823072577394	-1	
-32.864337786351044	17.400986191188387	0.00040278021397118809	-1	
-31.330392692472032	17.138775569577476	0.00041701671570195596	-1	
-26.648592252450047	19.978214708849308	0.00041684825559622511	-1	
-24.973229727759357	20.713046690773833	0.00041588702598509351	-1	
-29.211550523951828	19.040985601819475	0.0004122895428501872	-1	
-22.809706090622967	21.968643544739265	0.00040508163470795238	-1	
-21.473778708424256	21.010063153200996	0.00042642421015150976	-1	
-30.903741563552067	19.780542175132869	0.00039311570578423073	-1	
-19.829753709996684	21.037633827751847	0.0004308499364947411	-1	
-17.371540964543172	21.458422406545392	0.0004243164926519031	-1	
5.4258793843088879	29.885405655249528	-0.00011635263891188461	-1	
3.9183887896248493	29.733559572623616	-8.6553792870921475e-005	-1	
1.8334918475562718	29.331243990445053	-4.2774837547932512e-005	-1	
-0.84451489832822668	28.756127897475015	2.0262157664943211e-005	-1	
0.29921550055695856	29.952967301595404	-6.8461712097355319e-006	-1	
-2.8560385043845971	26.699828982352276	8.1855325256806861e-005	-1	
-4.3772758020637905	25.779373566966122	0.00013347124981412118	-1	
-2.478244025285063	28.387821061143715	6.2513499987807954e-005	-1	
-5.6279918052675546	24.962661300153464	0.00017934479109688612	-1	
6.7721518676563042	31.957100300942848	-0.0001228337370658476	-1	
8.3319167070560436	31.493395606109669	-0.00015164901018256284	-1	
9.7188216971660015	32.797217151965647	-0.00015815351810881436	-1	
13.575806835253976	33.710904364419903	-0.00019165955302502183	-1	
11.069016627567972	33.851423610245988	-0.00016422743007203755	-1	
-4.7780989942625176	9.9155373697411626	0.0015379009427937598	-1	
-4.8401002014094843	9.8979669372967134	0.0015750148160037518	-1	
15.334443149238785	33.352315477468366	-0.00021065977218389542	-1	
20.983230733376203	34.81589995191748	-0.00022923102816142934	-1	
18.446508100799548	35.698435608904497	-0.00020784903774554372	-1	
20.086022893787103	36.088968709152333	-0.00021272019389470545	-1	
16.397206739914306	34.798663023892011	-0.00020359947548670901	-1	
29.253162593105387	30.001288685093126	-0.00029237082275644378	-1	
33.326786903279746	29.761091914447384	-0.00028993980675202534	-1	
36.219259183536209	28.93739680535047	-0.00029087465363236768	-1	
35.202624481661061	29.983752373685508	-0.00028496537582907037	-1	
31.713230788649209	30.936583926961458	-0.00028188028506504923	-1	
37.43056313198764	29.228617422472578	-0.00028591769054689593	-1	
23.238986429714686	33.948486413655402	-0.00024596640518888252	-1	
24.670263899507589	33.794629201570245	-0.00025118467652440545	-1	
26.805367946923219	32.682604667056225	-0.00026565549192369395	-1	
28.531962494315504	31.334898823364753	-0.00027957353810347115	-1	
46.359192728339508	18.730329670795658	-0.00031313442358044444	-1	
47.021466910172983	18.997905808949916	-0.00030159747599314303	-1	
46.682746139373954	19.815650087670406	-0.00029969533364530349	-1	
46.329805351874946	20.627358327415674	-0.0002977070601322595	-1	
44.550326209418522	22.699524986977409	-0.00030248561937574775	-1	
44.147379642946483	23.473578139294606	-0.00030009294192864192	-1	
43.730985356969917	24.240481012316927	-0.00029759816825306132	-1	
45.962752056858868	21.432783273992712	-0.00029563351595922099	-1	
45.581698062315084	22.231679587160457	-0.00029347377646322481	-1	
47.345864486643997	18.174374584083171	-0.00030341322205331187	-1	
48.327049068989766	17.58960737103445	-0.00030461245938795758	-1	
48.012707648427707	18.430351690901219	-0.00030288455723371475	-1	
52.757558197082702	9.302580946442724	-0.00015491350719408218	-1	
52.587170541839271	10.221910466600642	-0.00015442859095594576	-1	
48.998258083836816	17.833907473409901	-0.0002494039897369354	-1	
49.30204001339311	16.976053768123197	-0.00025081893207893149	-1	
49.590804063961741	16.113028992407997	-0.00025216170623470487	-1	
50.809546785311319	14.569403093184292	-0.00025448824813043572	-1	
50.54753710090349	15.453932963916136	-0.0002532905901768941	-1	
52.198396327780593	12.050949339849945	-0.00015332158941022982	-1	
52.400764325025442	11.138126293808567	-0.00015389791274010185	-1	
51.980128193357089	12.960101549982239	-0.00015269974835417532	-1	
51.746026408343084	13.865305987635082	-0.00015203252761276299	-1	
53.757409445971156	7.5551111949749989	-0.00015571521751541801	-1	
53.617367060879104	8.4921566736125538	-0.00015532220216513931	-1	
53.4609923063772	9.426615359061957	-0.00015488323049422012	-1	
40.630634125987271	26.398492148439647	-0.00029600847359517762	-1	
40.05148808210528	27.526625122490408	-0.00029056099043026133	-1	
41.870338367086575	25.658176351036293	-0.00029631565136241226	-1	
39.200534448856786	27.961469480227311	-0.00029013006391280212	-1	
38.051004584214382	29.89152033872746	-0.00027994589905145381	-1	
39.066424435027322	28.907633422462002	-0.00028420676983033339	-1	
43.301270189222066	25.000000000000082	-0.00029503411663299163	-1	
42.858365035105749	25.751903745502798	-0.00029235229985449888	-1	
-16.480908291324202	22.61302056479818	0.00039583935806286689	-1	
-14.486873688518857	23.934677162081751	0.00035509843813499045	-1	
-11.944551201743515	24.980688158126696	0.00030590940232453939	-1	
-8.965143363235164	25.401462878627719	0.00024861129982429889	-1	
-10.520446835411073	25.65557068088351	0.00027056371909122567	-1	
-5.0192494383489237	9.9655859374999984	0.0016037300270693403	-1	
-5.0240535968859632	9.9924999999999997	0.0015791297524208401	-1	
-5.0191748514696144	10.019174851469614	0.0015555380937756131	-1	
-5	9.9461718749999992	0.0016269136976716286	-1	
-4.9626562028793417	9.9267578125	0.0016187987081252393	-1	
-4.9042744875073749	9.9038432276054067	0.0016027257050860106	-1	
-4.9924999999999997	10.024053596885961	0.0015493249363848576	-1	
-4.9655273437499998	10.019267708095732	0.0015466216437168524	-1	
-4.907109375000001	10	0.0015401633860077665	-1	
-4.9460546875000002	10	0.0015548127158151973	-1	
-4.8681640625000009	9.955978052478704	0.0015532521555518531	-1	
-7.2436661874021908	25.398395719610132	0.00021237694220197385	-1	
54.790708395046195	4.7935658511212083	0	-1	
54.698704245255222	5.7490654797209535	0	-1	
54.590038340272898	6.7028138872831278	0	-1	
-51.502417710076898	-11.890270015318615	0.00025764621270694949	-1	
-51.702087467358474	-10.989617943224454	0.00025855399248974286	-1	
-51.980128193357089	-12.960101549982239	0.00015269962918411451	-1	
-52.198396327780593	-12.050949339849945	0.00015332144493995575	-1	
-50.683391941682885	-1.7699030470554238	0.00032177118055148619	-1	
-50.644783548267846	-2.654180638035029	0.00032156191280566666	-1	
-50.590748263176977	-3.5376497398806639	0.00032126957467889437	-1	
-49.992384757819686	-0.87262032186417937	0.00033392515577190953	-1	
-50.706561682931444	-0.8850863264622495	0.00032189680138255315	-1	
-51.232870187575656	-4.4822953413081423	0.00032034421802266147	-1	
-51.500892045318047	-8.1569399628120358	0.0002609868605147776	-1	
-51.635406441524886	-7.2568831214891212	0.00026160453683544727	-1	
-51.754192192726229	-6.3546157632683959	0.00026214954171303363	-1	
-51.857213115631538	-5.4504127275276346	0.00026262186303861084	-1	
-49.22911517369247	1.2891097488587813	0.00033878656290000248	-1	
-50.000000000000121	-1.6653345369377348e-015	0.00033395764087947049	-1	
-49.992384757819686	0.87262032186417593	0.00033391382354888986	-1	
-49.059953813408072	2.1420038425414414	0.00033952174122423132	-1	
-49.878202512991336	3.4878236872062711	0.00033326796680373466	-1	
-49.931476737728815	2.6167978121471958	0.00033356883337275293	-1	
-47.364159975635438	6.430423573816185	0.00034606461419549393	-1	
-46.951211128236565	7.474673534308744	0.00034687115875497288	-1	
-45.202860778466707	8.8157879914163981	0.00035583455808990439	-1	
-46.502167677820907	8.2026490747279848	0.00034834309357813795	-1	
-49.809734904587387	4.3577871373829167	0.00033288240590672458	-1	
-48.940753884477999	5.5760945645691189	0.00033697301991517429	-1	
-49.726094768413773	5.2264231633826839	0.00033240672118569497	-1	
-48.093495160037207	5.8944499728595234	0.00034208187362139961	-1	
-52.054124087788317	-9.1785465338234857	0.00026015186167916695	-1	
-51.886008267948128	-10.085618327045967	0.00025938921864485966	-1	
-52.206383717171754	-8.2686788664122233	0.00026084189739635795	-1	
-44.545425181470812	9.9013117566169839	0.00035741116681146863	-1	
-41.205855419167321	11.564115927501343	0.00037593016328335327	-1	
-43.078983009918289	11.44847778325013	0.00036263259711574069	-1	
-39.56590045683447	12.476545033327264	0.00038439857556161469	-1	
-52.308108396233649	-16.995934690622164	0	-1	
-52.59676157796715	-16.080443759750572	0	-1	
-52.869393276607738	-15.160054569935006	0	-1	
-52.435973427121048	-14.050176734136885	0.00015200265949171326	-1	
-53.125920445898956	-14.23504748063869	0	-1	
-39.517899220890449	14.113568016501047	0.00037639449841957493	-1	
-37.820786813877106	14.817728297108001	0.00038501564247777942	-1	
-36.30549093302448	16.081978682986829	0.00038801284421952564	-1	
-34.584994471761711	17.583756757559549	0.00038899977865398169	-1	
-32.123556967505593	18.700056287581944	0.00039597684429824496	-1	
-33.490009764372289	19.587866023310383	0.00037912428330987057	-1	
-29.228654422540487	20.887647968438625	0.00039062827710011029	-1	
-26.565044754595782	21.614679959422922	0.00039533497029526325	-1	
-25.204456870813878	22.527806079539168	0.0003880690132026131	-1	
-22.140488044385329	23.256264328989158	0.00038487984040376516	-1	
-23.799536394331422	23.198435078211467	0.00038254676624751666	-1	
-20.689842197832505	23.294299908667586	0.00038586491062025686	-1	
-19.533821828207827	22.442659868314838	0.00040284021552993099	-1	
-32.244621644932053	20.325092507731711	0.00037974938058404168	-1	
-30.805670717328777	22.130475298974023	0.00036914188843790671	-1	
-18.099761861170098	22.940963361980497	0.00039221598797474337	-1	
5.2469636801777169	31.389923616818919	-0.00010128912943022615	-1	
3.3283161710829368	31.773281953624934	-6.3994401922721204e-005	-1	
1.6754766910561352	32.19010396990101	-3.1510983842711592e-005	-1	
-1.9325764374248395	30.029251172375851	4.2371009030647356e-005	-1	
0.07864222172263434	31.593665693516844	-1.5060241220237172e-006	-1	
-4.1448525274340273	27.924720610846453	0.00010540329126192629	-1	
-5.6797195699673235	26.407908928724776	0.00015943174945822974	-1	
-4.4455379988597095	30.061569403940904	9.5555217224474169e-005	-1	
5.8045182361442924	33.265371508837035	-9.8074546176358829e-005	-1	
7.7947610807809991	33.415664696549797	-0.00012659055829789312	-1	
9.6161664162984941	34.466421198267881	-0.00014200577305181547	-1	
12.368872837621671	34.745498329071744	-0.00016958472076916283	-1	
14.116225881046779	35.205903227723518	-0.00018163641400161353	-1	
9.9453707924779042	36.080382040904183	-0.000133022752720781	-1	
22.497035021156741	35.18207278865566	-0.00023149114256029612	-1	
21.531558051347826	36.27364585585056	-0.00021757891771677099	-1	
16.989663831292891	36.956954331232467	-0.0001872304275875789	-1	
18.878847753227692	37.327425260115497	-0.00019544458153464923	-1	
20.606792046542999	37.399916416867768	-0.0002035418524416253	-1	
15.647776003610373	36.164845119156453	-0.0001849537897901888	-1	
29.950112464071701	31.871085588098737	-0.00027459150103915925	-1	
33.584355354900879	31.63245580030847	-0.00027440335162407962	-1	
36.656571119652973	30.103940835338541	-0.00028133880729901828	-1	
35.236286068020718	31.442269768181113	-0.00027380335754307808	-1	
36.614361939448791	31.271619343051889	-0.00027298166886807355	-1	
31.640441257646337	32.93158931310014	-0.00026517126430601791	-1	
24.281743625510604	36.170406938511363	-0.0002280958086550403	-1	
26.349367099148814	34.245351770807268	-0.00025020801524454442	-1	
25.961481803621513	35.826383168650757	-0.00023535221447924253	-1	
27.958609628718513	33.999478298311026	-0.00025464248397737073	-1	
28.832221366180988	32.820997808379367	-0.0002658340237009622	-1	
47.340249606125695	20.094743750877008	-0.00029917136453759113	-1	
47.6837410920064	19.265481947104114	-0.0003010709993234479	-1	
46.982337821619659	20.917884501041232	-0.00029718582672641567	-1	
46.610114761885043	21.734653460950337	-0.00029511487000344447	-1	
45.186759440981689	23.023803915362837	-0.00029122897381592588	-1	
44.778056494988618	23.808914969856001	-0.00028889771435605639	-1	
44.355713719212396	24.586773598207209	-0.00028647976688870393	-1	
46.22369380967163	22.544801834866924	-0.00029295811658086222	-1	
45.82319267254482	23.348082843748205	-0.0002907160281503977	-1	
48.679550810211403	18.686328797719263	-0.00024791697580557181	-1	
48.346015273839811	19.533058085258311	-0.00024635799587877766	-1	
53.28833281573052	10.358202606155317	-0.00015439839851829555	-1	
53.099441182692502	11.286634644392681	-0.00015386781263967218	-1	
49.977410424535513	17.208602449878342	-0.00025067846802727156	-1	
49.669467098683917	18.078207575785413	-0.00024926416519116323	-1	
50.270130147029732	16.333755416961562	-0.00025202063819674392	-1	
51.496162282410069	14.766286918767859	-0.00015132007595702787	-1	
51.230611926591315	15.662769895860945	-0.00015056255298933222	-1	
52.673196569268583	13.132902903982002	-0.00015266985717975326	-1	
52.894374945484394	12.21162866438128	-0.00015329158971974662	-1	
52.435973427121048	14.050176734136885	-0.00015200275305631152	-1	
52.182777779508939	14.963170744351432	-0.00015129042613854941	-1	
54.464743780786556	7.6545205528036186	0	-1	
54.322858732732762	8.6038955772127199	0	-1	
54.164426415671635	9.5506497716811953	0	-1	
41.533647165987382	26.45985143232199	-0.00029264091800466159	-1	
41.075037051803442	27.186973950166749	-0.00028967053858178102	-1	
39.97852042226701	28.516401481981923	-0.00028443924131286091	-1	
41.451878627752222	27.959645173537435	-0.0002838436342397139	-1	
40.957602214449729	28.6788218175524	-0.00028080637144845433	-1	
42.402404807821434	26.495963211660335	-0.00028960968785448726	-1	
38.540313892563873	30.656349909797385	-0.00027377491452829767	-1	
38.958958528321624	29.894260302334263	-0.0002779361289083084	-1	
37.499976620191021	30.912595195328855	-0.00027398534326802558	-1	
40.450849718747513	29.389262614623757	-0.00027770874444686732	-1	
39.931775502364786	30.090751157602522	-0.00027449065012811753	-1	
43.919859763353855	25.357142857142978	-0.00028397604904173418	-1	
43.47062739275016	26.119788084724302	-0.00028138551457016891	-1	
-16.937276991378393	24.114361114804293	0.00036481481506484882	-1	
-13.031944777135687	26.065902962498456	0.00029599680495307769	-1	
-15.702875199927409	25.298210156028816	0.00033420136411462393	-1	
-14.50106371243332	26.51513064795623	0.00030168709495386132	-1	
-11.655706168669528	26.748605864205295	0.00026646104576832382	-1	
-8.3519508789783217	26.7156649088028	0.00021325639788755945	-1	
-9.3820591320551294	27.736453322632251	0.00021558674462244341	-1	
-5	9.9849999999999994	0.0015929057418483481	-1	
-5	10	0.0015756347999883152	-1	
-4.9684464031140365	9.9684464031140383	0.0015902927049160818	-1	
-4.9265820312500006	9.9624595767141297	0.0015747569511819239	-1	
-4.9850000000000003	10	0.0015701109209543644	-1	
-6.9522308273522189	27.095027236849763	0.00017905461888910354	-1	
-52.400764325025442	-11.138126293808567	0.00015389774324892983	-1	
-52.587170541839271	-10.221910466600642	0.00015442839679043229	-1	
-52.673196569268583	-13.132902903982002	0.00015266973812343813	-1	
-52.894374945484394	-12.21162866438128	0.00015329144538636416	-1	
-51.35809035880682	-2.6915634639228281	0.00032101176563503585	-1	
-51.397242532410807	-1.794831258985764	0.00032122065717890699	-1	
-51.303294013362553	-3.5874757925550207	0.0003207196977215115	-1	
-50.714285714285886	-1.1213252548714083e-014	0.00032193796579257992	-1	
-51.420738608043138	-0.89755233106029153	0.00032134597516703296	-1	
-51.944437829069727	-4.5445494432707347	0.0002630214896672712	-1	
-52.342740776340321	-7.3562924793177631	0.00026145930733802403	-1	
-52.463153729612912	-6.4416652942720951	0.0002620040774336292	-1	
-52.567585898037485	-5.5250759155759805	0.00026247619537352198	-1	
-52.656005470563869	-4.6068035452333689	0.00026287565016476294	-1	
-49.969541350954906	1.7449748351250509	0.00033379277772669545	-1	
-50.706561682931444	0.88508632646222685	0.000321895594679304	-1	
-50.683391941682885	1.7699030470554007	0.00032176971142454283	-1	
-50.590748263176962	3.5376497398806404	0.00032126591304177158	-1	
-50.52130254608155	4.4200412393455242	0.00032088875585735524	-1	
-50.644783548267839	2.6541806380350055	0.0003215595483965999	-1	
-48.567297883216277	7.2584313014680477	0.00033666011058509205	-1	
-47.932229992072294	8.0211044259640509	0.0003392648805140719	-1	
-47.285211118182474	8.5467876780793137	0.00034233733601266432	-1	
-46.620390584969869	9.0497687546051164	0.00034551688676988927	-1	
-45.791483160208358	9.6606399414056554	0.000349507056170609	-1	
-50.436467550819742	5.3010863514310023	0.00032042797831807534	-1	
-48.824684268812071	6.4278916279051446	0.00033643476527805505	-1	
-49.627307582066216	6.0934671702573855	0.00033186170446421469	-1	
-50.336269118952934	6.180516701261058	0.00031988398156100102	-1	
-52.911875389025361	-8.380417770012393	0.0001553523129698239	-1	
-52.757558197082702	-9.302580946442724	0.00015491328880269136	-1	
-53.050075111155678	-7.4557018371463855	0.00015574537342598804	-1	
-45.164884954530841	11.008945720782499	0.0003496956740995981	-1	
-41.988112256224376	13.270003787976323	0.0003628441310173173	-1	
-45.07821412475235	12.398939934230038	0.00034558634943733524	-1	
-43.877030313769062	14.239511167546036	0.00034622254791103499	-1	
-41.107898933820323	14.506059136113016	0.00036317313339313129	-1	
-53.366264945180006	-13.305704257981766	0	-1	
-39.405610847599405	15.747440620872331	0.00036817459666382938	-1	
-37.676389990641539	16.184879480299692	0.00037741476194526064	-1	
-37.005544532021254	17.384845801040196	0.00037392267231620634	-1	
-34.900707132500756	19.057440510812647	0.00037499962914511794	-1	
-35.696693371289307	20.337215567770834	0.00035995228623433888	-1	
-34.879744201949372	21.458591944933236	0.00035519078722768117	-1	
-33.55572684222782	21.676128706563134	0.00036011432940650557	-1	
-28.126735338596998	22.566151617524522	0.00037604713216199745	-1	
-26.581904977110721	23.253189780458307	0.00037341796370039126	-1	
-25.108041689015987	24.081591428877609	0.00036653833634967741	-1	
-22.79081515048447	24.553528655375711	0.00036347970939467256	-1	
-20.537872625281437	24.705864493317797	0.00036137811756107089	-1	
-23.986311136338767	24.766002123567919	0.00035890277479365998	-1	
-19.472493656389521	23.877202551074966	0.00037517308136472222	-1	
-32.158637949935823	21.76977283969789	0.00036619852292871002	-1	
-30.578542968425868	23.730259844571925	0.00035327158266652158	-1	
-32.17134382200576	24.002074206758238	0.00034455891126930737	-1	
-18.234965555461734	24.317338445461587	0.00036475665428467775	-1	
4.2371486887277596	33.065765364000676	-7.3877904862028429e-005	-1	
3.033380716184563	34.08920690092615	-4.9896977767395679e-005	-1	
0.55244494642620123	33.472452846198401	-9.6534514526881402e-006	-1	
-2.4652973699066325	31.449566272973676	4.8607160420374559e-005	-1	
-1.3196006303956482	32.972677351281384	2.3538535235728904e-005	-1	
-5.6751455231124677	27.938254938205944	0.00014102986809432519	-1	
-5.7119087578070165	29.377233427427448	0.00012687669979516853	-1	
-3.9818377999268533	31.484087295620341	7.7909816762675684e-005	-1	
-5.6519730540898117	30.780205833205134	0.00011324665367655533	-1	
6.2442994644328813	34.672535174813831	-9.591732215123895e-005	-1	
4.7947032446943343	34.941213256018806	-7.3508984019837905e-005	-1	
8.2153515261042962	34.790614675479645	-0.00012187849242070426	-1	
8.54783288415274	36.14980095304383	-0.00011642743538603903	-1	
12.687199968688535	36.450405772541281	-0.00015795681853977064	-1	
11.133532378584189	37.221222594250854	-0.00013687227598854429	-1	
14.332208802677792	36.999939656181219	-0.00016754116309605633	-1	
9.2989386792450297	37.595430108075725	-0.00011558908333532229	-1	
22.900280394265533	36.511496291908678	-0.00022068389798472532	-1	
21.930630729457022	37.886984732863496	-0.00020521858546910789	-1	
18.117488213727913	38.42653917510448	-0.00018199436996090557	-1	
15.771591804153193	38.447781328822799	-0.00016666015707150875	-1	
19.978051600278242	38.662639606667199	-0.00019005403151219646	-1	
30.201138803884238	33.348329565183128	-0.00026172398146849025	-1	
34.804609388462943	32.762068964776944	-0.0002645070466834172	-1	
33.376048406236947	33.282199423694628	-0.00026162433571505516	-1	
36.398298633564337	32.202494387966453	-0.00026671590573600339	-1	
37.34102193056242	31.892245606361101	-0.00026754256099981269	-1	
32.503297744115471	34.246040834288443	-0.00025455075204060414	-1	
31.603317136620763	34.503507223626698	-0.0002525670825155792	-1	
23.568345924686589	37.729552993790165	-0.00021257497903024491	-1	
25.209432356950732	37.612373068069004	-0.00021854604589343523	-1	
27.897801088106267	35.748885300329952	-0.00023953652184633214	-1	
26.97022365457709	37.48100643972866	-0.00022380863531867677	-1	
29.561346475246879	34.703294423520262	-0.00025004045668125199	-1	
47.997753072877408	20.373837414083606	-0.00024472716827823518	-1	
47.634870291364358	21.208410674666773	-0.0002430246267038909	-1	
47.257477466911197	22.036523647907956	-0.00024125051963258456	-1	
46.865689557028155	22.857924082573383	-0.00023940500796458604	-1	
45.408733347030704	24.144251800417329	-0.00028838780799405516	-1	
44.980442081454818	24.933066184097427	-0.00028597324926790332	-1	
44.538449337485602	25.714285714285811	-0.00028347279790136743	-1	
46.459625904107909	23.672361772133574	-0.00023748826815245093	-1	
46.039410199072769	24.479588630978654	-0.00023550048968384084	-1	
49.346393971995148	18.942305904537371	-0.00024777782611983267	-1	
49.008289455673236	19.800634223412569	-0.00024621955733724574	-1	
53.98949508962172	10.494494745709995	0	-1	
53.798118040359512	11.435142994976797	0	-1	
50.949456230097638	16.554481841515091	-0.00014976012925369797	-1	
50.65278083567781	17.441151131633447	-0.00014891298634380322	-1	
50.340676113530932	18.322507678160882	-0.00014802131701373248	-1	
51.913686752279276	15.87160682780576	-0.00015053303603936917	-1	
51.628782313165686	16.775208266068631	-0.00014973075331429329	-1	
53.366264945180006	13.305704257981766	0	-1	
53.590353563188138	12.372307988912612	0	-1	
53.125920445898956	14.23504748063869	0	-1	
52.869393276607738	15.160054569935006	0	-1	
41.933528397271338	27.231951750751445	-0.00028677521360550532	-1	
42.532578802946674	27.620979632905076	-0.00027594824909064029	-1	
42.044048322434428	28.359068676016584	-0.00027310009668273601	-1	
41.542710817513331	29.088519272088906	-0.00027016545355528442	-1	
43.008153447933211	26.874476971826951	-0.00027870987638370717	-1	
39.400537680336242	30.783073766283024	-0.00027121884560888125	-1	
38.857298072848685	31.466019552491986	-0.00026784867176490602	-1	
38.302222155949039	32.139380484327084	-0.00026436665638426593	-1	
41.028719000443935	29.809109223404135	-0.00026714587756988779	-1	
40.502229438112884	30.520619031282596	-0.00026404019303845089	-1	
44.082889750394529	26.48767242394575	-0.00028088607646037535	-1	
43.613902088044959	27.252990731993503	-0.00027821396938575074	-1	
-17.413039135224285	25.322410353456188	0.00034304499503612042	-1	
-13.175911299371867	27.6962032624626	0.0002679332712860928	-1	
-17.10497786584201	26.583691779162141	0.00031863937746453083	-1	
-14.92354706462363	28.007218809650176	0.0002794703502447447	-1	
-11.613908811419732	28.539476448453264	0.00023558799201435241	-1	
-8.5567370818978787	29.029207345573234	0.00018343431055341074	-1	
-10.047320012482098	29.390499439808359	0.00020172335858606189	-1	
-7.1337749919628966	29.601525736780189	0.000151380026365608	-1	
-53.099441182692502	-11.286634644392681	0.00015386764329853583	-1	
-53.28833281573052	-10.358202606155317	0.00015439820452707321	-1	
-53.590353563188138	-12.372307988912612	0	-1	
-53.798118040359512	-11.435142994976797	0	-1	
-52.071397169345772	-2.7289462898106245	0.00026360262534605553	-1	
-52.015839763548115	-3.6373018452293753	0.00026334841276769746	-1	
-52.111093123138701	-1.819759470916102	0.00026378412126984099	-1	
-51.428571428571587	6.106226635438361e-015	0.0003213872426810349	-1	
-52.134915533154825	-0.91001833565833212	0.00026389289400160251	-1	
-52.728385513733734	-3.6871278979037712	0.0002632024328330754	-1	
-53.172115266499524	-6.5287148252757774	0.00015609238456336648	-1	
-53.277958680443341	-5.5997391036243105	0.00015639327105463379	-1	
-53.367573112057926	-4.6690576471959888	0.0001566479677521934	-1	
-53.440931263919289	-3.7369539505781537	0.00015685641964420546	-1	
-51.420738608043138	0.89755233106030374	0.00032134493329752568	-1	
-51.397242532410807	1.7948312589857758	0.00032121907975805457	-1	
-51.303294013362546	3.5874757925550318	0.00032071603449190377	-1	
-51.358090358806813	2.6915634639228396	0.00032100930457909537	-1	
-51.232870187575628	4.482295341308153	0.00032033931610683547	-1	
-49.384417029756996	7.8217232520115587	0.0003304848549665899	-1	
-49.513403437078622	6.958655048003286	0.00033121822956534599	-1	
-49.240387650610522	8.6824088833465343	0.00032967109834008588	-1	
-48.28439639831938	8.948983913560129	0.00033503188504521242	-1	
-47.474159593010157	9.3587450529361682	0.00033920420008243479	-1	
-46.787233445427646	9.9228087709288584	0.0003421742185825667	-1	
-46.548475967048411	10.849975106413803	0.00034110528025566738	-1	
-51.146840333225626	5.375749539479342	0.00031987911967031366	-1	
-50.220737771894086	7.0580644058318995	0.00031925565281391074	-1	
-51.045230655839553	6.2675662322647501	0.00031933555326606568	-1	
-53.4609923063772	-9.426615359061957	0.00015488301229372019	-1	
-53.617367060879104	-8.4921566736125538	0.00015532196030103114	-1	
-53.757409445971156	-7.5551111949749989	0.00015571495262812847	-1	
-46.324163483736278	11.780741702811058	0.00033969947746694283	-1	
-42.36226839899151	15.35997105278889	0.00035082697002793671	-1	
-45.886823529012986	13.454227844143073	0.0003367416467596371	-1	
-45.182074911530158	13.853839164129042	0.00033956066058581167	-1	
-46.343300909343967	12.807641743522575	0.0003362254041022708	-1	
-44.245408131226846	15.298989401650351	0.00033942991512075904	-1	
-45.169999887035011	14.663909540508971	0.00033650411043256983	-1	
-43.321051172418649	15.861022241195579	0.00034253851946973468	-1	
-40.94434684169201	16.014654187727388	0.00035652382165394104	-1	
-39.910906854044988	17.401692788257552	0.00035529287309442228	-1	
-38.458132055670731	17.409417610138188	0.00036431048221248908	-1	
-36.900341480371807	19.024634081469348	0.00036288441146690656	-1	
-37.254479393211064	20.629177513539354	0.00034929670379806776	-1	
-36.969353085317039	22.188229166442003	0.00033913756686887952	-1	
-35.691793799745433	22.583521442840706	0.00034214940844178336	-1	
-34.364478876847777	22.746766067205161	0.00034683592174718231	-1	
-32.993053160398823	22.894218415608176	0.00035164181165532208	-1	
-27.935015413707202	24.617834497227705	0.0003523148110680227	-1	
-29.619110977141013	25.030409013227114	0.0003427405632564357	-1	
-26.225207810947754	24.905851093234936	0.00035311525223584276	-1	
-24.9639562656774	25.4861171337988	0.0003476867748866158	-1	
-23.255073184133003	25.735355869180577	0.00034566225513879551	-1	
-21.513235698533524	25.737502124928973	0.00034519266502440617	-1	
-19.207129100914138	25.200567434459824	0.00035088630177254989	-1	
-19.971908746015149	26.670739727595116	0.00032825275531556255	-1	
-32.303507803087022	25.634874603192966	0.00032864806756797185	-1	
-33.869076832242321	23.959644723316472	0.00033838597511280622	-1	
-34.061757538826846	25.255550570806843	0.00032629356276722108	-1	
3.1774605253107091	36.119547134154878	-4.5983211450925166e-005	-1	
1.2204000062496978	35.560123699896209	-1.8410393031125442e-005	-1	
-0.84198889205064464	34.817772309050447	1.3332948212731473e-005	-1	
-3.2145464157054597	32.768547866575361	5.7810605781835282e-005	-1	
-2.3955292188405863	34.063074245163421	3.9683834959399688e-005	-1	
-4.8156834567175091	32.726374077039928	8.542492994208185e-005	-1	
-6.2646338584304706	32.043760580249504	0.00011416845050978639	-1	
-6.9728871349962072	30.920041204103896	0.00013555196182714679	-1	
7.1926643711547289	35.80130491010032	-0.00010184462359158223	-1	
5.7500214450665483	36.050597001689752	-8.1738605292363495e-005	-1	
7.5864514427520069	37.079132202682018	-9.9486995806670361e-005	-1	
12.707185423185665	38.23580694277711	-0.00014424606945651059	-1	
10.388266057165538	38.251725031209155	-0.00012252204890828347	-1	
11.417246224137569	39.071971566666953	-0.00012699232876909206	-1	
14.191322775789352	39.036657619327194	-0.00015050673458073797	-1	
8.168691957175044	38.246110753863022	-9.9577091657654718e-005	-1	
9.3327018045650032	38.961049548654984	-0.00010777081440534176	-1	
21.952490371416317	39.380829886458535	-0.00019341229386006192	-1	
18.855340817174866	39.541569794458169	-0.00017739080988055198	-1	
17.429859929498967	39.573224436733874	-0.00016890199534235541	-1	
15.550119659042085	40.268243774813769	-0.00015177261880635796	-1	
20.975971445830357	40.511520814536766	-0.00018068772106734734	-1	
36.205251468548418	33.176000583771014	-0.00026012158093325868	-1	
34.847065172486069	33.666167974029676	-0.00025787430512771921	-1	
33.145010319900337	34.927553127343359	-0.00024932998499158798	-1	
34.063301753195539	34.663067693092138	-0.00025104232143544075	-1	
37.157241273869843	33.456530317943034	-0.00025715691248583692	-1	
37.735479011138736	32.802951449525487	-0.00026082638269728784	-1	
32.403451061284542	35.176784985724851	-0.00024749120978598803	-1	
31.165775135485653	35.833693544083971	-0.00024208584824867303	-1	
31.999326936510503	35.846643437225403	-0.00024235469797575718	-1	
24.431381638388867	39.130290360332467	-0.00020435473444945613	-1	
25.431973521492452	39.303500282944185	-0.00020598700785652072	-1	
26.705127514074373	39.081941387400619	-0.00021090764661951667	-1	
28.58942834128241	37.587987059180854	-0.00022590453858728189	-1	
30.238983955368088	36.545250162158347	-0.00023598412357785637	-1	
27.913853219366857	38.801170033697801	-0.00021562317982404342	-1	
48.655256539629178	20.652931077290265	-0.00024458947791298276	-1	
48.287402761109099	21.498936848292381	-0.00024288772161074336	-1	
47.904840171937394	22.338393834865631	-0.00024111443666801645	-1	
47.507685304384729	23.1710463302799	-0.00023926978458584675	-1	
45.605170443697226	25.279358769987645	-0.00023344188059983576	-1	
45.157038911617313	26.071428571428648	-0.00023131266935567569	-1	
44.695152108038862	26.85555676316719	-0.00022911310291296607	-1	
47.096059135671062	23.996640700518999	-0.0002373539417568383	-1	
46.670087051114898	24.814925461540042	-0.00023536709886620483	-1	
50.013237133778787	19.198283011355432	-0.00014708532529326612	-1	
49.670563637506589	20.068210361566781	-0.00014610522660725008	-1	
51.328151246820255	17.673699813388566	-0.00014888375956759146	-1	
51.011885128378083	18.566807780536369	-0.00014799224756421666	-1	
50.680080295562576	19.454260118173515	-0.0001470564213447364	-1	
52.59676157796715	16.080443759750572	0	-1	
52.308108396233649	16.995934690622164	0	-1	
52.003521657962622	17.906248495143679	0	-1	
43.131629208621995	28.010007515058646	-0.00027545603699475485	-1	
42.636218017116626	28.758492178495665	-0.00027261189364836215	-1	
42.12781942057692	29.498216726625344	-0.00026968166305124181	-1	
41.606588282140343	30.228955832184454	-0.00026666625172378888	-1	
39.963402504341076	31.222831962944255	-0.00026085035144658302	-1	
39.412402331032268	31.915534117527628	-0.00025757507607375012	-1	
38.849396758176916	32.598514491246085	-0.00025421400848377337	-1	
41.072683373860976	30.950486904962613	-0.0002635653167995677	-1	
40.526267328345902	31.662590159605415	-0.00026037986291821072	-1	
44.219650728156651	27.631504492160051	-0.00022684345054737839	-1	
43.730679614297259	28.399035397212206	-0.0002245039995627853	-1	
-18.375571521288453	26.22576563619722	0.00033046250764348374	-1	
-12.872668518565993	29.445204478719646	0.00023717092284503824	-1	
-14.423130087275183	29.47500698030921	0.00025228025087418234	-1	
-16.119190777217902	28.994768999604563	0.00027294638821541504	-1	
-18.27382960314689	28.29878281988011	0.00029673821548972302	-1	
-10.790887536436561	31.010853701719022	0.00019133690647347166	-1	
-8.3371263034697964	30.538309492521947	0.00016174761557960249	-1	
-53.98949508962172	-10.494494745709995	0	-1	
-54.164426415671635	-9.5506497716811953	0	-1	
-52.824943713866652	-1.8446876828464793	0.00026363795357200369	-1	
-52.784703979884782	-2.7663291156984617	0.00026345653606675654	-1	
-52.849092458266554	-0.92248434025641091	0.00026374667919317428	-1	
-52.142857142857281	2.4868995751603507e-014	0.00026392893870101825	-1	
-52.857142857143025	6.2172489379008766e-015	0.00026378270863531888	-1	
-53.498010790423734	-2.803711941586287	0.00015701858181041024	-1	
-53.881076803386243	-6.6157643562794499	0.00015606190368756449	-1	
-53.98833146284931	-5.6744022916726271	0.00015636273813554561	-1	
-54.079140753552082	-4.7313117491585945	0.00015661739081691335	-1	
-54.153477014104929	-3.7867800032525212	0.00015682580671357293	-1	
-52.134915533154825	0.91001833565838186	0.00026389225513192286	-1	
-52.111093123138701	1.8197594709161518	0.00026378284468355563	-1	
-52.071397169345772	2.7289462898106747	0.00026360071020045949	-1	
-52.015839763548115	3.637301845229425	0.00026334585838834359	-1	
-51.944437829069727	4.5445494432707845	0.00026301829721237375	-1	
-50.089908701610717	7.9334621556117195	0.00031854302091994944	-1	
-49.943821759904999	8.8064432959657672	0.00031774639480506921	-1	
-49.782521446274544	9.6767419083819313	0.00031686558769347542	-1	
-49.081359172383308	9.5404497688272585	0.00032877988225799753	-1	
-48.257362738281259	9.8180714132268658	0.00033316357044650712	-1	
-47.446748366475063	10.518690872610145	0.00033637645583169888	-1	
-47.749870680640214	11.46372969924411	0.0003318884325845132	-1	
-51.857213115631531	5.4504127275276844	0.00026261803574009133	-1	
-50.928072106709458	7.1574737636605335	0.00031870794469770412	-1	
-51.754192192726201	6.3546157632684448	0.00026214508436623105	-1	
-54.322858732732762	-8.6038955772127199	0	-1	
-54.464743780786556	-7.6545205528036186	0	-1	
-54.590038340272898	-6.7028138872831278	0	-1	
-47.677389543939782	12.330211312248482	0.00032974733197814086	-1	
-42.058526007491182	17.109056461266057	0.00034393857755471571	-1	
-45.891162922348734	14.245698850519771	0.00033382748126641027	-1	
-46.597423688441758	13.80278572698216	0.00033127499251123547	-1	
-47.320704352742759	13.12319275921479	0.00032935477063252466	-1	
-44.21693586314224	16.46741099517401	0.00033446427984195248	-1	
-45.216115114171679	15.861060836788203	0.00033138727115261522	-1	
-45.979750291750662	15.074631044795392	0.00033018467646700456	-1	
-43.805808219054022	17.561483090846284	0.00033168749999408828	-1	
-40.949509662051163	18.784869745349539	0.00034113348531824184	-1	
-38.445525200004624	19.583544234616369	0.0003500686531544121	-1	
-38.485784816404426	21.659962542469529	0.00033583689921389838	-1	
-36.575379676655992	23.587358934696283	0.00033046714596059548	-1	
-38.790372715057046	24.102159286922838	0.00031772132731050864	-1	
-35.159457680009979	23.732895769704633	0.00033514059520992951	-1	
-26.984631708558513	26.06806427592398	0.00033734907106258233	-1	
-28.326805219651494	27.256787873377899	0.00032147495229190568	-1	
-29.71669240355471	26.811740159390958	0.00032374793792916282	-1	
-31.484246134426616	27.05343541287171	0.0003173496701665533	-1	
-25.523059040674045	26.782595884875761	0.00033036172366737211	-1	
-24.147840948945138	26.638249441651517	0.00033281264734667072	-1	
-22.793729001383685	26.918323590693021	0.00032877443594312713	-1	
-21.872973741406973	28.140794806309827	0.00031052217490190197	-1	
-20.349292103275946	28.284392812593897	0.00030495521637496014	-1	
-33.340254806040136	26.903204254490447	0.00031425075561759933	-1	
-35.807271193174287	24.821372108349919	0.00032379620757885124	-1	
-35.17042305053053	27.308003166445122	0.00030593308546380128	-1	
4.4936898614608474	37.693909550407497	-5.8672095738269244e-005	-1	
1.8475193073259639	37.660422473295064	-2.4441030520948065e-005	-1	
0.55513245041657933	36.902536949865244	-7.6724245548871081e-006	-1	
-0.6897025584567309	36.226244652771115	1.0212000354350812e-005	-1	
-1.8769272522734628	35.642140432970841	2.8205694607072264e-005	-1	
-4.2832086280193833	34.236966348113597	6.9195284551476976e-005	-1	
-3.1742783951694173	35.382216934180747	4.8040291693874317e-005	-1	
-6.0868858057663529	34.024739112760834	9.7678012323549105e-005	-1	
-7.5610999728006378	32.689612562125262	0.00012912405156726019	-1	
-8.8254767124602793	31.983000484383464	0.00015396862593573173	-1	
6.8651750781231362	38.205041281272109	-8.529979556439584e-005	-1	
12.728052688826978	39.875028742473347	-0.00013324605798201476	-1	
10.20265801661399	40.014250666313309	-0.00011034066049905923	-1	
11.669800360074813	41.127061313960738	-0.00011695230891130767	-1	
13.501016401255228	41.320715655550948	-0.00013023526164115186	-1	
7.4797083318042441	39.407077873165726	-8.6510242907847276e-005	-1	
7.9187781061606461	40.683698733632028	-8.5226590248767655e-005	-1	
22.961675213075072	40.482463737714092	-0.00018910526649501929	-1	
18.869632029040499	40.967330482221115	-0.00016710152908929799	-1	
16.961473168600641	41.195901913374207	-0.00015458388162555177	-1	
15.536230406254084	42.102075969149041	-0.00013973802036662726	-1	
22.284819970562062	41.937404923130629	-0.00017631676855688478	-1	
21.242470445830172	42.42860407689966	-0.00016871887497478297	-1	
35.721779416243272	33.898702926019809	-0.00025552058744124286	-1	
36.567685080958654	34.099918003125048	-0.00025343335622433661	-1	
35.132853744410653	34.52495922007617	-0.00025156657543347626	-1	
33.802816481983704	35.620736187234158	-0.00024427432719447968	-1	
32.832827693473476	35.830743976030199	-0.00024270528436289438	-1	
34.732918522949994	35.966990016932684	-0.00024171526942928239	-1	
35.355339059327505	35.355339059327498	-0.00024572367609663825	-1	
38.274557282726462	33.27156504166161	-0.00025076890968730097	-1	
37.688059006353733	33.934480751056554	-0.00024723857534670094	-1	
31.64832949124639	36.60280287685584	-0.00023663126472992145	-1	
32.53907895439739	36.778738279537215	-0.00023581664809623547	-1	
24.373680751864406	40.488665902649579	-0.00019405401539378174	-1	
25.155940754562018	40.280737053335407	-0.00019800317916279092	-1	
26.030784959149198	40.123628721638639	-0.00020160894619995848	-1	
27.783018747382101	39.69675914320576	-0.00020888889748970642	-1	
26.823437835729166	40.525793895961094	-0.00020079757812049769	-1	
29.974746713709013	37.68342123558692	-0.0002271217486288608	-1	
29.585033767166031	38.555966661734594	-0.00022026108368086979	-1	
30.912595195328887	37.499976620191028	-0.0002294829767628371	-1	
29.209779683084598	39.474751671174097	-0.00021314434661600287	-1	
49.312760006380856	20.932024740496875	-0.00014508124789692814	-1	
48.939935230853742	21.789463021917935	-0.00014401362774066321	-1	
48.552202876963513	22.640264021823253	-0.00014290261647569499	-1	
48.149681051741211	23.484168577986363	-0.00014174847632031769	-1	
46.229898805939676	25.62565135587792	-0.00023330946456777204	-1	
45.775628485749088	26.428571428571541	-0.00023118126726145093	-1	
45.307414465683266	27.223441102388694	-0.00022898275459122056	-1	
47.732492367234109	24.320919628904374	-0.00014055148149759653	-1	
47.30076390315692	25.150262292101377	-0.00013931191835983301	-1	
50.332837819340085	20.335786499721017	-0.00014607649634364473	-1	
49.970263473132668	21.211118403703512	-0.00014505269951042293	-1	
51.683094143225162	18.811107882911845	0	-1	
51.3469234573463	19.71023722499158	0	-1	
50.995112001173517	20.603362637875232	0	-1	
43.228387711798753	29.157915680974739	-0.00022209505929803627	-1	
42.71292802364043	29.907914181161779	-0.00021961696463319359	-1	
42.184457563836695	30.648802440964758	-0.00021707007706821396	-1	
39.967506589215844	32.365048682563206	-0.00025710928438305307	-1	
39.396571360404785	33.057648498165022	-0.00025375344315682884	-1	
38.813635554314189	33.740178633797662	-0.00025031334422195368	-1	
41.643137309608996	31.380354778642609	-0.00021445478106258182	-1	
41.089132152350651	32.10234835626656	-0.00021177148866332313	-1	
40.522610847399342	32.814563247598763	-0.00020902063529696654	-1	
44.825399368268414	28.010018252326663	-0.00022671419537813287	-1	
44.329730019972601	28.788063279365836	-0.00022437587780008806	-1	
-13.393586560725067	30.905842578489171	0.00022272349091672741	-1	
-14.867745069812532	31.180752535596856	0.00023274025521232255	-1	
-17.640756946023927	30.266960467575771	0.0002648470570006804	-1	
-16.331925556884133	31.504626424187293	0.00024008305262810179	-1	
-19.401444748053102	29.886388412455613	0.00027912191202730357	-1	
-11.363117793133474	32.679756040193254	0.00017957794963550803	-1	
-12.861879566992862	32.346257685408808	0.0001996455986781323	-1	
-53.563269383378227	-0.93495034485447992	0.00015720390752314086	-1	
-53.538794304594546	-1.869615894776846	0.00015713441938877056	-1	
-53.571428571428697	-3.7747582837255322e-015	0.00015722703142024124	-1	
-52.849092458266554	0.92248434025642312	0.00026374604117091447	-1	
-53.563269383378227	0.93495034485447226	0.00015720378623581662	-1	
-54.211317600962765	-2.8410947674740954	0.00015698794090009932	-1	
-54.698704245255222	-5.7490654797209535	0	-1	
-54.790708395046195	-4.7935658511212083	0	-1	
-54.86602276429052	-3.8366060559268966	0	-1	
-54.924624411501746	-2.8784775933619127	0	-1	
-52.824943713866652	1.8446876828464913	0.00026363667813934734	-1	
-52.784703979884782	2.7663291156984737	0.00026345462276253196	-1	
-52.72838551373372	3.6871278979037823	0.0002631998813345748	-1	
-52.656005470563841	4.6068035452333795	0.00026287246174704732	-1	
-52.56758589803745	5.5250759155759903	0.00026247237312253849	-1	
-50.795400373464346	8.0452010592118981	0.0003179962068728328	-1	
-50.647255869199391	8.9304777085850162	0.00031720047043554833	-1	
-50.483683720165693	9.8130340479366183	0.0003163205266975709	-1	
-49.606056894357437	10.544092891472099	0.0003158995436112036	-1	
-48.907380036690391	10.395584540887986	0.00032778331835691494	-1	
-48.718503239261871	11.247552717193271	0.00032669959589551236	-1	
-48.514786313799938	12.096094779983408	0.00032554239454387994	-1	
-52.463153729612884	6.4416652942721058	0.00026199962586577014	-1	
-51.635406441524857	7.2568831214891683	0.00026159945379194982	-1	
-52.3427407763403	7.356292479317772	0.00026145423149505272	-1	
-48.296291314453519	12.940952255126064	0.00032429405364371125	-1	
-42.953964717668448	18.641945473183799	0.00033095870546245024	-1	
-46.833885035787205	14.766667230281254	0.00032648670300697871	-1	
-47.81523779815187	14.618585236136864	0.00032152780963086382	-1	
-48.063084796916051	13.781867790849986	0.0003229547865088682	-1	
-45.521081046155025	17.019634796743475	0.00032479099133664427	-1	
-46.290005844122504	16.392150791958322	0.00032325841175460869	-1	
-46.701137757605586	15.62598210911637	0.00032401680267192339	-1	
-44.941346774829277	18.283559134323834	0.00032224578278621711	-1	
-44.329720486303692	18.80098200590901	0.00032295612065682541	-1	
-41.025456357643506	20.391249980584202	0.00033128357018902428	-1	
-42.576089549911423	19.964914357206357	0.00032590729891583654	-1	
-40.091093706443303	21.700139508682785	0.00032789567314992749	-1	
-37.379877658575168	24.797962979062262	0.00031826246773839688	-1	
-40.255498267823171	24.672870450672075	0.00030818508663334681	-1	
-40.32022190901661	23.739026306408089	0.00031386694100851633	-1	
-39.494174170386977	25.726943314221739	0.00030407480226314284	-1	
-26.914690150183649	27.625277876343016	0.00031914366252759304	-1	
-28.052939785399438	28.690263222180715	0.00030647129171892593	-1	
-30.306226122101688	28.495519474435088	0.00030587059161729858	-1	
-32.530602921970534	28.593719498102072	0.00030121285020643778	-1	
-25.116524446241176	28.35786719713516	0.00031109829182898426	-1	
-23.753412247589385	27.963574569700029	0.00031534528549828265	-1	
-21.260933375123194	29.80208801757972	0.00028706523800474436	-1	
-23.005909619747815	29.169717746745345	0.00029911278760453392	-1	
-34.071678907684642	28.629007472066039	0.00029787763054029835	-1	
-36.709935638960005	27.224309159998761	0.00030234629416214695	-1	
-36.588623102728285	29.714273760947528	0.000284208469373111	-1	
3.9037467193254449	39.095521573461347	-4.7313326691728451e-005	-1	
5.729090493600415	39.161568998832877	-6.8235691783998615e-005	-1	
2.3982778076180695	39.310259856038812	-2.8940120242061378e-005	-1	
0.86682101701374914	40.134843638109906	-9.9323029520078498e-006	-1	
-0.29869701563423712	39.120227036193242	3.8150627763465362e-006	-1	
-0.74803925312667463	37.64172418299416	9.9259614293284236e-006	-1	
-2.3696853540661822	37.194676648932337	3.2306744258453646e-005	-1	
-5.7119416629740289	35.358132560492493	8.484606089744428e-005	-1	
-4.5731915317899876	36.146656076563076	6.5410031712475133e-005	-1	
-3.590532460832228	36.92106641318609	4.9445498245432188e-005	-1	
-7.0713100488863461	35.092352975027147	0.00010484666550142665	-1	
-8.0757339900504963	34.043533164114976	0.00012554414825937415	-1	
-10.018908468884456	33.822465003423247	0.00015217885083693023	-1	
10.05558651032945	41.731705414947896	-0.00010016520842904596	-1	
8.6614523035715241	41.871841553441378	-8.702311756084994e-005	-1	
12.032917431038141	42.932331428450041	-0.000110290320358751	-1	
13.813719432816935	43.478222735460939	-0.00012041534329110114	-1	
6.3603054765131617	40.50589079922095	-7.0101431995093464e-005	-1	
7.3344298246032791	41.875141823885599	-7.4747556678379887e-005	-1	
24.115970483374042	41.255966714399584	-0.00018777404533315925	-1	
23.47179167382145	41.774936415356244	-0.00018195837783623135	-1	
19.401225825441909	43.05583143446048	-0.00015599057563399414	-1	
17.646200370495098	42.741490330923043	-0.00014871180333708611	-1	
16.757880882303461	43.937394494749007	-0.00013653780248467579	-1	
14.980858757653657	45.022248560456276	-0.00011989254762443818	-1	
22.829913374456094	42.663532358951421	-0.00017369853379335177	-1	
20.729570559128415	43.460448467587312	-0.00015980327833505485	-1	
21.684648104570105	43.492675530554678	-0.00016376862293615858	-1	
35.966990016932684	34.732918522949987	-0.0002496220342724903	-1	
37.090080582115242	34.587059688884032	-0.00024362575471146509	-1	
34.099918003125055	36.567685080958654	-0.00023766032362278352	-1	
33.456530317943042	37.157241273869843	-0.00023347680198424289	-1	
35.229103073277884	36.480804160031788	-0.00023229046016025345	-1	
35.860415331603647	35.860415331603669	-0.00023615172842042254	-1	
36.480804160031759	35.229103073277905	-0.00023993014140501282	-1	
38.218876738837615	34.412431184170003	-0.00024678877449149726	-1	
37.612476083271815	35.074201374642939	-0.00024318139599859243	-1	
31.982712447346085	37.446944992077256	-0.00023076286979539166	-1	
32.802951449525494	37.735479011138736	-0.00022924532997526301	-1	
24.92461783792205	41.081652787330768	-0.00019162964260359671	-1	
25.75035842773217	40.967071885500751	-0.00019489814774678658	-1	
28.597292266223867	40.091925119273832	-0.00020772468200588577	-1	
27.899691483405658	40.594303005530911	-0.00020285472013269692	-1	
26.459851432322015	41.533647165987396	-0.00019299431621187785	-1	
27.231951750751481	41.933528397271353	-0.00019231134610414672	-1	
27.959645173537471	41.451878627752244	-0.00019722636738315718	-1	
30.569634840303678	38.431298109297515	-0.00022247062720128673	-1	
30.090751157602547	39.931775502364786	-0.00021139492980698382	-1	
30.783073766283046	39.400537680336235	-0.00021600251116996372	-1	
31.466019552492011	38.857298072848678	-0.00022047945125983453	-1	
32.139380484327098	38.302222155949039	-0.00022492079339879562	-1	
29.389262614623792	40.45084971874752	-0.00020674933815241931	-1	
49.592467700598533	22.079989195543526	-0.00014398526943095914	-1	
49.199565581989773	22.942134208780914	-0.00014287445644938876	-1	
48.791676799097843	23.797290825692865	-0.0001417205227902939	-1	
48.368925598797311	24.645198557289778	-0.00014052374268174876	-1	
46.854627168182027	25.971943941768142	-0.00013803008551235821	-1	
46.394218059880757	26.785714285714377	-0.00013670629393480621	-1	
45.919676823327563	27.591325441610135	-0.00013534086710073132	-1	
47.931440755199091	25.485599122662741	-0.0001392844024791309	-1	
47.479355530424542	26.318236527658403	-0.00013800280078881484	-1	
50.627766939884417	21.490212066910132	0	-1	
50.245000170343246	22.370515369169091	0	-1	
43.820557406480958	29.557339183453884	-0.00022196811211235571	-1	
43.298036626704025	30.317611635698277	-0.0002194912335133551	-1	
42.76232684553311	31.06864904974514	-0.00021694560303229474	-1	
39.943745962632576	33.516782505083938	-0.00020620268578136291	-1	
39.35271382590183	34.208792225933699	-0.00020331813767915588	-1	
42.21359124535708	31.81022265232269	-0.00021433160583779983	-1	
41.651996976355477	32.542106552927791	-0.0002116496535397385	-1	
41.077715105582918	33.264077812634405	-0.00020890018273887856	-1	
45.431148008380084	28.388532012493215	-0.00013393414109533132	-1	
44.928780425647837	29.177091161519403	-0.00013248646472917256	-1	
-15.293549395567746	32.618601439550282	0.00021873629348302738	-1	
-13.983400454340451	33.394922983141669	0.00019877535625928579	-1	
-18.798130659216682	31.647301988128973	0.00025356221977962401	-1	
-16.757215845318939	33.039131951066224	0.00022486005206035883	-1	
-20.337622060619196	31.190944893503431	0.00026631565026656969	-1	
-11.899110115344552	34.360647087398554	0.00016858006118892425	-1	
-54.252644895322511	-1.8945441067071944	0.00015710375850587792	-1	
-54.277446308489985	-0.9474163494525295	0.00015717323469800442	-1	
-54.285714285714455	6.994405055138487e-015	0.0001571963546422572	-1	
-53.538794304594539	1.8696158947768382	0.00015713417714818421	-1	
-54.277446308489985	0.94741634945254338	0.00015717311351895827	-1	
-54.966495486050455	-1.9194723186375522	0	-1	
-53.49801079042372	2.8037119415862786	0.00015701821932893341	-1	
-53.440931263919268	3.7369539505781448	0.00015685593796199601	-1	
-53.367573112057904	4.669057647195979	0.00015664736826189357	-1	
-53.277958680443319	5.5997391036242998	0.00015639255550019737	-1	
-53.172115266499503	6.5287148252757659	0.00015609155504027201	-1	
-51.500892045318011	8.156939962812082	0.0002609811589368141	-1	
-51.350689978493818	9.0545121212042705	0.00026029021912201566	-1	
-50.304733752024404	10.692601242056222	0.00031535575247768099	-1	
-51.184845994056872	9.9493261874913106	0.00025952665707962188	-1	
-49.414481856965651	11.408232041724601	0.00031484884967268893	-1	
-49.207854689711397	12.268896133983171	0.00031371408568250058	-1	
-48.986238333231462	13.125823001627863	0.00031249465530212031	-1	
-53.050075111155657	7.455701837146373	0.00015574443238180861	-1	
-52.206383717171718	8.2686788664122322	0.00026083620515251544	-1	
-52.91187538902534	8.3804177700123805	0.00015535126321206941	-1	
-48.749700294014886	13.978751616433556	0.00031119039104757196	-1	
-43.700042338628045	19.797975098237828	0.00032118988514961082	-1	
-47.552825814757774	15.450849718747401	0.0003200301504477265	-1	
-48.23215189782578	15.671576143300934	0.00030832812137864132	-1	
-48.498312623839794	14.827422168081675	0.00030980144933307738	-1	
-45.689729410765509	17.997663042912652	0.00031965933109471178	-1	
-46.984631039295522	17.101007166283466	0.0003167463905313093	-1	
-46.679021324860187	17.918397477265042	0.00031496067144455694	-1	
-47.275928779965945	16.278407722857864	0.0003184369298068782	-1	
-45.507892117929813	18.849986110258197	0.00031678081186560302	-1	
-45.161531752097254	19.636792878003011	0.00031482912483041253	-1	
-42.033687047103513	21.98000485199892	0.00031722708863617306	-1	
-43.092048340111951	21.484902755729209	0.00031515877723146366	-1	
-43.864500677580203	20.922293577227624	0.00031458348154874132	-1	
-41.530370369641027	23.034484360788586	0.00031321280482817968	-1	
-37.92379085325171	26.273699242427575	0.00030562216884772516	-1	
-41.145144133797814	24.381693067175856	0.00030661964543005711	-1	
-41.05553742879593	25.158865693874599	0.00030220657979822073	-1	
-41.71634244088235	23.847128620869437	0.00030759808676474666	-1	
-40.175593669746569	27.085983284246524	0.00029302135540884198	-1	
-39.282424339178952	27.232428014647425	0.00029476796379197145	-1	
-40.987755160413911	26.112079869958549	0.00029652875524572783	-1	
-26.515894282982519	29.132184600470701	0.0003022645932861413	-1	
-29.793213413683635	30.134795029083428	0.00029059339691409552	-1	
-28.324902597672903	30.133168460538265	0.00029139888857685636	-1	
-31.454191992355977	29.697123297922218	0.00029306798903301243	-1	
-33.081655359633842	30.033338074599516	0.00028796915694859096	-1	
-24.885376462281371	30.427255280393112	0.00028676596250913562	-1	
-21.923266981878719	31.443978006931761	0.00026899741365648709	-1	
-23.583515293267745	31.457677341419561	0.00027308724261377481	-1	
-34.96969095275842	30.093884748089373	0.00028452700367466151	-1	
-38.081216549911808	27.929073205553756	0.00029349145983420809	-1	
-38.200813330511195	29.312515031247649	0.00028351442737355984	-1	
-36.22066725704294	31.189377374209467	0.00027417756930867807	-1	
-37.12425135518631	31.137096500926482	0.00027306251783184958	-1	
-38.033764367496566	30.253422223987805	0.0002774340077912664	-1	
4.8025140048883177	40.322210833430496	-5.4180050586442241e-005	-1	
2.4217154291910084	41.049440408206344	-2.6472643230703066e-005	-1	
0.26888899905746033	41.836801683066838	-2.8258048986445627e-006	-1	
-0.88910153096376843	40.548268226632459	1.0174152871760158e-005	-1	
-1.7063715705231792	38.740510533592953	2.1328360478596168e-005	-1	
-3.5715194096239782	38.371614403150701	4.5258285913895776e-005	-1	
-7.1677320467079797	36.541350299966588	9.7355626596595782e-005	-1	
-5.8131405461419643	36.720806999387698	7.9342324351403117e-005	-1	
-4.7510575721456982	37.388518747884504	6.3038565849411139e-005	-1	
-8.7482805269469264	36.614766161915128	0.0001155739962518677	-1	
-10.090459620192318	35.776864814006991	0.00013696126376828576	-1	
10.050074566011521	43.455436965984248	-9.2208149171798105e-005	-1	
7.92469701716775	43.063663675958196	-7.5816563713562544e-005	-1	
13.071271265937519	44.478641359272189	-0.00011023769957361769	-1	
11.638327973559633	44.752647952754607	-9.8801468529420737e-005	-1	
13.896476087805977	45.411970725217593	-0.00011118794073925397	-1	
4.6824082653491823	41.790859594851639	-4.9038870044366366e-005	-1	
5.959147627635704	42.526584525707115	-5.9486060794536214e-005	-1	
24.665721070362867	41.874084972739432	-0.00018540429326829148	-1	
24.181292347489265	42.740289529207246	-0.00017810413691733817	-1	
18.47005886090415	44.085949271973533	-0.00014506014399803948	-1	
20.153565916582831	44.222964272774568	-0.00015256029120946349	-1	
17.594997338879356	44.230341072841348	-0.00013955665354572201	-1	
16.073157911394809	45.389197738284203	-0.00012465292314624792	-1	
17.019634796743539	45.521081046155118	-0.00012934879697295526	-1	
14.024486479406931	46.3108596013656	-0.0001078966114037646	-1	
15.420604077215941	46.087327521986964	-0.00011739859093057596	-1	
23.498155796068403	43.278219220677116	-0.00017223786229511335	-1	
22.674947164059322	43.558168232173443	-0.00016738858239769718	-1	
21.140976050317832	44.322978016770186	-0.00015642543234848906	-1	
22.699524986977455	44.550326209418579	-0.00016148648868034474	-1	
21.918557339453983	44.939702314958531	-0.00015607001169710408	-1	
36.994618303130821	35.725287623605738	-0.00023949136209211537	-1	
34.587059688884011	37.090080582115277	-0.00022834858155244188	-1	
33.93448075105654	37.688059006353768	-0.00022432461563018174	-1	
35.074201374642975	37.612476083271794	-0.00022792788093481211	-1	
35.725287623605766	36.9946183031308	-0.00023186380430567343	-1	
36.365491603879775	36.365491603879754	-0.00023571874935398711	-1	
38.749694471321419	34.890381617283431	-0.00020036751783510156	-1	
38.134871584428325	35.561343060401818	-0.00019735138742470312	-1	
37.508432446229811	36.221472173933542	-0.0001942703352135191	-1	
33.271565041661596	38.274557282726505	-0.00022022131857637466	-1	
25.658176351036321	41.87033836708661	-0.00018849701523110054	-1	
28.678821817552436	40.957602214449743	-0.00020202578619412761	-1	
26.495963211660371	42.402404807821462	-0.00018737945986322286	-1	
28.359068676016594	42.044048322434499	-0.00018932547874235821	-1	
27.620979632905083	42.532578802946745	-0.00018461467617109006	-1	
29.088519272088917	41.542710817513395	-0.00019396313780361291	-1	
30.520619031282603	40.502229438112941	-0.00020301832308010861	-1	
31.222831962944255	39.963402504341126	-0.00020743539605965134	-1	
31.915534117527628	39.412402331032311	-0.00021177493979346958	-1	
32.598514491246078	38.849396758176958	-0.00021603803082918726	-1	
29.809109223404146	41.028719000443999	-0.00019852754324530371	-1	
49.846928287015949	23.244004395738553	0	-1	
49.433672546454382	24.110413073399346	0	-1	
49.005358830360429	24.969477485675167	0	-1	
47.012807634012582	27.142857142857249	-0.00013667924858971257	-1	
46.531939180972003	27.959209780831621	-0.00013531406935263319	-1	
46.03689664849189	28.767045772659809	-0.00013390759915749063	-1	
48.562117607241184	25.82093595322409	0	-1	
48.104083892666964	26.664529113548639	0	-1	
44.412727101163064	29.956762685932965	-0.00013099819965004192	-1	
43.883145229767528	30.727309090234716	-0.000129469720451651	-1	
43.34019612722944	31.488495658525455	-0.00012790141477421441	-1	
40.490920564860438	33.975916512002939	-0.00020608365900253868	-1	
39.891792097489549	34.677405818069822	-0.00020320057946866503	-1	
42.784045181105078	32.240090526002696	-0.00012629368339922239	-1	
42.214861800360218	32.981864749588951	-0.00012464694033901625	-1	
41.632819363766401	33.713592377669983	-0.00012296161291952418	-1	
45.527830831323207	29.566119043673016	-0.00013246018680725151	-1	
45.004896795845312	30.356186188412092	-0.00013097219393929237	-1	
-16.157805854329951	34.514356240508853	0.00020473132886484469	-1	
-14.083492632113463	35.071535463452577	0.00018273186561097824	-1	
-18.030499667666714	33.995336609707024	0.00022254382574601699	-1	
-19.891966941536751	34.553282022788188	0.00022674227702951412	-1	
-20.888817286779322	32.986348237251299	0.00024793194759042232	-1	
-11.537728594534681	36.6291912591509	0.00014537848967073673	-1	
-13.212942076478077	36.507916187100925	0.00016216238038331427	-1	
-54.991623233601707	-0.95988235405058864	0	-1	
-55.000000000000178	7.5495165674510645e-015	0	-1	
-54.991623233601693	0.95988235405060374	0	-1	
-54.252644895322504	1.8945441067072082	0.00015710351650064522	-1	
-54.966495486050434	1.9194723186375668	0	-1	
-54.211317600962744	2.8410947674741092	0.00015698757876050787	-1	
-54.153477014104908	3.7867800032525345	0.00015682532548473354	-1	
-54.079140753552061	4.731311749158607	0.00015661679189136107	-1	
-53.988331462849288	5.6744022916726395	0.0001563620232570115	-1	
-53.881076803386208	6.6157643562794597	0.00015606107495152213	-1	
-52.054124087788281	9.1785465338234911	0.00026014556613486559	-1	
-51.886008267948093	10.085618327045973	0.00025938233755668329	-1	
-51.0034106096914	10.841109592640356	0.00025869049993712995	-1	
-50.110460474669352	11.568911366255946	0.00031430645180722161	-1	
-51.702087467358439	10.989617943224456	0.00025854654732539249	-1	
-49.900923065622784	12.441697487982948	0.00031317297346410307	-1	
-49.676185352009341	13.310693748129676	0.0003119549938849949	-1	
-53.75740944597112	7.5551111949750087	0.00015571401248167305	-1	
-52.757558197082673	9.3025809464427116	0.00015491213346319641	-1	
-53.617367060879054	8.4921566736125627	0.00015532091154253207	-1	
-49.43631579111365	14.175635442017137	0.0003106523631702954	-1	
-44.685188319045999	20.364213550407211	0.00031359821689274015	-1	
-47.951299191108347	16.510956404612976	0.00030676921865018973	-1	
-49.181387449527634	15.036259100026497	0.00030926515492112164	-1	
-48.911477980893707	15.892302567854477	0.00030779340689858129	-1	
-46.359192728339465	18.730329670795633	0.00031310935639115113	-1	
-47.345864486643933	18.174374584083118	0.00030339346304966664	-1	
-47.655840054142629	17.345307268658946	0.00030512425878466231	-1	
-47.021466910172919	18.997905808949859	0.00030157772676184773	-1	
-46.025242672622113	19.536556424463722	0.00031116178555993824	-1	
-45.67727288213014	20.336832153790045	0.00030911981721315181	-1	
-42.383001510211507	23.346586924299285	0.00030785401599378348	-1	
-43.107602093239358	22.440397278035881	0.0003098925692971154	-1	
-43.947266506023958	21.911298804126126	0.00030911039118271575	-1	
-44.939702314958438	21.918557339453908	0.00030475394368620123	-1	
-45.315389351832586	21.130913087035008	0.00030698395250960969	-1	
-41.87408497273934	24.665721070362778	0.00030215312075864765	-1	
-41.870338367086518	25.658176351036239	0.00029631048866346282	-1	
-42.740289529207146	24.181292347489176	0.00030169019959981185	-1	
-40.584910492524401	27.893236188062826	0.0002866872356431616	-1	
-41.075037051803371	27.186973950166696	0.00028963667799551646	-1	
-39.978520422266932	28.516401481981852	0.00028439627982372053	-1	
-39.066424435027244	28.90763342246192	0.00028418420952662287	-1	
-42.402404807821362	26.495963211660282	0.00028959166653382392	-1	
-41.933528397271267	27.231951750751389	0.00028672946210245775	-1	
-26.957930532592158	30.66919707118161	0.0002858694393656675	-1	
-29.594489591016011	31.840935476224406	0.0002749118478620298	-1	
-31.715789010565238	31.3382340156837	0.00027847167502278894	-1	
-27.648174146494249	32.668226219984014	0.00026655228917190217	-1	
-33.499174480986866	31.875625262819796	0.00027251855255429786	-1	
-24.86819555555148	32.509441930543055	0.00026458883018059724	-1	
-22.741752358560987	32.861353362041712	0.00025576051136795677	-1	
-34.953220558481611	31.756645865591597	0.0002717937826723546	-1	
-38.958958528321531	29.894260302334182	0.00027791876530558642	-1	
-36.77873827953713	32.539078954397283	0.00026383158228268422	-1	
-35.830743976030114	32.832827693473369	0.00026289999069557975	-1	
-37.446944992077171	31.982712447345978	0.00026671039230541377	-1	
-38.008211093172889	31.331551363934572	0.00027020151282880207	-1	
-39.40053768033615	30.783073766282943	0.00027119051948130247	-1	
-38.857298072848593	31.466019552491904	0.00026779014882204069	-1	
3.3030975637629054	42.309373395616539	-3.3828306413941233e-005	-1	
1.0909381484808125	43.341340065541068	-1.0580557785271825e-005	-1	
-0.44291874898177186	43.396522901181513	4.3068191774069328e-006	-1	
-1.4063022770975715	42.201678013759718	1.4583822980268046e-005	-1	
-2.5160415915478898	39.953014856011073	2.9310263388152999e-005	-1	
-5.472303061058799	38.415000198012038	6.8067103292993568e-005	-1	
-4.416052468265331	40.078213331667015	5.0626160517703411e-005	-1	
-6.6411578356471868	37.768768781286816	8.4681518114770567e-005	-1	
-7.9795103245725807	38.72957153111291	9.4903224277744809e-005	-1	
-10.007007609335391	37.573478589722917	0.0001231625617569645	-1	
9.3148835990069152	45.369803564319255	-7.8998198472863393e-005	-1	
6.8737757149994891	44.347379373604454	-6.2506397679595161e-005	-1	
12.760394064832365	45.685050108081654	-0.00010255111054467988	-1	
10.829330721349343	45.966702950832868	-8.7987236941691727e-005	-1	
12.056065451322413	46.617346153584585	-9.3912187176726217e-005	-1	
4.2014421351079339	43.557268676095553	-4.0401468933585086e-005	-1	
25.751903745502833	42.858365035105784	-0.00018235145523178673	-1	
25.000000000000124	43.301270189222109	-0.00017721154326658998	-1	
24.24048101231697	43.730985356969967	-0.00017204152732799594	-1	
19.581247913776732	45.033787080084885	-0.00014518417556727534	-1	
18.141113953517511	44.929153138208257	-0.00013858945622677443	-1	
20.336832153790112	45.677272882130232	-0.00014509974166717149	-1	
21.130913087035079	45.315389351832685	-0.00015064749047187046	-1	
16.392150791958382	46.290005844122604	-0.00012200248582828087	-1	
18.052892936725538	45.829938664471292	-0.00013326496446591988	-1	
17.918397477265106	46.679021324860287	-0.00012825133151373944	-1	
17.101007166283527	46.984631039295621	-0.00012247250663255607	-1	
13.986616979840855	47.218027597396691	-0.00010372949048040111	-1	
14.766667230281307	46.833885035787304	-0.00011007514267889248	-1	
12.9874463187197	46.831218501588445	-9.9113534085206167e-005	-1	
16.278407722857921	47.275928779966044	-0.00011670630055971895	-1	
15.450849718747456	47.552825814757881	-0.00011082482840616827	-1	
23.473578139294656	44.147379642946532	-0.00016679918735870096	-1	
23.808914969856005	44.778056494988704	-0.00016002446275454761	-1	
23.023803915362848	45.186759440981781	-0.00015490785533360811	-1	
22.231679587160471	45.581698062315169	-0.00014972768299984632	-1	
36.870567876155832	36.87056787615581	-0.00019112498045918434	-1	
34.412431184170039	38.218876738837594	-0.00022391066166344356	-1	
33.740178633797704	38.813635554314168	-0.00021981376841886908	-1	
36.22147217393357	37.50843244622979	-0.00018791597593189509	-1	
35.561343060401846	38.134871584428303	-0.00018464401057879609	-1	
39.280512203805294	35.368332050396944	-0.00020025147159511379	-1	
38.657267085584898	36.048484746160788	-0.0001972368954273759	-1	
38.022246589328873	36.717656724261445	-0.00019415744010323516	-1	
33.057648498165065	39.396571360404764	-0.00021563722430336583	-1	
26.874476971826962	43.008153447933282	-0.00017983463625747927	-1	
28.0100075150587	43.131629208622023	-0.00018426741911887996	-1	
28.758492178495718	42.636218017116633	-0.00018896971635726375	-1	
27.25299073199356	43.613902088044981	-0.00017949518798487135	-1	
29.498216726625397	42.127819420576927	-0.00019359961684439723	-1	
30.228955832184507	41.606588282140343	-0.00019815647886634949	-1	
30.950486904962659	41.072683373860968	-0.00020263982503906347	-1	
31.662590159605461	40.526267328345881	-0.00020704902444261251	-1	
32.365048682563248	39.96750658921583	-0.00021138157737605372	-1	
47.631397208144314	27.500000000000107	0	-1	
47.144201538616372	28.327094120053093	0	-1	
46.642645288603624	29.145559532826386	0	-1	
44.468253832831181	31.1370065447712	-0.00012944399513336341	-1	
43.918065408925905	31.908342267305816	-0.00012787597801279643	-1	
43.354499116853233	32.669958399682756	-0.00012626854333947394	-1	
41.038095167088223	34.435050518921869	-0.00012123814185762225	-1	
40.430870369077184	35.146019410205867	-0.000119476981327742	-1	
42.777726624365101	33.42162294625016	-0.00012462210510297636	-1	
42.187923621950041	34.163106942705603	-0.00012293709060297973	-1	
41.585269769316135	34.894184525840849	-0.00012121394052569954	-1	
46.126881236998514	29.955146925826607	0	-1	
45.597066490527482	30.755609690891198	0	-1	
-15.118752063532973	36.394141135163757	0.00017901432789949823	-1	
-17.779748961420207	35.922377755864609	0.0002018705537151451	-1	
-20.244545786833335	36.0601186642591	0.00021384780121167865	-1	
-21.674846071310867	35.440086737970049	0.00022585238773950166	-1	
-22.910301577399096	34.489377431257161	0.00023965614617640235	-1	
-12.24410027763555	38.153030784330269	0.00014080263226499761	-1	
-14.209386026691417	38.136460298657234	0.00015746346369137931	-1	
-54.924624411501739	2.8784775933619269	0	-1	
-54.866022764290499	3.8366060559269104	0	-1	
-54.790708395046167	4.7935658511212207	0	-1	
-54.698704245255193	5.749065479720965	0	-1	
-54.590038340272869	6.7028138872831375	0	-1	
-54.46474378078652	7.6545205528036284	0	-1	
-52.587170541839242	10.22191046660063	0.00015442713937653305	-1	
-52.400764325025406	11.138126293808552	0.00015389638757495929	-1	
-51.502417710076855	11.890270015318613	0.00025763823044278993	-1	
-50.806439092373083	11.729590690787296	0.0002577817829121855	-1	
-52.198396327780557	12.050949339849927	0.00015331999514006051	-1	
-50.593991441534207	12.614498841982726	0.00025680054738144031	-1	
-50.366132370787227	13.495564494631491	0.00025574683887600035	-1	
-54.322858732732726	8.6038955772127288	0	-1	
-53.460992306377157	9.4266153590619641	0.00015488185807515279	-1	
-50.122931288212435	14.372519267600724	0.00025462070907008021	-1	
-48.626669602250672	16.743505086368096	0.00030623632331725663	-1	
-49.864462275215516	15.245096031971325	0.00025342221661088532	-1	
-49.59080406396167	16.113028992408026	0.00025215142669751569	-1	
-46.682746139373883	19.815650087670349	0.00029967590853109921	-1	
-48.327049068989666	17.589607371034433	0.00030459348448024019	-1	
-48.012707648427607	18.430351690901198	0.0003028650295467364	-1	
-47.683741092006301	19.265481947104089	0.00030105139892588174	-1	
-46.329805351874874	20.627358327415621	0.00029768762987361294	-1	
-45.962752056858797	21.432783273992655	0.00029561290496237804	-1	
-43.278219220677009	23.498155796068321	0.00030339746813354724	-1	
-44.147379642946433	23.47357813929457	0.00030004746042683865	-1	
-44.550326209418479	22.699524986977377	0.00030245644246488357	-1	
-45.581698062315013	22.231679587160393	0.00029345210241693006	-1	
-45.186759440981618	23.023803915362773	0.00029120614332697547	-1	
-43.301270189222016	25.000000000000036	0.00029500725019649001	-1	
-42.858365035105685	25.751903745502744	0.00029233370415967781	-1	
-43.730985356969875	24.240481012316888	0.00029758162541978714	-1	
-41.451878627752151	27.959645173537382	0.00028381499578827499	-1	
-40.957602214449643	28.67882181755234	0.00028079567463173418	-1	
-40.450849718747421	29.389262614623689	0.00027768243313596282	-1	
-39.931775502364694	30.090751157602444	0.00027446723899816113	-1	
-43.008153447933125	26.874476971826873	0.00027868689943926178	-1	
-42.532578802946603	27.620979632904991	0.0002759242465883702	-1	
-42.044048322434357	28.359068676016495	0.00027307682493556997	-1	
-26.206602802805669	33.491927134568364	0.00025697756153544935	-1	
-31.329886363416747	33.160411898200458	0.00026331332422350193	-1	
-29.291191390782021	33.999784750153559	0.00025577721160783369	-1	
-32.564818221028744	32.996064673015496	0.00026429151951886531	-1	
-27.450089532044927	34.592087072866903	0.00024876649814541498	-1	
-34.927553127343273	33.14501031990023	0.00026154047687388429	-1	
-33.770683345413914	33.309043913800785	0.00026122296926356408	-1	
-24.632079770387058	34.233971357478957	0.00024685789867467462	-1	
-37.157241273869758	33.456530317942935	0.00025715670962856622	-1	
-37.735479011138651	32.802951449525388	0.00026079634534611969	-1	
-35.620736187234073	33.802816481983598	0.0002562921773464287	-1	
-36.567685080958569	34.099918003124948	0.00025341562214636551	-1	
-38.302222155948954	32.139380484326992	0.00026434498122528344	-1	
-39.963402504340991	31.222831962944149	0.00026082741112529379	-1	
-39.412402331032183	31.915534117527521	0.0002575519215851821	-1	
-38.84939675817683	32.598514491245972	0.00025419352483956303	-1	
2.6293748769526353	43.691532337700998	-2.5230060450296601e-005	-1	
1.9291774701436653	45.546351374877467	-1.7020281039667225e-005	-1	
0.52740849789969824	45.632006860952202	-4.6420886967598077e-006	-1	
-1.9759500407860213	43.471203458168318	1.9177204131278205e-005	-1	
-1.3390659816304464	44.708366391604997	1.2314334612859974e-005	-1	
-3.5223332709197841	41.759576465034456	3.720645745581037e-005	-1	
-6.6512612971060951	39.167227166003137	7.8542982690556093e-005	-1	
-5.3155873346693436	41.221008774762581	5.7007340966312847e-005	-1	
-6.6527987052009223	40.649160760726048	7.2667124047239332e-005	-1	
-8.8633070549382502	39.901738947314051	9.8091831529106618e-005	-1	
-10.227116252910703	39.358510097072788	0.00011425771889786446	-1	
8.8341724615243162	46.776248568442597	-7.0683553049712499e-005	-1	
7.7578252531049063	45.751237624963913	-6.5456672184970355e-005	-1	
9.7187161669352928	46.800219589258752	-7.7055693034443798e-005	-1	
5.9511401725172339	45.726185100123935	-5.1091999321788727e-005	-1	
11.345148761661108	47.255945528588519	-8.6735509225262993e-005	-1	
12.295333868131406	47.542528474055587	-9.1884989942112757e-005	-1	
3.4771081583715646	45.022235339338224	-3.1240508804450089e-005	-1	
26.119788084724309	43.470627392750231	-0.0001749839286337954	-1	
25.357142857142989	43.919859763353934	-0.0001700631779243937	-1	
24.586773598207216	44.355713719212474	-0.00016507654689993401	-1	
18.845624691866927	45.497362722498366	-0.00013902724453463449	-1	
19.536556424463786	46.025242672622205	-0.00013953942832619617	-1	
20.627358327415692	46.329805351875038	-0.00013918920123023146	-1	
21.432783273992726	45.962752056858953	-0.00014448847359682478	-1	
18.730329670795697	46.359192728339565	-0.00013392124096049831	-1	
18.174374584083179	47.345864486644089	-0.00012296484661482771	-1	
18.997905808949923	47.021466910173068	-0.00012842648557921936	-1	
17.345307268659006	47.655840054142779	-0.00011745045725163724	-1	
14.618585236136918	47.815237798151976	-0.00010495464646489454	-1	
13.781867790850036	48.063084796916144	-9.9046986949896239e-005	-1	
12.940952255126112	48.296291314453619	-9.3040022465100842e-005	-1	
16.510956404613033	47.951299191108504	-0.00011188883894823514	-1	
15.671576143300987	48.232151897825943	-0.00010627929052247952	-1	
24.144251800417386	45.408733347030768	-0.00015972002782746814	-1	
23.348082843748266	45.823192672544877	-0.00015461254353587933	-1	
22.544801834866977	46.223693809671694	-0.0001494422099767861	-1	
21.734653460950391	46.610114761885107	-0.00014421218740138961	-1	
37.375644148431967	37.375644148431959	-0.00019101372550368799	-1	
34.89038161728346	38.749694471321405	-0.00018130980535262909	-1	
34.208792225933728	39.352713825901816	-0.00017791412012722036	-1	
36.717656724261452	38.022246589328873	-0.00018780640479502611	-1	
36.048484746160803	38.657267085584898	-0.0001845361662656263	-1	
39.811329936289091	35.846282483510379	-0.0001176785990173827	-1	
39.179662586741394	36.535626431919681	-0.00011584347617599624	-1	
38.536060732427856	37.213841274589257	-0.00011397210765175356	-1	
33.516782505083974	39.943745962632562	-0.00017445774836340953	-1	
26.487672423945803	44.082889750394564	-0.00017465281176508275	-1	
28.399035397212241	43.730679614297273	-0.00014863854895674381	-1	
29.157915680974774	43.22838771179876	-0.00015249435274585914	-1	
29.907914181161814	42.712928023640444	-0.00015629605932056842	-1	
27.631504492160083	44.219650728156665	-0.00014472973430020535	-1	
30.648802440964793	42.184457563836695	-0.00016004262251344622	-1	
31.380354778642641	41.643137309608989	-0.00016373303302002045	-1	
32.102348356266596	41.089132152350643	-0.00016736631484488861	-1	
32.814563247598798	40.522610847399335	-0.00017094152221253935	-1	
45.053362435894741	31.546703999307663	0	-1	
44.495934690622306	32.328188876086152	0	-1	
43.924953052601303	33.099826273362787	0	-1	
43.340591448369906	33.861381142911341	0	-1	
40.96994864066496	35.614633002341968	-0.00011945310901097101	-1	
40.342147668773023	36.324232916623878	-0.00011765506370828927	-1	
42.743027880133596	34.612621507741203	0	-1	
42.13244437154399	35.353318532759808	0	-1	
-16.081408173819636	37.53799915781434	0.00017611018007363839	-1	
-18.932191087653315	36.880236734886815	0.00019955981580066924	-1	
-17.576310293575414	37.51836207544369	0.00018619292269383603	-1	
-21.483635095897572	36.987225017593339	0.00021105443677396703	-1	
-20.032856467075412	37.897169574631782	0.00019661184483502436	-1	
-23.029746838102476	35.922695209980418	0.00022647182158859941	-1	
-11.756117500321018	39.626676146602755	0.00012658812252592388	-1	
-13.149689673384298	39.270525531001191	0.00014068810000293999	-1	
-15.217130443757789	39.357660180933152	0.00015593481166279607	-1	
-53.288332815730477	10.358202606155324	0.00015439694833067124	-1	
-53.099441182692452	11.286634644392684	0.00015386628894173713	-1	
-51.287059817445666	12.787300195982473	0.00025665742804386693	-1	
-51.980128193357054	12.960101549982216	0.00015269808969291205	-1	
-52.894374945484337	12.21162866438128	0.00015328999699969326	-1	
-51.05607938956517	13.68043524113328	0.00025560418608122523	-1	
-50.809546785311269	14.569403093184283	0.00025447855657536239	-1	
-54.164426415671592	9.5506497716812024	0	-1	
-50.547537100903433	15.453932963916126	0.00025328059827670703	-1	
-49.302040013393039	16.976053768123222	0.00025080841064613557	-1	
-50.270130147029668	16.333755416961548	0.0002520103765991375	-1	
-49.977410424535442	17.208602449878324	0.00025066796396255316	-1	
-47.340249606125596	20.094743750876976	0.00029915191544778468	-1	
-48.998258083836745	17.833907473409923	0.00024939325045833673	-1	
-48.679550810211317	18.68632879771928	0.00024790604115701632	-1	
-48.346015273839711	19.533058085258322	0.0002463468902321973	-1	
-46.982337821619566	20.917884501041197	0.00029716621965003771	-1	
-46.610114761884937	21.734653460950302	0.00029509431537173315	-1	
-44.778056494988547	23.808914969855934	0.00028887398850857354	-1	
-44.355713719212325	24.586773598207138	0.0002864569002339155	-1	
-46.223693809671524	22.544801834866885	0.00029293653293941714	-1	
-45.823192672544714	23.34808284374817	0.00029069341401774252	-1	
-43.919859763353777	25.357142857142904	0.0002839531561692077	-1	
-43.470627392750082	26.119788084724224	0.00028136284196812338	-1	
-41.542710817513253	29.088519272088817	0.00027014315224855115	-1	
-41.028719000443857	29.809109223404047	0.0002671232813966695	-1	
-40.502229438112799	30.520619031282497	0.00026401751928937698	-1	
-44.082889750394415	26.487672423945696	0.00028086338692594919	-1	
-43.613902088044831	27.252990731993449	0.00027819100077875852	-1	
-43.131629208621874	28.010007515058589	0.00027543248103772874	-1	
-42.636218017116491	28.758492178495604	0.00027258879849173881	-1	
-25.9553466790057	35.000284205035612	0.00024262515232893582	-1	
-32.981059241421008	34.170292128116856	0.00025505347631321628	-1	
-32.114481405441175	34.929773526546555	0.00024933660272367225	-1	
-30.304129238782515	35.95804440916973	0.0002405450408525511	-1	
-28.827502055522636	36.155200296262642	0.00023751534192386134	-1	
-26.660016265768895	36.357380909499412	0.00023231987352378134	-1	
-34.663067693092053	34.063301753195432	0.00025510580442447283	-1	
-33.705184497688798	34.718042514018649	0.00025080312036814743	-1	
-24.677614517356972	36.047334125600699	0.00023030576248762009	-1	
-37.68805900635364	33.934480751056427	0.00024722368447977112	-1	
-37.090080582115149	34.587059688883897	0.00024361264063059107	-1	
-38.274557282726377	33.271565041661489	0.00025075073781385471	-1	
-35.966990016932598	34.732918522949888	0.00024962129608180924	-1	
-36.48080416003166	35.22910307327777	0.00023991927341727678	-1	
-41.072683373860826	30.950486904962542	0.00026354274344468002	-1	
-40.526267328345739	31.662590159605344	0.00026035716437530049	-1	
-39.967506589215688	32.365048682563128	0.00025708684670297782	-1	
-39.396571360404629	33.057648498164944	0.00025373314010800188	-1	
2.4975413175334302	47.424902953766811	-2.0111266321287426e-005	-1	
1.3291419039914392	47.415027595339353	-1.0715341443432327e-005	-1	
3.6612735920932127	46.646079582881669	-3.0416766604367793e-005	-1	
0.24992498233058846	47.008704363102915	-2.0026737506568005e-006	-1	
-0.68730061896614747	46.3368294451843	5.8577915195027906e-006	-1	
-3.3235341711324073	43.817917231062758	3.1587366158052291e-005	-1	
-1.7283417975488373	46.418674651534424	1.4585885151902768e-005	-1	
-3.3124803676769243	45.992978498265295	2.8518750623253499e-005	-1	
-4.7452006656317307	43.954949172073015	4.4560696218479698e-005	-1	
-5.3770576878297591	42.67406272982371	5.3478265584340787e-005	-1	
-7.4826778489206669	42.830052123962993	7.2737963933002759e-005	-1	
-9.0013795945238328	41.363248128270882	9.2439426152800575e-005	-1	
-10.762408766316232	41.646493238299449	0.00010661006120547248	-1	
8.0608622469610189	47.206345637338934	-6.3751098665786174e-005	-1	
9.2349240213740664	47.565165778230259	-7.116835026014342e-005	-1	
6.1134996569994575	47.525734490170677	-4.8272050798395229e-005	-1	
10.628633567238875	47.942667814052321	-7.9534370152449749e-005	-1	
4.9520968836749759	47.231725241215557	-3.9897795334338232e-005	-1	
11.247552717193315	48.71850323926197	-8.0964829227044824e-005	-1	
12.096094779983456	48.51478631380003	-8.7057475804976043e-005	-1	
25.714285714285872	44.538449337485645	-0.00016974119874094124	-1	
24.933066184097488	44.980442081454875	-0.00016476326041121853	-1	
19.815650087670416	46.682746139374039	-0.00013383495871196896	-1	
20.094743750877058	47.340249606125759	-0.00013357858370562992	-1	
20.917884501041282	46.98233782161973	-0.00013892314700187321	-1	
18.430351690901272	48.012707648427778	-0.00012272811091063116	-1	
17.589607371034504	48.327049068989837	-0.00011722457599275337	-1	
19.265481947104167	47.683741092006464	-0.00012817985374780744	-1	
16.743505086368163	48.626669602250843	-0.00011167305861190678	-1	
14.827422168081725	48.498312623839958	-0.00010062757223185016	-1	
13.978751616433602	48.749700294015049	-9.4934165232454234e-005	-1	
13.125823001627905	48.986238333231626	-8.9198993295678384e-005	-1	
15.892302567854543	48.911477980893885	-0.00010607464384433038	-1	
15.036259100026559	49.181387449527811	-0.00010043329042600237	-1	
24.479588630978689	46.039410199072805	-0.00012858736260862769	-1	
25.279358769987674	45.605170443697247	-0.00013269662046021255	-1	
23.672361772133609	46.459625904107945	-0.00012443109041765924	-1	
22.857924082573415	46.865689557028183	-0.00012022911957497929	-1	
22.036523647907988	47.257477466911219	-0.00011598280687281432	-1	
37.880720420708023	37.880720420708023	-0.00011206500191748161	-1	
35.368332050396958	39.280512203805301	-0.00018120373175549006	-1	
34.677405818069836	39.891792097489557	-0.00017780986028816004	-1	
37.213841274589264	38.536060732427863	-0.0001101226810879135	-1	
36.535626431919681	39.179662586741401	-0.00010814568092738398	-1	
39.702058087898017	37.022768117678645	-0.00011582028582411625	-1	
39.049874875526967	37.710025824917153	-0.0001139492701588395	-1	
38.385796692984201	38.385796692984165	-0.00011204252513364517	-1	
33.975916512002954	40.490920564860446	-0.00017435534597799976	-1	
26.855556763167218	44.695152108038883	-0.00014076902739351398	-1	
29.557339183453902	43.820557406480972	-0.00015240398335384121	-1	
28.788063279365854	44.329730019972622	-0.00014855032923535871	-1	
30.317611635698295	43.298036626704054	-0.0001562035815233793	-1	
31.068649049745154	42.762326845533124	-0.0001599480774457163	-1	
28.010018252326681	44.825399368268442	-0.00014464370396760672	-1	
31.810222652322704	42.213591245357101	-0.00016363646137745807	-1	
32.542106552927805	41.651996976355491	-0.00016726775724147029	-1	
33.264077812634419	41.077715105582925	-0.00017084102108035781	-1	
41.509026912252658	36.083246594478048	0	-1	
40.87296540125687	36.802183349737355	0	-1	
-16.728478719381751	38.885744560967431	0.00016971644562558432	-1	
-18.511198540147415	38.827765453451519	0.00018096684037556795	-1	
-21.48086023469719	38.699752397484332	0.00019673582214370242	-1	
-23.156115524474526	37.355419182074584	0.00021434446214156497	-1	
-20.1072933293357	39.623964524152498	0.00018327055573082155	-1	
-12.43367561603646	41.02334104718949	0.00012384095525706242	-1	
-14.031424962030021	40.406936347249655	0.00013998169763020611	-1	
-15.602922455877284	41.087490058254559	0.0001466222208479547	-1	
-53.989495089621663	10.49449474571	0	-1	
-53.798118040359455	11.4351429949768	0	-1	
-53.590353563188081	12.372307988912613	0	-1	
-51.746026408343049	13.865305987635059	0.00015203080948123019	-1	
-52.673196569268519	13.132902903982	0.00015266820013612174	-1	
-53.366264945179942	13.305704257981764	0	-1	
-51.496162282410033	14.766286918767833	0.00015131830347406313	-1	
-51.23061192659128	15.662769895860915	0.00015056073146118586	-1	
-50.949456230097603	16.554481841515059	0.00014975826415578112	-1	
-49.669467098683846	18.078207575785392	0.0002492534431117662	-1	
-50.652780835677774	17.441151131633415	0.00014891108330332368	-1	
-50.340676113530897	18.322507678160846	0.0001480193817979182	-1	
-47.997753072877323	20.37383741408361	0.00024471591511267401	-1	
-49.346393971995063	18.942305904537346	0.00024776690915460979	-1	
-49.008289455673157	19.800634223412537	0.00024620846938532958	-1	
-48.6552565396291	20.65293107729023	0.00024457824220980643	-1	
-47.634870291364265	21.208410674666773	0.00024301324748648634	-1	
-47.257477466911105	22.036523647907941	0.0002412390355101294	-1	
-45.408733347030612	24.14425180041729	0.0002883645299297419	-1	
-44.980442081454711	24.933066184097385	0.00028595038113092102	-1	
-46.865689557028055	22.857924082573369	0.00023939344429791288	-1	
-46.459625904107824	23.672361772133559	0.00023747665485389518	-1	
-44.538449337485488	25.714285714285765	0.00028345001210950809	-1	
-42.127819420576778	29.498216726625284	0.00026965923577806439	-1	
-41.606588282140201	30.22895583218439	0.00026664376022305882	-1	
-44.695152108038776	26.855556763167158	0.00022910165212700878	-1	
-44.219650728156559	27.631504492160019	0.00022683213021373072	-1	
-43.730679614297173	28.399035397212174	0.00022449284752147397	-1	
-43.228387711798661	29.157915680974703	0.00022208411796821467	-1	
-42.712928023640345	29.907914181161743	0.0002196062750964909	-1	
-31.905865249967444	36.063020384052713	0.00024070159782175774	-1	
-32.832827693473384	35.830743976030092	0.00024268625823608886	-1	
-30.154503977706604	36.832226278539132	0.00023373964588842551	-1	
-31.562351890716215	36.954766016736343	0.00023396101508781257	-1	
-28.251577755105028	37.842575736724228	0.00022348918956128434	-1	
-29.603977818933238	37.527569796516005	0.00022785606427514835	-1	
-26.79455556931606	39.140813122756661	0.00021065753378120663	-1	
-25.210736275372561	37.981714360053829	0.00021568712545569658	-1	
-35.355339059327413	35.355339059327399	0.00024569864205215914	-1	
-34.516971002407296	35.124724875054113	0.00024763731357602586	-1	
-33.802816481983612	35.620736187234051	0.00024425901392602183	-1	
-38.813635554314033	33.740178633797576	0.00025029541240683773	-1	
-38.218876738837466	34.412431184169911	0.00024677369075972036	-1	
-37.612476083271673	35.07420137464284	0.00024316834390476685	-1	
-35.860415331603548	35.860415331603534	0.00023614205006396272	-1	
-36.994618303130679	35.725287623605631	0.00023948036767791568	-1	
-41.643137309608896	31.38035477864257	0.00021444471438830106	-1	
-41.089132152350544	32.102348356266518	0.00021176179809069903	-1	
-40.522610847399235	32.814563247598713	0.00020901136811154442	-1	
-39.94374596263247	33.516782505083881	0.00020619389141771039	-1	
-39.352713825901724	34.208792225933635	0.0002033098574877621	-1	
2.4042883525716192	48.328059505282809	-1.8623450521592171e-005	-1	
3.1464163501125131	47.948293340399616	-2.4711540081508142e-005	-1	
0.42019203382082626	48.149237950609667	-3.2691863860745007e-006	-1	
1.2721665051461524	48.582078800812255	-9.735144893403664e-006	-1	
3.9843320207839006	47.526694067192231	-3.1811044858394232e-005	-1	
-0.85634966840002968	47.820225978416126	6.8188297799790121e-006	-1	
-1.6694822482957932	47.461268017506534	1.348429593331595e-005	-1	
-4.8368396976235566	45.380261650884108	4.2459320112226258e-005	-1	
-2.4682959380477687	47.155514690664909	2.0149558095087254e-005	-1	
-3.2786263101453352	47.429290321183956	2.6366033659211362e-005	-1	
-4.3890054904149078	47.596750186765647	3.4876931246144369e-005	-1	
-6.1409585058031109	43.847182167859216	5.7347910493441443e-005	-1	
-9.5880748640820546	42.989024959460011	9.0463243068604609e-005	-1	
-7.494657046652728	44.239365407805437	6.804715199609157e-005	-1	
-12.177256853942389	42.732613132786014	0.00011246221134103154	-1	
-10.99481197356036	43.993242241212322	9.7306758217600528e-005	-1	
8.1049420294423804	48.433223755337451	-6.0730864178556666e-005	-1	
7.1833500136419159	48.064917255797468	-5.5046016061712332e-005	-1	
9.8180714132269102	48.257362738281365	-7.3051288789712239e-005	-1	
8.9764458918236887	48.432567973681081	-6.6820139091538391e-005	-1	
6.4097095850053574	48.686577941678109	-4.8074626680443007e-005	-1	
5.1854865618777373	48.109174459192808	-4.0140414625128189e-005	-1	
10.395584540888031	48.907380036690498	-7.488451044761416e-005	-1	
12.26889613398321	49.20785468971156	-8.3427305864097165e-005	-1	
11.40823204172464	49.414481856965814	-7.7618025094167468e-005	-1	
26.071428571428676	45.157038911617335	-0.00013675758818610352	-1	
21.208410674666808	47.634870291364386	-0.00011169354071463388	-1	
20.373837414083646	47.997753072877444	-0.00010736274810263079	-1	
18.686328797719309	48.679550810211438	-9.8582431748225915e-005	-1	
19.533058085258354	48.346015273839832	-0.00010299188357955477	-1	
17.833907473409948	48.998258083836859	-9.4135910651218623e-005	-1	
16.976053768123244	49.30204001339316	-8.9653875541937782e-005	-1	
14.175635442017196	49.436315791113813	-9.4750236390826861e-005	-1	
13.310693748129731	49.676185352009504	-8.9026366614011607e-005	-1	
12.441697487983001	49.900923065622962	-8.326521130915409e-005	-1	
16.113028992408044	49.590804063961791	-8.5137906952547482e-005	-1	
15.245096031971341	49.864462275215637	-8.0589616996746077e-005	-1	
25.625651355877935	46.229898805939712	-0.00013261740081871009	-1	
24.81492546154006	46.670087051114933	-0.00012851049085758665	-1	
26.428571428571551	45.775628485749117	-0.00013667605899145247	-1	
23.99664070051902	47.096059135671098	-0.00012435660484232274	-1	
23.171046330279921	47.507685304384765	-0.00012015705780252966	-1	
22.338393834865652	47.90484017193743	-0.00011591320418864574	-1	
21.498936848292402	48.287402761109135	-0.00011162643232690024	-1	
37.710025824917189	39.049874875526939	-0.00011010057280747702	-1	
35.846282483510379	39.811329936289106	-0.00010613455084473838	-1	
35.146019410205867	40.430870369077198	-0.00010408985387654723	-1	
37.02276811767868	39.702058087897996	-0.00010812394888346581	-1	
36.32423291662392	40.342147668773002	-0.0001061132027033424	-1	
40.224453589054562	37.509909803437573	0	-1	
39.563689018626008	38.206210375245014	0	-1	
38.890872965260307	38.890872965260286	0	-1	
34.435050518921869	41.038095167088237	-0.00010201216665341439	-1	
27.223441102388708	45.307414465683294	-0.00014068522725631027	-1	
29.177091161519417	44.928780425647879	-8.6595893257805919e-005	-1	
29.956762685932983	44.412727101163107	-8.8887237783483771e-005	-1	
28.388532012493233	45.431148008380127	-8.427665249334354e-005	-1	
30.727309090234726	43.883145229767571	-9.1150003501316539e-005	-1	
31.488495658525462	43.340196127229476	-9.3383520695383373e-005	-1	
27.591325441610152	45.919676823327613	-8.1930210715330015e-005	-1	
32.240090526002703	42.784045181105114	-9.5587132623359104e-005	-1	
32.981864749588951	42.214861800360246	-9.7760195649131769e-005	-1	
33.713592377669983	41.632819363766437	-9.9902079357562398e-005	-1	
-17.614607588245963	40.369704557705489	0.00016431008185235907	-1	
-19.187112665545413	41.087053444942981	0.0001678960963870067	-1	
-21.149965202454997	41.002440860242203	0.00017799766554952104	-1	
-22.934587827914044	39.491920424676017	0.00019644599443414924	-1	
-13.701935453933659	42.087470307271055	0.00012725528476424127	-1	
-14.977801191325488	43.142468278233267	0.00013004069635494042	-1	
-17.500291282915057	42.094318551180237	0.00015200628790995312	-1	
-52.435973427120985	14.050176734136883	0.00015200103660997899	-1	
-53.125920445898892	14.235047480638684	0	-1	
-52.182777779508882	14.963170744351428	0.00015128865540144386	-1	
-51.913686752279204	15.871606827805751	0.00015053121631134706	-1	
-51.628782313165601	16.775208266068617	0.00014972889006479545	-1	
-50.013237133778752	19.198283011355393	0.00014708336379967048	-1	
-51.32815124682017	17.673699813388549	0.00014888185841973461	-1	
-51.011885128377997	18.566807780536347	0.00014799031428145969	-1	
-48.287402761109007	21.498936848292342	0.00024287636004313501	-1	
-49.670563637506554	20.068210361566738	0.00014610324485122718	-1	
-49.31276000638082	20.932024740496836	0.00014507925199779418	-1	
-48.939935230853706	21.789463021917896	0.00014401162391079544	-1	
-47.904840171937309	22.338393834865588	0.00024110297133639086	-1	
-47.507685304384637	23.171046330279854	0.00023925824108326401	-1	
-46.039410199072684	24.479588630978636	0.00023548886158098598	-1	
-45.605170443697126	25.279358769987621	0.00023343027592766111	-1	
-45.157038911617228	26.071428571428619	0.00023130112377323296	-1	
-47.09605913567097	23.996640700518949	0.00023734234998861324	-1	
-46.670087051114798	24.814925461539989	0.00023535549313208782	-1	
-42.184457563836602	30.648802440964722	0.00021705967823936181	-1	
-45.307414465683159	27.22344110238863	0.00022897132578780425	-1	
-44.825399368268307	28.010018252326603	0.00022670289751273	-1	
-44.329730019972494	28.788063279365769	0.00022436474901941936	-1	
-43.820557406480852	29.557339183453813	0.00022195719372496668	-1	
-43.298036626703919	30.317611635698203	0.0002194805663749669	-1	
-42.762326845533003	31.068649049745058	0.00021693522690209956	-1	
-32.539078954397297	36.778738279537109	0.00023580166964029208	-1	
-33.456530317942949	37.157241273869737	0.00023346790752436727	-1	
-34.099918003124962	36.567685080958547	0.00023765455210459759	-1	
-30.500936193110338	37.64866144413201	0.00022803255555372702	-1	
-31.331551363934576	38.008211093172875	0.00022626356251788412	-1	
-32.139380484326999	38.302222155948932	0.00022488429183615706	-1	
-32.802951449525402	37.735479011138629	0.00022923970619213765	-1	
-27.961469480227247	39.200534448856693	0.00021277857131305868	-1	
-28.907633422461924	39.066424435027216	0.00021551916692212058	-1	
-29.894260302334182	38.95895852832151	0.0002178456542289468	-1	
-25.855105177587625	39.835570399617062	0.00020318949768387056	-1	
-26.461410512510053	40.511426680837459	0.00019997076512731223	-1	
-27.526625122490337	40.051488082105159	0.0002057804794530762	-1	
-24.45584509901915	39.889513725557691	0.00019865034683827859	-1	
-34.732918522949902	35.966990016932577	0.00024173167685309884	-1	
-38.749694471321313	34.890381617283367	0.00020035978499458959	-1	
-38.134871584428218	35.561343060401754	0.00019734422422985556	-1	
-37.508432446229712	36.221472173933478	0.00019426375816889726	-1	
-35.229103073277784	36.480804160031646	0.00023228349698178752	-1	
-36.365491603879633	36.36549160387964	0.00023570928866529703	-1	
-36.870567876155732	36.870567876155739	0.00019111899970831282	-1	
-42.213591245356973	31.810222652322601	0.00021432156226125211	-1	
-41.651996976355363	32.542106552927706	0.00021163998651895451	-1	
-41.077715105582804	33.264077812634319	0.00020889093890119972	-1	
-40.490920564860325	33.975916512002847	0.00020607488561654724	-1	
-39.891792097489436	34.67740581806973	0.00020319231734347958	-1	
2.1480799377592281	49.199119273725685	-1.6020374179043235e-005	-1	
2.9978918587271854	49.015098623164945	-2.249756834337423e-005	-1	
3.8130125954749987	48.448918699718121	-2.9229597784607856e-005	-1	
0.42853129533994189	49.104822671140234	-3.1962274950295859e-006	-1	
-0.42409856322561001	48.596881881801792	3.2788510544210306e-006	-1	
1.7449748351250765	49.969541350955019	-1.2620172964162806e-005	-1	
0.87262032186419947	49.992384757819792	-6.2731867068802402e-006	-1	
-1.5604812309986276	48.362659525259211	1.2102805693606709e-005	-1	
-2.3091240323116042	47.995903120043963	1.8158666948985963e-005	-1	
-6.4706457674457178	45.2077188212088	5.66484035851914e-005	-1	
-5.6783838472303643	46.791253056287644	4.652097178706077e-005	-1	
-2.9668816345935625	48.50808594029904	2.2757337357231881e-005	-1	
-3.8528666880114559	48.955312959060912	2.891815330799284e-005	-1	
-5.0753068414034628	48.186824731005672	3.9181809228850951e-005	-1	
-9.1467870077506443	44.660140357033683	8.0268884336376532e-005	-1	
-7.7321898758484338	46.146233914508109	6.4218595988238918e-005	-1	
-12.937746223172974	44.28471414864827	0.00011020939018283256	-1	
-12.018328377753647	45.670252539776207	9.759597457122784e-005	-1	
-10.181072646717736	46.328147165950647	8.1973860038133154e-005	-1	
8.6824088833465751	49.240387650610629	-6.2628701882777509e-005	-1	
7.8217232520115969	49.384417029757103	-5.6449804146206554e-005	-1	
6.9586550480033225	49.513403437078736	-5.0199563750119867e-005	-1	
9.5404497688273011	49.081359172383415	-6.8772513334001132e-005	-1	
5.5748043948447066	48.929430210135401	-4.1549869554717082e-005	-1	
6.093467170257421	49.627307582066322	-4.3977681602659435e-005	-1	
4.7066678967790727	48.88061503238923	-3.5303493416954637e-005	-1	
10.544092891472131	49.6060568943576	-7.1776966024523191e-005	-1	
11.568911366255998	50.110460474669523	-7.7467596902423263e-005	-1	
10.692601242056273	50.304733752024582	-7.1637603953819673e-005	-1	
20.652931077290287	48.655256539629228	-0.00010729816657779861	-1	
19.800634223412594	49.008289455673285	-0.00010292986097695122	-1	
18.078207575785445	49.669467098683974	-9.4079101671678731e-005	-1	
18.942305904537399	49.346393971995191	-9.85230001302906e-005	-1	
17.208602449878374	49.977410424535563	-8.9599717982594718e-005	-1	
16.333755416961598	50.270130147029803	-8.5086429112611741e-005	-1	
14.372519267600739	50.122931288212556	-7.601063691440304e-005	-1	
13.495564494631502	50.366132370787348	-7.1402621538927685e-005	-1	
12.614498841982732	50.593991441534321	-6.6767256067941055e-005	-1	
15.453932963916174	50.547537100903561	-8.0540844152367024e-005	-1	
14.569403093184327	50.809546785311397	-7.5964594076103042e-005	-1	
25.971943941768156	46.854627168182091	-7.7158567419452972e-005	-1	
25.150262292101385	47.30076390315697	-7.473481814893439e-005	-1	
26.785714285714388	46.394218059880806	-7.9557275674926813e-005	-1	
24.320919628904385	47.732492367234173	-7.2286771908463396e-005	-1	
23.484168577986381	48.149681051741275	-6.9815184415434483e-005	-1	
22.64026402182327	48.552202876963584	-6.7320822773431281e-005	-1	
21.789463021917957	48.939935230853813	-6.4804465202969989e-005	-1	
38.206210375245043	39.563689018625993	0	-1	
35.614633002342011	40.969948640664938	-0.00010406889723039752	-1	
34.894184525840892	41.585269769316128	-0.00010199160901714294	-1	
37.509909803437608	40.224453589054562	0	-1	
36.80218334973739	40.87296540125687	0	-1	
34.163106942705646	42.187923621950034	-9.9881928158439878e-005	-1	
28.76704577265987	46.036896648491904	-8.4259546380241839e-005	-1	
29.566119043673076	45.527830831323229	-8.6578331463805334e-005	-1	
30.356186188412153	45.004896795845326	-8.8869226997129202e-005	-1	
27.959209780831689	46.531939180972032	-8.1913566867288719e-005	-1	
31.137006544771257	44.468253832831181	-9.1131550548569331e-005	-1	
31.908342267305869	43.918065408925905	-9.3364632511559455e-005	-1	
27.142857142857313	47.01280763401261	-7.954110052710246e-005	-1	
32.669958399682805	43.354499116853233	-9.5567816253175783e-005	-1	
33.421622946250203	42.777726624365094	-9.7740458242254088e-005	-1	
-20.511812840911254	42.537956204099444	0.00016472318259325971	-1	
-18.833844885065353	43.534328373285199	0.00015019550749831661	-1	
-21.899471473450138	42.486787907769781	0.0001711051323270273	-1	
-22.793217732262619	41.256934339619846	0.00018299268954681387	-1	
-23.960284246020315	40.683663255860708	0.00019126002179235187	-1	
-15.757257424937908	44.508027540103299	0.00012740868752856004	-1	
-16.395244303350001	43.823026241944326	0.00013498416149329077	-1	
-14.502247930571359	44.848079230378083	0.00011787777837565958	-1	
-17.779088905015911	44.037065416697644	0.00014165003564468423	-1	
-52.869393276607667	15.160054569934999	0	-1	
-52.596761577967079	16.080443759750565	0	-1	
-52.308108396233571	16.995934690622153	0	-1	
-52.003521657962544	17.906248495143664	0	-1	
-50.680080295562497	19.454260118173487	0.00014705446181991437	-1	
-51.683094143225077	18.811107882911831	0	-1	
-48.552202876963463	22.640264021823214	0.0001429006110113024	-1	
-50.33283781934	20.335786499720985	0.00014607451658744461	-1	
-49.97026347313259	21.211118403703477	0.00014505070563868052	-1	
-49.592467700598441	22.079989195543483	0.00014398326765314488	-1	
-48.149681051741155	23.484168577986317	0.00014174647559180318	-1	
-47.732492367234059	24.320919628904321	0.00014054949193677616	-1	
-46.229898805939577	25.62565135587786	0.00023329788192234804	-1	
-45.775628485748982	26.428571428571477	0.00023116974363318854	-1	
-47.300763903156863	25.150262292101317	0.00013930994644335167	-1	
-46.854627168181977	25.971943941768085	0.00013802813774340758	-1	
-45.919676823327492	27.591325441610074	0.00013533898713089605	-1	
-45.431148008380013	28.388532012493148	0.00013393230474305958	-1	
-44.928780425647766	29.177091161519332	0.00013248467839967521	-1	
-44.412727101163	29.956762685932894	0.00013099646968173313	-1	
-43.883145229767464	30.727309090234634	0.00012946805308409212	-1	
-43.340196127229369	31.48849565852537	0.00012789981612458358	-1	
-42.784045181105007	32.240090526002611	0.00012629215943992062	-1	
-34.587059688883912	37.090080582115128	0.00022834215243298418	-1	
-33.934480751056441	37.688059006353619	0.00022431875817703877	-1	
-30.656349909797306	38.540313892563759	0.00022180657881114448	-1	
-31.466019552491904	38.857298072848579	0.00022049753276068266	-1	
-33.271565041661496	38.274557282726349	0.00022021627212378094	-1	
-32.598514491245972	38.849396758176802	0.00021603361469156655	-1	
-28.516401481981852	39.978520422266904	0.00020838467163631022	-1	
-29.389262614623686	40.450849718747399	0.00020674932762753591	-1	
-30.09075115760244	39.931775502364673	0.00021143143383349684	-1	
-30.783073766282943	39.400537680336129	0.00021600829455377388	-1	
-25.637795399460011	40.640401291826272	0.00019681410951219216	-1	
-27.180683559951149	41.065533308884142	0.00019797791907787487	-1	
-26.385006649348778	41.416164389631838	0.00019356588641204219	-1	
-27.959645173537364	41.451878627752109	0.00019719167039263636	-1	
-28.678821817552329	40.957602214449608	0.00020203557053094767	-1	
-24.882494423157379	40.844232321032855	0.00019313005835945826	-1	
-39.280512203805181	35.368332050396852	0.00020024375343237212	-1	
-38.657267085584778	36.048484746160696	0.00019722974439131778	-1	
-38.022246589328752	36.717656724261346	0.00019415087285223331	-1	
-37.375644148431846	37.375644148431853	0.0001910077527499307	-1	
-35.725287623605617	36.994618303130686	0.00023185646157535225	-1	
-36.221472173933464	37.508432446229712	0.0001879105985705795	-1	
-36.717656724261332	38.022246589328759	0.00018780103322005027	-1	
-42.21486180036014	32.981864749588858	0.00012464549687354277	-1	
-41.63281936376633	33.71359237766989	0.000122960255555644	-1	
-41.03809516708813	34.435050518921777	0.00012123687597800354	-1	
-40.430870369077091	35.146019410205774	0.00011947581205950164	-1	
-39.811329936288999	35.846282483510286	0.00011767753120798384	-1	
2.6167978121472233	49.931476737728921	-1.8893422512126594e-005	-1	
3.4878236872063004	49.878202512991443	-2.5167546270916534e-005	-1	
4.3577871373829478	49.809734904587501	-3.1487606671548188e-005	-1	
0	50	1.7123694267879184e-009	-1	
-1.2891097488587795	49.229115173692342	9.6400227698328019e-006	-1	
-0.8726203218641756	49.992384757819565	6.3469733701775281e-006	-1	
1.7699030470554051	50.683391941683041	-1.2073905361899738e-005	-1	
2.654180638035013	50.644783548268002	-1.8109770375076894e-005	-1	
0.88508632646222851	50.7065616829316	-6.030806917167208e-006	-1	
0	50.714285714285708	1.2966257600949662e-008	-1	
-2.1420038425414454	49.059953813407965	1.6095903090925359e-005	-1	
-6.9752202037828885	46.696916174144683	5.6856365621212314e-005	-1	
-7.1171815082826262	47.622173448382604	5.5680170326156176e-005	-1	
-6.3434074833188818	48.182963480110899	4.8666665864590914e-005	-1	
-3.4878236872062649	49.87820251299123	2.5230181240632844e-005	-1	
-2.6167978121471913	49.931476737728708	1.889977220693235e-005	-1	
-4.7200190223611802	49.019271773026354	3.5235118411737186e-005	-1	
-4.3577871373829087	49.809734904587287	3.1504846974020048e-005	-1	
-5.5760945645691091	48.940753884477907	4.1581487070902471e-005	-1	
-9.0497687546051004	46.620390584969776	7.2759235077695725e-005	-1	
-7.7701283600294264	47.19125923178602	6.158960821795664e-005	-1	
-8.5467876780792871	47.285211118182367	6.7050535244475833e-005	-1	
-13.390255184017432	45.884802098768631	0.0001058116037151068	-1	
-11.240644382059358	46.82065346025999	8.7625770610818526e-005	-1	
-12.168150808496231	47.050748071915066	9.2950977393350847e-005	-1	
-9.3587450529361416	47.474159593010057	7.2291746403263635e-005	-1	
-10.518690872610128	47.446748366474964	8.0462868048796597e-005	-1	
9.6767419083819615	49.782521446274707	-6.5905488666809396e-005	-1	
8.8064432959657957	49.943821759905163	-6.000515631311514e-005	-1	
7.9334621556117453	50.089908701610888	-5.4077613707899479e-005	-1	
7.0580644058319217	50.22073777189425	-4.8124803686325785e-005	-1	
5.2264231633827167	49.726094768413887	-3.7740138369290067e-005	-1	
6.1805167012610767	50.336269118953091	-4.2152887223441076e-005	-1	
9.8130340479366645	50.483683720165864	-6.5777183865820454e-005	-1	
11.729590690787301	50.806439092373203	-6.2106246278797111e-005	-1	
10.841109592640358	51.003410609691521	-5.7421326985979388e-005	-1	
20.932024740496892	49.312760006380934	-6.226690075373289e-005	-1	
20.068210361566791	49.670563637506682	-5.9708928999315705e-005	-1	
19.198283011355446	50.013237133778873	-5.7131359719969021e-005	-1	
18.3225076781609	50.340676113531018	-5.4535012571969872e-005	-1	
17.441151131633465	50.652780835677902	-5.1920716743114456e-005	-1	
16.554481841515109	50.949456230097731	-4.9289310591831756e-005	-1	
13.680435241133321	51.056079389565312	-7.1359333905839954e-005	-1	
12.787300195982514	51.287059817445808	-6.6726746435507884e-005	-1	
11.89027001531865	51.502417710076998	-6.2068537393267584e-005	-1	
15.662769895860963	51.230611926591408	-4.6641641273404539e-005	-1	
14.766286918767877	51.496162282410161	-4.3978564354285544e-005	-1	
26.31823652765846	47.479355530424577	-7.7142867292386239e-005	-1	
25.485599122662801	47.931440755199134	-7.4719599184689794e-005	-1	
24.645198557289842	48.368925598797361	-7.227204011878964e-005	-1	
23.797290825692929	48.791676799097893	-6.9800945649025573e-005	-1	
22.942134208780978	49.19956558198983	-6.7307082715830345e-005	-1	
22.079989195543586	49.592467700598597	-6.4791229371685867e-005	-1	
21.211118403703573	49.970263473132746	-6.225417449241927e-005	-1	
36.083246594478084	41.509026912252658	0	-1	
35.353318532759843	42.132444371543997	0	-1	
34.612621507741238	42.743027880133603	0	-1	
29.145559532826425	46.642645288603667	0	-1	
29.955146925826643	46.126881236998557	0	-1	
30.755609690891234	45.597066490527517	0	-1	
31.546703999307695	45.053362435894776	0	-1	
28.327094120053133	47.144201538616407	0	-1	
32.328188876086188	44.495934690622335	0	-1	
33.099826273362829	43.924953052601325	0	-1	
27.500000000000146	47.631397208144371	0	-1	
33.861381142911384	43.340591448369928	0	-1	
-19.967923934523288	43.815610121448373	0.00015411145602597405	-1	
-20.922293577227599	43.864500677580132	0.00015819924147660711	-1	
-18.245295245206474	44.816192826295428	0.00013971499858147344	-1	
-19.378699284527737	44.567957124653702	0.00014685190471516949	-1	
-21.911298804126098	43.947266506023887	0.00016193249312603926	-1	
-22.756844820333306	42.776802487029414	0.00017265542554522102	-1	
-24.438515951061277	41.48836722117904	0.00018728560497347464	-1	
-23.931160811439067	42.298183535964874	0.00018009785268121361	-1	
-16.631885981653696	44.841612496722668	0.00013076253551556237	-1	
-16.073157911394727	45.389197738284011	0.00012472990740397929	-1	
-17.412202745586384	44.78564463811859	0.00013543419705300602	-1	
-14.176538777168375	46.333082840347423	0.0001087792726352871	-1	
-15.420604077215858	46.087327521986786	0.00011743906256426774	-1	
-51.346923457346215	19.710237224991566	0	-1	
-49.199565581989674	22.942134208780875	0.00014287245305833761	-1	
-50.995112001173425	20.603362637875215	0	-1	
-50.627766939884332	21.490212066910111	0	-1	
-50.245000170343168	22.370515369169066	0	-1	
-48.791676799097743	23.797290825692823	0.00014171852415178522	-1	
-48.368925598797219	24.645198557289731	0.00014052175522190105	-1	
-46.3942180598807	26.785714285714313	0.00013670437682579154	-1	
-47.931440755198985	25.485599122662691	0.00013928243266847558	-1	
-47.479355530424435	26.31823652765835	0.00013800085512359403	-1	
-47.012807634012468	27.142857142857196	0.00013667733357045168	-1	
-46.531939180971897	27.959209780831568	0.00013531219147137847	-1	
-46.036896648491783	28.767045772659749	0.00013390576486615324	-1	
-45.527830831323101	29.566119043672952	0.0001324584025101458	-1	
-45.004896795845205	30.356186188412025	0.00013097046596711136	-1	
-44.468253832831067	31.137006544771129	0.00012944232971867739	-1	
-43.918065408925798	31.908342267305745	0.00012787438126615969	-1	
-43.354499116853113	32.669958399682677	0.00012626702122609323	-1	
-42.777726624364981	33.421622946250075	0.00012462066341819704	-1	
-35.074201374642826	37.61247608327168	0.0002279214074710117	-1	
-34.41243118416989	38.218876738837473	0.00022390486865800916	-1	
-31.915534117527518	39.412402331032148	0.00021177409889986236	-1	
-31.222831962944149	39.963402504340948	0.00020743632560506016	-1	
-33.740178633797555	38.813635554314047	0.00021980881158719588	-1	
-33.057648498164916	39.396571360404643	0.00021563334613404066	-1	
-29.809109223404036	41.028719000443807	0.00019852896384751274	-1	
-29.088519272088806	41.542710817513196	0.00019396376901397656	-1	
-30.520619031282497	40.502229438112757	0.00020302095089317574	-1	
-25.392767911706244	41.437231157587611	0.00019060070996361234	-1	
-27.231951750751378	41.933528397271225	0.0001923313866711227	-1	
-26.495963211660268	42.40240480782132	0.00018737831453465267	-1	
-28.359068676016488	42.0440483224343	0.00018932433535626236	-1	
-27.62097963290498	42.532578802946546	0.00018461489422239125	-1	
-39.179662586741294	36.535626431919589	0.00011584251437441706	-1	
-38.536060732427757	37.213841274589164	0.00011397125609578676	-1	
-37.880720420707917	37.880720420707924	0.00011206426452686424	-1	
-37.213841274589157	38.536060732427757	0.00011012206146315488	-1	
-35.56134306040174	38.134871584428218	0.0001846392364879372	-1	
-36.048484746160675	38.657267085584785	0.00018453139713231977	-1	
-36.535626431919582	39.179662586741294	0.00010814518235069817	-1	
-42.187923621949913	34.163106942705518	0.0001229357349456937	-1	
-41.585269769316021	34.894184525840764	0.00012121267626975464	-1	
-40.969948640664832	35.614633002341883	0.00011945194127600993	-1	
-40.342147668772895	36.324232916623785	0.00011765399733541038	-1	
-39.702058087897896	37.022768117678545	0.00011581932535740504	-1	
3.5376497398806506	50.590748263177126	-2.4138200120008247e-005	-1	
4.4200412393455366	50.521302546081706	-3.0158164468028638e-005	-1	
5.3010863514310174	50.436467550819906	-3.6163467361318096e-005	-1	
-1.7449748351250485	49.969541350954792	1.2620565984734602e-005	-1	
-0.88508632646223517	50.706561682931266	6.0581012999783572e-006	-1	
1.7948312589857922	51.397242532410985	-1.2050053626739703e-005	-1	
0.89755233106031707	51.420738608043315	-6.0193558837755718e-006	-1	
2.6915634639228592	51.35809035880699	-1.8074545751144943e-005	-1	
0	51.428571428571423	1.3042050823522065e-008	-1	
-7.2584313014680291	48.567297883216192	5.4449021620562857e-005	-1	
-8.0211044259640367	47.932229992072209	6.1463418538125115e-005	-1	
-6.9586550480032736	49.51340343707853	5.0262680826220895e-005	-1	
-6.0934671702573748	49.627307582066116	4.3989827902406307e-005	-1	
-2.6541806380350086	50.644783548267668	1.8133842215313458e-005	-1	
-3.5376497398806399	50.590748263176799	2.4163724791380439e-005	-1	
-1.7699030470554062	50.683391941682707	1.2098350100585456e-005	-1	
-5.2264231633826741	49.726094768413681	3.7763987974774309e-005	-1	
-4.4200412393455215	50.52130254608138	3.018184687058382e-005	-1	
-8.948983913560113	48.284396398319288	6.7036976313689494e-005	-1	
-13.123192759214769	47.320704352742673	9.8003232112468558e-005	-1	
-11.463729699244102	47.749870680640129	8.5737461577041924e-005	-1	
-12.940952255126041	48.296291314453441	9.3093323215809095e-005	-1	
-12.096094779983391	48.514786313799846	8.7038670918385277e-005	-1	
-9.8180714132268534	48.257362738281152	7.3070860077784685e-005	-1	
-10.395584540887969	48.907380036690299	7.4880909100927528e-005	-1	
-11.247552717193253	48.718503239261786	8.1013038118478065e-005	-1	
8.9304777085850588	50.647255869199562	-5.9888023493958853e-005	-1	
8.0452010592119372	50.795400373464524	-5.3971930737392602e-005	-1	
7.157473763660569	50.928072106709635	-4.8031346624698055e-005	-1	
6.2675662322647829	51.045230655839731	-4.2070929186346412e-005	-1	
5.3757495394793704	51.146840333225803	-3.6092913523308275e-005	-1	
9.9493261874913124	51.184845994056992	-5.2714249882856645e-005	-1	
10.989617943224491	51.702087467358581	-5.7386438502601765e-005	-1	
10.085618327046003	51.886008267948235	-5.2682200421512348e-005	-1	
20.335786499721078	50.33283781934017	-5.9696717472681424e-005	-1	
19.454260118173575	50.680080295562661	-5.7119667908842579e-005	-1	
18.566807780536433	51.011885128378168	-5.4523845268393927e-005	-1	
17.67369981338863	51.32815124682034	-5.1910078544872506e-005	-1	
16.775208266068695	51.628782313165772	-4.9279205897668592e-005	-1	
15.871606827805826	51.913686752279368	-4.663207427877122e-005	-1	
13.8653059876351	51.74602640834317	-4.1300943419270068e-005	-1	
12.960101549982257	51.980128193357181	-3.8609649667360621e-005	-1	
12.050949339849963	52.198396327780685	-3.5905561495692311e-005	-1	
14.963170744351499	52.182777779509046	-4.3969539047663079e-005	-1	
14.050176734136951	52.435973427121155	-4.1292463578002385e-005	-1	
26.664529113548685	48.104083892667013	0	-1	
25.82093595322414	48.562117607241227	0	-1	
24.969477485675217	49.005358830360493	0	-1	
24.110413073399396	49.433672546454446	0	-1	
23.2440043957386	49.846928287016013	0	-1	
22.370515369169141	50.245000170343317	0	-1	
21.490212066910182	50.627766939884488	0	-1	
-20.364213550407197	44.685188319045928	0.00015084647328789485	-1	
-21.918557339453884	44.939702314958367	0.00015610448856469609	-1	
-21.130913087034983	45.315389351832515	0.00015062575541972725	-1	
-18.845624691866838	45.497362722498188	0.00013904969029855397	-1	
-17.997663042912631	45.689729410765437	0.00013371389120258903	-1	
-19.536556424463697	46.025242672622028	0.00013953478720802175	-1	
-20.33683215379002	45.677272882130055	0.00014514246867975119	-1	
-22.739267841403578	43.681727103746461	0.00016688283014286721	-1	
-22.699524986977348	44.550326209418408	0.00016148501594769773	-1	
-23.50359394367694	43.288235042616478	0.00017220195815783199	-1	
-24.923530323650819	42.311758233867401	0.00018333872125289927	-1	
-25.000000000000018	43.301270189221952	0.00017723563822298589	-1	
-24.24048101231687	43.730985356969803	0.00017202022295200662	-1	
-17.019634796743464	45.521081046154933	0.00012936779845930274	-1	
-16.392150791958297	46.290005844122412	0.0001220381507340896	-1	
-13.986616979840777	47.218027597396514	0.00010376936076240705	-1	
-14.811982083723764	46.977605389435325	0.00010974288024227216	-1	
-16.278407722857835	47.275928779965859	0.00011673489265415094	-1	
-15.450849718747374	47.552825814757696	0.00011085397805071014	-1	
-49.846928287015864	23.244004395738525	0	-1	
-49.433672546454289	24.110413073399314	0	-1	
-49.005358830360336	24.969477485675132	0	-1	
-48.562117607241078	25.820935953224051	0	-1	
-48.104083892666871	26.664529113548596	0	-1	
-47.631397208144222	27.50000000000006	0	-1	
-47.144201538616265	28.327094120053044	0	-1	
-46.642645288603518	29.145559532826336	0	-1	
-46.126881236998408	29.955146925826554	0	-1	
-45.597066490527375	30.755609690891141	0	-1	
-45.053362435894627	31.546703999307599	0	-1	
-44.495934690622185	32.328188876086088	0	-1	
-43.924953052601182	33.099826273362723	0	-1	
-43.340591448369779	33.86138114291127	0	-1	
-34.890381617283353	38.749694471321313	0.00018130563453476478	-1	
-34.208792225933621	39.352713825901724	0.00017791055339684873	-1	
-32.365048682563106	39.967506589215702	0.00021138044249622027	-1	
-31.662590159605326	40.526267328345753	0.0002070497447974908	-1	
-33.516782505083867	39.94374596263247	0.00017445478643036847	-1	
-32.814563247598699	40.522610847399235	0.00017093916499618186	-1	
-30.228955832184372	41.606588282140201	0.00019815782530764866	-1	
-30.950486904962524	41.072683373860826	0.00020264181478341832	-1	
-29.498216726625266	42.127819420576763	0.00019360014415586966	-1	
-25.75190374550273	42.858365035105635	0.00018231885272771464	-1	
-26.874476971826855	43.008153447933068	0.00017983420986759365	-1	
-26.119788084724206	43.470627392750018	0.00017498280711962004	-1	
-28.758492178495587	42.636218017116477	0.00018896911635602666	-1	
-28.010007515058568	43.131629208621852	0.00018426736876052903	-1	
-39.049874875526839	37.710025824917054	0.00011394841983293704	-1	
-38.385796692984066	38.385796692984066	0.00011204178886651605	-1	
-37.710025824917054	39.049874875526832	0.00011009995419816433	-1	
-37.022768117678545	39.702058087897882	0.00010812345121301154	-1	
-35.846282483510279	39.811329936288992	0.00010613417628374563	-1	
-35.36833205039683	39.280512203805181	0.0001811995654378713	-1	
-36.324232916623785	40.342147668772888	0.00010611282893858714	-1	
-42.743027880133461	34.612621507741125	0	-1	
-42.132444371543848	35.353318532759729	0	-1	
-41.509026912252516	36.08324659447797	0	-1	
-40.872965401256728	36.802183349737277	0	-1	
-40.22445358905442	37.509909803437488	0	-1	
3.5874757925550549	51.303294013362724	-2.4091486248546981e-005	-1	
4.4822953413081787	51.232870187575806	-3.0099108360202214e-005	-1	
-0.89755233106029475	51.420738608042974	6.0458514951996219e-006	-1	
1.819759470916134	52.111093123138808	-9.6517370991658561e-006	-1	
2.7289462898106587	52.071397169345879	-1.4476430861717654e-005	-1	
0.91001833565836243	52.134915533154931	-4.8232865175462034e-006	-1	
0	52.142857142857153	7.0310741591044584e-009	-1	
3.6373018452294108	52.015839763548222	-1.9295487471497607e-005	-1	
-7.8217232520115454	49.384417029756897	5.643618485576027e-005	-1	
-8.6824088833465201	49.240387650610415	6.264965132359032e-005	-1	
-7.0580644058318915	50.22073777189393	4.8146976496708664e-005	-1	
-6.1805167012610518	50.336269118952764	4.2174749791737046e-005	-1	
-5.3010863514309978	50.436467550819586	3.6186246177304679e-005	-1	
-2.691563463922825	51.358090358806656	1.8098846562158016e-005	-1	
-3.5874757925550154	51.30329401336239	2.4116350529537302e-005	-1	
-1.794831258985764	51.397242532410637	1.2074809088743128e-005	-1	
-4.4822953413081343	51.232870187575486	3.0122779570882986e-005	-1	
-9.5404497688272425	49.081359172383209	6.8786857369656867e-005	-1	
-13.781867790849962	48.063084796915959	9.9065584408239156e-005	-1	
-13.125823001627843	48.986238333231341	8.9219927272837156e-005	-1	
-12.268896133983151	49.207854689711269	8.3445538344642314e-005	-1	
-11.408232041724583	49.414481856965523	7.7637314546273389e-005	-1	
-10.544092891472083	49.606056894357309	7.1794501795099881e-005	-1	
-9.6767419083819171	49.782521446274401	6.5923357845051658e-005	-1	
9.0545121212042687	51.350689978493946	-4.7986784927372568e-005	-1	
8.1569399628120784	51.500892045318132	-4.3240722805833327e-005	-1	
7.2568831214891638	51.635406441524978	-3.8477876872600461e-005	-1	
6.3546157632684368	51.754192192726322	-3.3700082558663112e-005	-1	
5.4504127275276737	51.857213115631644	-2.8909183100332765e-005	-1	
9.1785465338235213	52.054124087788423	-4.7957592606234092e-005	-1	
11.138126293808584	52.400764325025527	-3.3189564073539387e-005	-1	
10.22191046660066	52.58717054183937	-3.0462548903908062e-005	-1	
20.603362637875282	50.995112001173588	0	-1	
19.71023722499163	51.346923457346371	0	-1	
18.811107882911891	51.683094143225233	0	-1	
17.906248495143721	52.0035216579627	0	-1	
16.995934690622207	52.308108396233735	0	-1	
16.080443759750615	52.596761577967236	0	-1	
13.132902903982066	52.67319656926869	-3.8601718853543909e-005	-1	
12.211628664381342	52.894374945484515	-3.5898183052468034e-005	-1	
11.286634644392743	53.099441182692622	-3.3182741121210058e-005	-1	
15.160054569935046	52.869393276607823	0	-1	
14.235047480638727	53.125920445899055	0	-1	
-22.231679587160375	45.581698062314921	0.00014973525678633622	-1	
-21.43278327399263	45.962752056858712	0.00014449629202606279	-1	
-18.730329670795612	46.359192728339387	0.00013393541687752516	-1	
-17.918397477265021	46.679021324860109	0.00012826343400717502	-1	
-19.815650087670328	46.682746139373798	0.00013384626967063689	-1	
-20.6273583274156	46.329805351874796	0.00013920027263755058	-1	
-23.473578139294553	44.147379642946362	0.0001667955808495647	-1	
-23.023803915362752	45.186759440981547	0.00015491261972128332	-1	
-25.357142857142883	43.919859763353706	0.00017006424242290018	-1	
-24.586773598207117	44.355713719212247	0.00016507738025431682	-1	
-23.808914969855913	44.778056494988462	0.00016002707124320383	-1	
-17.101007166283441	46.984631039295429	0.00012249563537202376	-1	
-14.618585236136839	47.815237798151792	0.00010499128882548467	-1	
-16.510956404612955	47.951299191108241	0.00011190788817697824	-1	
-15.671576143300916	48.232151897825673	0.00010629958079128841	-1	
-14.827422168081656	48.498312623839688	0.00010064863716940846	-1	
-34.677405818069708	39.891792097489436	0.00017780629741625094	-1	
-32.102348356266496	41.089132152350544	0.00016736455150524125	-1	
-33.975916512002833	40.490920564860325	0.0001743523867678234	-1	
-33.264077812634298	41.077715105582797	0.00017083866365417402	-1	
-30.648802440964698	42.184457563836574	0.00016004199519873436	-1	
-29.907914181161718	42.712928023640323	0.00015629597852751776	-1	
-31.380354778642545	41.643137309608882	0.00016373184737450986	-1	
-29.157915680974686	43.228387711798639	0.00015249481415270576	-1	
-27.252990731993432	43.61390208804481	0.00017949481349509102	-1	
-26.487672423945678	44.082889750394386	0.00017465222095655274	-1	
-25.714285714285747	44.538449337485453	0.00016974198115620034	-1	
-28.399035397212156	43.730679614297138	0.00014863955804199494	-1	
-27.631504492160001	44.21965072815653	0.00014473129613726279	-1	
-39.563689018625865	38.206210375244915	0	-1	
-38.890872965260165	38.890872965260172	0	-1	
-38.2062103752449	39.563689018625873	0	-1	
-37.509909803437466	40.224453589054434	0	-1	
-35.146019410205767	40.430870369077084	0.00010408960598616961	-1	
-36.802183349737248	40.872965401256742	0	-1	
-35.614633002341876	40.969948640664825	0.00010406865002682846	-1	
4.544549443270772	51.944437829069834	-2.4107030396740048e-005	-1	
-0.91001833565835466	52.13491553315469	4.8373297965578977e-006	-1	
1.8446876828465015	52.824943713866794	-9.6458572196685921e-006	-1	
0.92248434025643089	52.849092458266696	-4.8203521244568142e-006	-1	
2.7663291156984862	52.784703979884924	-1.4467609624411035e-005	-1	
0	52.857142857142854	7.0192377615796463e-009	-1	
3.6871278979037978	52.728385513733862	-1.9283729440840014e-005	-1	
-7.9334621556117098	50.089908701610568	5.4096326504188512e-005	-1	
-8.8064432959657548	49.94382175990485	6.0023624553429228e-005	-1	
-7.1574737636605095	50.928072106709337	4.805283703523099e-005	-1	
-6.2675662322647279	51.045230655839426	4.2092839767499851e-005	-1	
-5.3757495394793215	51.146840333225491	3.6115645119159613e-005	-1	
-2.7289462898106422	52.071397169345637	1.4490322707128845e-005	-1	
-3.6373018452293904	52.01583976354798	1.9309257957576199e-005	-1	
-1.819759470916122	52.111093123138566	9.6657203952200702e-006	-1	
-4.5445494432707472	51.944437829069592	2.4120644609193307e-005	-1	
-13.978751616433538	48.749700294014765	9.4954854064244808e-005	-1	
-14.175635442017107	49.436315791113579	9.4770813219220576e-005	-1	
-13.310693748129642	49.67618535200927	8.904674935779828e-005	-1	
-12.441697487982914	49.900923065622713	8.3283941793284048e-005	-1	
-11.568911366255916	50.110460474669267	7.7486455182882268e-005	-1	
-10.692601242056195	50.304733752024312	7.1655443964990535e-005	-1	
-9.8130340479365916	50.483683720165594	6.5795132218741302e-005	-1	
-8.9304777085849913	50.647255869199284	5.9906493865131067e-005	-1	
8.2686788664122588	52.20638371717186	-4.3214405061162546e-005	-1	
7.356292479317796	52.342740776340442	-3.8454449515114498e-005	-1	
6.4416652942721271	52.463153729613026	-3.3679557501314787e-005	-1	
5.5250759155760107	52.567585898037592	-2.8891570879486209e-005	-1	
4.6068035452333973	52.656005470563983	-2.4092340857581949e-005	-1	
9.3025809464427383	52.757558197082808	-2.7725413377846523e-005	-1	
10.358202606155379	53.288332815730655	-3.0456284336789754e-005	-1	
9.4266153590620156	53.460992306377335	-2.7719709861127555e-005	-1	
13.305704257981805	53.366264945180099	0	-1	
12.372307988912651	53.590353563188238	0	-1	
11.435142994976834	53.798118040359611	0	-1	
-22.544801834866856	46.223693809671474	0.00014944936546860515	-1	
-21.734653460950277	46.610114761884887	0.00014422039997788721	-1	
-20.917884501041176	46.98233782161951	0.00013893372462567022	-1	
-18.997905808949838	47.021466910172819	0.00012843969816038985	-1	
-18.174374584083097	47.345864486643841	0.00012297985876141547	-1	
-17.345307268658924	47.65584005414253	0.00011746766510827148	-1	
-20.094743750876955	47.340249606125532	0.00013359009457701788	-1	
-19.265481947104064	47.683741092006237	0.0001281930549644354	-1	
-23.348082843748145	45.823192672544664	0.00015461738473026749	-1	
-24.933066184097363	44.980442081454676	0.00016476447372210703	-1	
-24.144251800417269	45.408733347030562	0.00015972280545890164	-1	
-16.743505086368067	48.626669602250615	0.00011169185368139989	-1	
-15.892302567854447	48.91147798089365	0.00010609466689344947	-1	
-15.036259100026466	49.181387449527577	0.00010045399857672356	-1	
-34.43505051892177	41.038095167088123	0.00010201204777880989	-1	
-32.542106552927685	41.651996976355349	0.00016726599161989901	-1	
-33.713592377669883	41.632819363766309	9.9902091534572748e-005	-1	
-32.981864749588851	42.214861800360119	9.7760340619164831e-005	-1	
-31.810222652322583	42.213591245356959	0.00016363527238300491	-1	
-31.068649049745041	42.762326845532982	0.00015994744803042514	-1	
-30.317611635698178	43.298036626703897	0.00015620350030130212	-1	
-29.557339183453788	43.820557406480823	0.00015240444619063498	-1	
-26.85555676316714	44.695152108038741	0.00014077115257193814	-1	
-26.071428571428598	45.157038911617185	0.00013676029259881092	-1	
-25.279358769987599	45.605170443697091	0.00013269991583082083	-1	
-28.78806327936574	44.329730019972459	0.00014855133987305558	-1	
-28.010018252326571	44.825399368268272	0.00014464526822122821	-1	
-36.083246594477941	41.509026912252516	0	-1	
-34.894184525840757	41.585269769316007	0.00010199149072149438	-1	
-0.92248434025641424	52.849092458266398	4.8343715185198962e-006	-1	
-1.8446876828464798	52.824943713866482	9.6598185879141603e-006	-1	
2.8037119415862892	53.498010790423862	-8.3584973117232372e-006	-1	
1.869615894776846	53.538794304594681	-5.5732570372600946e-006	-1	
0.9349503448544777	53.563269383378369	-2.7861598247759136e-006	-1	
0	53.571428571428577	1.8644326863677351e-009	-1	
3.7369539505781577	53.44093126391941	-1.1140951790811501e-005	-1	
-0.93495034485447381	53.563269383378099	2.7898853557692987e-006	-1	
4.6690576471959941	53.367573112058047	-1.3919693088123913e-005	-1	
-8.045201059211875	50.795400373464233	5.3991100826451821e-005	-1	
-7.2568831214891265	51.635406441524751	3.8490858885291833e-005	-1	
-8.1569399628120394	51.500892045317919	4.3253445951066013e-005	-1	
-6.3546157632684039	51.754192192726087	3.3713299554537582e-005	-1	
-5.4504127275276444	51.857213115631403	2.892261172570634e-005	-1	
-2.7663291156984595	52.784703979884618	1.4481480199131087e-005	-1	
-3.6871278979037658	52.728385513733578	1.9297478207158149e-005	-1	
-4.60680354523336	52.656005470563699	2.410593464752289e-005	-1	
-13.495564494631443	50.366132370787149	7.1413522769417939e-005	-1	
-14.372519267600676	50.122931288212364	7.6021162696305493e-005	-1	
-12.614498841982677	50.593991441534115	6.6778501443658355e-005	-1	
-11.72959069078725	50.80643909237299	6.2117816247415228e-005	-1	
-10.841109592640311	51.003410609691308	5.743320212055123e-005	-1	
-9.9493261874912662	51.184845994056779	5.2726418568803806e-005	-1	
-9.0545121212042261	51.350689978493733	4.799923656923264e-005	-1	
8.3804177700124054	52.911875389025482	-2.4979060319093615e-005	-1	
7.4557018371463961	53.050075111155799	-2.2224397521400257e-005	-1	
6.5287148252757863	53.172115266499638	-1.9462337271726394e-005	-1	
5.5997391036243176	53.277958680443462	-1.6693795864618749e-005	-1	
8.4921566736126106	53.617367060879232	-2.4973920285802868e-005	-1	
10.49449474571003	53.989495089621826	0	-1	
9.5506497716812309	54.164426415671748	0	-1	
-22.857924082573344	46.86568955702802	0.0001202342556846972	-1	
-22.03652364790792	47.257477466911062	0.00011598855880645983	-1	
-21.208410674666744	47.634870291364223	0.00011169990453075331	-1	
-18.430351690901169	48.012707648427551	0.00012274312771651987	-1	
-17.589607371034404	48.327049068989609	0.00011724161978832877	-1	
-20.373837414083578	47.997753072877281	0.00010736971107687045	-1	
-19.533058085258286	48.346015273839669	0.00010299943329021723	-1	
-18.686328797719241	48.679550810211268	9.8590551103487569e-005	-1	
-23.672361772133534	46.459625904107774	0.0001244356067849683	-1	
-24.479588630978615	46.039410199072641	0.00012859126327718551	-1	
-16.97605376812318	49.302040013392983	8.9663060565802006e-005	-1	
-16.11302899240798	49.590804063961613	8.5147576190484014e-005	-1	
-15.245096031971279	49.864462275215445	8.0599733336387931e-005	-1	
-32.240090526002604	42.784045181104986	9.5587411820641341e-005	-1	
-34.163106942705511	42.187923621949906	9.9881940813147238e-005	-1	
-33.421622946250068	42.777726624364959	9.7740603580263931e-005	-1	
-31.488495658525366	43.340196127229341	9.3383935264502397e-005	-1	
-30.72730909023463	43.883145229767429	9.1150554310935361e-005	-1	
-29.956762685932883	44.412727101162957	8.8887925434577784e-005	-1	
-29.177091161519328	44.92878042564773	8.6596718091618837e-005	-1	
-27.223441102388602	45.307414465683124	0.00014068735548603738	-1	
-26.428571428571448	45.775628485748946	0.00013667876540151243	-1	
-25.625651355877832	46.229898805939534	0.00013262069785204979	-1	
-28.388532012493137	45.431148008379978	8.4277614572068644e-005	-1	
-27.59132544161006	45.919676823327457	8.1931309840794635e-005	-1	
-35.353318532759701	42.132444371543848	0	-1	
-1.8696158947768375	53.538794304594418	5.5769725773546257e-006	-1	
2.8410947674741385	54.211317600962921	-8.3567758952618184e-006	-1	
1.8945441067072344	54.252644895322682	-5.5721094022082536e-006	-1	
0.94741634945256648	54.277446308490163	-2.7855864687788427e-006	-1	
0	54.285714285714278	1.8632641435021031e-009	-1	
-0.94741634945253339	54.277446308489807	2.7893096653043291e-006	-1	
3.7867800032525669	54.153477014105086	-1.1138657322875571e-005	-1	
4.7313117491586425	54.079140753552238	-1.3916826558356314e-005	-1	
-7.3562924793177453	52.342740776340158	3.8467413977421729e-005	-1	
-6.4416652942720809	52.463153729612749	3.3692756241206879e-005	-1	
-8.2686788664122037	52.206383717171583	4.3227113185526664e-005	-1	
-5.5250759155759681	52.567585898037315	2.8904980245516288e-005	-1	
-2.8037119415862768	53.498010790423614	8.3621962508703508e-006	-1	
-3.7369539505781413	53.440931263919161	1.1144627555383463e-005	-1	
-4.6690576471959737	53.367573112057798	1.3923339198307641e-005	-1	
-13.680435241133244	51.056079389565063	7.1370216949032648e-005	-1	
-12.787300195982443	51.287059817445545	6.6737975871907109e-005	-1	
-14.569403093184247	50.809546785311163	7.59751008980119e-005	-1	
-11.890270015318581	51.502417710076735	6.2080091966584076e-005	-1	
-10.989617943224422	51.702087467358311	5.7398299700252945e-005	-1	
-10.085618327045941	51.886008267947972	5.2694355417655614e-005	-1	
-9.1785465338234626	52.054124087788161	4.797003014171105e-005	-1	
7.5551111949750549	53.757409445971298	-2.2219823168218873e-005	-1	
6.6157643562795014	53.881076803386385	-1.9458330555539554e-005	-1	
5.6744022916726786	53.988331462849466	-1.6690358497205244e-005	-1	
8.6038955772127537	54.322858732732882	0	-1	
-23.996640700518917	47.09605913567092	0.00012436111900256431	-1	
-23.171046330279818	47.507685304384587	0.00012016218917787111	-1	
-22.338393834865553	47.904840171937252	0.00011591895012567098	-1	
-21.49893684829231	48.287402761108943	0.00011163278773288989	-1	
-17.83390747340988	48.998258083836681	9.4144577336457055e-005	-1	
-20.652931077290198	48.655256539629029	0.0001073051200775629	-1	
-19.800634223412505	49.008289455673086	0.00010293739942289642	-1	
-18.94230590453731	49.346393971994985	9.853110613195546e-005	-1	
-18.078207575785356	49.669467098683761	9.4087752687238704e-005	-1	
-24.814925461539961	46.670087051114756	0.00012851439163198437	-1	
-17.208602449878288	49.97741042453535	8.9608885438620088e-005	-1	
-16.333755416961512	50.270130147029576	8.5096079447455775e-005	-1	
-15.45393296391609	50.547537100903334	8.0550941051684853e-005	-1	
-32.669958399682663	43.354499116853098	9.5568095717959197e-005	-1	
-34.612621507741096	42.743027880133454	0	-1	
-33.861381142911242	43.340591448369764	0	-1	
-31.908342267305727	43.918065408925777	9.3365047252168742e-005	-1	
-31.137006544771115	44.468253832831039	9.1132101437149026e-005	-1	
-30.356186188412011	45.00489679584517	8.8869914636395951e-005	-1	
-29.566119043672938	45.527830831323065	8.657915618967648e-005	-1	
-26.785714285714299	46.39421805988065	7.9558511363379171e-005	-1	
-25.971943941768068	46.854627168181921	7.7159938913579871e-005	-1	
-25.150262292101306	47.300763903156813	7.4736324365500236e-005	-1	
-28.767045772659738	46.036896648491748	8.4260508265689976e-005	-1	
-27.95920978083155	46.531939180971861	8.1914665702166638e-005	-1	
-27.142857142857178	47.012807634012432	7.9542335831118494e-005	-1	
-1.8945441067071955	54.252644895322334	5.575822615637834e-006	-1	
3.8366060559269219	54.866022764290655	0	-1	
2.8784775933619358	54.924624411501888	0	-1	
1.9194723186375731	54.966495486050597	0	-1	
0.95988235405060718	54.99162323360185	0	-1	
0	55	0	-1	
-0.95988235405059319	54.99162323360153	0	-1	
4.7935658511212349	54.79070839504633	0	-1	
5.749065479720981	54.69870424525535	0	-1	
-6.5287148252757587	53.172115266499389	1.9465905024999462e-005	-1	
-7.4557018371463641	53.05007511115555	2.222791678125894e-005	-1	
-5.5997391036242936	53.277958680443213	1.6697405918164295e-005	-1	
-8.3804177700123681	52.911875389025234	2.4982525052723032e-005	-1	
-2.8410947674740932	54.211317600962587	8.3604725159258377e-006	-1	
-3.7867800032525158	54.153477014104752	1.1142330792014778e-005	-1	
-4.7313117491585865	54.079140753551904	1.3920470398973976e-005	-1	
-5.6744022916726173	53.988331462849132	1.6693966328517277e-005	-1	
-13.865305987635042	51.746026408342949	4.1303961814086316e-005	-1	
-12.9601015499822	51.980128193356961	3.8612755930837961e-005	-1	
-12.050949339849911	52.198396327780472	3.5908750436064915e-005	-1	
-14.766286918767815	51.496162282409941	4.398148984740294e-005	-1	
-11.138126293808536	52.400764325025307	3.3192830341238587e-005	-1	
-10.221910466600615	52.58717054183915	3.0465887003794454e-005	-1	
-9.3025809464426974	52.757558197082574	2.7728817674143471e-005	-1	
7.6545205528036506	54.464743780786677	0	-1	
6.7028138872831571	54.590038340273033	0	-1	
-23.484168577986299	48.149681051741098	6.9816955643014236e-005	-1	
-24.320919628904303	47.732492367234002	7.2288411469227542e-005	-1	
-22.640264021823192	48.552202876963406	6.7322723633655781e-005	-1	
-21.789463021917872	48.939935230853621	6.4806493364082894e-005	-1	
-20.932024740496814	49.312760006380735	6.2269053558237933e-005	-1	
-20.06821036156672	49.670563637506469	5.9711203474892783e-005	-1	
-19.198283011355379	50.013237133778667	5.7133752584089093e-005	-1	
-18.322507678160829	50.340676113530805	5.4537520239890328e-005	-1	
-17.441151131633397	50.652780835677689	5.1923335339204963e-005	-1	
-16.554481841515042	50.94945623009751	4.9292035965038905e-005	-1	
-15.662769895860897	51.230611926591187	4.6644469018955709e-005	-1	
-33.099826273362694	43.924953052601161	0	-1	
-32.32818887608606	44.495934690622164	0	-1	
-31.546703999307567	45.053362435894599	0	-1	
-30.755609690891106	45.59706649052734	0	-1	
-29.955146925826519	46.126881236998372	0	-1	
-26.318236527658332	47.479355530424385	7.7144238287326887e-005	-1	
-25.485599122662673	47.931440755198928	7.4721104801109162e-005	-1	
-24.645198557289714	48.368925598797155	7.2273678977824503e-005	-1	
-29.145559532826301	46.642645288603482	0	-1	
-28.327094120053008	47.14420153861623	0	-1	
-27.500000000000025	47.631397208144172	0	-1	
-1.9194723186375535	54.966495486050277	0	-1	
-6.6157643562794348	53.881076803386065	1.9461896094959166e-005	-1	
-7.5551111949749821	53.757409445970978	2.2223340263297892e-005	-1	
-8.4921566736125342	53.617367060878927	2.4977382900035149e-005	-1	
-9.4266153590619357	53.460992306377022	2.7723112092349382e-005	-1	
-2.8784775933619109	54.924624411501568	0	-1	
-3.8366060559268922	54.866022764290342	0	-1	
-4.7935658511212003	54.790708395046018	0	-1	
-5.7490654797209411	54.698704245255044	0	-1	
-13.132902903981968	52.673196569268406	3.8604823255033289e-005	-1	
-14.963170744351393	52.182777779508761	4.3972462801634823e-005	-1	
-14.050176734136848	52.435973427120871	4.1295480161542597e-005	-1	
-12.211628664381248	52.894374945484216	3.590137007301756e-005	-1	
-11.286634644392654	53.099441182692324	3.3186005415817335e-005	-1	
-15.871606827805715	51.913686752279098	4.6634900360717285e-005	-1	
-10.358202606155293	53.288332815730342	3.0459620412005415e-005	-1	
-23.797290825692798	48.791676799097679	6.9802716051248169e-005	-1	
-22.942134208780846	49.199565581989617	6.730898264971427e-005	-1	
-22.079989195543462	49.592467700598384	6.4793256501059841e-005	-1	
-21.211118403703452	49.970263473132519	6.2256326162198021e-005	-1	
-20.335786499720953	50.332837819339922	5.969899071324483e-005	-1	
-19.454260118173458	50.680080295562412	5.712205944112219e-005	-1	
-18.566807780536315	51.011885128377919	5.4526351511782084e-005	-1	
-17.673699813388517	51.328151246820084	5.1912695628708533e-005	-1	
-16.775208266068585	51.628782313165509	4.9281929676548707e-005	-1	
-26.664529113548561	48.104083892666821	0	-1	
-25.820935953224016	48.562117607241028	0	-1	
-24.969477485675093	49.005358830360279	0	-1	
-6.7028138872831127	54.59003834027272	0	-1	
-7.6545205528036009	54.464743780786378	0	-1	
-8.6038955772126986	54.322858732732584	0	-1	
-9.5506497716811705	54.164426415671457	0	-1	
-10.494494745709964	53.989495089621542	0	-1	
-13.305704257981729	53.366264945179829	0	-1	
-15.160054569934962	52.869393276607575	0	-1	
-16.080443759750526	52.596761577966987	0	-1	
-14.235047480638647	53.125920445898785	0	-1	
-12.372307988912578	53.590353563187961	0	-1	
-11.435142994976767	53.798118040359334	0	-1	
-24.110413073399275	49.433672546454233	0	-1	
-23.244004395738486	49.846928287015793	0	-1	
-22.370515369169024	50.245000170343097	0	-1	
-21.490212066910072	50.62776693988426	0	-1	
-20.603362637875176	50.995112001173354	0	-1	
-19.710237224991527	51.346923457346143	0	-1	
-18.811107882911791	51.683094143225006	0	-1	
-17.906248495143629	52.003521657962466	0	-1	
-16.995934690622118	52.308108396233486	0	-1	
14142
0	3	1	6	-1	-1	0	0
3	0	2	6	-1	0	-1	0
3	5	1	6	-1	-1	-1	0
5	4	1	6	-1	0	-1	0
7	3	2	6	-1	-1	-1	0
7	2	6	6	-1	0	-1	0
9	5	3	5	-1	-1	-1	0
10	3	7	5	-1	-1	-1	0
8	9	3	5	-1	-1	-1	0
4	5	12	6	-1	-1	-1	0
10	8	3	5	-1	-1	-1	0
9	13	5	5	-1	-1	-1	0
4	12	11	6	-1	-1	0	0
6	15	7	6	-1	-1	-1	0
13	12	5	5	-1	-1	-1	0
10	7	16	5	-1	-1	-1	0
8	18	9	4	-1	-1	-1	0
15	6	14	6	-1	0	-1	0
17	8	10	4	-1	-1	-1	0
15	16	7	5	-1	-1	-1	0
9	19	13	4	-1	-1	-1	0
17	18	8	4	-1	-1	-1	0
22	11	12	6	-1	-1	-1	0
16	20	10	4	-1	-1	-1	0
9	18	19	4	-1	-1	-1	0
17	10	20	4	-1	-1	-1	0
23	12	13	5	-1	-1	-1	0
22	21	11	6	-1	0	-1	0
26	15	14	6	-1	-1	-1	0
13	19	24	4	-1	-1	-1	0
23	22	12	5	-1	-1	-1	0
15	27	16	5	-1	-1	-1	0
24	23	13	4	-1	-1	-1	0
20	16	28	4	-1	-1	-1	0
29	18	17	3	-1	-1	-1	0
26	14	25	6	-1	0	-1	0
20	29	17	3	-1	-1	-1	0
30	19	18	3	-1	-1	-1	0
27	15	26	5	-1	-1	-1	0
28	16	27	4	-1	-1	-1	0
31	24	19	3	-1	-1	-1	0
29	30	18	3	-1	-1	-1	0
21	22	34	6	-1	-1	-1	0
31	19	30	3	-1	-1	-1	0
20	28	32	3	-1	-1	-1	0
35	22	23	5	-1	-1	-1	0
29	20	32	3	-1	-1	-1	0
24	36	23	4	-1	-1	-1	0
33	21	34	6	0	-1	-1	0
26	25	39	6	-1	-1	-1	0
35	34	22	5	-1	-1	-1	0
31	37	24	3	-1	-1	-1	0
36	35	23	4	-1	-1	-1	0
27	26	41	5	-1	-1	-1	0
42	28	27	4	-1	-1	-1	0
37	36	24	3	-1	-1	-1	0
40	25	38	6	-1	0	-1	0
43	32	28	3	-1	-1	-1	0
40	39	25	6	-1	-1	-1	0
46	30	29	2	-1	-1	-1	0
41	26	39	5	-1	-1	-1	0
30	46	31	2	-1	-1	-1	0
47	29	32	2	-1	-1	-1	0
42	27	41	4	-1	-1	-1	0
42	44	28	3	-1	-1	-1	0
28	44	43	3	-1	-1	-1	0
49	37	31	2	-1	-1	-1	0
52	33	34	6	-1	-1	-1	0
46	29	45	2	-1	-1	-1	0
45	29	47	2	-1	-1	-1	0
34	35	53	5	-1	-1	-1	0
31	46	48	2	-1	-1	-1	0
43	50	32	2	-1	-1	-1	0
36	54	35	4	-1	-1	-1	0
55	36	37	3	-1	-1	-1	0
31	48	49	2	-1	-1	-1	0
50	47	32	2	-1	-1	-1	0
40	38	57	6	-1	0	-1	0
51	33	52	6	0	-1	-1	0
58	39	40	5	-1	-1	-1	0
58	41	39	5	-1	-1	-1	0
52	34	53	5	-1	-1	-1	0
58	42	41	4	-1	-1	-1	0
49	56	37	2	-1	-1	-1	0
54	53	35	4	-1	-1	-1	0
55	54	36	3	-1	-1	-1	0
42	61	44	3	-1	-1	-1	0
55	37	56	2	-1	-1	-1	0
62	43	44	2	-1	-1	-1	0
46	45	64	1	-1	-1	-1	0
50	43	62	2	-1	-1	-1	0
59	40	57	6	-1	-1	-1	0
47	64	45	1	-1	-1	-1	0
58	40	59	5	-1	-1	-1	0
65	48	46	1	-1	-1	-1	0
42	58	60	4	-1	-1	-1	0
42	60	61	3	-1	-1	-1	0
50	67	47	1	-1	-1	-1	0
48	68	49	1	-1	-1	-1	0
61	63	44	2	-1	-1	-1	0
44	63	62	2	-1	-1	-1	0
69	56	49	1	-1	-1	-1	0
52	71	51	6	-1	-1	-1	0
46	64	65	1	-1	-1	-1	0
53	72	52	5	-1	-1	-1	0
66	64	47	1	-1	-1	-1	0
50	62	67	1	-1	-1	-1	0
67	66	47	1	-1	-1	-1	0
53	54	73	4	-1	-1	-1	0
65	68	48	1	-1	-1	-1	0
74	54	55	3	-1	-1	-1	0
55	56	74	2	-1	-1	-1	0
69	49	68	1	-1	-1	-1	0
71	70	51	6	-1	0	-1	0
57	77	59	6	0	-1	-1	0
72	71	52	5	-1	-1	-1	0
79	58	59	5	-1	-1	-1	0
60	58	78	4	-1	-1	-1	0
73	72	53	4	-1	-1	-1	0
76	56	69	1	-1	-1	-1	0
54	74	73	3	-1	-1	-1	0
81	61	60	3	-1	-1	-1	0
75	74	56	2	-1	-1	-1	0
82	63	61	2	-1	-1	-1	0
56	76	75	1	-1	-1	-1	0
83	62	63	1	-1	-1	-1	0
62	83	67	1	-1	-1	-1	0
78	58	79	4	-1	-1	-1	0
86	64	66	0	-1	-1	-1	0
80	59	77	6	-1	-1	-1	0
64	87	65	0	-1	-1	-1	0
79	59	80	5	-1	-1	-1	0
78	81	60	3	-1	-1	-1	0
68	65	87	0	-1	-1	-1	0
88	66	67	0	-1	-1	-1	0
82	61	81	2	-1	-1	-1	0
90	69	68	0	-1	-1	-1	0
84	63	82	1	-1	-1	-1	0
84	83	63	1	-1	-1	-1	0
71	93	70	6	-1	-1	-1	0
64	86	85	0	-1	-1	-1	0
91	76	69	0	-1	-1	-1	0
64	85	87	0	-1	-1	-1	0
72	94	71	5	-1	-1	-1	0
67	83	89	0	-1	-1	-1	0
86	66	88	0	-1	-1	-1	0
73	95	72	4	-1	-1	-1	0
96	73	74	3	-1	-1	-1	0
88	67	89	0	-1	-1	-1	0
87	90	68	0	-1	-1	-1	0
75	96	74	2	-1	-1	-1	0
98	75	76	1	-1	-1	-1	0
90	91	69	0	-1	-1	-1	0
93	92	70	6	-1	0	-1	0
77	101	80	6	-1	-1	-1	0
94	93	71	5	-1	-1	-1	0
79	103	78	4	-1	-1	-1	0
78	102	81	3	-1	-1	-1	0
95	94	72	4	-1	-1	-1	0
104	79	80	5	-1	-1	-1	0
73	96	95	3	-1	-1	-1	0
76	91	99	0	-1	-1	-1	0
75	97	96	2	-1	-1	-1	0
82	81	106	2	-1	-1	-1	0
98	97	75	1	-1	-1	-1	0
99	98	76	0	-1	-1	-1	0
84	82	107	1	-1	-1	-1	0
83	84	108	0	-1	-1	-1	0
100	101	77	6	-1	-1	0	0
108	89	83	0	-1	-1	-1	0
110	85	86	8	-1	-1	-1	0
87	85	111	8	-1	-1	-1	0
102	78	103	3	-1	-1	-1	0
104	103	79	4	-1	-1	-1	0
112	86	88	8	-1	-1	-1	0
105	80	101	5	-1	-1	-1	0
104	80	105	5	-1	-1	-1	0
81	102	106	2	-1	-1	-1	0
113	90	87	8	-1	-1	-1	0
88	89	114	8	-1	-1	-1	0
82	106	107	1	-1	-1	-1	0
90	116	91	8	-1	-1	-1	0
107	109	84	0	-1	-1	-1	0
109	108	84	0	-1	-1	-1	0
92	93	119	6	-1	-1	-1	0
119	93	94	5	-1	-1	-1	0
110	111	85	8	-1	-1	-1	0
117	99	91	8	-1	-1	-1	0
86	112	110	8	-1	-1	-1	0
95	121	94	4	-1	-1	-1	0
111	113	87	8	-1	-1	-1	0
89	108	115	8	-1	-1	-1	0
122	95	96	3	-1	-1	-1	0
112	88	114	8	-1	-1	-1	0
97	122	96	2	-1	-1	-1	0
114	89	115	8	-1	-1	-1	0
98	124	97	1	-1	-1	-1	0
90	113	116	8	-1	-1	-1	0
99	125	98	0	-1	-1	-1	0
91	116	117	8	-1	-1	-1	0
101	100	127	6	-1	0	-1	0
118	92	119	6	0	-1	-1	0
94	120	119	5	-1	-1	-1	0
105	101	128	5	-1	-1	-1	0
103	130	102	3	-1	-1	-1	0
94	121	120	4	-1	-1	-1	0
102	129	106	2	-1	-1	-1	0
122	121	95	3	-1	-1	-1	0
104	131	103	4	-1	-1	-1	0
131	104	105	4	-1	-1	-1	0
99	117	126	8	-1	-1	-1	0
97	123	122	2	-1	-1	-1	0
124	123	97	1	-1	-1	-1	0
125	124	98	0	-1	-1	-1	0
107	106	134	1	-1	-1	-1	0
126	125	99	8	-1	-1	-1	0
107	135	109	0	-1	-1	-1	0
136	108	109	8	-1	-1	-1	0
127	128	101	6	-1	-1	-1	0
111	110	138	8	-1	-1	-1	0
115	108	136	8	-1	-1	-1	0
112	138	110	8	-1	-1	-1	0
130	129	102	2	-1	-1	-1	0
111	139	113	8	-1	-1	-1	0
131	130	103	3	-1	-1	-1	0
105	128	132	5	-1	-1	-1	0
112	114	140	8	-1	-1	-1	0
133	131	105	4	-1	-1	-1	0
140	114	115	8	-1	-1	-1	0
129	134	106	1	-1	-1	-1	0
132	133	105	4	-1	-1	-1	0
143	116	113	8	-1	-1	-1	0
117	116	143	8	-1	-1	-1	0
134	135	107	0	-1	-1	-1	0
137	109	135	8	-1	-1	-1	0
137	136	109	8	-1	-1	-1	0
149	118	119	6	-1	-1	-1	0
120	149	119	5	-1	-1	-1	0
138	139	111	8	-1	-1	-1	0
126	117	146	8	-1	-1	-1	0
112	141	138	8	-1	-1	-1	0
121	151	120	4	-1	-1	-1	0
141	112	140	8	-1	-1	-1	0
133	130	131	3	-1	-1	-1	0
142	113	139	8	-1	-1	-1	0
121	122	152	3	-1	-1	-1	0
145	115	136	8	-1	-1	-1	0
123	152	122	2	-1	-1	-1	0
143	113	142	8	-1	-1	-1	0
140	115	144	8	-1	-1	-1	0
124	154	123	1	-1	-1	-1	0
125	155	124	0	-1	-1	-1	0
145	144	115	8	-1	-1	-1	0
126	156	125	8	-1	-1	-1	0
117	143	147	8	-1	-1	-1	0
147	146	117	8	-1	-1	-1	0
128	127	157	6	-1	0	-1	0
149	148	118	6	-1	0	-1	0
128	158	132	5	-1	-1	-1	0
130	160	129	2	-1	-1	-1	0
149	120	150	5	-1	-1	-1	0
150	120	151	4	-1	-1	-1	0
129	159	134	1	-1	-1	-1	0
151	121	152	3	-1	-1	-1	0
161	130	133	3	-1	-1	-1	0
144	141	140	8	-1	-1	-1	0
163	133	132	4	-1	-1	-1	0
156	126	146	8	-1	-1	-1	0
123	153	152	2	-1	-1	-1	0
153	123	154	1	-1	-1	-1	0
155	154	124	0	-1	-1	-1	0
164	135	134	0	-1	-1	-1	0
155	125	156	8	-1	-1	-1	0
135	165	137	8	-1	-1	-1	0
136	137	166	8	-1	-1	-1	0
158	128	157	6	-1	-1	-1	0
139	138	167	8	-1	-1	-1	0
138	141	167	8	-1	-1	-1	0
166	145	136	8	-1	-1	-1	0
160	159	129	1	-1	-1	-1	0
139	168	142	8	-1	-1	-1	0
161	160	130	2	-1	-1	-1	0
132	158	162	5	-1	-1	-1	0
141	144	170	8	-1	-1	-1	0
143	142	171	8	-1	-1	-1	0
164	134	159	0	-1	-1	-1	0
162	163	132	4	-1	-1	-1	0
161	133	163	3	-1	-1	-1	0
147	143	171	8	-1	-1	-1	0
172	144	145	8	-1	-1	-1	0
165	135	164	8	-1	-1	-1	0
174	146	147	8	-1	-1	-1	0
166	137	165	8	-1	-1	-1	0
139	167	168	8	-1	-1	-1	0
179	148	149	6	-1	-1	-1	0
141	169	167	8	-1	-1	-1	0
170	169	141	8	-1	-1	-1	0
175	156	146	8	-1	-1	-1	0
149	150	181	5	-1	-1	-1	0
171	142	168	8	-1	-1	-1	0
182	150	151	4	-1	-1	-1	0
145	166	173	8	-1	-1	-1	0
144	172	170	8	-1	-1	-1	0
175	155	156	8	-1	-1	-1	0
152	184	151	3	-1	-1	-1	0
172	145	173	8	-1	-1	-1	0
152	153	186	2	-1	-1	-1	0
176	147	171	8	-1	-1	-1	0
187	153	154	1	-1	-1	-1	0
146	174	175	8	-1	-1	-1	0
154	155	189	0	-1	-1	-1	0
147	177	174	8	-1	-1	-1	0
177	147	176	8	-1	-1	-1	0
169	168	167	8	-1	-1	-1	0
158	157	190	6	-1	0	-1	0
180	178	148	6	-1	0	-1	0
180	148	179	6	-1	-1	-1	0
179	149	181	5	-1	-1	-1	0
191	162	158	5	-1	-1	-1	0
192	159	160	1	-1	-1	-1	0
181	150	183	4	-1	-1	-1	0
150	182	183	4	-1	-1	-1	0
160	161	194	2	-1	-1	-1	0
176	171	168	8	-1	-1	-1	0
164	159	193	0	-1	-1	-1	0
182	151	185	3	-1	-1	-1	0
175	189	155	8	-1	-1	-1	0
161	163	196	3	-1	-1	-1	0
184	185	151	3	-1	-1	-1	0
186	184	152	2	-1	-1	-1	0
163	162	198	4	-1	-1	-1	0
188	186	153	1	-1	-1	-1	0
187	188	153	1	-1	-1	-1	0
164	200	165	8	-1	-1	-1	0
187	154	189	0	-1	-1	-1	0
165	200	166	8	-1	-1	-1	0
201	168	169	8	-1	-1	-1	0
173	166	200	8	-1	-1	-1	0
190	191	158	6	-1	-1	-1	0
202	169	170	8	-1	-1	-1	0
193	159	192	0	-1	-1	-1	0
168	201	176	8	-1	-1	-1	0
172	203	170	8	-1	-1	-1	0
160	195	192	1	-1	-1	-1	0
194	195	160	1	-1	-1	-1	0
185	183	182	3	-1	-1	-1	0
162	191	197	5	-1	-1	-1	0
196	194	161	2	-1	-1	-1	0
206	172	173	8	-1	-1	-1	0
186	185	184	2	-1	-1	-1	0
198	162	197	4	-1	-1	-1	0
200	164	193	8	-1	-1	-1	0
163	199	196	3	-1	-1	-1	0
175	174	209	8	-1	-1	-1	0
199	163	198	3	-1	-1	-1	0
177	210	174	8	-1	-1	-1	0
212	177	176	8	-1	-1	-1	0
202	201	169	8	-1	-1	-1	0
180	215	178	6	-1	0	-1	0
175	211	189	8	-1	-1	-1	0
179	216	180	5	-1	-1	-1	0
216	179	181	5	-1	-1	-1	0
204	202	170	8	-1	-1	-1	0
204	170	203	8	-1	-1	-1	0
205	203	172	8	-1	-1	-1	0
200	208	173	8	-1	-1	-1	0
219	181	183	4	-1	-1	-1	0
205	172	206	8	-1	-1	-1	0
206	173	207	8	-1	-1	-1	0
173	208	207	8	-1	-1	-1	0
201	212	176	8	-1	-1	-1	0
183	185	221	3	-1	-1	-1	0
174	210	209	8	-1	-1	-1	0
222	185	186	2	-1	-1	-1	0
211	175	209	8	-1	-1	-1	0
222	186	188	1	-1	-1	-1	0
188	187	223	0	-1	-1	-1	0
189	223	187	0	-1	-1	-1	0
210	177	214	8	-1	-1	-1	0
212	213	177	8	-1	-1	-1	0
177	213	214	8	-1	-1	-1	0
226	191	190	6	-1	-1	0	0
217	215	180	6	-1	-1	-1	0
192	228	193	0	-1	-1	-1	0
218	180	216	5	-1	-1	-1	0
218	217	180	5	-1	-1	-1	0
195	228	192	0	-1	-1	-1	0
227	197	191	5	-1	-1	-1	0
181	219	216	4	-1	-1	-1	0
230	195	194	1	-1	-1	-1	0
194	196	231	2	-1	-1	-1	0
219	183	220	3	-1	-1	-1	0
193	229	200	8	-1	-1	-1	0
223	189	211	8	-1	-1	-1	0
220	183	221	3	-1	-1	-1	0
231	196	199	2	-1	-1	-1	0
185	222	221	2	-1	-1	-1	0
233	198	197	4	-1	-1	-1	0
198	235	199	3	-1	-1	-1	0
222	188	224	1	-1	-1	-1	0
225	188	223	0	-1	-1	-1	0
224	188	225	0	-1	-1	-1	0
208	200	229	8	-1	-1	-1	0
201	202	237	8	-1	-1	-1	0
238	202	204	8	-1	-1	-1	0
191	226	227	6	-1	-1	-1	0
204	203	239	8	-1	-1	-1	0
239	203	205	8	-1	-1	-1	0
237	212	201	8	-1	-1	-1	0
228	229	193	8	-1	-1	-1	0
219	218	216	4	-1	-1	-1	0
205	206	243	8	-1	-1	-1	0
228	195	232	0	-1	-1	-1	0
231	230	194	1	-1	-1	-1	0
206	207	244	8	-1	-1	-1	0
232	195	230	0	-1	-1	-1	0
197	227	234	5	-1	-1	-1	0
208	246	207	8	-1	-1	-1	0
197	234	233	4	-1	-1	-1	0
235	198	233	3	-1	-1	-1	0
199	236	231	2	-1	-1	-1	0
210	248	209	8	-1	-1	-1	0
209	249	211	8	-1	-1	-1	0
236	199	235	2	-1	-1	-1	0
214	251	210	8	-1	-1	-1	0
237	202	238	8	-1	-1	-1	0
212	253	213	8	-1	-1	-1	0
213	254	214	8	-1	-1	-1	0
240	204	239	8	-1	-1	-1	0
238	204	241	8	-1	-1	-1	0
208	229	247	8	-1	-1	-1	0
204	240	241	8	-1	-1	-1	0
211	252	223	8	-1	-1	-1	0
205	242	239	8	-1	-1	-1	0
256	215	217	6	0	-1	-1	0
242	205	243	8	-1	-1	-1	0
218	258	217	5	-1	-1	-1	0
206	245	243	8	-1	-1	-1	0
245	206	244	8	-1	-1	-1	0
219	259	218	4	-1	-1	-1	0
207	246	244	8	-1	-1	-1	0
220	260	219	3	-1	-1	-1	0
252	225	223	8	-1	-1	-1	0
246	208	247	8	-1	-1	-1	0
237	253	212	8	-1	-1	-1	0
220	221	261	2	-1	-1	-1	0
228	247	229	8	-1	-1	-1	0
221	222	262	2	-1	-1	-1	0
249	209	248	8	-1	-1	-1	0
232	247	228	8	-1	-1	-1	0
248	210	250	8	-1	-1	-1	0
224	262	222	1	-1	-1	-1	0
251	250	210	8	-1	-1	-1	0
249	252	211	8	-1	-1	-1	0
224	225	264	0	-1	-1	-1	0
266	227	226	6	-1	-1	0	0
254	213	253	8	-1	-1	-1	0
214	255	251	8	-1	-1	-1	0
254	255	214	8	-1	-1	-1	0
267	234	227	5	-1	-1	-1	0
230	231	268	1	-1	-1	-1	0
257	256	217	6	-1	-1	-1	0
268	232	230	0	-1	-1	-1	0
257	217	258	5	-1	-1	-1	0
268	231	236	1	-1	-1	-1	0
258	218	259	4	-1	-1	-1	0
233	234	271	4	-1	-1	-1	0
259	219	260	3	-1	-1	-1	0
271	235	233	3	-1	-1	-1	0
220	261	260	2	-1	-1	-1	0
265	225	252	8	-1	-1	-1	0
261	221	262	2	-1	-1	-1	0
273	236	235	2	-1	-1	-1	0
269	247	232	8	-1	-1	-1	0
262	224	263	1	-1	-1	-1	0
237	238	276	8	-1	-1	-1	0
224	264	263	0	-1	-1	-1	0
225	265	264	8	-1	-1	-1	0
241	277	238	8	-1	-1	-1	0
240	239	278	8	-1	-1	-1	0
278	239	242	8	-1	-1	-1	0
267	227	266	6	-1	-1	-1	0
279	241	240	8	-1	-1	-1	0
237	276	253	8	-1	-1	-1	0
243	282	242	8	-1	-1	-1	0
270	232	268	0	-1	-1	-1	0
283	243	245	8	-1	-1	-1	0
270	269	232	8	-1	-1	-1	0
267	272	234	5	-1	-1	-1	0
245	244	285	8	-1	-1	-1	0
286	244	246	8	-1	-1	-1	0
271	234	272	4	-1	-1	-1	0
286	246	247	8	-1	-1	-1	0
275	268	236	1	-1	-1	-1	0
235	271	273	3	-1	-1	-1	0
236	273	274	2	-1	-1	-1	0
275	236	274	1	-1	-1	-1	0
289	249	248	8	-1	-1	-1	0
289	248	250	8	-1	-1	-1	0
252	249	290	8	-1	-1	-1	0
238	277	276	8	-1	-1	-1	0
291	250	251	8	-1	-1	-1	0
240	278	279	8	-1	-1	-1	0
255	292	251	8	-1	-1	-1	0
241	281	277	8	-1	-1	-1	0
279	280	241	8	-1	-1	-1	0
254	253	294	8	-1	-1	-1	0
282	278	242	8	-1	-1	-1	0
269	286	247	8	-1	-1	-1	0
241	280	281	8	-1	-1	-1	0
255	254	295	8	-1	-1	-1	0
290	265	252	8	-1	-1	-1	0
284	282	243	8	-1	-1	-1	0
243	283	284	8	-1	-1	-1	0
257	298	256	6	-1	0	-1	0
268	275	270	0	-1	-1	-1	0
258	300	257	5	-1	-1	-1	0
286	285	244	8	-1	-1	-1	0
245	288	283	8	-1	-1	-1	0
285	287	245	8	-1	-1	-1	0
259	301	258	4	-1	-1	-1	0
245	287	288	8	-1	-1	-1	0
259	260	302	3	-1	-1	-1	0
294	253	276	8	-1	-1	-1	0
260	261	303	2	-1	-1	-1	0
304	261	262	1	-1	-1	-1	0
289	290	249	8	-1	-1	-1	0
263	304	262	1	-1	-1	-1	0
291	289	250	8	-1	-1	-1	0
263	264	306	0	-1	-1	-1	0
277	281	276	8	-1	-1	-1	0
291	251	293	8	-1	-1	-1	0
293	251	292	8	-1	-1	-1	0
308	264	265	8	-1	-1	-1	0
292	255	295	8	-1	-1	-1	0
309	267	266	6	-1	-1	0	0
254	294	297	8	-1	-1	-1	0
295	254	296	8	-1	-1	-1	0
296	254	297	8	-1	-1	-1	0
267	310	272	5	-1	-1	-1	0
269	270	311	8	-1	-1	-1	0
298	257	299	6	-1	-1	-1	0
300	299	257	5	-1	-1	-1	0
272	314	271	4	-1	-1	-1	0
314	273	271	3	-1	-1	-1	0
275	313	270	0	-1	-1	-1	0
301	259	302	3	-1	-1	-1	0
301	300	258	4	-1	-1	-1	0
290	308	265	8	-1	-1	-1	0
274	273	316	2	-1	-1	-1	0
303	302	260	2	-1	-1	-1	0
286	269	312	8	-1	-1	-1	0
276	297	294	8	-1	-1	-1	0
275	274	318	1	-1	-1	-1	0
261	305	303	1	-1	-1	-1	0
304	305	261	1	-1	-1	-1	0
304	263	307	0	-1	-1	-1	0
307	263	306	0	-1	-1	-1	0
276	281	319	8	-1	-1	-1	0
320	279	278	8	-1	-1	-1	0
264	308	306	8	-1	-1	-1	0
321	280	279	8	-1	-1	-1	0
320	278	282	8	-1	-1	-1	0
286	312	285	8	-1	-1	-1	0
280	323	281	8	-1	-1	-1	0
312	287	285	8	-1	-1	-1	0
309	310	267	6	-1	-1	-1	0
269	311	312	8	-1	-1	-1	0
297	276	319	8	-1	-1	-1	0
327	282	284	8	-1	-1	-1	0
311	270	313	8	-1	-1	-1	0
284	283	328	8	-1	-1	-1	0
272	310	315	5	-1	-1	-1	0
328	283	288	8	-1	-1	-1	0
272	315	314	4	-1	-1	-1	0
314	316	273	3	-1	-1	-1	0
331	288	287	8	-1	-1	-1	0
318	313	275	0	-1	-1	-1	0
274	316	317	2	-1	-1	-1	0
318	274	317	1	-1	-1	-1	0
290	289	335	8	-1	-1	-1	0
289	291	335	8	-1	-1	-1	0
307	305	304	0	-1	-1	-1	0
336	291	293	8	-1	-1	-1	0
279	320	322	8	-1	-1	-1	0
279	322	321	8	-1	-1	-1	0
292	338	293	8	-1	-1	-1	0
337	292	295	8	-1	-1	-1	0
325	319	281	8	-1	-1	-1	0
321	324	280	8	-1	-1	-1	0
323	280	324	8	-1	-1	-1	0
282	327	320	8	-1	-1	-1	0
281	323	326	8	-1	-1	-1	0
332	287	312	8	-1	-1	-1	0
341	295	296	8	-1	-1	-1	0
281	326	325	8	-1	-1	-1	0
290	335	308	8	-1	-1	-1	0
343	296	297	8	-1	-1	-1	0
327	284	329	8	-1	-1	-1	0
329	284	328	8	-1	-1	-1	0
299	345	298	6	-1	0	-1	0
300	347	299	5	-1	-1	-1	0
331	287	330	8	-1	-1	-1	0
301	348	300	4	-1	-1	-1	0
328	288	333	8	-1	-1	-1	0
287	332	330	8	-1	-1	-1	0
301	302	349	3	-1	-1	-1	0
331	334	288	8	-1	-1	-1	0
350	302	303	2	-1	-1	-1	0
332	312	311	8	-1	-1	-1	0
334	333	288	8	-1	-1	-1	0
313	332	311	8	-1	-1	-1	0
351	303	305	1	-1	-1	-1	0
297	319	344	8	-1	-1	-1	0
291	336	335	8	-1	-1	-1	0
307	352	305	0	-1	-1	-1	0
353	307	306	8	-1	-1	-1	0
306	308	353	8	-1	-1	-1	0
337	338	292	8	-1	-1	-1	0
293	339	336	8	-1	-1	-1	0
338	340	293	8	-1	-1	-1	0
340	339	293	8	-1	-1	-1	0
295	341	337	8	-1	-1	-1	0
310	309	356	6	-1	0	-1	0
342	341	296	8	-1	-1	-1	0
343	342	296	8	-1	-1	-1	0
310	358	315	5	-1	-1	-1	0
344	343	297	8	-1	-1	-1	0
319	325	344	8	-1	-1	-1	0
360	314	315	4	-1	-1	-1	0
314	360	316	3	-1	-1	-1	0
359	313	318	0	-1	-1	-1	0
346	345	299	6	-1	-1	-1	0
346	299	347	5	-1	-1	-1	0
317	316	361	2	-1	-1	-1	0
347	300	348	4	-1	-1	-1	0
363	318	317	1	-1	-1	-1	0
355	308	335	8	-1	-1	-1	0
301	349	348	3	-1	-1	-1	0
349	302	350	2	-1	-1	-1	0
332	313	359	8	-1	-1	-1	0
351	350	303	1	-1	-1	-1	0
322	320	364	8	-1	-1	-1	0
352	351	305	0	-1	-1	-1	0
365	321	322	8	-1	-1	-1	0
365	324	321	8	-1	-1	-1	0
320	327	364	8	-1	-1	-1	0
354	352	307	8	-1	-1	-1	0
353	354	307	8	-1	-1	-1	0
368	323	324	8	-1	-1	-1	0
326	323	367	8	-1	-1	-1	0
355	353	308	8	-1	-1	-1	0
325	326	370	8	-1	-1	-1	0
310	356	357	6	-1	-1	-1	0
357	358	310	5	-1	-1	-1	0
335	336	355	8	-1	-1	-1	0
372	327	329	8	-1	-1	-1	0
336	339	355	8	-1	-1	-1	0
373	329	328	8	-1	-1	-1	0
358	360	315	4	-1	-1	-1	0
374	328	333	8	-1	-1	-1	0
332	375	330	8	-1	-1	-1	0
376	331	330	8	-1	-1	-1	0
360	361	316	3	-1	-1	-1	0
325	370	344	8	-1	-1	-1	0
359	318	363	0	-1	-1	-1	0
361	362	317	2	-1	-1	-1	0
363	317	362	1	-1	-1	-1	0
334	331	377	8	-1	-1	-1	0
378	333	334	8	-1	-1	-1	0
354	355	339	8	-1	-1	-1	0
364	366	322	8	-1	-1	-1	0
322	366	365	8	-1	-1	-1	0
382	338	337	8	-1	-1	-1	0
365	369	324	8	-1	-1	-1	0
367	323	368	8	-1	-1	-1	0
337	341	381	8	-1	-1	-1	0
383	340	338	8	-1	-1	-1	0
369	368	324	8	-1	-1	-1	0
354	353	355	8	-1	-1	-1	0
372	364	327	8	-1	-1	-1	0
340	385	339	8	-1	-1	-1	0
371	326	367	8	-1	-1	-1	0
332	359	375	8	-1	-1	-1	0
326	371	370	8	-1	-1	-1	0
389	341	342	8	-1	-1	-1	0
329	373	372	8	-1	-1	-1	0
373	328	374	8	-1	-1	-1	0
342	343	391	8	-1	-1	-1	0
354	339	386	8	-1	-1	-1	0
343	344	393	8	-1	-1	-1	0
330	375	376	8	-1	-1	-1	0
377	331	376	8	-1	-1	-1	0
374	333	378	8	-1	-1	-1	0
346	394	345	6	-1	0	-1	0
346	347	396	5	-1	-1	-1	0
334	377	379	8	-1	-1	-1	0
397	347	348	4	-1	-1	-1	0
378	334	380	8	-1	-1	-1	0
380	334	379	8	-1	-1	-1	0
398	348	349	3	-1	-1	-1	0
399	349	350	2	-1	-1	-1	0
382	337	381	8	-1	-1	-1	0
351	400	350	1	-1	-1	-1	0
401	351	352	0	-1	-1	-1	0
338	382	384	8	-1	-1	-1	0
338	384	383	8	-1	-1	-1	0
344	370	393	8	-1	-1	-1	0
352	354	402	8	-1	-1	-1	0
339	385	386	8	-1	-1	-1	0
387	340	383	8	-1	-1	-1	0
341	389	381	8	-1	-1	-1	0
340	388	385	8	-1	-1	-1	0
340	387	388	8	-1	-1	-1	0
357	356	403	6	-1	0	-1	0
358	357	404	5	-1	-1	-1	0
390	389	342	8	-1	-1	-1	0
391	390	342	8	-1	-1	-1	0
358	406	360	4	-1	-1	-1	0
343	392	391	8	-1	-1	-1	0
406	361	360	3	-1	-1	-1	0
392	343	393	8	-1	-1	-1	0
363	407	359	0	-1	-1	-1	0
361	409	362	2	-1	-1	-1	0
362	409	363	1	-1	-1	-1	0
346	395	394	6	-1	-1	-1	0
346	396	395	5	-1	-1	-1	0
396	347	397	4	-1	-1	-1	0
364	411	366	8	-1	-1	-1	0
407	375	359	8	-1	-1	-1	0
354	386	402	8	-1	-1	-1	0
348	398	397	3	-1	-1	-1	0
366	413	365	8	-1	-1	-1	0
412	369	365	8	-1	-1	-1	0
399	398	349	2	-1	-1	-1	0
411	364	372	8	-1	-1	-1	0
399	350	400	1	-1	-1	-1	0
368	415	367	8	-1	-1	-1	0
400	351	401	0	-1	-1	-1	0
371	367	415	8	-1	-1	-1	0
369	417	368	8	-1	-1	-1	0
352	402	401	8	-1	-1	-1	0
376	375	407	8	-1	-1	-1	0
371	418	370	8	-1	-1	-1	0
357	403	404	6	-1	-1	-1	0
404	405	358	5	-1	-1	-1	0
372	373	422	8	-1	-1	-1	0
405	406	358	4	-1	-1	-1	0
374	422	373	8	-1	-1	-1	0
374	378	423	8	-1	-1	-1	0
408	361	406	3	-1	-1	-1	0
408	409	361	2	-1	-1	-1	0
377	376	425	8	-1	-1	-1	0
363	410	407	0	-1	-1	-1	0
393	370	418	8	-1	-1	-1	0
363	409	410	1	-1	-1	-1	0
377	426	379	8	-1	-1	-1	0
380	427	378	8	-1	-1	-1	0
428	380	379	8	-1	-1	-1	0
411	413	366	8	-1	-1	-1	0
365	414	412	8	-1	-1	-1	0
414	365	413	8	-1	-1	-1	0
382	381	433	8	-1	-1	-1	0
369	412	417	8	-1	-1	-1	0
416	415	368	8	-1	-1	-1	0
368	417	416	8	-1	-1	-1	0
382	436	384	8	-1	-1	-1	0
392	393	418	8	-1	-1	-1	0
411	372	420	8	-1	-1	-1	0
389	434	381	8	-1	-1	-1	0
419	371	415	8	-1	-1	-1	0
438	383	384	8	-1	-1	-1	0
407	424	376	8	-1	-1	-1	0
418	371	419	8	-1	-1	-1	0
438	387	383	8	-1	-1	-1	0
439	386	385	8	-1	-1	-1	0
439	385	388	8	-1	-1	-1	0
421	420	372	8	-1	-1	-1	0
421	372	422	8	-1	-1	-1	0
388	387	441	8	-1	-1	-1	0
423	422	374	8	-1	-1	-1	0
389	390	444	8	-1	-1	-1	0
425	376	424	8	-1	-1	-1	0
391	445	390	8	-1	-1	-1	0
423	378	427	8	-1	-1	-1	0
402	386	440	8	-1	-1	-1	0
426	377	425	8	-1	-1	-1	0
392	447	391	8	-1	-1	-1	0
379	426	430	8	-1	-1	-1	0
379	429	428	8	-1	-1	-1	0
395	448	394	6	-1	0	-1	0
430	429	379	8	-1	-1	-1	0
427	380	432	8	-1	-1	-1	0
380	428	431	8	-1	-1	-1	0
424	407	410	0	-1	-1	-1	0
450	395	396	5	-1	-1	-1	0
431	432	380	8	-1	-1	-1	0
440	401	402	8	-1	-1	-1	0
397	451	396	4	-1	-1	-1	0
452	397	398	3	-1	-1	-1	0
381	434	433	8	-1	-1	-1	0
398	399	453	2	-1	-1	-1	0
382	433	437	8	-1	-1	-1	0
382	435	436	8	-1	-1	-1	0
382	437	435	8	-1	-1	-1	0
400	454	399	1	-1	-1	-1	0
401	455	400	0	-1	-1	-1	0
392	418	447	8	-1	-1	-1	0
436	438	384	8	-1	-1	-1	0
403	456	404	6	0	-1	-1	0
386	439	440	8	-1	-1	-1	0
441	387	438	8	-1	-1	-1	0
404	458	405	5	-1	-1	-1	0
389	444	434	8	-1	-1	-1	0
388	442	439	8	-1	-1	-1	0
406	405	459	4	-1	-1	-1	0
388	441	443	8	-1	-1	-1	0
408	406	459	3	-1	-1	-1	0
388	443	442	8	-1	-1	-1	0
409	408	461	2	-1	-1	-1	0
445	444	390	8	-1	-1	-1	0
462	410	409	1	-1	-1	-1	0
391	446	445	8	-1	-1	-1	0
446	391	447	8	-1	-1	-1	0
447	418	419	8	-1	-1	-1	0
411	465	413	8	-1	-1	-1	0
466	412	414	8	-1	-1	-1	0
395	449	448	6	-1	-1	-1	0
413	467	414	8	-1	-1	-1	0
450	449	395	5	-1	-1	-1	0
417	412	466	8	-1	-1	-1	0
420	464	411	8	-1	-1	-1	0
440	455	401	8	-1	-1	-1	0
463	424	410	0	-1	-1	-1	0
451	450	396	4	-1	-1	-1	0
451	397	452	3	-1	-1	-1	0
415	416	469	8	-1	-1	-1	0
453	452	398	2	-1	-1	-1	0
471	416	417	8	-1	-1	-1	0
434	437	433	8	-1	-1	-1	0
470	419	415	8	-1	-1	-1	0
454	453	399	1	-1	-1	-1	0
455	454	400	0	-1	-1	-1	0
425	424	463	8	-1	-1	-1	0
421	475	420	8	-1	-1	-1	0
457	404	456	6	-1	-1	-1	0
457	458	404	5	-1	-1	-1	0
476	421	422	8	-1	-1	-1	0
476	422	423	8	-1	-1	-1	0
458	459	405	4	-1	-1	-1	0
459	460	408	3	-1	-1	-1	0
478	423	427	8	-1	-1	-1	0
461	408	460	2	-1	-1	-1	0
425	479	426	8	-1	-1	-1	0
461	462	409	1	-1	-1	-1	0
410	462	463	0	-1	-1	-1	0
480	430	426	8	-1	-1	-1	0
429	482	428	8	-1	-1	-1	0
473	447	419	8	-1	-1	-1	0
411	464	465	8	-1	-1	-1	0
432	481	427	8	-1	-1	-1	0
428	482	431	8	-1	-1	-1	0
429	430	483	8	-1	-1	-1	0
413	465	467	8	-1	-1	-1	0
466	414	468	8	-1	-1	-1	0
468	414	467	8	-1	-1	-1	0
432	431	487	8	-1	-1	-1	0
469	470	415	8	-1	-1	-1	0
472	417	466	8	-1	-1	-1	0
416	471	469	8	-1	-1	-1	0
475	464	420	8	-1	-1	-1	0
471	417	472	8	-1	-1	-1	0
437	434	491	8	-1	-1	-1	0
474	419	470	8	-1	-1	-1	0
437	494	435	8	-1	-1	-1	0
473	419	474	8	-1	-1	-1	0
435	495	436	8	-1	-1	-1	0
473	446	447	8	-1	-1	-1	0
479	425	463	8	-1	-1	-1	0
438	436	496	8	-1	-1	-1	0
493	434	444	8	-1	-1	-1	0
475	421	477	8	-1	-1	-1	0
476	477	421	8	-1	-1	-1	0
438	497	441	8	-1	-1	-1	0
476	423	478	8	-1	-1	-1	0
440	439	498	8	-1	-1	-1	0
439	442	498	8	-1	-1	-1	0
444	445	493	8	-1	-1	-1	0
443	441	500	8	-1	-1	-1	0
426	479	480	8	-1	-1	-1	0
501	442	443	8	-1	-1	-1	0
481	478	427	8	-1	-1	-1	0
455	440	498	8	-1	-1	-1	0
502	445	446	8	-1	-1	-1	0
482	429	484	8	-1	-1	-1	0
486	430	480	8	-1	-1	-1	0
429	483	484	8	-1	-1	-1	0
485	483	430	8	-1	-1	-1	0
448	449	503	6	-1	-1	0	0
488	431	482	8	-1	-1	-1	0
430	486	485	8	-1	-1	-1	0
490	481	432	8	-1	-1	-1	0
505	449	450	5	-1	-1	-1	0
488	487	431	8	-1	-1	-1	0
451	506	450	4	-1	-1	-1	0
487	489	432	8	-1	-1	-1	0
452	507	451	3	-1	-1	-1	0
489	490	432	8	-1	-1	-1	0
508	452	453	2	-1	-1	-1	0
454	509	453	1	-1	-1	-1	0
491	434	492	8	-1	-1	-1	0
493	492	434	8	-1	-1	-1	0
455	510	454	0	-1	-1	-1	0
502	446	473	8	-1	-1	-1	0
494	437	491	8	-1	-1	-1	0
495	435	494	8	-1	-1	-1	0
457	456	511	6	-1	0	-1	0
436	495	496	8	-1	-1	-1	0
513	458	457	5	-1	-1	-1	0
459	458	514	4	-1	-1	-1	0
497	438	496	8	-1	-1	-1	0
459	514	460	3	-1	-1	-1	0
441	497	499	8	-1	-1	-1	0
460	516	461	2	-1	-1	-1	0
493	445	502	8	-1	-1	-1	0
461	517	462	1	-1	-1	-1	0
499	500	441	8	-1	-1	-1	0
498	442	501	8	-1	-1	-1	0
463	462	518	0	-1	-1	-1	0
500	501	443	8	-1	-1	-1	0
465	464	519	8	-1	-1	-1	0
465	519	467	8	-1	-1	-1	0
488	482	484	8	-1	-1	-1	0
468	520	466	8	-1	-1	-1	0
503	449	504	6	-1	-1	-1	0
523	468	467	8	-1	-1	-1	0
464	475	519	8	-1	-1	-1	0
505	504	449	5	-1	-1	-1	0
466	521	472	8	-1	-1	-1	0
463	518	479	8	-1	-1	-1	0
506	505	450	4	-1	-1	-1	0
498	510	455	8	-1	-1	-1	0
525	470	469	8	-1	-1	-1	0
506	451	507	3	-1	-1	-1	0
525	469	471	8	-1	-1	-1	0
508	507	452	2	-1	-1	-1	0
526	474	470	8	-1	-1	-1	0
472	527	471	8	-1	-1	-1	0
508	453	509	1	-1	-1	-1	0
509	454	510	0	-1	-1	-1	0
474	529	473	8	-1	-1	-1	0
518	480	479	8	-1	-1	-1	0
511	512	457	6	-1	-1	-1	0
513	457	512	5	-1	-1	-1	0
480	518	486	8	-1	-1	-1	0
477	532	475	8	-1	-1	-1	0
514	458	513	4	-1	-1	-1	0
476	534	477	8	-1	-1	-1	0
534	476	478	8	-1	-1	-1	0
460	514	515	3	-1	-1	-1	0
515	516	460	2	-1	-1	-1	0
461	516	517	1	-1	-1	-1	0
481	537	478	8	-1	-1	-1	0
518	462	517	0	-1	-1	-1	0
502	473	529	8	-1	-1	-1	0
539	484	483	8	-1	-1	-1	0
539	483	485	8	-1	-1	-1	0
466	520	522	8	-1	-1	-1	0
522	521	466	8	-1	-1	-1	0
538	481	490	8	-1	-1	-1	0
519	524	467	8	-1	-1	-1	0
523	520	468	8	-1	-1	-1	0
542	485	486	0	-1	-1	-1	0
541	488	484	8	-1	-1	-1	0
523	467	524	8	-1	-1	-1	0
488	544	487	8	-1	-1	-1	0
489	487	544	8	-1	-1	-1	0
521	528	472	8	-1	-1	-1	0
470	525	526	8	-1	-1	-1	0
518	517	486	0	-1	-1	-1	0
471	527	525	8	-1	-1	-1	0
490	489	546	8	-1	-1	-1	0
519	475	531	8	-1	-1	-1	0
472	528	527	8	-1	-1	-1	0
474	526	530	8	-1	-1	-1	0
474	530	529	8	-1	-1	-1	0
492	551	491	8	-1	-1	-1	0
491	550	494	8	-1	-1	-1	0
493	553	492	8	-1	-1	-1	0
475	533	531	8	-1	-1	-1	0
533	475	532	8	-1	-1	-1	0
495	494	555	8	-1	-1	-1	0
486	517	542	0	-1	-1	-1	0
532	477	536	8	-1	-1	-1	0
534	535	477	8	-1	-1	-1	0
495	556	496	8	-1	-1	-1	0
535	536	477	8	-1	-1	-1	0
502	554	493	8	-1	-1	-1	0
478	537	534	8	-1	-1	-1	0
497	496	558	8	-1	-1	-1	0
499	497	559	8	-1	-1	-1	0
481	538	537	8	-1	-1	-1	0
498	501	560	8	-1	-1	-1	0
500	499	562	8	-1	-1	-1	0
539	540	484	8	-1	-1	-1	0
500	563	501	8	-1	-1	-1	0
541	484	540	8	-1	-1	-1	0
539	485	543	0	-1	-1	-1	0
560	510	498	8	-1	-1	-1	0
485	542	543	0	-1	-1	-1	0
566	503	504	6	0	-1	-1	0
488	541	544	8	-1	-1	-1	0
524	519	531	8	-1	-1	-1	0
542	517	516	1	-1	-1	-1	0
538	490	548	8	-1	-1	-1	0
504	505	568	5	-1	-1	-1	0
547	489	544	8	-1	-1	-1	0
546	489	545	8	-1	-1	-1	0
569	505	506	4	-1	-1	-1	0
489	547	545	8	-1	-1	-1	0
570	506	507	3	-1	-1	-1	0
549	490	546	8	-1	-1	-1	0
554	502	529	8	-1	-1	-1	0
508	571	507	2	-1	-1	-1	0
549	548	490	8	-1	-1	-1	0
508	509	572	1	-1	-1	-1	0
551	550	491	8	-1	-1	-1	0
573	509	510	0	-1	-1	-1	0
492	552	551	8	-1	-1	-1	0
553	552	492	8	-1	-1	-1	0
511	574	512	6	0	-1	-1	0
494	550	555	8	-1	-1	-1	0
554	553	493	8	-1	-1	-1	0
513	512	576	5	-1	-1	-1	0
513	577	514	4	-1	-1	-1	0
515	514	577	3	-1	-1	-1	0
535	534	537	8	-1	-1	-1	0
555	557	495	8	-1	-1	-1	0
556	495	557	8	-1	-1	-1	0
515	579	516	2	-1	-1	-1	0
558	496	556	8	-1	-1	-1	0
558	559	497	8	-1	-1	-1	0
559	561	499	8	-1	-1	-1	0
580	522	520	8	-1	-1	-1	0
499	561	562	8	-1	-1	-1	0
580	520	523	8	-1	-1	-1	0
581	521	522	8	-1	-1	-1	0
564	500	562	8	-1	-1	-1	0
501	565	560	8	-1	-1	-1	0
563	500	564	8	-1	-1	-1	0
565	501	563	8	-1	-1	-1	0
528	521	581	8	-1	-1	-1	0
523	524	583	8	-1	-1	-1	0
579	542	516	1	-1	-1	-1	0
567	566	504	6	-1	-1	-1	0
527	586	525	8	-1	-1	-1	0
526	525	587	8	-1	-1	-1	0
568	567	504	5	-1	-1	-1	0
531	585	524	8	-1	-1	-1	0
568	505	569	4	-1	-1	-1	0
573	510	560	8	-1	-1	-1	0
587	530	526	8	-1	-1	-1	0
528	589	527	8	-1	-1	-1	0
506	570	569	3	-1	-1	-1	0
571	570	507	2	-1	-1	-1	0
585	531	533	8	-1	-1	-1	0
530	591	529	8	-1	-1	-1	0
508	572	571	1	-1	-1	-1	0
572	509	573	0	-1	-1	-1	0
532	593	533	8	-1	-1	-1	0
574	575	512	6	-1	-1	-1	0
593	532	536	8	-1	-1	-1	0
576	512	575	5	-1	-1	-1	0
542	579	543	1	-1	-1	-1	0
535	595	536	8	-1	-1	-1	0
576	577	513	4	-1	-1	-1	0
535	537	596	8	-1	-1	-1	0
578	515	577	3	-1	-1	-1	0
578	579	515	2	-1	-1	-1	0
598	537	538	8	-1	-1	-1	0
554	529	591	8	-1	-1	-1	0
540	539	599	0	-1	-1	-1	0
539	543	599	0	-1	-1	-1	0
601	541	540	8	-1	-1	-1	0
548	598	538	8	-1	-1	-1	0
580	582	522	8	-1	-1	-1	0
582	581	522	8	-1	-1	-1	0
583	580	523	8	-1	-1	-1	0
541	602	544	8	-1	-1	-1	0
584	583	524	8	-1	-1	-1	0
584	524	585	8	-1	-1	-1	0
547	544	602	8	-1	-1	-1	0
547	604	545	8	-1	-1	-1	0
546	545	605	8	-1	-1	-1	0
525	586	587	8	-1	-1	-1	0
573	560	565	8	-1	-1	-1	0
528	581	590	8	-1	-1	-1	0
549	546	606	8	-1	-1	-1	0
527	588	586	8	-1	-1	-1	0
527	589	588	8	-1	-1	-1	0
610	548	549	8	-1	-1	-1	0
528	590	589	8	-1	-1	-1	0
592	530	587	8	-1	-1	-1	0
594	585	533	8	-1	-1	-1	0
591	530	592	8	-1	-1	-1	0
550	551	614	8	-1	-1	-1	0
550	613	555	8	-1	-1	-1	0
552	616	551	8	-1	-1	-1	0
593	594	533	8	-1	-1	-1	0
617	552	553	8	-1	-1	-1	0
543	579	603	1	-1	-1	-1	0
554	619	553	8	-1	-1	-1	0
597	593	536	8	-1	-1	-1	0
595	535	596	8	-1	-1	-1	0
595	597	536	8	-1	-1	-1	0
598	596	537	8	-1	-1	-1	0
555	621	557	8	-1	-1	-1	0
622	556	557	8	-1	-1	-1	0
556	622	558	8	-1	-1	-1	0
540	599	600	0	-1	-1	-1	0
559	558	624	8	-1	-1	-1	0
600	601	540	0	-1	-1	-1	0
602	541	601	8	-1	-1	-1	0
599	543	603	1	-1	-1	-1	0
561	559	626	8	-1	-1	-1	0
562	561	628	8	-1	-1	-1	0
545	604	605	8	-1	-1	-1	0
562	629	564	8	-1	-1	-1	0
598	548	609	8	-1	-1	-1	0
607	547	602	8	-1	-1	-1	0
605	606	546	8	-1	-1	-1	0
563	564	630	8	-1	-1	-1	0
565	563	631	8	-1	-1	-1	0
547	608	604	8	-1	-1	-1	0
578	603	579	2	-1	-1	-1	0
547	607	608	8	-1	-1	-1	0
591	619	554	8	-1	-1	-1	0
611	549	606	8	-1	-1	-1	0
566	567	633	6	-1	-1	0	0
610	609	548	8	-1	-1	-1	0
565	631	573	8	-1	-1	-1	0
568	635	567	5	-1	-1	-1	0
612	610	549	8	-1	-1	-1	0
611	612	549	8	-1	-1	-1	0
569	636	568	4	-1	-1	-1	0
637	569	570	3	-1	-1	-1	0
573	631	572	0	-1	-1	-1	0
613	550	614	8	-1	-1	-1	0
571	638	570	2	-1	-1	-1	0
551	615	614	8	-1	-1	-1	0
639	571	572	1	-1	-1	-1	0
551	616	615	8	-1	-1	-1	0
618	616	552	8	-1	-1	-1	0
552	617	618	8	-1	-1	-1	0
575	574	640	6	-1	0	-1	0
555	613	621	8	-1	-1	-1	0
553	620	617	8	-1	-1	-1	0
619	620	553	8	-1	-1	-1	0
575	642	576	5	-1	-1	-1	0
576	643	577	4	-1	-1	-1	0
577	643	578	3	-1	-1	-1	0
557	621	623	8	-1	-1	-1	0
623	622	557	8	-1	-1	-1	0
558	622	624	8	-1	-1	-1	0
645	582	580	8	-1	-1	-1	0
580	583	646	8	-1	-1	-1	0
627	559	624	8	-1	-1	-1	0
582	647	581	8	-1	-1	-1	0
602	601	607	8	-1	-1	-1	0
559	625	626	8	-1	-1	-1	0
627	625	559	8	-1	-1	-1	0
646	583	584	8	-1	-1	-1	0
561	626	628	8	-1	-1	-1	0
581	647	590	8	-1	-1	-1	0
585	650	584	8	-1	-1	-1	0
562	628	629	8	-1	-1	-1	0
563	630	631	8	-1	-1	-1	0
629	632	564	8	-1	-1	-1	0
578	644	603	2	-1	-1	-1	0
632	630	564	8	-1	-1	-1	0
586	653	587	8	-1	-1	-1	0
588	653	586	8	-1	-1	-1	0
585	594	652	8	-1	-1	-1	0
588	589	655	8	-1	-1	-1	0
587	654	592	8	-1	-1	-1	0
633	567	634	6	-1	-1	-1	0
656	589	590	8	-1	-1	-1	0
635	634	567	5	-1	-1	-1	0
635	568	636	4	-1	-1	-1	0
592	658	591	8	-1	-1	-1	0
637	636	569	3	-1	-1	-1	0
631	639	572	0	-1	-1	-1	0
570	638	637	2	-1	-1	-1	0
593	660	594	8	-1	-1	-1	0
639	638	571	1	-1	-1	-1	0
593	597	660	8	-1	-1	-1	0
596	661	595	8	-1	-1	-1	0
597	595	661	8	-1	-1	-1	0
575	640	641	6	-1	-1	-1	0
596	598	662	8	-1	-1	-1	0
641	642	575	5	-1	-1	-1	0
576	642	643	4	-1	-1	-1	0
643	644	578	3	-1	-1	-1	0
599	666	600	1	-1	-1	-1	0
665	599	603	1	-1	-1	-1	0
619	591	658	8	-1	-1	-1	0
601	600	667	0	-1	-1	-1	0
662	598	609	8	-1	-1	-1	0
645	580	646	8	-1	-1	-1	0
601	667	607	0	-1	-1	-1	0
648	582	645	8	-1	-1	-1	0
648	647	582	8	-1	-1	-1	0
669	605	604	8	-1	-1	-1	0
649	646	584	8	-1	-1	-1	0
604	608	669	8	-1	-1	-1	0
606	605	671	8	-1	-1	-1	0
651	649	584	8	-1	-1	-1	0
651	584	650	8	-1	-1	-1	0
650	585	652	8	-1	-1	-1	0
673	608	607	0	-1	-1	-1	0
606	672	611	8	-1	-1	-1	0
657	590	647	8	-1	-1	-1	0
587	653	654	8	-1	-1	-1	0
610	676	609	8	-1	-1	-1	0
653	588	655	8	-1	-1	-1	0
631	630	639	0	-1	-1	-1	0
678	610	612	8	-1	-1	-1	0
656	655	589	8	-1	-1	-1	0
611	679	612	8	-1	-1	-1	0
656	590	657	8	-1	-1	-1	0
654	659	592	8	-1	-1	-1	0
660	652	594	8	-1	-1	-1	0
681	613	614	8	-1	-1	-1	0
592	659	658	8	-1	-1	-1	0
615	682	614	8	-1	-1	-1	0
603	644	665	2	-1	-1	-1	0
616	683	615	8	-1	-1	-1	0
621	613	681	8	-1	-1	-1	0
618	684	616	8	-1	-1	-1	0
662	661	596	8	-1	-1	-1	0
597	663	660	8	-1	-1	-1	0
685	618	617	8	-1	-1	-1	0
597	661	664	8	-1	-1	-1	0
685	617	620	8	-1	-1	-1	0
597	664	663	8	-1	-1	-1	0
687	620	619	8	-1	-1	-1	0
665	666	599	1	-1	-1	-1	0
689	623	621	8	-1	-1	-1	0
666	668	600	1	-1	-1	-1	0
623	690	622	8	-1	-1	-1	0
600	668	667	1	-1	-1	-1	0
624	622	690	8	-1	-1	-1	0
669	670	605	8	-1	-1	-1	0
624	693	627	8	-1	-1	-1	0
627	694	625	8	-1	-1	-1	0
605	670	671	8	-1	-1	-1	0
695	626	625	8	-1	-1	-1	0
675	662	609	8	-1	-1	-1	0
673	607	667	0	-1	-1	-1	0
672	606	671	8	-1	-1	-1	0
696	628	626	8	-1	-1	-1	0
669	608	674	0	-1	-1	-1	0
608	673	674	0	-1	-1	-1	0
700	629	628	8	-1	-1	-1	0
675	609	676	8	-1	-1	-1	0
629	701	632	8	-1	-1	-1	0
679	611	672	8	-1	-1	-1	0
610	677	676	8	-1	-1	-1	0
619	658	687	8	-1	-1	-1	0
632	702	630	0	-1	-1	-1	0
610	678	677	8	-1	-1	-1	0
680	678	612	8	-1	-1	-1	0
679	680	612	8	-1	-1	-1	0
634	704	633	6	-1	0	-1	0
630	702	639	0	-1	-1	-1	0
635	706	634	5	-1	-1	-1	0
681	614	682	8	-1	-1	-1	0
635	636	707	4	-1	-1	-1	0
702	638	639	1	-1	-1	-1	0
683	682	615	8	-1	-1	-1	0
636	637	708	3	-1	-1	-1	0
684	683	616	8	-1	-1	-1	0
637	638	709	2	-1	-1	-1	0
686	684	618	8	-1	-1	-1	0
685	686	618	8	-1	-1	-1	0
641	640	710	6	-1	0	-1	0
621	681	689	8	-1	-1	-1	0
620	688	685	8	-1	-1	-1	0
712	642	641	5	-1	-1	-1	0
688	620	687	8	-1	-1	-1	0
643	642	713	4	-1	-1	-1	0
643	713	644	3	-1	-1	-1	0
623	689	692	8	-1	-1	-1	0
690	623	691	8	-1	-1	-1	0
692	691	623	8	-1	-1	-1	0
715	645	646	8	-1	-1	-1	0
690	693	624	8	-1	-1	-1	0
648	645	715	8	-1	-1	-1	0
715	646	649	8	-1	-1	-1	0
716	647	648	8	-1	-1	-1	0
625	694	695	8	-1	-1	-1	0
697	627	693	8	-1	-1	-1	0
696	626	695	8	-1	-1	-1	0
651	719	649	8	-1	-1	-1	0
627	698	694	8	-1	-1	-1	0
657	647	716	8	-1	-1	-1	0
651	650	720	8	-1	-1	-1	0
627	697	698	8	-1	-1	-1	0
652	720	650	8	-1	-1	-1	0
644	714	665	2	-1	-1	-1	0
628	696	699	8	-1	-1	-1	0
628	699	700	8	-1	-1	-1	0
701	629	700	8	-1	-1	-1	0
653	724	654	8	-1	-1	-1	0
655	725	653	8	-1	-1	-1	0
722	652	660	8	-1	-1	-1	0
701	703	632	0	-1	-1	-1	0
703	702	632	0	-1	-1	-1	0
655	656	727	8	-1	-1	-1	0
654	726	659	8	-1	-1	-1	0
656	657	729	8	-1	-1	-1	0
705	704	634	6	-1	-1	-1	0
665	714	666	2	-1	-1	-1	0
706	705	634	5	-1	-1	-1	0
659	730	658	8	-1	-1	-1	0
707	706	635	4	-1	-1	-1	0
702	709	638	1	-1	-1	-1	0
636	708	707	3	-1	-1	-1	0
660	663	731	8	-1	-1	-1	0
709	708	637	2	-1	-1	-1	0
661	662	732	8	-1	-1	-1	0
732	664	661	8	-1	-1	-1	0
663	664	733	8	-1	-1	-1	0
641	710	711	6	-1	-1	-1	0
712	641	711	5	-1	-1	-1	0
642	712	713	4	-1	-1	-1	0
732	662	675	8	-1	-1	-1	0
668	666	736	2	-1	-1	-1	0
714	644	713	3	-1	-1	-1	0
667	668	737	1	-1	-1	-1	0
691	693	690	8	-1	-1	-1	0
730	687	658	8	-1	-1	-1	0
737	673	667	1	-1	-1	-1	0
739	670	669	0	-1	-1	-1	0
648	715	718	8	-1	-1	-1	0
648	717	716	8	-1	-1	-1	0
674	739	669	0	-1	-1	-1	0
671	670	741	8	-1	-1	-1	0
719	715	649	8	-1	-1	-1	0
648	718	717	8	-1	-1	-1	0
671	742	672	8	-1	-1	-1	0
719	651	721	8	-1	-1	-1	0
674	673	744	1	-1	-1	-1	0
651	720	721	8	-1	-1	-1	0
743	679	672	8	-1	-1	-1	0
652	723	720	8	-1	-1	-1	0
676	746	675	8	-1	-1	-1	0
723	652	722	8	-1	-1	-1	0
677	748	676	8	-1	-1	-1	0
729	657	716	8	-1	-1	-1	0
725	724	653	8	-1	-1	-1	0
726	654	724	8	-1	-1	-1	0
678	749	677	8	-1	-1	-1	0
655	727	725	8	-1	-1	-1	0
680	752	678	8	-1	-1	-1	0
656	728	727	8	-1	-1	-1	0
753	680	679	8	-1	-1	-1	0
728	656	729	8	-1	-1	-1	0
722	660	731	8	-1	-1	-1	0
709	702	703	1	-1	-1	-1	0
730	659	726	8	-1	-1	-1	0
666	714	736	2	-1	-1	-1	0
756	681	682	8	-1	-1	-1	0
682	683	758	8	-1	-1	-1	0
683	684	758	8	-1	-1	-1	0
731	663	733	8	-1	-1	-1	0
681	757	689	8	-1	-1	-1	0
684	686	759	8	-1	-1	-1	0
664	732	734	8	-1	-1	-1	0
733	664	735	8	-1	-1	-1	0
686	685	761	8	-1	-1	-1	0
734	735	664	8	-1	-1	-1	0
685	688	761	8	-1	-1	-1	0
757	692	689	8	-1	-1	-1	0
687	764	688	8	-1	-1	-1	0
668	736	738	2	-1	-1	-1	0
737	668	738	2	-1	-1	-1	0
739	740	670	0	-1	-1	-1	0
766	691	692	8	-1	-1	-1	0
741	670	740	0	-1	-1	-1	0
767	693	691	8	-1	-1	-1	0
741	742	671	8	-1	-1	-1	0
744	673	737	1	-1	-1	-1	0
675	747	732	8	-1	-1	-1	0
672	742	743	8	-1	-1	-1	0
745	739	674	1	-1	-1	-1	0
697	693	769	8	-1	-1	-1	0
694	770	695	8	-1	-1	-1	0
696	695	772	8	-1	-1	-1	0
674	744	745	1	-1	-1	-1	0
698	771	694	8	-1	-1	-1	0
746	747	675	8	-1	-1	-1	0
699	696	774	8	-1	-1	-1	0
775	698	697	8	-1	-1	-1	0
748	746	676	8	-1	-1	-1	0
677	750	748	8	-1	-1	-1	0
777	700	699	8	-1	-1	-1	0
754	679	743	8	-1	-1	-1	0
749	750	677	8	-1	-1	-1	0
700	777	701	8	-1	-1	-1	0
751	749	678	8	-1	-1	-1	0
751	678	752	8	-1	-1	-1	0
730	764	687	8	-1	-1	-1	0
701	778	703	0	-1	-1	-1	0
680	753	752	8	-1	-1	-1	0
679	755	753	8	-1	-1	-1	0
679	754	755	8	-1	-1	-1	0
780	704	705	6	0	-1	-1	0
703	779	709	1	-1	-1	-1	0
782	705	706	5	-1	-1	-1	0
757	681	756	8	-1	-1	-1	0
708	709	779	2	-1	-1	-1	0
682	758	756	8	-1	-1	-1	0
783	706	707	4	-1	-1	-1	0
784	707	708	3	-1	-1	-1	0
684	760	758	8	-1	-1	-1	0
760	684	759	8	-1	-1	-1	0
711	710	785	6	-1	0	-1	0
759	686	762	8	-1	-1	-1	0
686	761	763	8	-1	-1	-1	0
787	712	711	5	-1	-1	-1	0
763	762	686	8	-1	-1	-1	0
788	713	712	4	-1	-1	-1	0
734	732	747	8	-1	-1	-1	0
688	765	761	8	-1	-1	-1	0
713	788	714	3	-1	-1	-1	0
757	768	692	8	-1	-1	-1	0
765	688	764	8	-1	-1	-1	0
718	715	789	8	-1	-1	-1	0
790	715	719	8	-1	-1	-1	0
766	767	691	8	-1	-1	-1	0
792	716	717	8	-1	-1	-1	0
766	692	768	8	-1	-1	-1	0
718	793	717	8	-1	-1	-1	0
693	767	769	8	-1	-1	-1	0
721	795	719	8	-1	-1	-1	0
771	770	694	8	-1	-1	-1	0
716	791	729	8	-1	-1	-1	0
720	796	721	8	-1	-1	-1	0
736	714	788	3	-1	-1	-1	0
773	695	770	8	-1	-1	-1	0
720	723	796	8	-1	-1	-1	0
773	772	695	8	-1	-1	-1	0
697	769	775	8	-1	-1	-1	0
696	772	774	8	-1	-1	-1	0
798	723	722	8	-1	-1	-1	0
771	698	776	8	-1	-1	-1	0
775	776	698	8	-1	-1	-1	0
722	731	797	8	-1	-1	-1	0
699	774	777	8	-1	-1	-1	0
724	725	802	8	-1	-1	-1	0
724	801	726	8	-1	-1	-1	0
725	727	803	8	-1	-1	-1	0
778	701	777	0	-1	-1	-1	0
703	778	779	1	-1	-1	-1	0
805	727	728	8	-1	-1	-1	0
730	726	804	8	-1	-1	-1	0
733	797	731	8	-1	-1	-1	0
806	728	729	8	-1	-1	-1	0
780	705	781	6	-1	-1	-1	0
705	782	781	5	-1	-1	-1	0
783	782	706	4	-1	-1	-1	0
779	784	708	2	-1	-1	-1	0
784	783	707	3	-1	-1	-1	0
735	808	733	8	-1	-1	-1	0
734	809	735	8	-1	-1	-1	0
711	785	786	6	-1	-1	-1	0
787	711	786	5	-1	-1	-1	0
738	736	812	3	-1	-1	-1	0
787	788	712	4	-1	-1	-1	0
738	813	737	2	-1	-1	-1	0
763	761	765	8	-1	-1	-1	0
810	734	747	8	-1	-1	-1	0
740	739	815	1	-1	-1	-1	0
715	790	789	8	-1	-1	-1	0
744	737	813	2	-1	-1	-1	0
817	741	740	0	-1	-1	-1	0
792	791	716	8	-1	-1	-1	0
739	745	815	1	-1	-1	-1	0
742	741	818	8	-1	-1	-1	0
718	789	794	8	-1	-1	-1	0
807	764	730	8	-1	-1	-1	0
717	793	792	8	-1	-1	-1	0
818	743	742	8	-1	-1	-1	0
795	790	719	8	-1	-1	-1	0
793	718	794	8	-1	-1	-1	0
745	744	819	2	-1	-1	-1	0
795	721	796	8	-1	-1	-1	0
743	818	754	8	-1	-1	-1	0
822	747	746	8	-1	-1	-1	0
746	748	821	8	-1	-1	-1	0
722	797	798	8	-1	-1	-1	0
799	796	723	8	-1	-1	-1	0
798	800	723	8	-1	-1	-1	0
824	748	750	8	-1	-1	-1	0
723	800	799	8	-1	-1	-1	0
749	825	750	8	-1	-1	-1	0
825	749	751	8	-1	-1	-1	0
806	729	791	8	-1	-1	-1	0
724	802	801	8	-1	-1	-1	0
827	751	752	8	-1	-1	-1	0
802	725	803	8	-1	-1	-1	0
804	726	801	8	-1	-1	-1	0
829	752	753	8	-1	-1	-1	0
805	803	727	8	-1	-1	-1	0
788	812	736	3	-1	-1	-1	0
807	765	764	8	-1	-1	-1	0
755	829	753	8	-1	-1	-1	0
808	797	733	8	-1	-1	-1	0
728	806	805	8	-1	-1	-1	0
832	755	754	0	-1	-1	-1	0
807	730	804	8	-1	-1	-1	0
757	756	834	8	-1	-1	-1	0
756	758	835	8	-1	-1	-1	0
734	810	809	8	-1	-1	-1	0
760	835	758	8	-1	-1	-1	0
735	811	808	8	-1	-1	-1	0
811	735	809	8	-1	-1	-1	0
759	837	760	8	-1	-1	-1	0
837	759	762	8	-1	-1	-1	0
768	757	836	8	-1	-1	-1	0
812	814	738	3	-1	-1	-1	0
814	813	738	3	-1	-1	-1	0
840	762	763	8	-1	-1	-1	0
763	765	841	8	-1	-1	-1	0
816	740	815	1	-1	-1	-1	0
740	816	817	1	-1	-1	-1	0
813	819	744	2	-1	-1	-1	0
766	843	767	8	-1	-1	-1	0
818	741	817	0	-1	-1	-1	0
843	766	768	8	-1	-1	-1	0
822	810	747	8	-1	-1	-1	0
815	745	820	2	-1	-1	-1	0
845	769	767	8	-1	-1	-1	0
819	820	745	2	-1	-1	-1	0
788	787	812	4	-1	-1	-1	0
821	822	746	8	-1	-1	-1	0
770	771	848	8	-1	-1	-1	0
847	775	769	8	-1	-1	-1	0
770	848	773	8	-1	-1	-1	0
823	821	748	8	-1	-1	-1	0
824	823	748	8	-1	-1	-1	0
771	776	849	8	-1	-1	-1	0
772	773	851	0	-1	-1	-1	0
776	775	847	8	-1	-1	-1	0
774	772	852	0	-1	-1	-1	0
750	825	824	8	-1	-1	-1	0
818	831	754	0	-1	-1	-1	0
828	825	751	8	-1	-1	-1	0
827	826	751	8	-1	-1	-1	0
774	854	777	0	-1	-1	-1	0
828	751	826	8	-1	-1	-1	0
777	854	778	0	-1	-1	-1	0
827	752	830	8	-1	-1	-1	0
830	752	829	8	-1	-1	-1	0
842	765	807	8	-1	-1	-1	0
779	778	857	1	-1	-1	-1	0
754	831	832	0	-1	-1	-1	0
829	755	833	0	-1	-1	-1	0
780	781	858	6	-1	-1	0	0
784	779	857	2	-1	-1	-1	0
833	755	832	0	-1	-1	-1	0
781	782	859	5	-1	-1	-1	0
756	835	834	8	-1	-1	-1	0
782	783	861	4	-1	-1	-1	0
757	834	836	8	-1	-1	-1	0
784	862	783	3	-1	-1	-1	0
838	835	760	8	-1	-1	-1	0
863	786	785	6	-1	-1	0	0
838	760	837	8	-1	-1	-1	0
787	786	864	5	-1	-1	-1	0
837	762	839	8	-1	-1	-1	0
840	839	762	8	-1	-1	-1	0
840	763	841	8	-1	-1	-1	0
790	866	789	8	-1	-1	-1	0
841	765	842	8	-1	-1	-1	0
789	866	794	8	-1	-1	-1	0
768	836	846	8	-1	-1	-1	0
791	792	868	8	-1	-1	-1	0
795	867	790	8	-1	-1	-1	0
843	844	767	8	-1	-1	-1	0
792	793	870	8	-1	-1	-1	0
767	844	845	8	-1	-1	-1	0
846	843	768	8	-1	-1	-1	0
794	870	793	8	-1	-1	-1	0
845	847	769	8	-1	-1	-1	0
795	796	873	8	-1	-1	-1	0
865	812	787	4	-1	-1	-1	0
806	791	868	8	-1	-1	-1	0
796	799	873	8	-1	-1	-1	0
850	848	771	8	-1	-1	-1	0
874	798	797	8	-1	-1	-1	0
850	771	849	8	-1	-1	-1	0
875	800	798	8	-1	-1	-1	0
773	848	853	0	-1	-1	-1	0
772	851	852	0	-1	-1	-1	0
876	799	800	8	-1	-1	-1	0
773	853	851	0	-1	-1	-1	0
874	797	808	8	-1	-1	-1	0
776	847	856	8	-1	-1	-1	0
855	849	776	8	-1	-1	-1	0
852	854	774	0	-1	-1	-1	0
878	801	802	8	-1	-1	-1	0
801	878	804	8	-1	-1	-1	0
802	803	879	8	-1	-1	-1	0
855	776	856	8	-1	-1	-1	0
805	881	803	8	-1	-1	-1	0
778	854	857	1	-1	-1	-1	0
814	812	865	4	-1	-1	-1	0
807	804	882	8	-1	-1	-1	0
806	883	805	8	-1	-1	-1	0
860	858	781	6	-1	-1	-1	0
781	859	860	5	-1	-1	-1	0
859	782	861	4	-1	-1	-1	0
784	857	862	2	-1	-1	-1	0
808	811	886	8	-1	-1	-1	0
809	810	887	8	-1	-1	-1	0
862	861	783	3	-1	-1	-1	0
864	786	863	6	-1	-1	-1	0
887	811	809	8	-1	-1	-1	0
864	865	787	5	-1	-1	-1	0
813	814	891	3	-1	-1	-1	0
822	888	810	8	-1	-1	-1	0
819	813	891	3	-1	-1	-1	0
866	790	867	8	-1	-1	-1	0
816	815	894	2	-1	-1	-1	0
893	815	820	2	-1	-1	-1	0
895	817	816	1	-1	-1	-1	0
792	869	868	8	-1	-1	-1	0
869	792	870	8	-1	-1	-1	0
896	818	817	0	-1	-1	-1	0
866	872	794	8	-1	-1	-1	0
885	842	807	8	-1	-1	-1	0
873	867	795	8	-1	-1	-1	0
870	794	871	8	-1	-1	-1	0
897	820	819	3	-1	-1	-1	0
871	794	872	8	-1	-1	-1	0
822	821	899	8	-1	-1	-1	0
899	821	823	8	-1	-1	-1	0
831	818	896	0	-1	-1	-1	0
874	875	798	8	-1	-1	-1	0
799	876	873	8	-1	-1	-1	0
901	823	824	8	-1	-1	-1	0
875	877	800	8	-1	-1	-1	0
876	800	877	8	-1	-1	-1	0
824	825	904	8	-1	-1	-1	0
825	828	904	8	-1	-1	-1	0
884	806	868	8	-1	-1	-1	0
826	827	906	8	-1	-1	-1	0
905	828	826	8	-1	-1	-1	0
878	802	880	8	-1	-1	-1	0
879	880	802	8	-1	-1	-1	0
881	879	803	8	-1	-1	-1	0
827	830	906	8	-1	-1	-1	0
878	882	804	8	-1	-1	-1	0
808	886	874	8	-1	-1	-1	0
830	829	909	0	-1	-1	-1	0
805	883	881	8	-1	-1	-1	0
909	829	833	0	-1	-1	-1	0
865	892	814	4	-1	-1	-1	0
806	884	883	8	-1	-1	-1	0
885	807	882	8	-1	-1	-1	0
831	912	832	1	-1	-1	-1	0
913	833	832	1	-1	-1	-1	0
915	834	835	8	-1	-1	-1	0
889	887	810	8	-1	-1	-1	0
836	834	916	8	-1	-1	-1	0
810	888	889	8	-1	-1	-1	0
811	890	886	8	-1	-1	-1	0
915	835	838	8	-1	-1	-1	0
811	887	890	8	-1	-1	-1	0
838	837	917	8	-1	-1	-1	0
917	837	839	8	-1	-1	-1	0
891	814	892	4	-1	-1	-1	0
846	836	916	8	-1	-1	-1	0
839	840	921	8	-1	-1	-1	0
894	815	893	2	-1	-1	-1	0
841	922	840	8	-1	-1	-1	0
816	894	895	2	-1	-1	-1	0
841	842	923	8	-1	-1	-1	0
819	891	897	3	-1	-1	-1	0
817	895	896	1	-1	-1	-1	0
900	888	822	8	-1	-1	-1	0
843	924	844	8	-1	-1	-1	0
893	820	898	3	-1	-1	-1	0
924	843	846	8	-1	-1	-1	0
925	845	844	8	-1	-1	-1	0
898	820	897	3	-1	-1	-1	0
845	927	847	8	-1	-1	-1	0
899	900	822	8	-1	-1	-1	0
899	823	902	8	-1	-1	-1	0
823	901	902	8	-1	-1	-1	0
903	901	824	8	-1	-1	-1	0
850	931	848	0	-1	-1	-1	0
824	904	903	8	-1	-1	-1	0
849	932	850	8	-1	-1	-1	0
931	853	848	0	-1	-1	-1	0
930	856	847	8	-1	-1	-1	0
875	874	886	8	-1	-1	-1	0
932	849	855	8	-1	-1	-1	0
826	906	905	8	-1	-1	-1	0
852	851	934	1	-1	-1	-1	0
831	896	911	1	-1	-1	-1	0
853	935	851	1	-1	-1	-1	0
828	907	904	8	-1	-1	-1	0
881	880	879	8	-1	-1	-1	0
905	908	828	8	-1	-1	-1	0
852	936	854	1	-1	-1	-1	0
908	907	828	8	-1	-1	-1	0
906	830	910	0	-1	-1	-1	0
854	936	857	1	-1	-1	-1	0
855	856	938	8	-1	-1	-1	0
909	910	830	0	-1	-1	-1	0
885	923	842	8	-1	-1	-1	0
831	911	912	1	-1	-1	-1	0
862	857	936	2	-1	-1	-1	0
909	833	914	1	-1	-1	-1	0
832	912	913	1	-1	-1	-1	0
941	858	860	6	0	-1	-1	0
914	833	913	1	-1	-1	-1	0
942	860	859	5	-1	-1	-1	0
943	859	861	4	-1	-1	-1	0
915	916	834	8	-1	-1	-1	0
862	945	861	3	-1	-1	-1	0
838	919	915	8	-1	-1	-1	0
864	863	946	6	-1	0	-1	0
918	838	917	8	-1	-1	-1	0
919	838	918	8	-1	-1	-1	0
920	917	839	8	-1	-1	-1	0
947	865	864	5	-1	-1	-1	0
889	888	900	8	-1	-1	-1	0
839	921	920	8	-1	-1	-1	0
948	866	867	8	-1	-1	-1	0
921	840	922	8	-1	-1	-1	0
923	922	841	8	-1	-1	-1	0
872	866	948	8	-1	-1	-1	0
868	869	951	8	-1	-1	-1	0
867	873	949	8	-1	-1	-1	0
916	929	846	8	-1	-1	-1	0
953	869	870	8	-1	-1	-1	0
844	924	926	8	-1	-1	-1	0
954	870	871	8	-1	-1	-1	0
926	925	844	8	-1	-1	-1	0
928	845	925	8	-1	-1	-1	0
949	873	876	8	-1	-1	-1	0
872	955	871	8	-1	-1	-1	0
846	929	924	8	-1	-1	-1	0
927	845	928	8	-1	-1	-1	0
895	911	896	1	-1	-1	-1	0
947	892	865	5	-1	-1	-1	0
930	847	927	8	-1	-1	-1	0
868	952	884	8	-1	-1	-1	0
958	877	875	8	-1	-1	-1	0
876	877	960	8	-1	-1	-1	0
850	933	931	0	-1	-1	-1	0
850	932	933	0	-1	-1	-1	0
958	875	886	8	-1	-1	-1	0
934	851	935	1	-1	-1	-1	0
880	962	878	8	-1	-1	-1	0
931	937	853	1	-1	-1	-1	0
936	852	934	1	-1	-1	-1	0
882	878	963	8	-1	-1	-1	0
881	964	880	8	-1	-1	-1	0
930	939	856	8	-1	-1	-1	0
935	853	937	1	-1	-1	-1	0
855	938	932	8	-1	-1	-1	0
966	881	883	8	-1	-1	-1	0
966	883	884	8	-1	-1	-1	0
856	940	938	8	-1	-1	-1	0
885	882	967	8	-1	-1	-1	0
958	886	890	8	-1	-1	-1	0
856	939	940	8	-1	-1	-1	0
936	945	862	2	-1	-1	-1	0
943	942	859	4	-1	-1	-1	0
860	944	941	6	-1	-1	-1	0
942	944	860	5	-1	-1	-1	0
889	971	887	8	-1	-1	-1	0
890	887	971	8	-1	-1	-1	0
945	943	861	3	-1	-1	-1	0
946	947	864	6	-1	-1	-1	0
891	892	975	4	-1	-1	-1	0
889	900	973	8	-1	-1	-1	0
897	891	975	4	-1	-1	-1	0
893	977	894	3	-1	-1	-1	0
950	948	867	8	-1	-1	-1	0
867	949	950	8	-1	-1	-1	0
978	895	894	2	-1	-1	-1	0
893	898	977	3	-1	-1	-1	0
868	951	952	8	-1	-1	-1	0
951	869	953	8	-1	-1	-1	0
897	980	898	4	-1	-1	-1	0
885	969	923	8	-1	-1	-1	0
872	948	957	8	-1	-1	-1	0
870	954	953	8	-1	-1	-1	0
899	982	900	8	-1	-1	-1	0
954	871	956	8	-1	-1	-1	0
955	956	871	8	-1	-1	-1	0
902	982	899	8	-1	-1	-1	0
978	911	895	2	-1	-1	-1	0
876	959	949	8	-1	-1	-1	0
955	872	957	8	-1	-1	-1	0
903	983	901	8	-1	-1	-1	0
902	901	984	8	-1	-1	-1	0
986	903	904	8	-1	-1	-1	0
959	876	960	8	-1	-1	-1	0
958	961	877	8	-1	-1	-1	0
904	907	986	8	-1	-1	-1	0
905	906	987	0	-1	-1	-1	0
877	961	960	8	-1	-1	-1	0
905	987	908	0	-1	-1	-1	0
906	910	987	0	-1	-1	-1	0
907	908	988	8	-1	-1	-1	0
878	962	963	8	-1	-1	-1	0
884	952	968	8	-1	-1	-1	0
964	962	880	8	-1	-1	-1	0
910	909	990	1	-1	-1	-1	0
965	964	881	8	-1	-1	-1	0
966	965	881	8	-1	-1	-1	0
882	963	967	8	-1	-1	-1	0
909	914	990	1	-1	-1	-1	0
934	945	936	2	-1	-1	-1	0
976	892	947	5	-1	-1	-1	0
911	992	912	2	-1	-1	-1	0
913	912	993	2	-1	-1	-1	0
884	968	966	8	-1	-1	-1	0
914	913	994	2	-1	-1	-1	0
970	885	967	8	-1	-1	-1	0
890	974	958	8	-1	-1	-1	0
969	885	970	8	-1	-1	-1	0
915	996	916	8	-1	-1	-1	0
915	919	996	8	-1	-1	-1	0
971	889	972	8	-1	-1	-1	0
998	918	917	8	-1	-1	-1	0
973	972	889	8	-1	-1	-1	0
998	917	920	8	-1	-1	-1	0
971	974	890	8	-1	-1	-1	0
918	999	919	8	-1	-1	-1	0
997	929	916	8	-1	-1	-1	0
975	892	976	5	-1	-1	-1	0
921	1002	920	8	-1	-1	-1	0
1003	921	922	8	-1	-1	-1	0
923	1003	922	8	-1	-1	-1	0
979	894	977	3	-1	-1	-1	0
978	894	979	3	-1	-1	-1	0
897	975	980	4	-1	-1	-1	0
924	1004	926	8	-1	-1	-1	0
973	900	982	8	-1	-1	-1	0
977	898	981	4	-1	-1	-1	0
1006	925	926	8	-1	-1	-1	0
959	950	949	8	-1	-1	-1	0
924	929	1005	8	-1	-1	-1	0
1006	928	925	8	-1	-1	-1	0
981	898	980	4	-1	-1	-1	0
1008	927	928	8	-1	-1	-1	0
1009	930	927	8	-1	-1	-1	0
984	901	983	8	-1	-1	-1	0
982	902	985	8	-1	-1	-1	0
902	984	985	8	-1	-1	-1	0
986	983	903	8	-1	-1	-1	0
931	933	1012	1	-1	-1	-1	0
933	932	1013	0	-1	-1	-1	0
930	1009	939	8	-1	-1	-1	0
931	1012	937	1	-1	-1	-1	0
992	911	978	2	-1	-1	-1	0
988	986	907	8	-1	-1	-1	0
932	938	1013	0	-1	-1	-1	0
989	908	987	0	-1	-1	-1	0
935	1015	934	2	-1	-1	-1	0
988	908	989	0	-1	-1	-1	0
991	987	910	1	-1	-1	-1	0
937	1016	935	2	-1	-1	-1	0
990	991	910	1	-1	-1	-1	0
958	974	961	8	-1	-1	-1	0
945	934	1015	2	-1	-1	-1	0
969	1003	923	8	-1	-1	-1	0
938	940	1018	0	-1	-1	-1	0
993	912	992	2	-1	-1	-1	0
1019	940	939	8	-1	-1	-1	0
990	914	995	2	-1	-1	-1	0
913	993	994	2	-1	-1	-1	0
994	995	914	2	-1	-1	-1	0
943	945	1015	3	-1	-1	-1	0
944	1021	941	6	-1	0	-1	0
1023	942	943	4	-1	-1	-1	0
942	1022	944	5	-1	-1	-1	0
996	997	916	8	-1	-1	-1	0
1000	996	919	8	-1	-1	-1	0
999	918	998	8	-1	-1	-1	0
947	946	1025	6	-1	0	-1	0
999	1000	919	8	-1	-1	-1	0
998	920	1001	8	-1	-1	-1	0
1002	1001	920	8	-1	-1	-1	0
1026	948	950	8	-1	-1	-1	0
1002	921	1003	8	-1	-1	-1	0
948	1026	957	8	-1	-1	-1	0
951	1028	952	8	-1	-1	-1	0
1005	929	997	8	-1	-1	-1	0
953	1028	951	8	-1	-1	-1	0
1005	1004	924	8	-1	-1	-1	0
959	1027	950	8	-1	-1	-1	0
1007	926	1004	8	-1	-1	-1	0
954	1031	953	8	-1	-1	-1	0
1006	926	1007	8	-1	-1	-1	0
954	956	1032	8	-1	-1	-1	0
1008	1009	927	8	-1	-1	-1	0
1010	928	1006	8	-1	-1	-1	0
955	1033	956	8	-1	-1	-1	0
955	957	1034	8	-1	-1	-1	0
1008	928	1011	8	-1	-1	-1	0
947	1025	976	6	-1	-1	-1	0
968	952	1029	8	-1	-1	-1	0
1010	1011	928	8	-1	-1	-1	0
979	992	978	3	-1	-1	-1	0
960	1036	959	8	-1	-1	-1	0
1014	1012	933	1	-1	-1	-1	0
960	961	1038	8	-1	-1	-1	0
1014	933	1013	1	-1	-1	-1	0
963	962	1040	8	-1	-1	-1	0
935	1016	1015	2	-1	-1	-1	0
962	964	1040	8	-1	-1	-1	0
937	1012	1017	2	-1	-1	-1	0
1009	1019	939	8	-1	-1	-1	0
1013	938	1018	0	-1	-1	-1	0
937	1017	1016	2	-1	-1	-1	0
963	1041	967	8	-1	-1	-1	0
1042	964	965	8	-1	-1	-1	0
966	1043	965	8	-1	-1	-1	0
961	974	1039	8	-1	-1	-1	0
940	1020	1018	0	-1	-1	-1	0
966	968	1044	8	-1	-1	-1	0
940	1019	1020	0	-1	-1	-1	0
1015	1023	943	3	-1	-1	-1	0
1045	970	967	8	-1	-1	-1	0
1048	969	970	8	-1	-1	-1	0
1022	942	1023	4	-1	-1	-1	0
1024	1021	944	6	-1	-1	-1	0
944	1022	1024	5	-1	-1	-1	0
971	972	1051	8	-1	-1	-1	0
974	971	1050	8	-1	-1	-1	0
973	1052	972	8	-1	-1	-1	0
1027	1026	950	8	-1	-1	-1	0
976	1054	975	5	-1	-1	-1	0
1053	973	982	8	-1	-1	-1	0
980	975	1054	5	-1	-1	-1	0
1028	1030	952	8	-1	-1	-1	0
1029	952	1030	8	-1	-1	-1	0
1028	953	1031	8	-1	-1	-1	0
977	1056	979	4	-1	-1	-1	0
977	981	1056	4	-1	-1	-1	0
1026	1034	957	8	-1	-1	-1	0
1032	1031	954	8	-1	-1	-1	0
985	1053	982	8	-1	-1	-1	0
980	1059	981	5	-1	-1	-1	0
1003	969	1048	8	-1	-1	-1	0
1027	959	1036	8	-1	-1	-1	0
955	1034	1033	8	-1	-1	-1	0
1035	1032	956	8	-1	-1	-1	0
1033	1035	956	8	-1	-1	-1	0
992	979	1057	3	-1	-1	-1	0
983	1062	984	8	-1	-1	-1	0
986	1061	983	8	-1	-1	-1	0
960	1037	1036	8	-1	-1	-1	0
984	1065	985	8	-1	-1	-1	0
1038	1037	960	8	-1	-1	-1	0
961	1039	1038	8	-1	-1	-1	0
988	1068	986	8	-1	-1	-1	0
968	1029	1046	8	-1	-1	-1	0
1040	1041	963	8	-1	-1	-1	0
1069	989	987	1	-1	-1	-1	0
1040	964	1042	8	-1	-1	-1	0
987	991	1069	1	-1	-1	-1	0
989	1070	988	0	-1	-1	-1	0
1043	1042	965	8	-1	-1	-1	0
1041	1045	967	8	-1	-1	-1	0
966	1044	1043	8	-1	-1	-1	0
991	990	1072	2	-1	-1	-1	0
1016	1023	1015	3	-1	-1	-1	0
976	1025	1055	6	-1	0	-1	0
1072	990	995	2	-1	-1	-1	0
993	992	1074	3	-1	-1	-1	0
1047	1044	968	8	-1	-1	-1	0
1046	1047	968	8	-1	-1	-1	0
1075	994	993	3	-1	-1	-1	0
1039	974	1050	8	-1	-1	-1	0
1049	970	1045	8	-1	-1	-1	0
1076	995	994	3	-1	-1	-1	0
970	1049	1048	8	-1	-1	-1	0
997	996	1077	8	-1	-1	-1	0
971	1051	1050	8	-1	-1	-1	0
1000	1077	996	8	-1	-1	-1	0
1052	1051	972	8	-1	-1	-1	0
998	1080	999	8	-1	-1	-1	0
1053	1052	973	8	-1	-1	-1	0
998	1001	1080	8	-1	-1	-1	0
1078	1005	997	8	-1	-1	-1	0
999	1081	1000	8	-1	-1	-1	0
1055	1054	976	6	-1	-1	-1	0
1001	1002	1084	8	-1	-1	-1	0
1002	1003	1087	8	-1	-1	-1	0
1056	1058	979	4	-1	-1	-1	0
1054	1059	980	5	-1	-1	-1	0
1057	979	1058	4	-1	-1	-1	0
1005	1088	1004	8	-1	-1	-1	0
1060	1056	981	5	-1	-1	-1	0
981	1059	1060	5	-1	-1	-1	0
1007	1004	1089	8	-1	-1	-1	0
1006	1007	1091	8	-1	-1	-1	0
1067	1053	985	8	-1	-1	-1	0
1029	1030	1046	8	-1	-1	-1	0
1062	983	1061	8	-1	-1	-1	0
1010	1006	1090	8	-1	-1	-1	0
1009	1008	1092	8	-1	-1	-1	0
1011	1092	1008	8	-1	-1	-1	0
1064	984	1063	8	-1	-1	-1	0
984	1062	1066	8	-1	-1	-1	0
1063	984	1066	8	-1	-1	-1	0
984	1064	1065	8	-1	-1	-1	0
1068	1061	986	8	-1	-1	-1	0
1065	1067	985	8	-1	-1	-1	0
1096	1011	1010	8	-1	-1	-1	0
1009	1094	1019	8	-1	-1	-1	0
992	1057	1074	3	-1	-1	-1	0
1014	1098	1012	2	-1	-1	-1	0
988	1070	1068	0	-1	-1	-1	0
1013	1099	1014	1	-1	-1	-1	0
1098	1017	1012	2	-1	-1	-1	0
1071	989	1069	1	-1	-1	-1	0
1018	1099	1013	1	-1	-1	-1	0
1071	1070	989	1	-1	-1	-1	0
991	1073	1069	2	-1	-1	-1	0
1016	1017	1101	3	-1	-1	-1	0
1073	991	1072	2	-1	-1	-1	0
1003	1048	1087	8	-1	-1	-1	0
1023	1016	1101	3	-1	-1	-1	0
1020	1103	1018	1	-1	-1	-1	0
1074	1075	993	3	-1	-1	-1	0
995	1076	1072	3	-1	-1	-1	0
1020	1019	1104	0	-1	-1	-1	0
994	1075	1076	3	-1	-1	-1	0
1022	1023	1101	4	-1	-1	-1	0
1106	1021	1024	6	0	-1	-1	0
1077	1079	997	8	-1	-1	-1	0
1107	1024	1022	5	-1	-1	-1	0
997	1079	1078	8	-1	-1	-1	0
1000	1083	1077	8	-1	-1	-1	0
1080	1082	999	8	-1	-1	-1	0
1081	999	1082	8	-1	-1	-1	0
1027	1109	1026	8	-1	-1	-1	0
1000	1081	1083	8	-1	-1	-1	0
1084	1080	1001	8	-1	-1	-1	0
1109	1034	1026	8	-1	-1	-1	0
1112	1030	1028	8	-1	-1	-1	0
1088	1005	1078	8	-1	-1	-1	0
1031	1112	1028	8	-1	-1	-1	0
1084	1002	1086	8	-1	-1	-1	0
1085	1086	1002	8	-1	-1	-1	0
1036	1111	1027	8	-1	-1	-1	0
1002	1087	1085	8	-1	-1	-1	0
1032	1115	1031	8	-1	-1	-1	0
1004	1088	1089	8	-1	-1	-1	0
1115	1032	1035	8	-1	-1	-1	0
1036	1037	1111	8	-1	-1	-1	0
1035	1033	1116	8	-1	-1	-1	0
1033	1034	1117	8	-1	-1	-1	0
1091	1007	1089	8	-1	-1	-1	0
1090	1006	1091	8	-1	-1	-1	0
1113	1046	1030	8	-1	-1	-1	0
1093	1009	1092	8	-1	-1	-1	0
1090	1095	1010	8	-1	-1	-1	0
1094	1009	1093	8	-1	-1	-1	0
1038	1121	1037	8	-1	-1	-1	0
1039	1122	1038	8	-1	-1	-1	0
1092	1011	1097	8	-1	-1	-1	0
1096	1010	1095	8	-1	-1	-1	0
1097	1011	1096	8	-1	-1	-1	0
1125	1041	1040	8	-1	-1	-1	0
1040	1042	1126	8	-1	-1	-1	0
1039	1050	1123	8	-1	-1	-1	0
1098	1014	1100	2	-1	-1	-1	0
1128	1042	1043	8	-1	-1	-1	0
1045	1041	1127	8	-1	-1	-1	0
1100	1014	1099	2	-1	-1	-1	0
1129	1043	1044	8	-1	-1	-1	0
1102	1017	1098	3	-1	-1	-1	0
1019	1094	1104	0	-1	-1	-1	0
1102	1101	1017	3	-1	-1	-1	0
1103	1099	1018	1	-1	-1	-1	0
1044	1047	1130	8	-1	-1	-1	0
1132	1047	1046	8	-1	-1	-1	0
1045	1131	1049	8	-1	-1	-1	0
1020	1105	1103	1	-1	-1	-1	0
1020	1104	1105	1	-1	-1	-1	0
1022	1101	1107	4	-1	-1	-1	0
1135	1048	1049	8	-1	-1	-1	0
1106	1024	1108	6	-1	-1	-1	0
1138	1050	1051	8	-1	-1	-1	0
1083	1079	1077	8	-1	-1	-1	0
1107	1108	1024	5	-1	-1	-1	0
1139	1051	1052	8	-1	-1	-1	0
1109	1027	1110	8	-1	-1	-1	0
1052	1053	1142	8	-1	-1	-1	0
1111	1110	1027	8	-1	-1	-1	0
1054	1055	1144	6	-1	0	-1	0
1113	1030	1112	8	-1	-1	-1	0
1059	1054	1144	6	-1	-1	-1	0
1031	1114	1112	8	-1	-1	-1	0
1058	1056	1145	5	-1	-1	-1	0
1034	1109	1117	8	-1	-1	-1	0
1115	1114	1031	8	-1	-1	-1	0
1057	1058	1146	4	-1	-1	-1	0
1060	1145	1056	5	-1	-1	-1	0
1067	1143	1053	8	-1	-1	-1	0
1116	1033	1117	8	-1	-1	-1	0
1148	1060	1059	6	-1	-1	-1	0
1120	1111	1037	8	-1	-1	-1	0
1115	1035	1118	8	-1	-1	-1	0
1135	1087	1048	8	-1	-1	-1	0
1119	1035	1116	8	-1	-1	-1	0
1035	1119	1118	8	-1	-1	-1	0
1062	1061	1150	8	-1	-1	-1	0
1146	1074	1057	4	-1	-1	-1	0
1121	1120	1037	8	-1	-1	-1	0
1061	1068	1151	8	-1	-1	-1	0
1152	1066	1062	8	-1	-1	-1	0
1064	1063	1154	8	-1	-1	-1	0
1121	1038	1122	8	-1	-1	-1	0
1063	1066	1153	8	-1	-1	-1	0
1065	1064	1155	8	-1	-1	-1	0
1039	1124	1122	8	-1	-1	-1	0
1039	1123	1124	8	-1	-1	-1	0
1065	1157	1067	8	-1	-1	-1	0
1125	1040	1126	8	-1	-1	-1	0
1113	1132	1046	8	-1	-1	-1	0
1125	1127	1041	8	-1	-1	-1	0
1126	1042	1128	8	-1	-1	-1	0
1070	1161	1068	0	-1	-1	-1	0
1043	1129	1128	8	-1	-1	-1	0
1069	1162	1071	2	-1	-1	-1	0
1130	1129	1044	8	-1	-1	-1	0
1127	1131	1045	8	-1	-1	-1	0
1162	1069	1073	2	-1	-1	-1	0
1071	1163	1070	1	-1	-1	-1	0
1072	1165	1073	3	-1	-1	-1	0
1047	1133	1130	8	-1	-1	-1	0
1107	1101	1102	4	-1	-1	-1	0
1050	1138	1123	8	-1	-1	-1	0
1165	1072	1076	3	-1	-1	-1	0
1132	1134	1047	8	-1	-1	-1	0
1134	1133	1047	8	-1	-1	-1	0
1075	1074	1167	4	-1	-1	-1	0
1049	1131	1137	8	-1	-1	-1	0
1168	1076	1075	4	-1	-1	-1	0
1049	1136	1135	8	-1	-1	-1	0
1079	1170	1078	8	-1	-1	-1	0
1137	1136	1049	8	-1	-1	-1	0
1051	1140	1138	8	-1	-1	-1	0
1139	1140	1051	8	-1	-1	-1	0
1141	1139	1052	8	-1	-1	-1	0
1079	1083	1172	8	-1	-1	-1	0
1142	1141	1052	8	-1	-1	-1	0
1174	1082	1080	8	-1	-1	-1	0
1078	1170	1088	8	-1	-1	-1	0
1080	1084	1174	8	-1	-1	-1	0
1053	1143	1142	8	-1	-1	-1	0
1082	1175	1081	8	-1	-1	-1	0
1175	1083	1081	8	-1	-1	-1	0
1113	1112	1114	8	-1	-1	-1	0
1084	1086	1177	8	-1	-1	-1	0
1086	1085	1178	8	-1	-1	-1	0
1058	1145	1147	5	-1	-1	-1	0
1087	1178	1085	8	-1	-1	-1	0
1147	1146	1058	5	-1	-1	-1	0
1059	1144	1148	6	-1	0	-1	0
1145	1060	1149	6	-1	-1	-1	0
1088	1180	1089	8	-1	-1	-1	0
1060	1148	1149	6	-1	0	-1	0
1089	1182	1091	8	-1	-1	-1	0
1061	1151	1150	8	-1	-1	-1	0
1183	1090	1091	8	-1	-1	-1	0
1062	1150	1152	8	-1	-1	-1	0
1184	1095	1090	8	-1	-1	-1	0
1063	1153	1154	8	-1	-1	-1	0
1160	1143	1067	8	-1	-1	-1	0
1092	1187	1093	8	-1	-1	-1	0
1154	1156	1064	8	-1	-1	-1	0
1155	1064	1156	8	-1	-1	-1	0
1093	1188	1094	8	-1	-1	-1	0
1097	1187	1092	8	-1	-1	-1	0
1153	1066	1158	8	-1	-1	-1	0
1159	1066	1152	8	-1	-1	-1	0
1065	1155	1157	8	-1	-1	-1	0
1095	1190	1096	8	-1	-1	-1	0
1151	1068	1161	0	-1	-1	-1	0
1066	1159	1158	8	-1	-1	-1	0
1067	1157	1160	8	-1	-1	-1	0
1096	1191	1097	8	-1	-1	-1	0
1094	1189	1104	0	-1	-1	-1	0
1146	1167	1074	4	-1	-1	-1	0
1098	1100	1194	3	-1	-1	-1	0
1100	1099	1195	2	-1	-1	-1	0
1098	1194	1102	3	-1	-1	-1	0
1161	1070	1163	1	-1	-1	-1	0
1162	1164	1071	2	-1	-1	-1	0
1195	1099	1103	2	-1	-1	-1	0
1071	1164	1163	2	-1	-1	-1	0
1162	1073	1166	3	-1	-1	-1	0
1179	1087	1135	8	-1	-1	-1	0
1165	1166	1073	3	-1	-1	-1	0
1197	1107	1102	4	-1	-1	-1	0
1105	1198	1103	2	-1	-1	-1	0
1104	1199	1105	1	-1	-1	-1	0
1076	1169	1165	4	-1	-1	-1	0
1075	1167	1168	4	-1	-1	-1	0
1108	1107	1197	5	-1	-1	-1	0
1169	1076	1168	4	-1	-1	-1	0
1108	1201	1106	6	-1	0	-1	0
1079	1173	1170	8	-1	-1	-1	0
1171	1079	1172	8	-1	-1	-1	0
1109	1110	1203	8	-1	-1	-1	0
1079	1171	1173	8	-1	-1	-1	0
1111	1204	1110	8	-1	-1	-1	0
1117	1109	1203	8	-1	-1	-1	0
1175	1172	1083	8	-1	-1	-1	0
1082	1174	1176	8	-1	-1	-1	0
1176	1175	1082	8	-1	-1	-1	0
1206	1113	1114	8	-1	-1	-1	0
1177	1174	1084	8	-1	-1	-1	0
1111	1120	1205	8	-1	-1	-1	0
1115	1207	1114	8	-1	-1	-1	0
1088	1170	1180	8	-1	-1	-1	0
1208	1115	1118	8	-1	-1	-1	0
1177	1086	1178	8	-1	-1	-1	0
1116	1117	1210	8	-1	-1	-1	0
1087	1179	1178	8	-1	-1	-1	0
1119	1116	1210	8	-1	-1	-1	0
1211	1118	1119	8	-1	-1	-1	0
1181	1089	1180	8	-1	-1	-1	0
1113	1206	1132	8	-1	-1	-1	0
1181	1182	1089	8	-1	-1	-1	0
1120	1121	1214	8	-1	-1	-1	0
1090	1183	1185	8	-1	-1	-1	0
1121	1122	1216	8	-1	-1	-1	0
1090	1185	1184	8	-1	-1	-1	0
1091	1182	1186	8	-1	-1	-1	0
1091	1186	1183	8	-1	-1	-1	0
1124	1216	1122	8	-1	-1	-1	0
1123	1217	1124	8	-1	-1	-1	0
1188	1093	1187	8	-1	-1	-1	0
1184	1190	1095	8	-1	-1	-1	0
1126	1219	1125	8	-1	-1	-1	0
1188	1189	1094	0	-1	-1	-1	0
1127	1125	1220	8	-1	-1	-1	0
1126	1128	1221	8	-1	-1	-1	0
1097	1193	1187	8	-1	-1	-1	0
1127	1220	1131	8	-1	-1	-1	0
1217	1123	1138	8	-1	-1	-1	0
1192	1096	1190	8	-1	-1	-1	0
1192	1191	1096	8	-1	-1	-1	0
1128	1129	1222	8	-1	-1	-1	0
1097	1191	1193	8	-1	-1	-1	0
1223	1129	1130	8	-1	-1	-1	0
1133	1223	1130	8	-1	-1	-1	0
1196	1194	1100	3	-1	-1	-1	0
1195	1196	1100	3	-1	-1	-1	0
1132	1226	1134	8	-1	-1	-1	0
1199	1104	1189	1	-1	-1	-1	0
1194	1197	1102	4	-1	-1	-1	0
1131	1225	1137	8	-1	-1	-1	0
1134	1228	1133	8	-1	-1	-1	0
1103	1198	1195	2	-1	-1	-1	0
1135	1136	1231	8	-1	-1	-1	0
1200	1198	1105	2	-1	-1	-1	0
1200	1105	1199	2	-1	-1	-1	0
1232	1136	1137	8	-1	-1	-1	0
1197	1202	1108	5	-1	-1	-1	0
1202	1201	1108	6	-1	-1	-1	0
1233	1138	1140	8	-1	-1	-1	0
1235	1140	1139	8	-1	-1	-1	0
1139	1141	1235	8	-1	-1	-1	0
1110	1204	1203	8	-1	-1	-1	0
1205	1204	1111	8	-1	-1	-1	0
1141	1142	1237	8	-1	-1	-1	0
1143	1237	1142	8	-1	-1	-1	0
1207	1206	1114	8	-1	-1	-1	0
1203	1210	1117	8	-1	-1	-1	0
1207	1115	1209	8	-1	-1	-1	0
1239	1147	1145	6	-1	-1	-1	0
1209	1115	1208	8	-1	-1	-1	0
1145	1149	1239	6	-1	0	-1	0
1240	1146	1147	5	-1	-1	-1	0
1211	1208	1118	8	-1	-1	-1	0
1205	1120	1215	8	-1	-1	-1	0
1143	1160	1238	8	-1	-1	-1	0
1210	1212	1119	8	-1	-1	-1	0
1119	1213	1211	8	-1	-1	-1	0
1242	1150	1151	8	-1	-1	-1	0
1242	1152	1150	8	-1	-1	-1	0
1212	1213	1119	8	-1	-1	-1	0
1179	1135	1231	8	-1	-1	-1	0
1215	1120	1214	8	-1	-1	-1	0
1216	1214	1121	8	-1	-1	-1	0
1244	1154	1153	8	-1	-1	-1	0
1152	1242	1159	8	-1	-1	-1	0
1167	1146	1240	5	-1	-1	-1	0
1244	1153	1158	8	-1	-1	-1	0
1151	1161	1243	0	-1	-1	-1	0
1154	1246	1156	8	-1	-1	-1	0
1218	1216	1124	8	-1	-1	-1	0
1247	1155	1156	8	-1	-1	-1	0
1218	1124	1217	8	-1	-1	-1	0
1157	1155	1247	8	-1	-1	-1	0
1220	1125	1219	8	-1	-1	-1	0
1206	1227	1132	8	-1	-1	-1	0
1126	1221	1219	8	-1	-1	-1	0
1249	1160	1157	8	-1	-1	-1	0
1250	1158	1159	0	-1	-1	-1	0
1187	1193	1188	8	-1	-1	-1	0
1222	1221	1128	8	-1	-1	-1	0
1129	1223	1222	8	-1	-1	-1	0
1131	1220	1224	8	-1	-1	-1	0
1254	1161	1163	1	-1	-1	-1	0
1224	1225	1131	8	-1	-1	-1	0
1164	1162	1256	3	-1	-1	-1	0
1166	1255	1162	3	-1	-1	-1	0
1133	1228	1223	8	-1	-1	-1	0
1257	1163	1164	2	-1	-1	-1	0
1132	1227	1226	8	-1	-1	-1	0
1234	1217	1138	8	-1	-1	-1	0
1134	1226	1230	8	-1	-1	-1	0
1166	1165	1259	4	-1	-1	-1	0
1228	1134	1229	8	-1	-1	-1	0
1259	1165	1169	4	-1	-1	-1	0
1134	1230	1229	8	-1	-1	-1	0
1232	1137	1225	8	-1	-1	-1	0
1261	1168	1167	5	-1	-1	-1	0
1169	1168	1261	5	-1	-1	-1	0
1232	1231	1136	8	-1	-1	-1	0
1233	1234	1138	8	-1	-1	-1	0
1173	1263	1170	8	-1	-1	-1	0
1173	1171	1264	8	-1	-1	-1	0
1265	1171	1172	8	-1	-1	-1	0
1233	1140	1236	8	-1	-1	-1	0
1236	1140	1235	8	-1	-1	-1	0
1263	1180	1170	8	-1	-1	-1	0
1235	1141	1237	8	-1	-1	-1	0
1172	1175	1266	8	-1	-1	-1	0
1143	1238	1237	8	-1	-1	-1	0
1269	1174	1177	8	-1	-1	-1	0
1270	1176	1174	8	-1	-1	-1	0
1175	1176	1271	8	-1	-1	-1	0
1181	1180	1263	8	-1	-1	-1	0
1147	1239	1241	6	-1	0	-1	0
1147	1241	1240	6	-1	-1	-1	0
1273	1177	1178	8	-1	-1	-1	0
1179	1273	1178	8	-1	-1	-1	0
1242	1151	1243	0	-1	-1	-1	0
1278	1182	1181	8	-1	-1	-1	0
1245	1154	1244	8	-1	-1	-1	0
1245	1246	1154	8	-1	-1	-1	0
1186	1182	1279	8	-1	-1	-1	0
1280	1185	1183	8	-1	-1	-1	0
1186	1280	1183	8	-1	-1	-1	0
1248	1156	1246	8	-1	-1	-1	0
1184	1185	1281	8	-1	-1	-1	0
1248	1247	1156	8	-1	-1	-1	0
1238	1160	1253	8	-1	-1	-1	0
1157	1247	1249	8	-1	-1	-1	0
1158	1251	1244	0	-1	-1	-1	0
1242	1252	1159	0	-1	-1	-1	0
1282	1190	1184	8	-1	-1	-1	0
1254	1243	1161	1	-1	-1	-1	0
1251	1158	1250	0	-1	-1	-1	0
1250	1159	1252	0	-1	-1	-1	0
1249	1253	1160	8	-1	-1	-1	0
1192	1190	1282	8	-1	-1	-1	0
1288	1189	1188	0	-1	-1	-1	0
1167	1240	1261	5	-1	-1	-1	0
1193	1288	1188	0	-1	-1	-1	0
1256	1162	1255	3	-1	-1	-1	0
1290	1193	1191	0	-1	-1	-1	0
1254	1163	1257	2	-1	-1	-1	0
1192	1291	1191	0	-1	-1	-1	0
1199	1189	1289	1	-1	-1	-1	0
1258	1164	1256	3	-1	-1	-1	0
1258	1257	1164	3	-1	-1	-1	0
1166	1260	1255	4	-1	-1	-1	0
1196	1293	1194	4	-1	-1	-1	0
1293	1197	1194	4	-1	-1	-1	0
1294	1196	1195	3	-1	-1	-1	0
1259	1260	1166	4	-1	-1	-1	0
1231	1276	1179	8	-1	-1	-1	0
1195	1198	1294	3	-1	-1	-1	0
1169	1262	1259	5	-1	-1	-1	0
1293	1202	1197	5	-1	-1	-1	0
1169	1261	1262	5	-1	-1	-1	0
1296	1198	1200	3	-1	-1	-1	0
1200	1199	1297	2	-1	-1	-1	0
1265	1264	1171	8	-1	-1	-1	0
1299	1201	1202	6	0	-1	-1	0
1263	1173	1267	8	-1	-1	-1	0
1266	1265	1172	8	-1	-1	-1	0
1268	1173	1264	8	-1	-1	-1	0
1204	1301	1203	8	-1	-1	-1	0
1268	1267	1173	8	-1	-1	-1	0
1204	1205	1302	8	-1	-1	-1	0
1175	1271	1266	8	-1	-1	-1	0
1174	1269	1270	8	-1	-1	-1	0
1301	1210	1203	8	-1	-1	-1	0
1207	1303	1206	8	-1	-1	-1	0
1176	1270	1272	8	-1	-1	-1	0
1272	1271	1176	8	-1	-1	-1	0
1177	1274	1269	8	-1	-1	-1	0
1305	1207	1209	8	-1	-1	-1	0
1181	1263	1277	8	-1	-1	-1	0
1215	1302	1205	8	-1	-1	-1	0
1306	1209	1208	8	-1	-1	-1	0
1301	1212	1210	8	-1	-1	-1	0
1177	1273	1274	8	-1	-1	-1	0
1211	1306	1208	8	-1	-1	-1	0
1275	1273	1179	8	-1	-1	-1	0
1275	1179	1276	8	-1	-1	-1	0
1308	1211	1213	8	-1	-1	-1	0
1212	1310	1213	8	-1	-1	-1	0
1181	1277	1278	8	-1	-1	-1	0
1227	1206	1304	8	-1	-1	-1	0
1252	1242	1243	0	-1	-1	-1	0
1279	1182	1278	8	-1	-1	-1	0
1215	1214	1312	8	-1	-1	-1	0
1313	1214	1216	8	-1	-1	-1	0
1313	1216	1218	8	-1	-1	-1	0
1283	1184	1281	8	-1	-1	-1	0
1184	1283	1282	8	-1	-1	-1	0
1285	1185	1280	8	-1	-1	-1	0
1185	1284	1281	8	-1	-1	-1	0
1279	1287	1186	8	-1	-1	-1	0
1280	1186	1286	8	-1	-1	-1	0
1317	1218	1217	8	-1	-1	-1	0
1285	1284	1185	8	-1	-1	-1	0
1221	1319	1219	8	-1	-1	-1	0
1220	1219	1320	8	-1	-1	-1	0
1286	1186	1287	8	-1	-1	-1	0
1321	1221	1222	8	-1	-1	-1	0
1224	1220	1320	8	-1	-1	-1	0
1289	1189	1288	1	-1	-1	-1	0
1192	1282	1292	0	-1	-1	-1	0
1223	1321	1222	8	-1	-1	-1	0
1317	1217	1234	8	-1	-1	-1	0
1288	1193	1290	0	-1	-1	-1	0
1290	1191	1291	0	-1	-1	-1	0
1225	1224	1324	8	-1	-1	-1	0
1323	1223	1228	8	-1	-1	-1	0
1291	1192	1292	0	-1	-1	-1	0
1226	1227	1326	8	-1	-1	-1	0
1232	1225	1325	8	-1	-1	-1	0
1230	1226	1326	8	-1	-1	-1	0
1295	1293	1196	4	-1	-1	-1	0
1289	1297	1199	2	-1	-1	-1	0
1228	1229	1328	8	-1	-1	-1	0
1295	1196	1294	4	-1	-1	-1	0
1230	1329	1229	8	-1	-1	-1	0
1296	1294	1198	3	-1	-1	-1	0
1298	1296	1200	3	-1	-1	-1	0
1300	1202	1293	5	-1	-1	-1	0
1297	1298	1200	3	-1	-1	-1	0
1232	1332	1231	8	-1	-1	-1	0
1300	1299	1202	6	-1	-1	-1	0
1234	1233	1334	8	-1	-1	-1	0
1334	1233	1236	8	-1	-1	-1	0
1336	1236	1235	8	-1	-1	-1	0
1263	1267	1277	8	-1	-1	-1	0
1302	1301	1204	8	-1	-1	-1	0
1235	1237	1336	8	-1	-1	-1	0
1336	1237	1238	8	-1	-1	-1	0
1304	1206	1303	8	-1	-1	-1	0
1207	1305	1303	8	-1	-1	-1	0
1340	1240	1241	6	-1	-1	0	0
1307	1305	1209	8	-1	-1	-1	0
1306	1307	1209	8	-1	-1	-1	0
1310	1212	1301	8	-1	-1	-1	0
1211	1309	1306	8	-1	-1	-1	0
1253	1336	1238	8	-1	-1	-1	0
1309	1211	1308	8	-1	-1	-1	0
1244	1342	1245	0	-1	-1	-1	0
1215	1314	1302	8	-1	-1	-1	0
1311	1308	1213	8	-1	-1	-1	0
1213	1310	1311	8	-1	-1	-1	0
1245	1343	1246	8	-1	-1	-1	0
1252	1243	1341	1	-1	-1	-1	0
1342	1244	1251	0	-1	-1	-1	0
1341	1243	1254	1	-1	-1	-1	0
1231	1332	1276	8	-1	-1	-1	0
1214	1313	1312	8	-1	-1	-1	0
1246	1345	1248	8	-1	-1	-1	0
1261	1240	1340	6	-1	-1	-1	0
1247	1346	1249	8	-1	-1	-1	0
1316	1215	1312	8	-1	-1	-1	0
1247	1248	1348	8	-1	-1	-1	0
1315	1314	1215	8	-1	-1	-1	0
1315	1215	1316	8	-1	-1	-1	0
1218	1318	1313	8	-1	-1	-1	0
1249	1350	1253	8	-1	-1	-1	0
1317	1318	1218	8	-1	-1	-1	0
1251	1250	1353	1	-1	-1	-1	0
1354	1250	1252	1	-1	-1	-1	0
1219	1319	1320	8	-1	-1	-1	0
1327	1227	1304	8	-1	-1	-1	0
1221	1322	1319	8	-1	-1	-1	0
1322	1221	1321	8	-1	-1	-1	0
1223	1323	1321	8	-1	-1	-1	0
1254	1257	1357	2	-1	-1	-1	0
1324	1224	1320	8	-1	-1	-1	0
1256	1255	1358	4	-1	-1	-1	0
1258	1256	1359	4	-1	-1	-1	0
1255	1260	1358	4	-1	-1	-1	0
1324	1325	1225	8	-1	-1	-1	0
1360	1257	1258	3	-1	-1	-1	0
1323	1228	1328	8	-1	-1	-1	0
1327	1326	1227	8	-1	-1	-1	0
1260	1259	1362	5	-1	-1	-1	0
1362	1259	1262	5	-1	-1	-1	0
1229	1329	1328	8	-1	-1	-1	0
1234	1335	1317	8	-1	-1	-1	0
1331	1230	1326	8	-1	-1	-1	0
1364	1262	1261	6	-1	-1	-1	0
1293	1295	1300	5	-1	-1	-1	0
1230	1330	1329	8	-1	-1	-1	0
1325	1333	1232	8	-1	-1	-1	0
1230	1331	1330	8	-1	-1	-1	0
1367	1264	1265	8	-1	-1	-1	0
1333	1332	1232	8	-1	-1	-1	0
1366	1268	1264	8	-1	-1	-1	0
1266	1369	1265	8	-1	-1	-1	0
1234	1334	1335	8	-1	-1	-1	0
1267	1268	1370	8	-1	-1	-1	0
1369	1266	1271	8	-1	-1	-1	0
1334	1236	1339	8	-1	-1	-1	0
1336	1338	1236	8	-1	-1	-1	0
1236	1338	1337	8	-1	-1	-1	0
1269	1372	1270	8	-1	-1	-1	0
1339	1236	1337	8	-1	-1	-1	0
1310	1301	1302	8	-1	-1	-1	0
1370	1277	1267	8	-1	-1	-1	0
1372	1269	1274	8	-1	-1	-1	0
1270	1373	1272	8	-1	-1	-1	0
1375	1271	1272	8	-1	-1	-1	0
1273	1376	1274	8	-1	-1	-1	0
1273	1275	1376	8	-1	-1	-1	0
1277	1370	1278	8	-1	-1	-1	0
1338	1336	1253	8	-1	-1	-1	0
1379	1275	1276	8	-1	-1	-1	0
1245	1342	1344	0	-1	-1	-1	0
1344	1343	1245	0	-1	-1	-1	0
1343	1345	1246	8	-1	-1	-1	0
1381	1279	1278	8	-1	-1	-1	0
1247	1347	1346	8	-1	-1	-1	0
1248	1345	1349	8	-1	-1	-1	0
1348	1347	1247	8	-1	-1	-1	0
1349	1348	1248	8	-1	-1	-1	0
1249	1346	1351	8	-1	-1	-1	0
1252	1341	1354	1	-1	-1	-1	0
1253	1356	1338	8	-1	-1	-1	0
1251	1355	1342	1	-1	-1	-1	0
1383	1287	1279	8	-1	-1	-1	0
1385	1283	1281	8	-1	-1	-1	0
1285	1280	1384	8	-1	-1	-1	0
1286	1384	1280	8	-1	-1	-1	0
1284	1385	1281	8	-1	-1	-1	0
1350	1249	1352	8	-1	-1	-1	0
1283	1386	1282	0	-1	-1	-1	0
1352	1249	1351	8	-1	-1	-1	0
1254	1357	1341	2	-1	-1	-1	0
1285	1388	1284	8	-1	-1	-1	0
1353	1250	1354	1	-1	-1	-1	0
1251	1353	1355	1	-1	-1	-1	0
1350	1356	1253	8	-1	-1	-1	0
1386	1292	1282	0	-1	-1	-1	0
1390	1286	1287	8	-1	-1	-1	0
1261	1340	1364	6	-1	0	-1	0
1391	1289	1288	1	-1	-1	-1	0
1290	1391	1288	1	-1	-1	-1	0
1358	1359	1256	4	-1	-1	-1	0
1393	1290	1291	1	-1	-1	-1	0
1357	1257	1360	3	-1	-1	-1	0
1291	1292	1394	1	-1	-1	-1	0
1359	1361	1258	4	-1	-1	-1	0
1297	1289	1392	2	-1	-1	-1	0
1360	1258	1361	4	-1	-1	-1	0
1358	1260	1363	5	-1	-1	-1	0
1294	1396	1295	4	-1	-1	-1	0
1362	1363	1260	5	-1	-1	-1	0
1296	1396	1294	4	-1	-1	-1	0
1276	1332	1380	8	-1	-1	-1	0
1262	1365	1362	6	-1	-1	-1	0
1262	1364	1365	6	-1	0	-1	0
1298	1398	1296	4	-1	-1	-1	0
1300	1295	1397	5	-1	-1	-1	0
1399	1298	1297	3	-1	-1	-1	0
1366	1264	1367	8	-1	-1	-1	0
1300	1401	1299	6	-1	0	-1	0
1265	1368	1367	8	-1	-1	-1	0
1368	1265	1369	8	-1	-1	-1	0
1268	1366	1371	8	-1	-1	-1	0
1370	1268	1371	8	-1	-1	-1	0
1303	1403	1304	8	-1	-1	-1	0
1303	1305	1404	8	-1	-1	-1	0
1310	1302	1402	8	-1	-1	-1	0
1369	1271	1375	8	-1	-1	-1	0
1307	1404	1305	8	-1	-1	-1	0
1372	1374	1270	8	-1	-1	-1	0
1373	1270	1374	8	-1	-1	-1	0
1402	1302	1314	8	-1	-1	-1	0
1272	1373	1375	8	-1	-1	-1	0
1407	1307	1306	8	-1	-1	-1	0
1309	1407	1306	8	-1	-1	-1	0
1402	1311	1310	8	-1	-1	-1	0
1377	1372	1274	8	-1	-1	-1	0
1308	1410	1309	8	-1	-1	-1	0
1378	1274	1376	8	-1	-1	-1	0
1381	1278	1370	8	-1	-1	-1	0
1274	1378	1377	8	-1	-1	-1	0
1410	1308	1311	8	-1	-1	-1	0
1275	1379	1376	8	-1	-1	-1	0
1380	1379	1276	8	-1	-1	-1	0
1406	1327	1304	8	-1	-1	-1	0
1414	1312	1313	8	-1	-1	-1	0
1382	1279	1381	8	-1	-1	-1	0
1312	1414	1316	8	-1	-1	-1	0
1382	1383	1279	8	-1	-1	-1	0
1380	1332	1333	8	-1	-1	-1	0
1417	1314	1315	8	-1	-1	-1	0
1313	1318	1415	8	-1	-1	-1	0
1316	1418	1315	8	-1	-1	-1	0
1387	1283	1385	0	-1	-1	-1	0
1386	1283	1387	0	-1	-1	-1	0
1421	1318	1317	8	-1	-1	-1	0
1385	1284	1388	8	-1	-1	-1	0
1384	1389	1285	8	-1	-1	-1	0
1287	1383	1390	8	-1	-1	-1	0
1384	1286	1390	8	-1	-1	-1	0
1422	1320	1319	8	-1	-1	-1	0
1285	1389	1388	8	-1	-1	-1	0
1319	1322	1422	8	-1	-1	-1	0
1320	1423	1324	8	-1	-1	-1	0
1322	1321	1424	8	-1	-1	-1	0
1424	1321	1323	8	-1	-1	-1	0
1392	1289	1391	2	-1	-1	-1	0
1421	1317	1335	8	-1	-1	-1	0
1395	1292	1386	1	-1	-1	-1	0
1391	1290	1393	1	-1	-1	-1	0
1394	1393	1291	1	-1	-1	-1	0
1427	1323	1328	8	-1	-1	-1	0
1324	1429	1325	8	-1	-1	-1	0
1394	1292	1395	1	-1	-1	-1	0
1326	1327	1430	8	-1	-1	-1	0
1326	1430	1331	8	-1	-1	-1	0
1333	1325	1429	8	-1	-1	-1	0
1297	1392	1399	3	-1	-1	-1	0
1397	1295	1396	5	-1	-1	-1	0
1329	1432	1328	8	-1	-1	-1	0
1398	1396	1296	4	-1	-1	-1	0
1330	1436	1329	8	-1	-1	-1	0
1398	1298	1400	4	-1	-1	-1	0
1298	1399	1400	4	-1	-1	-1	0
1330	1331	1437	8	-1	-1	-1	0
1300	1397	1401	6	-1	-1	-1	0
1334	1442	1335	8	-1	-1	-1	0
1404	1403	1303	8	-1	-1	-1	0
1405	1304	1403	8	-1	-1	-1	0
1334	1339	1442	8	-1	-1	-1	0
1406	1304	1405	8	-1	-1	-1	0
1408	1404	1307	8	-1	-1	-1	0
1337	1444	1339	8	-1	-1	-1	0
1445	1337	1338	8	-1	-1	-1	0
1407	1409	1307	8	-1	-1	-1	0
1408	1307	1409	8	-1	-1	-1	0
1402	1413	1311	8	-1	-1	-1	0
1309	1412	1407	8	-1	-1	-1	0
1410	1411	1309	8	-1	-1	-1	0
1412	1309	1411	8	-1	-1	-1	0
1402	1314	1417	8	-1	-1	-1	0
1376	1379	1378	8	-1	-1	-1	0
1311	1413	1410	8	-1	-1	-1	0
1342	1449	1344	1	-1	-1	-1	0
1451	1343	1344	0	-1	-1	-1	0
1345	1343	1450	8	-1	-1	-1	0
1338	1356	1445	8	-1	-1	-1	0
1414	1313	1416	8	-1	-1	-1	0
1354	1341	1448	2	-1	-1	-1	0
1416	1313	1415	8	-1	-1	-1	0
1450	1349	1345	8	-1	-1	-1	0
1453	1346	1347	8	-1	-1	-1	0
1448	1341	1357	2	-1	-1	-1	0
1342	1355	1449	1	-1	-1	-1	0
1347	1348	1454	8	-1	-1	-1	0
1315	1418	1417	8	-1	-1	-1	0
1346	1453	1351	8	-1	-1	-1	0
1316	1414	1420	8	-1	-1	-1	0
1440	1380	1333	8	-1	-1	-1	0
1316	1419	1418	8	-1	-1	-1	0
1318	1421	1415	8	-1	-1	-1	0
1457	1348	1349	8	-1	-1	-1	0
1419	1316	1420	8	-1	-1	-1	0
1458	1350	1352	8	-1	-1	-1	0
1459	1352	1351	8	-1	-1	-1	0
1327	1406	1431	8	-1	-1	-1	0
1350	1458	1356	8	-1	-1	-1	0
1320	1422	1423	8	-1	-1	-1	0
1448	1357	1360	3	-1	-1	-1	0
1425	1422	1322	8	-1	-1	-1	0
1353	1354	1463	2	-1	-1	-1	0
1464	1355	1353	2	-1	-1	-1	0
1426	1322	1424	8	-1	-1	-1	0
1426	1425	1322	8	-1	-1	-1	0
1424	1323	1427	8	-1	-1	-1	0
1324	1423	1428	8	-1	-1	-1	0
1429	1324	1428	8	-1	-1	-1	0
1359	1358	1466	5	-1	-1	-1	0
1466	1358	1363	5	-1	-1	-1	0
1359	1467	1361	5	-1	-1	-1	0
1328	1433	1427	8	-1	-1	-1	0
1431	1430	1327	8	-1	-1	-1	0
1360	1361	1468	4	-1	-1	-1	0
1328	1432	1433	8	-1	-1	-1	0
1434	1432	1329	8	-1	-1	-1	0
1471	1363	1362	6	-1	-1	-1	0
1434	1329	1435	8	-1	-1	-1	0
1362	1365	1471	6	-1	0	-1	0
1331	1430	1438	8	-1	-1	-1	0
1443	1421	1335	8	-1	-1	-1	0
1435	1329	1436	8	-1	-1	-1	0
1333	1429	1439	8	-1	-1	-1	0
1330	1437	1436	8	-1	-1	-1	0
1366	1367	1473	8	-1	-1	-1	0
1437	1331	1438	8	-1	-1	-1	0
1475	1367	1368	8	-1	-1	-1	0
1371	1366	1473	8	-1	-1	-1	0
1368	1369	1476	8	-1	-1	-1	0
1441	1333	1439	8	-1	-1	-1	0
1441	1440	1333	8	-1	-1	-1	0
1371	1478	1370	8	-1	-1	-1	0
1443	1335	1442	8	-1	-1	-1	0
1477	1369	1375	8	-1	-1	-1	0
1445	1444	1337	8	-1	-1	-1	0
1481	1374	1372	8	-1	-1	-1	0
1447	1442	1339	8	-1	-1	-1	0
1409	1407	1412	8	-1	-1	-1	0
1478	1381	1370	8	-1	-1	-1	0
1339	1444	1446	8	-1	-1	-1	0
1481	1372	1377	8	-1	-1	-1	0
1482	1375	1373	8	-1	-1	-1	0
1374	1483	1373	8	-1	-1	-1	0
1339	1446	1447	8	-1	-1	-1	0
1378	1485	1377	8	-1	-1	-1	0
1378	1379	1487	8	-1	-1	-1	0
1343	1451	1450	0	-1	-1	-1	0
1344	1449	1452	1	-1	-1	-1	0
1379	1380	1488	8	-1	-1	-1	0
1451	1344	1452	1	-1	-1	-1	0
1416	1420	1414	8	-1	-1	-1	0
1381	1490	1382	8	-1	-1	-1	0
1453	1347	1455	8	-1	-1	-1	0
1347	1454	1455	8	-1	-1	-1	0
1349	1450	1457	8	-1	-1	-1	0
1491	1383	1382	8	-1	-1	-1	0
1456	1454	1348	8	-1	-1	-1	0
1458	1445	1356	8	-1	-1	-1	0
1348	1457	1456	8	-1	-1	-1	0
1460	1351	1453	8	-1	-1	-1	0
1383	1492	1390	8	-1	-1	-1	0
1463	1354	1448	2	-1	-1	-1	0
1385	1495	1387	0	-1	-1	-1	0
1494	1389	1384	8	-1	-1	-1	0
1390	1493	1384	8	-1	-1	-1	0
1495	1385	1388	0	-1	-1	-1	0
1449	1355	1465	2	-1	-1	-1	0
1496	1386	1387	1	-1	-1	-1	0
1460	1459	1351	8	-1	-1	-1	0
1352	1461	1458	8	-1	-1	-1	0
1459	1462	1352	8	-1	-1	-1	0
1461	1352	1462	8	-1	-1	-1	0
1388	1389	1498	0	-1	-1	-1	0
1469	1448	1360	3	-1	-1	-1	0
1496	1395	1386	1	-1	-1	-1	0
1353	1463	1464	2	-1	-1	-1	0
1500	1392	1391	2	-1	-1	-1	0
1465	1355	1464	2	-1	-1	-1	0
1393	1500	1391	2	-1	-1	-1	0
1394	1503	1393	2	-1	-1	-1	0
1466	1467	1359	5	-1	-1	-1	0
1392	1501	1399	3	-1	-1	-1	0
1394	1395	1504	2	-1	-1	-1	0
1360	1468	1469	4	-1	-1	-1	0
1470	1361	1467	5	-1	-1	-1	0
1506	1397	1396	5	-1	-1	-1	0
1470	1468	1361	5	-1	-1	-1	0
1398	1506	1396	5	-1	-1	-1	0
1466	1363	1472	6	-1	-1	-1	0
1397	1507	1401	6	-1	0	-1	0
1398	1400	1508	5	-1	-1	-1	0
1363	1471	1472	6	-1	0	-1	0
1488	1380	1440	8	-1	-1	-1	0
1400	1399	1509	4	-1	-1	-1	0
1474	1473	1367	8	-1	-1	-1	0
1475	1474	1367	8	-1	-1	-1	0
1475	1368	1476	8	-1	-1	-1	0
1512	1403	1404	8	-1	-1	-1	0
1513	1405	1403	8	-1	-1	-1	0
1369	1477	1476	8	-1	-1	-1	0
1480	1371	1473	8	-1	-1	-1	0
1402	1511	1413	8	-1	-1	-1	0
1406	1405	1516	8	-1	-1	-1	0
1408	1515	1404	8	-1	-1	-1	0
1478	1371	1479	8	-1	-1	-1	0
1371	1480	1479	8	-1	-1	-1	0
1402	1417	1511	8	-1	-1	-1	0
1443	1442	1447	8	-1	-1	-1	0
1482	1477	1375	8	-1	-1	-1	0
1519	1408	1409	8	-1	-1	-1	0
1483	1482	1373	8	-1	-1	-1	0
1484	1374	1481	8	-1	-1	-1	0
1374	1484	1483	8	-1	-1	-1	0
1520	1409	1412	8	-1	-1	-1	0
1377	1485	1481	8	-1	-1	-1	0
1411	1410	1522	8	-1	-1	-1	0
1410	1413	1521	8	-1	-1	-1	0
1411	1523	1412	8	-1	-1	-1	0
1489	1381	1478	8	-1	-1	-1	0
1485	1378	1486	8	-1	-1	-1	0
1486	1378	1487	8	-1	-1	-1	0
1517	1431	1406	8	-1	-1	-1	0
1488	1487	1379	8	-1	-1	-1	0
1524	1416	1415	8	-1	-1	-1	0
1381	1489	1490	8	-1	-1	-1	0
1421	1525	1415	8	-1	-1	-1	0
1526	1420	1416	8	-1	-1	-1	0
1417	1418	1527	8	-1	-1	-1	0
1491	1382	1490	8	-1	-1	-1	0
1419	1529	1418	8	-1	-1	-1	0
1492	1383	1491	8	-1	-1	-1	0
1455	1460	1453	8	-1	-1	-1	0
1420	1530	1419	8	-1	-1	-1	0
1384	1493	1494	8	-1	-1	-1	0
1493	1390	1492	8	-1	-1	-1	0
1533	1423	1422	8	-1	-1	-1	0
1387	1495	1497	1	-1	-1	-1	0
1422	1425	1532	8	-1	-1	-1	0
1463	1448	1469	3	-1	-1	-1	0
1496	1387	1497	1	-1	-1	-1	0
1498	1495	1388	0	-1	-1	-1	0
1499	1389	1494	0	-1	-1	-1	0
1424	1534	1426	8	-1	-1	-1	0
1423	1533	1428	8	-1	-1	-1	0
1535	1424	1427	8	-1	-1	-1	0
1499	1498	1389	0	-1	-1	-1	0
1426	1537	1425	8	-1	-1	-1	0
1392	1500	1502	3	-1	-1	-1	0
1392	1502	1501	3	-1	-1	-1	0
1443	1531	1421	8	-1	-1	-1	0
1500	1393	1503	2	-1	-1	-1	0
1395	1496	1505	2	-1	-1	-1	0
1428	1540	1429	8	-1	-1	-1	0
1427	1433	1539	8	-1	-1	-1	0
1504	1503	1394	2	-1	-1	-1	0
1395	1505	1504	2	-1	-1	-1	0
1431	1543	1430	8	-1	-1	-1	0
1509	1399	1501	4	-1	-1	-1	0
1507	1397	1506	6	-1	-1	-1	0
1429	1542	1439	8	-1	-1	-1	0
1508	1506	1398	5	-1	-1	-1	0
1430	1544	1438	8	-1	-1	-1	0
1434	1546	1432	8	-1	-1	-1	0
1432	1547	1433	8	-1	-1	-1	0
1435	1549	1434	8	-1	-1	-1	0
1508	1400	1510	5	-1	-1	-1	0
1400	1509	1510	5	-1	-1	-1	0
1436	1550	1435	8	-1	-1	-1	0
1553	1436	1437	8	-1	-1	-1	0
1514	1403	1512	8	-1	-1	-1	0
1437	1438	1554	8	-1	-1	-1	0
1403	1514	1513	8	-1	-1	-1	0
1404	1515	1512	8	-1	-1	-1	0
1516	1405	1513	8	-1	-1	-1	0
1439	1556	1441	8	-1	-1	-1	0
1441	1557	1440	8	-1	-1	-1	0
1516	1517	1406	8	-1	-1	-1	0
1515	1408	1518	8	-1	-1	-1	0
1519	1518	1408	8	-1	-1	-1	0
1521	1413	1511	8	-1	-1	-1	0
1519	1409	1520	8	-1	-1	-1	0
1560	1443	1447	8	-1	-1	-1	0
1446	1444	1561	8	-1	-1	-1	0
1445	1562	1444	8	-1	-1	-1	0
1410	1521	1522	8	-1	-1	-1	0
1511	1417	1527	8	-1	-1	-1	0
1520	1412	1523	8	-1	-1	-1	0
1411	1522	1523	8	-1	-1	-1	0
1446	1563	1447	8	-1	-1	-1	0
1525	1524	1415	8	-1	-1	-1	0
1458	1562	1445	8	-1	-1	-1	0
1416	1524	1526	8	-1	-1	-1	0
1565	1452	1449	2	-1	-1	-1	0
1450	1451	1566	0	-1	-1	-1	0
1567	1451	1452	1	-1	-1	-1	0
1457	1450	1566	0	-1	-1	-1	0
1418	1528	1527	8	-1	-1	-1	0
1418	1529	1528	8	-1	-1	-1	0
1420	1526	1530	8	-1	-1	-1	0
1421	1531	1525	8	-1	-1	-1	0
1529	1419	1530	8	-1	-1	-1	0
1569	1455	1454	8	-1	-1	-1	0
1465	1565	1449	2	-1	-1	-1	0
1569	1454	1456	8	-1	-1	-1	0
1558	1488	1440	8	-1	-1	-1	0
1456	1457	1573	0	-1	-1	-1	0
1571	1460	1455	8	-1	-1	-1	0
1533	1422	1532	8	-1	-1	-1	0
1424	1535	1534	8	-1	-1	-1	0
1532	1425	1536	8	-1	-1	-1	0
1517	1545	1431	8	-1	-1	-1	0
1458	1461	1575	8	-1	-1	-1	0
1460	1576	1459	8	-1	-1	-1	0
1576	1462	1459	8	-1	-1	-1	0
1426	1534	1538	8	-1	-1	-1	0
1537	1536	1425	8	-1	-1	-1	0
1461	1462	1577	8	-1	-1	-1	0
1427	1539	1535	8	-1	-1	-1	0
1537	1426	1538	8	-1	-1	-1	0
1428	1533	1541	8	-1	-1	-1	0
1503	1502	1500	3	-1	-1	-1	0
1463	1580	1464	3	-1	-1	-1	0
1541	1540	1428	8	-1	-1	-1	0
1464	1581	1465	3	-1	-1	-1	0
1542	1429	1540	8	-1	-1	-1	0
1580	1463	1469	3	-1	-1	-1	0
1583	1467	1466	6	-1	-1	-1	0
1430	1543	1544	8	-1	-1	-1	0
1543	1431	1545	8	-1	-1	-1	0
1433	1548	1539	8	-1	-1	-1	0
1584	1470	1467	6	-1	-1	-1	0
1466	1472	1583	6	-1	0	-1	0
1468	1585	1469	4	-1	-1	-1	0
1586	1468	1470	5	-1	-1	-1	0
1547	1432	1546	8	-1	-1	-1	0
1433	1547	1548	8	-1	-1	-1	0
1434	1549	1546	8	-1	-1	-1	0
1558	1487	1488	8	-1	-1	-1	0
1560	1531	1443	8	-1	-1	-1	0
1435	1551	1549	8	-1	-1	-1	0
1551	1435	1550	8	-1	-1	-1	0
1589	1473	1474	8	-1	-1	-1	0
1555	1438	1544	8	-1	-1	-1	0
1542	1556	1439	8	-1	-1	-1	0
1436	1552	1550	8	-1	-1	-1	0
1474	1475	1590	8	-1	-1	-1	0
1588	1480	1473	8	-1	-1	-1	0
1552	1436	1553	8	-1	-1	-1	0
1475	1476	1592	8	-1	-1	-1	0
1553	1437	1554	8	-1	-1	-1	0
1477	1593	1476	8	-1	-1	-1	0
1555	1554	1438	8	-1	-1	-1	0
1479	1594	1478	8	-1	-1	-1	0
1477	1482	1593	8	-1	-1	-1	0
1479	1480	1595	8	-1	-1	-1	0
1440	1557	1558	8	-1	-1	-1	0
1559	1441	1556	8	-1	-1	-1	0
1557	1441	1559	8	-1	-1	-1	0
1478	1594	1489	8	-1	-1	-1	0
1481	1598	1484	8	-1	-1	-1	0
1482	1483	1599	8	-1	-1	-1	0
1598	1481	1485	8	-1	-1	-1	0
1561	1444	1562	8	-1	-1	-1	0
1483	1484	1600	8	-1	-1	-1	0
1563	1560	1447	8	-1	-1	-1	0
1561	1564	1446	8	-1	-1	-1	0
1446	1564	1563	8	-1	-1	-1	0
1603	1485	1486	8	-1	-1	-1	0
1486	1487	1604	8	-1	-1	-1	0
1566	1451	1567	1	-1	-1	-1	0
1452	1565	1568	2	-1	-1	-1	0
1490	1489	1607	8	-1	-1	-1	0
1452	1568	1567	2	-1	-1	-1	0
1490	1610	1491	8	-1	-1	-1	0
1492	1491	1610	8	-1	-1	-1	0
1458	1574	1562	8	-1	-1	-1	0
1570	1455	1569	8	-1	-1	-1	0
1571	1455	1570	8	-1	-1	-1	0
1492	1611	1493	8	-1	-1	-1	0
1566	1573	1457	0	-1	-1	-1	0
1572	1569	1456	0	-1	-1	-1	0
1612	1494	1493	8	-1	-1	-1	0
1572	1456	1573	0	-1	-1	-1	0
1494	1613	1499	0	-1	-1	-1	0
1495	1614	1497	1	-1	-1	-1	0
1575	1574	1458	8	-1	-1	-1	0
1460	1571	1576	8	-1	-1	-1	0
1495	1498	1614	1	-1	-1	-1	0
1615	1496	1497	2	-1	-1	-1	0
1465	1582	1565	3	-1	-1	-1	0
1577	1575	1461	8	-1	-1	-1	0
1617	1498	1499	1	-1	-1	-1	0
1615	1505	1496	2	-1	-1	-1	0
1578	1577	1462	8	-1	-1	-1	0
1579	1462	1576	8	-1	-1	-1	0
1462	1579	1578	8	-1	-1	-1	0
1501	1502	1619	4	-1	-1	-1	0
1464	1580	1581	3	-1	-1	-1	0
1621	1502	1503	3	-1	-1	-1	0
1582	1465	1581	3	-1	-1	-1	0
1503	1504	1621	3	-1	-1	-1	0
1509	1501	1619	4	-1	-1	-1	0
1504	1505	1622	3	-1	-1	-1	0
1580	1469	1585	4	-1	-1	-1	0
1467	1583	1584	6	-1	0	-1	0
1625	1507	1506	6	0	-1	-1	0
1625	1506	1508	6	-1	-1	-1	0
1585	1468	1586	5	-1	-1	-1	0
1470	1584	1587	6	-1	0	-1	0
1470	1587	1586	6	-1	-1	-1	0
1626	1508	1510	6	-1	-1	-1	0
1627	1510	1509	5	-1	-1	-1	0
1588	1473	1589	8	-1	-1	-1	0
1606	1487	1558	8	-1	-1	-1	0
1590	1589	1474	8	-1	-1	-1	0
1590	1475	1591	8	-1	-1	-1	0
1630	1514	1512	8	-1	-1	-1	0
1512	1515	1631	8	-1	-1	-1	0
1592	1591	1475	8	-1	-1	-1	0
1513	1514	1632	8	-1	-1	-1	0
1593	1592	1476	8	-1	-1	-1	0
1511	1629	1521	8	-1	-1	-1	0
1516	1513	1633	8	-1	-1	-1	0
1588	1597	1480	8	-1	-1	-1	0
1527	1629	1511	8	-1	-1	-1	0
1594	1479	1595	8	-1	-1	-1	0
1515	1518	1637	8	-1	-1	-1	0
1638	1517	1516	8	-1	-1	-1	0
1595	1480	1596	8	-1	-1	-1	0
1596	1480	1597	8	-1	-1	-1	0
1482	1599	1593	8	-1	-1	-1	0
1640	1518	1519	8	-1	-1	-1	0
1519	1520	1642	8	-1	-1	-1	0
1483	1600	1599	8	-1	-1	-1	0
1598	1601	1484	8	-1	-1	-1	0
1520	1523	1642	8	-1	-1	-1	0
1484	1602	1600	8	-1	-1	-1	0
1521	1643	1522	8	-1	-1	-1	0
1598	1485	1603	8	-1	-1	-1	0
1484	1601	1602	8	-1	-1	-1	0
1522	1645	1523	8	-1	-1	-1	0
1608	1489	1594	8	-1	-1	-1	0
1605	1603	1486	8	-1	-1	-1	0
1604	1605	1486	8	-1	-1	-1	0
1524	1525	1646	8	-1	-1	-1	0
1646	1526	1524	8	-1	-1	-1	0
1487	1606	1604	8	-1	-1	-1	0
1517	1639	1545	8	-1	-1	-1	0
1489	1608	1607	8	-1	-1	-1	0
1525	1531	1648	8	-1	-1	-1	0
1609	1490	1607	8	-1	-1	-1	0
1651	1527	1528	8	-1	-1	-1	0
1650	1530	1526	8	-1	-1	-1	0
1490	1609	1610	8	-1	-1	-1	0
1529	1530	1650	8	-1	-1	-1	0
1528	1529	1652	8	-1	-1	-1	0
1492	1610	1611	8	-1	-1	-1	0
1493	1611	1612	8	-1	-1	-1	0
1613	1494	1612	0	-1	-1	-1	0
1532	1655	1533	8	-1	-1	-1	0
1656	1532	1536	8	-1	-1	-1	0
1614	1616	1497	2	-1	-1	-1	0
1497	1616	1615	2	-1	-1	-1	0
1659	1534	1535	8	-1	-1	-1	0
1617	1614	1498	1	-1	-1	-1	0
1613	1618	1499	1	-1	-1	-1	0
1658	1538	1534	8	-1	-1	-1	0
1657	1541	1533	8	-1	-1	-1	0
1535	1539	1660	8	-1	-1	-1	0
1661	1536	1537	8	-1	-1	-1	0
1618	1617	1499	1	-1	-1	-1	0
1663	1537	1538	8	-1	-1	-1	0
1560	1648	1531	8	-1	-1	-1	0
1620	1619	1502	4	-1	-1	-1	0
1502	1621	1620	4	-1	-1	-1	0
1505	1615	1624	3	-1	-1	-1	0
1540	1541	1665	8	-1	-1	-1	0
1665	1542	1540	8	-1	-1	-1	0
1660	1539	1548	8	-1	-1	-1	0
1504	1622	1621	3	-1	-1	-1	0
1622	1505	1623	3	-1	-1	-1	0
1623	1505	1624	3	-1	-1	-1	0
1543	1668	1544	8	-1	-1	-1	0
1627	1509	1619	5	-1	-1	-1	0
1543	1545	1668	8	-1	-1	-1	0
1508	1626	1625	6	-1	0	-1	0
1510	1628	1626	6	-1	0	-1	0
1628	1510	1627	6	-1	-1	-1	0
1546	1672	1547	9	-1	-1	-1	0
1667	1556	1542	8	-1	-1	-1	0
1549	1671	1546	9	-1	-1	-1	0
1669	1555	1544	8	-1	-1	-1	0
1548	1547	1673	9	-1	-1	-1	0
1631	1630	1512	8	-1	-1	-1	0
1551	1675	1549	9	-1	-1	-1	0
1551	1550	1676	8	-1	-1	-1	0
1632	1633	1513	8	-1	-1	-1	0
1634	1514	1630	8	-1	-1	-1	0
1552	1676	1550	8	-1	-1	-1	0
1514	1635	1632	8	-1	-1	-1	0
1556	1667	1559	8	-1	-1	-1	0
1515	1636	1631	8	-1	-1	-1	0
1635	1514	1634	8	-1	-1	-1	0
1552	1553	1678	8	-1	-1	-1	0
1553	1554	1679	8	-1	-1	-1	0
1633	1638	1516	8	-1	-1	-1	0
1637	1636	1515	8	-1	-1	-1	0
1681	1554	1555	8	-1	-1	-1	0
1521	1629	1643	8	-1	-1	-1	0
1517	1638	1639	8	-1	-1	-1	0
1640	1637	1518	8	-1	-1	-1	0
1557	1684	1558	8	-1	-1	-1	0
1640	1519	1641	8	-1	-1	-1	0
1685	1557	1559	8	-1	-1	-1	0
1519	1642	1641	8	-1	-1	-1	0
1651	1629	1527	8	-1	-1	-1	0
1643	1644	1522	8	-1	-1	-1	0
1560	1563	1687	8	-1	-1	-1	0
1645	1642	1523	8	-1	-1	-1	0
1522	1644	1645	8	-1	-1	-1	0
1561	1562	1690	8	-1	-1	-1	0
1563	1564	1687	8	-1	-1	-1	0
1690	1564	1561	8	-1	-1	-1	0
1646	1525	1647	8	-1	-1	-1	0
1525	1648	1647	8	-1	-1	-1	0
1646	1649	1526	8	-1	-1	-1	0
1650	1526	1649	8	-1	-1	-1	0
1562	1574	1690	8	-1	-1	-1	0
1568	1565	1693	3	-1	-1	-1	0
1694	1566	1567	1	-1	-1	-1	0
1567	1568	1695	2	-1	-1	-1	0
1651	1528	1652	8	-1	-1	-1	0
1650	1654	1529	8	-1	-1	-1	0
1573	1566	1694	1	-1	-1	-1	0
1653	1652	1529	8	-1	-1	-1	0
1654	1653	1529	8	-1	-1	-1	0
1697	1570	1569	0	-1	-1	-1	0
1697	1569	1572	0	-1	-1	-1	0
1565	1582	1693	3	-1	-1	-1	0
1570	1699	1571	8	-1	-1	-1	0
1656	1655	1532	8	-1	-1	-1	0
1655	1657	1533	8	-1	-1	-1	0
1701	1572	1573	1	-1	-1	-1	0
1571	1700	1576	8	-1	-1	-1	0
1606	1558	1684	8	-1	-1	-1	0
1659	1658	1534	8	-1	-1	-1	0
1574	1575	1704	8	-1	-1	-1	0
1656	1536	1662	8	-1	-1	-1	0
1535	1660	1659	8	-1	-1	-1	0
1670	1545	1639	8	-1	-1	-1	0
1579	1576	1700	8	-1	-1	-1	0
1575	1577	1705	8	-1	-1	-1	0
1536	1661	1662	8	-1	-1	-1	0
1538	1658	1664	8	-1	-1	-1	0
1663	1661	1537	8	-1	-1	-1	0
1707	1577	1578	8	-1	-1	-1	0
1541	1657	1666	8	-1	-1	-1	0
1579	1708	1578	8	-1	-1	-1	0
1538	1664	1663	8	-1	-1	-1	0
1580	1711	1581	4	-1	-1	-1	0
1666	1665	1541	8	-1	-1	-1	0
1667	1542	1665	8	-1	-1	-1	0
1581	1712	1582	4	-1	-1	-1	0
1585	1711	1580	4	-1	-1	-1	0
1668	1669	1544	8	-1	-1	-1	0
1660	1548	1674	9	-1	-1	-1	0
1670	1668	1545	8	-1	-1	-1	0
1586	1714	1585	5	-1	-1	-1	0
1715	1586	1587	6	-1	-1	0	0
1546	1671	1672	9	-1	-1	-1	0
1547	1672	1673	9	-1	-1	-1	0
1589	1716	1588	8	-1	-1	-1	0
1589	1590	1716	8	-1	-1	-1	0
1673	1674	1548	9	-1	-1	-1	0
1675	1671	1549	9	-1	-1	-1	0
1648	1560	1689	8	-1	-1	-1	0
1590	1591	1717	8	-1	-1	-1	0
1716	1597	1588	8	-1	-1	-1	0
1718	1591	1592	8	-1	-1	-1	0
1675	1551	1677	9	-1	-1	-1	0
1593	1719	1592	8	-1	-1	-1	0
1551	1676	1677	9	-1	-1	-1	0
1552	1678	1676	8	-1	-1	-1	0
1555	1669	1683	8	-1	-1	-1	0
1721	1594	1595	8	-1	-1	-1	0
1599	1719	1593	8	-1	-1	-1	0
1553	1680	1678	8	-1	-1	-1	0
1679	1680	1553	8	-1	-1	-1	0
1686	1559	1667	8	-1	-1	-1	0
1596	1721	1595	8	-1	-1	-1	0
1682	1679	1554	8	-1	-1	-1	0
1597	1723	1596	8	-1	-1	-1	0
1554	1681	1682	8	-1	-1	-1	0
1555	1683	1681	8	-1	-1	-1	0
1720	1608	1594	8	-1	-1	-1	0
1598	1725	1601	8	-1	-1	-1	0
1726	1599	1600	8	-1	-1	-1	0
1725	1598	1603	8	-1	-1	-1	0
1557	1685	1684	8	-1	-1	-1	0
1726	1600	1602	8	-1	-1	-1	0
1727	1602	1601	8	-1	-1	-1	0
1685	1559	1686	8	-1	-1	-1	0
1560	1687	1688	8	-1	-1	-1	0
1560	1688	1689	8	-1	-1	-1	0
1603	1605	1730	8	-1	-1	-1	0
1604	1732	1605	8	-1	-1	-1	0
1606	1731	1604	8	-1	-1	-1	0
1692	1687	1564	8	-1	-1	-1	0
1690	1691	1564	8	-1	-1	-1	0
1692	1564	1691	8	-1	-1	-1	0
1609	1607	1736	8	-1	-1	-1	0
1737	1607	1608	8	-1	-1	-1	0
1694	1567	1695	2	-1	-1	-1	0
1568	1693	1696	3	-1	-1	-1	0
1740	1610	1609	8	-1	-1	-1	0
1695	1568	1696	3	-1	-1	-1	0
1610	1741	1611	8	-1	-1	-1	0
1612	1611	1741	8	-1	-1	-1	0
1570	1697	1698	0	-1	-1	-1	0
1698	1699	1570	0	-1	-1	-1	0
1703	1690	1574	8	-1	-1	-1	0
1701	1573	1694	1	-1	-1	-1	0
1613	1612	1743	0	-1	-1	-1	0
1700	1571	1699	8	-1	-1	-1	0
1702	1697	1572	1	-1	-1	-1	0
1572	1701	1702	1	-1	-1	-1	0
1616	1614	1745	2	-1	-1	-1	0
1613	1744	1618	1	-1	-1	-1	0
1614	1617	1745	2	-1	-1	-1	0
1616	1746	1615	3	-1	-1	-1	0
1574	1704	1703	8	-1	-1	-1	0
1748	1617	1618	2	-1	-1	-1	0
1705	1704	1575	8	-1	-1	-1	0
1647	1648	1689	8	-1	-1	-1	0
1746	1624	1615	3	-1	-1	-1	0
1705	1577	1706	8	-1	-1	-1	0
1693	1582	1713	4	-1	-1	-1	0
1710	1579	1700	8	-1	-1	-1	0
1620	1750	1619	5	-1	-1	-1	0
1706	1577	1707	8	-1	-1	-1	0
1578	1708	1707	8	-1	-1	-1	0
1620	1621	1752	4	-1	-1	-1	0
1622	1752	1621	4	-1	-1	-1	0
1579	1709	1708	8	-1	-1	-1	0
1750	1627	1619	5	-1	-1	-1	0
1710	1709	1579	8	-1	-1	-1	0
1623	1753	1622	4	-1	-1	-1	0
1623	1624	1754	4	-1	-1	-1	0
1712	1581	1711	4	-1	-1	-1	0
1712	1713	1582	4	-1	-1	-1	0
1714	1711	1585	5	-1	-1	-1	0
1756	1628	1627	6	0	-1	-1	0
1714	1586	1715	6	-1	-1	-1	0
1631	1759	1630	8	-1	-1	-1	0
1590	1717	1716	8	-1	-1	-1	0
1760	1634	1630	8	-1	-1	-1	0
1606	1684	1735	8	-1	-1	-1	0
1718	1717	1591	8	-1	-1	-1	0
1631	1636	1761	8	-1	-1	-1	0
1633	1632	1763	8	-1	-1	-1	0
1718	1592	1719	8	-1	-1	-1	0
1758	1643	1629	8	-1	-1	-1	0
1635	1763	1632	8	-1	-1	-1	0
1594	1721	1720	8	-1	-1	-1	0
1766	1635	1634	8	-1	-1	-1	0
1638	1633	1765	8	-1	-1	-1	0
1716	1724	1597	8	-1	-1	-1	0
1629	1651	1757	8	-1	-1	-1	0
1596	1722	1721	8	-1	-1	-1	0
1723	1722	1596	8	-1	-1	-1	0
1769	1636	1637	8	-1	-1	-1	0
1723	1597	1724	8	-1	-1	-1	0
1719	1599	1726	8	-1	-1	-1	0
1758	1644	1643	8	-1	-1	-1	0
1637	1640	1770	8	-1	-1	-1	0
1638	1774	1639	8	-1	-1	-1	0
1727	1601	1725	8	-1	-1	-1	0
1640	1641	1776	8	-1	-1	-1	0
1726	1602	1729	8	-1	-1	-1	0
1728	1602	1727	8	-1	-1	-1	0
1730	1725	1603	8	-1	-1	-1	0
1728	1729	1602	8	-1	-1	-1	0
1777	1641	1642	8	-1	-1	-1	0
1645	1777	1642	8	-1	-1	-1	0
1738	1608	1720	8	-1	-1	-1	0
1645	1644	1778	8	-1	-1	-1	0
1731	1732	1604	8	-1	-1	-1	0
1692	1688	1687	8	-1	-1	-1	0
1605	1733	1730	8	-1	-1	-1	0
1605	1732	1733	8	-1	-1	-1	0
1734	1731	1606	8	-1	-1	-1	0
1646	1647	1780	8	-1	-1	-1	0
1734	1606	1735	8	-1	-1	-1	0
1781	1649	1646	8	-1	-1	-1	0
1737	1736	1607	8	-1	-1	-1	0
1782	1650	1649	8	-1	-1	-1	0
1608	1738	1737	8	-1	-1	-1	0
1775	1670	1639	8	-1	-1	-1	0
1609	1736	1739	8	-1	-1	-1	0
1650	1782	1654	8	-1	-1	-1	0
1651	1652	1784	8	-1	-1	-1	0
1609	1739	1740	8	-1	-1	-1	0
1652	1653	1784	8	-1	-1	-1	0
1742	1610	1740	8	-1	-1	-1	0
1785	1653	1654	8	-1	-1	-1	0
1742	1741	1610	8	-1	-1	-1	0
1741	1743	1612	0	-1	-1	-1	0
1655	1656	1787	8	-1	-1	-1	0
1743	1744	1613	1	-1	-1	-1	0
1788	1657	1655	8	-1	-1	-1	0
1684	1685	1735	8	-1	-1	-1	0
1747	1616	1745	3	-1	-1	-1	0
1790	1656	1662	8	-1	-1	-1	0
1747	1746	1616	3	-1	-1	-1	0
1700	1699	1710	8	-1	-1	-1	0
1793	1658	1659	9	-1	-1	-1	0
1748	1745	1617	2	-1	-1	-1	0
1749	1618	1744	2	-1	-1	-1	0
1794	1659	1660	9	-1	-1	-1	0
1658	1792	1664	9	-1	-1	-1	0
1666	1657	1791	8	-1	-1	-1	0
1749	1748	1618	2	-1	-1	-1	0
1647	1689	1780	8	-1	-1	-1	0
1662	1661	1795	8	-1	-1	-1	0
1661	1663	1795	8	-1	-1	-1	0
1750	1620	1751	5	-1	-1	-1	0
1751	1620	1752	5	-1	-1	-1	0
1746	1755	1624	4	-1	-1	-1	0
1798	1663	1664	8	-1	-1	-1	0
1752	1622	1753	4	-1	-1	-1	0
1794	1660	1674	9	-1	-1	-1	0
1754	1753	1623	4	-1	-1	-1	0
1801	1665	1666	8	-1	-1	-1	0
1756	1627	1750	6	-1	-1	-1	0
1624	1755	1754	4	-1	-1	-1	0
1665	1802	1667	8	-1	-1	-1	0
1806	1669	1668	8	-1	-1	-1	0
1629	1757	1758	8	-1	-1	-1	0
1806	1668	1670	8	-1	-1	-1	0
1760	1630	1759	8	-1	-1	-1	0
1672	1671	1808	9	-1	-1	-1	0
1759	1631	1762	8	-1	-1	-1	0
1631	1761	1762	8	-1	-1	-1	0
1672	1810	1673	9	-1	-1	-1	0
1671	1675	1809	9	-1	-1	-1	0
1667	1805	1686	8	-1	-1	-1	0
1806	1683	1669	8	-1	-1	-1	0
1812	1674	1673	9	-1	-1	-1	0
1760	1766	1634	8	-1	-1	-1	0
1763	1764	1633	8	-1	-1	-1	0
1765	1633	1764	8	-1	-1	-1	0
1635	1767	1763	8	-1	-1	-1	0
1768	1761	1636	8	-1	-1	-1	0
1677	1814	1675	9	-1	-1	-1	0
1815	1677	1676	9	-1	-1	-1	0
1766	1767	1635	8	-1	-1	-1	0
1678	1815	1676	9	-1	-1	-1	0
1768	1636	1769	8	-1	-1	-1	0
1772	1638	1765	8	-1	-1	-1	0
1680	1817	1678	9	-1	-1	-1	0
1637	1771	1769	8	-1	-1	-1	0
1679	1819	1680	8	-1	-1	-1	0
1770	1771	1637	8	-1	-1	-1	0
1682	1818	1679	8	-1	-1	-1	0
1758	1779	1644	8	-1	-1	-1	0
1773	1638	1772	8	-1	-1	-1	0
1682	1681	1822	8	-1	-1	-1	0
1638	1773	1774	8	-1	-1	-1	0
1640	1776	1770	8	-1	-1	-1	0
1681	1683	1823	8	-1	-1	-1	0
1775	1639	1774	8	-1	-1	-1	0
1651	1783	1757	8	-1	-1	-1	0
1776	1641	1777	8	-1	-1	-1	0
1686	1827	1685	8	-1	-1	-1	0
1777	1645	1778	8	-1	-1	-1	0
1778	1644	1779	8	-1	-1	-1	0
1689	1688	1828	8	-1	-1	-1	0
1646	1780	1781	8	-1	-1	-1	0
1828	1688	1692	8	-1	-1	-1	0
1830	1691	1690	8	-1	-1	-1	0
1649	1781	1782	8	-1	-1	-1	0
1831	1692	1691	8	-1	-1	-1	0
1784	1783	1651	8	-1	-1	-1	0
1782	1786	1654	8	-1	-1	-1	0
1785	1784	1653	8	-1	-1	-1	0
1696	1693	1833	4	-1	-1	-1	0
1690	1703	1830	8	-1	-1	-1	0
1695	1834	1694	2	-1	-1	-1	0
1785	1654	1786	8	-1	-1	-1	0
1695	1696	1835	3	-1	-1	-1	0
1701	1694	1834	2	-1	-1	-1	0
1787	1788	1655	8	-1	-1	-1	0
1656	1789	1787	8	-1	-1	-1	0
1697	1837	1698	1	-1	-1	-1	0
1656	1790	1789	8	-1	-1	-1	0
1838	1699	1698	0	-1	-1	-1	0
1657	1788	1791	8	-1	-1	-1	0
1697	1702	1837	1	-1	-1	-1	0
1713	1833	1693	4	-1	-1	-1	0
1658	1793	1792	9	-1	-1	-1	0
1840	1702	1701	2	-1	-1	-1	0
1794	1793	1659	9	-1	-1	-1	0
1735	1685	1826	8	-1	-1	-1	0
1699	1838	1710	0	-1	-1	-1	0
1755	1746	1747	4	-1	-1	-1	0
1662	1796	1790	8	-1	-1	-1	0
1704	1842	1703	8	-1	-1	-1	0
1807	1670	1775	8	-1	-1	-1	0
1704	1705	1844	8	-1	-1	-1	0
1797	1662	1795	8	-1	-1	-1	0
1662	1797	1796	8	-1	-1	-1	0
1664	1792	1799	9	-1	-1	-1	0
1705	1706	1845	8	-1	-1	-1	0
1798	1795	1663	8	-1	-1	-1	0
1706	1707	1846	8	-1	-1	-1	0
1798	1664	1799	9	-1	-1	-1	0
1666	1791	1804	8	-1	-1	-1	0
1848	1707	1708	8	-1	-1	-1	0
1848	1708	1709	8	-1	-1	-1	0
1665	1801	1800	8	-1	-1	-1	0
1665	1800	1802	8	-1	-1	-1	0
1709	1710	1850	0	-1	-1	-1	0
1801	1666	1803	8	-1	-1	-1	0
1666	1804	1803	8	-1	-1	-1	0
1802	1805	1667	8	-1	-1	-1	0
1712	1711	1853	5	-1	-1	-1	0
1714	1852	1711	5	-1	-1	-1	0
1713	1712	1853	5	-1	-1	-1	0
1794	1674	1813	9	-1	-1	-1	0
1806	1670	1807	8	-1	-1	-1	0
1856	1714	1715	6	-1	-1	0	0
1809	1808	1671	9	-1	-1	-1	0
1672	1808	1810	9	-1	-1	-1	0
1857	1716	1717	8	-1	-1	-1	0
1717	1718	1858	8	-1	-1	-1	0
1673	1810	1811	9	-1	-1	-1	0
1811	1812	1673	9	-1	-1	-1	0
1859	1718	1719	8	-1	-1	-1	0
1716	1857	1724	8	-1	-1	-1	0
1809	1675	1814	9	-1	-1	-1	0
1780	1689	1829	8	-1	-1	-1	0
1812	1813	1674	9	-1	-1	-1	0
1720	1721	1861	8	-1	-1	-1	0
1859	1719	1726	8	-1	-1	-1	0
1864	1721	1722	8	-1	-1	-1	0
1814	1677	1816	9	-1	-1	-1	0
1816	1677	1815	9	-1	-1	-1	0
1678	1817	1815	9	-1	-1	-1	0
1722	1723	1865	8	-1	-1	-1	0
1724	1866	1723	8	-1	-1	-1	0
1825	1683	1806	8	-1	-1	-1	0
1859	1726	1729	8	-1	-1	-1	0
1818	1819	1679	8	-1	-1	-1	0
1820	1817	1680	9	-1	-1	-1	0
1805	1827	1686	8	-1	-1	-1	0
1821	1680	1819	9	-1	-1	-1	0
1720	1863	1738	8	-1	-1	-1	0
1869	1727	1725	8	-1	-1	-1	0
1680	1821	1820	9	-1	-1	-1	0
1824	1818	1682	8	-1	-1	-1	0
1725	1730	1869	8	-1	-1	-1	0
1823	1822	1681	8	-1	-1	-1	0
1872	1728	1727	8	-1	-1	-1	0
1822	1824	1682	8	-1	-1	-1	0
1823	1683	1825	8	-1	-1	-1	0
1729	1728	1873	8	-1	-1	-1	0
1730	1733	1874	8	-1	-1	-1	0
1685	1827	1826	8	-1	-1	-1	0
1732	1731	1875	8	-1	-1	-1	0
1731	1734	1875	8	-1	-1	-1	0
1732	1876	1733	8	-1	-1	-1	0
1828	1829	1689	8	-1	-1	-1	0
1877	1734	1735	8	-1	-1	-1	0
1830	1831	1691	8	-1	-1	-1	0
1832	1828	1692	8	-1	-1	-1	0
1880	1736	1737	8	-1	-1	-1	0
1831	1832	1692	8	-1	-1	-1	0
1736	1881	1739	8	-1	-1	-1	0
1738	1882	1737	8	-1	-1	-1	0
1739	1884	1740	8	-1	-1	-1	0
1834	1695	1835	3	-1	-1	-1	0
1836	1696	1833	4	-1	-1	-1	0
1740	1884	1742	8	-1	-1	-1	0
1835	1696	1836	4	-1	-1	-1	0
1885	1741	1742	0	-1	-1	-1	0
1741	1885	1743	0	-1	-1	-1	0
1698	1837	1839	1	-1	-1	-1	0
1887	1744	1743	1	-1	-1	-1	0
1698	1839	1838	1	-1	-1	-1	0
1842	1830	1703	8	-1	-1	-1	0
1834	1840	1701	2	-1	-1	-1	0
1841	1837	1702	2	-1	-1	-1	0
1745	1889	1747	3	-1	-1	-1	0
1744	1888	1749	2	-1	-1	-1	0
1889	1745	1748	3	-1	-1	-1	0
1702	1840	1841	2	-1	-1	-1	0
1891	1748	1749	3	-1	-1	-1	0
1842	1704	1843	8	-1	-1	-1	0
1844	1843	1704	8	-1	-1	-1	0
1747	1890	1755	4	-1	-1	-1	0
1845	1844	1705	8	-1	-1	-1	0
1750	1751	1893	6	-1	-1	-1	0
1751	1752	1895	5	-1	-1	-1	0
1850	1710	1838	0	-1	-1	-1	0
1706	1846	1847	8	-1	-1	-1	0
1706	1847	1845	8	-1	-1	-1	0
1750	1893	1756	6	-1	0	-1	0
1752	1753	1895	5	-1	-1	-1	0
1833	1713	1855	5	-1	-1	-1	0
1707	1849	1846	8	-1	-1	-1	0
1896	1753	1754	5	-1	-1	-1	0
1848	1849	1707	8	-1	-1	-1	0
1754	1755	1897	5	-1	-1	-1	0
1851	1848	1709	0	-1	-1	-1	0
1709	1850	1851	0	-1	-1	-1	0
1757	1899	1758	8	-1	-1	-1	0
1852	1853	1711	5	-1	-1	-1	0
1853	1854	1713	5	-1	-1	-1	0
1759	1901	1760	8	-1	-1	-1	0
1854	1855	1713	5	-1	-1	-1	0
1714	1856	1852	6	-1	-1	-1	0
1759	1762	1901	8	-1	-1	-1	0
1761	1904	1762	8	-1	-1	-1	0
1766	1760	1902	8	-1	-1	-1	0
1858	1857	1717	8	-1	-1	-1	0
1761	1768	1903	8	-1	-1	-1	0
1906	1764	1763	8	-1	-1	-1	0
1860	1858	1718	8	-1	-1	-1	0
1860	1718	1859	8	-1	-1	-1	0
1765	1764	1908	8	-1	-1	-1	0
1758	1900	1779	8	-1	-1	-1	0
1767	1907	1763	8	-1	-1	-1	0
1757	1783	1899	8	-1	-1	-1	0
1735	1826	1879	8	-1	-1	-1	0
1767	1766	1910	8	-1	-1	-1	0
1861	1862	1720	8	-1	-1	-1	0
1863	1720	1862	8	-1	-1	-1	0
1864	1861	1721	8	-1	-1	-1	0
1772	1765	1909	8	-1	-1	-1	0
1867	1724	1857	8	-1	-1	-1	0
1817	1816	1815	9	-1	-1	-1	0
1860	1859	1729	8	-1	-1	-1	0
1769	1913	1768	8	-1	-1	-1	0
1864	1722	1865	8	-1	-1	-1	0
1771	1913	1769	8	-1	-1	-1	0
1865	1723	1866	8	-1	-1	-1	0
1770	1916	1771	8	-1	-1	-1	0
1724	1868	1866	8	-1	-1	-1	0
1868	1724	1867	8	-1	-1	-1	0
1770	1776	1914	8	-1	-1	-1	0
1860	1729	1873	8	-1	-1	-1	0
1772	1920	1773	8	-1	-1	-1	0
1870	1727	1869	8	-1	-1	-1	0
1870	1871	1727	8	-1	-1	-1	0
1921	1774	1773	8	-1	-1	-1	0
1727	1871	1872	8	-1	-1	-1	0
1922	1775	1774	8	-1	-1	-1	0
1869	1730	1874	8	-1	-1	-1	0
1873	1728	1872	8	-1	-1	-1	0
1926	1776	1777	8	-1	-1	-1	0
1926	1777	1778	8	-1	-1	-1	0
1874	1733	1876	8	-1	-1	-1	0
1875	1876	1732	8	-1	-1	-1	0
1863	1882	1738	8	-1	-1	-1	0
1779	1927	1778	8	-1	-1	-1	0
1875	1734	1878	8	-1	-1	-1	0
1878	1734	1877	8	-1	-1	-1	0
1929	1781	1780	8	-1	-1	-1	0
1735	1879	1877	8	-1	-1	-1	0
1782	1781	1931	8	-1	-1	-1	0
1736	1880	1881	8	-1	-1	-1	0
1786	1782	1931	8	-1	-1	-1	0
1883	1880	1737	8	-1	-1	-1	0
1934	1783	1784	8	-1	-1	-1	0
1883	1737	1882	8	-1	-1	-1	0
1785	1934	1784	8	-1	-1	-1	0
1739	1881	1884	8	-1	-1	-1	0
1775	1923	1807	8	-1	-1	-1	0
1935	1785	1786	8	-1	-1	-1	0
1742	1884	1886	0	-1	-1	-1	0
1742	1886	1885	0	-1	-1	-1	0
1788	1787	1938	8	-1	-1	-1	0
1789	1938	1787	8	-1	-1	-1	0
1887	1743	1885	1	-1	-1	-1	0
1788	1939	1791	8	-1	-1	-1	0
1887	1888	1744	2	-1	-1	-1	0
1940	1789	1790	8	-1	-1	-1	0
1889	1890	1747	4	-1	-1	-1	0
1941	1790	1796	8	-1	-1	-1	0
1748	1891	1889	3	-1	-1	-1	0
1793	1944	1792	9	-1	-1	-1	0
1888	1892	1749	3	-1	-1	-1	0
1891	1749	1892	3	-1	-1	-1	0
1794	1945	1793	9	-1	-1	-1	0
1792	1943	1799	9	-1	-1	-1	0
1804	1791	1942	8	-1	-1	-1	0
1946	1797	1795	8	-1	-1	-1	0
1751	1894	1893	6	-1	0	-1	0
1946	1795	1798	8	-1	-1	-1	0
1780	1829	1930	8	-1	-1	-1	0
1797	1947	1796	8	-1	-1	-1	0
1895	1894	1751	6	-1	-1	-1	0
1755	1890	1898	5	-1	-1	-1	0
1895	1753	1896	5	-1	-1	-1	0
1799	1949	1798	9	-1	-1	-1	0
1897	1896	1754	5	-1	-1	-1	0
1897	1755	1898	5	-1	-1	-1	0
1794	1813	1945	9	-1	-1	-1	0
1801	1952	1800	8	-1	-1	-1	0
1800	1953	1802	8	-1	-1	-1	0
1900	1758	1899	8	-1	-1	-1	0
1801	1803	1954	8	-1	-1	-1	0
1805	1802	1955	8	-1	-1	-1	0
1902	1760	1901	8	-1	-1	-1	0
1804	1958	1803	8	-1	-1	-1	0
1761	1903	1904	8	-1	-1	-1	0
1905	1901	1762	8	-1	-1	-1	0
1904	1905	1762	8	-1	-1	-1	0
1961	1806	1807	8	-1	-1	-1	0
1763	1907	1906	8	-1	-1	-1	0
1902	1910	1766	8	-1	-1	-1	0
1764	1906	1908	8	-1	-1	-1	0
1808	1809	1963	9	-1	-1	-1	0
1810	1808	1963	9	-1	-1	-1	0
1908	1909	1765	8	-1	-1	-1	0
1903	1768	1913	8	-1	-1	-1	0
1767	1912	1907	8	-1	-1	-1	0
1814	1964	1809	9	-1	-1	-1	0
1967	1811	1810	9	-1	-1	-1	0
1911	1767	1910	8	-1	-1	-1	0
1912	1767	1911	8	-1	-1	-1	0
1968	1812	1811	9	-1	-1	-1	0
1806	1961	1825	8	-1	-1	-1	0
1827	1805	1960	8	-1	-1	-1	0
1968	1813	1812	9	-1	-1	-1	0
1770	1914	1915	8	-1	-1	-1	0
1816	1970	1814	9	-1	-1	-1	0
1920	1772	1909	8	-1	-1	-1	0
1770	1915	1916	8	-1	-1	-1	0
1913	1771	1919	8	-1	-1	-1	0
1917	1771	1916	8	-1	-1	-1	0
1917	1918	1771	8	-1	-1	-1	0
1928	1779	1900	8	-1	-1	-1	0
1974	1816	1817	9	-1	-1	-1	0
1771	1918	1919	8	-1	-1	-1	0
1820	1974	1817	9	-1	-1	-1	0
1975	1819	1818	8	-1	-1	-1	0
1920	1921	1773	8	-1	-1	-1	0
1914	1776	1925	8	-1	-1	-1	0
1933	1899	1783	8	-1	-1	-1	0
1819	1976	1821	9	-1	-1	-1	0
1818	1824	1975	8	-1	-1	-1	0
1922	1774	1921	8	-1	-1	-1	0
1821	1977	1820	9	-1	-1	-1	0
1775	1922	1924	8	-1	-1	-1	0
1775	1924	1923	8	-1	-1	-1	0
1822	1979	1824	8	-1	-1	-1	0
1980	1822	1823	8	-1	-1	-1	0
1926	1925	1776	8	-1	-1	-1	0
1825	1981	1823	8	-1	-1	-1	0
1927	1926	1778	8	-1	-1	-1	0
1928	1927	1779	8	-1	-1	-1	0
1984	1826	1827	8	-1	-1	-1	0
1780	1930	1929	8	-1	-1	-1	0
1781	1929	1932	8	-1	-1	-1	0
1986	1829	1828	8	-1	-1	-1	0
1931	1781	1932	8	-1	-1	-1	0
1828	1832	1985	8	-1	-1	-1	0
1831	1830	1987	8	-1	-1	-1	0
1934	1933	1783	8	-1	-1	-1	0
1831	1989	1832	8	-1	-1	-1	0
1935	1934	1785	8	-1	-1	-1	0
1931	1937	1786	8	-1	-1	-1	0
1786	1936	1935	8	-1	-1	-1	0
1786	1937	1936	8	-1	-1	-1	0
1830	1842	1987	8	-1	-1	-1	0
1836	1833	1990	5	-1	-1	-1	0
1835	1991	1834	3	-1	-1	-1	0
1836	1992	1835	4	-1	-1	-1	0
1834	1991	1840	3	-1	-1	-1	0
1938	1939	1788	8	-1	-1	-1	0
1940	1938	1789	8	-1	-1	-1	0
1994	1839	1837	2	-1	-1	-1	0
1940	1790	1941	8	-1	-1	-1	0
1995	1838	1839	1	-1	-1	-1	0
1994	1837	1841	2	-1	-1	-1	0
1939	1942	1791	8	-1	-1	-1	0
1990	1833	1855	5	-1	-1	-1	0
1998	1841	1840	3	-1	-1	-1	0
1792	1944	1943	9	-1	-1	-1	0
1793	1945	1944	9	-1	-1	-1	0
1838	1995	1850	1	-1	-1	-1	0
1947	1941	1796	8	-1	-1	-1	0
1843	2000	1842	8	-1	-1	-1	0
1843	1844	2001	8	-1	-1	-1	0
1826	1984	1879	8	-1	-1	-1	0
1948	1797	1946	8	-1	-1	-1	0
1962	1807	1923	8	-1	-1	-1	0
1948	1947	1797	8	-1	-1	-1	0
1845	2003	1844	8	-1	-1	-1	0
1949	1946	1798	9	-1	-1	-1	0
1951	1799	1943	9	-1	-1	-1	0
2005	1845	1847	8	-1	-1	-1	0
1949	1799	1950	9	-1	-1	-1	0
1847	1846	2006	8	-1	-1	-1	0
1799	1951	1950	9	-1	-1	-1	0
1846	1849	2006	8	-1	-1	-1	0
1848	2008	1849	0	-1	-1	-1	0
1952	1953	1800	8	-1	-1	-1	0
1959	1804	1942	8	-1	-1	-1	0
1954	1952	1801	8	-1	-1	-1	0
1851	2008	1848	0	-1	-1	-1	0
1953	1956	1802	8	-1	-1	-1	0
1851	1850	2010	1	-1	-1	-1	0
1802	1956	1955	8	-1	-1	-1	0
1957	1954	1803	8	-1	-1	-1	0
1853	1852	2012	6	-1	-1	-1	0
1803	1958	1957	8	-1	-1	-1	0
1805	1955	1960	8	-1	-1	-1	0
1854	1853	2013	6	-1	-1	-1	0
1852	1856	2012	6	-1	0	-1	0
1958	1804	1959	8	-1	-1	-1	0
1854	2014	1855	6	-1	-1	-1	0
1813	1969	1945	9	-1	-1	-1	0
1961	1807	1962	8	-1	-1	-1	0
2016	1857	1858	8	-1	-1	-1	0
1858	1860	2018	8	-1	-1	-1	0
1809	1965	1963	9	-1	-1	-1	0
1809	1964	1965	9	-1	-1	-1	0
1963	1966	1810	9	-1	-1	-1	0
1867	1857	2016	8	-1	-1	-1	0
1967	1810	1966	9	-1	-1	-1	0
2020	1862	1861	8	-1	-1	-1	0
2020	1861	1864	8	-1	-1	-1	0
1829	1986	1930	8	-1	-1	-1	0
1967	1968	1811	9	-1	-1	-1	0
1863	1862	2021	8	-1	-1	-1	0
1964	1814	1971	9	-1	-1	-1	0
1969	1813	1968	9	-1	-1	-1	0
1860	1873	2019	8	-1	-1	-1	0
1970	1971	1814	9	-1	-1	-1	0
1865	2026	1864	8	-1	-1	-1	0
1866	2028	1865	8	-1	-1	-1	0
1816	1973	1970	9	-1	-1	-1	0
1973	1816	1972	9	-1	-1	-1	0
1974	1972	1816	9	-1	-1	-1	0
1868	2029	1866	8	-1	-1	-1	0
1872	2019	1873	8	-1	-1	-1	0
2030	1868	1867	8	-1	-1	-1	0
2024	1882	1863	8	-1	-1	-1	0
1825	1961	1983	8	-1	-1	-1	0
1976	1819	1975	9	-1	-1	-1	0
1960	1984	1827	8	-1	-1	-1	0
1977	1974	1820	9	-1	-1	-1	0
1870	1869	2032	8	-1	-1	-1	0
2033	1871	1870	8	-1	-1	-1	0
1976	1978	1821	9	-1	-1	-1	0
1874	2032	1869	8	-1	-1	-1	0
1978	1977	1821	9	-1	-1	-1	0
1871	2036	1872	8	-1	-1	-1	0
1822	1980	1979	8	-1	-1	-1	0
1975	1824	1982	8	-1	-1	-1	0
1981	1980	1823	8	-1	-1	-1	0
1979	1982	1824	8	-1	-1	-1	0
1874	1876	2038	8	-1	-1	-1	0
1983	1981	1825	8	-1	-1	-1	0
2024	1883	1882	8	-1	-1	-1	0
1875	2039	1876	8	-1	-1	-1	0
2040	1875	1878	8	-1	-1	-1	0
1878	1877	2042	8	-1	-1	-1	0
1879	2042	1877	8	-1	-1	-1	0
1985	1986	1828	8	-1	-1	-1	0
1832	1989	1985	8	-1	-1	-1	0
1988	1831	1987	8	-1	-1	-1	0
1880	2045	1881	0	-1	-1	-1	0
1831	1988	1989	8	-1	-1	-1	0
1880	1883	2046	0	-1	-1	-1	0
1881	2047	1884	0	-1	-1	-1	0
1884	2047	1886	0	-1	-1	-1	0
1991	1835	1992	4	-1	-1	-1	0
1993	1836	1990	5	-1	-1	-1	0
1885	1886	2049	1	-1	-1	-1	0
1885	2049	1887	1	-1	-1	-1	0
1992	1836	1993	5	-1	-1	-1	0
1887	2051	1888	2	-1	-1	-1	0
1840	1991	1998	3	-1	-1	-1	0
1842	2000	1987	8	-1	-1	-1	0
1839	1994	1996	2	-1	-1	-1	0
1839	1997	1995	2	-1	-1	-1	0
1888	2052	1892	3	-1	-1	-1	0
2053	1890	1889	4	-1	-1	-1	0
1839	1996	1997	2	-1	-1	-1	0
2053	1889	1891	4	-1	-1	-1	0
1994	1841	1999	3	-1	-1	-1	0
1892	2055	1891	4	-1	-1	-1	0
1998	1999	1841	3	-1	-1	-1	0
2054	1898	1890	5	-1	-1	-1	0
2000	1843	2002	8	-1	-1	-1	0
1843	2001	2002	8	-1	-1	-1	0
1894	1895	2057	6	-1	-1	0	0
1895	1896	2057	6	-1	-1	-1	0
2004	2001	1844	8	-1	-1	-1	0
2004	1844	2003	8	-1	-1	-1	0
2058	1896	1897	6	-1	-1	-1	0
1845	2005	2003	8	-1	-1	-1	0
2059	1897	1898	6	-1	-1	-1	0
1995	2010	1850	1	-1	-1	-1	0
2007	2005	1847	8	-1	-1	-1	0
1855	2015	1990	6	-1	-1	-1	0
2007	1847	2006	8	-1	-1	-1	0
1900	1899	2061	8	-1	-1	-1	0
1849	2009	2006	0	-1	-1	-1	0
2009	1849	2008	0	-1	-1	-1	0
1902	1901	2063	8	-1	-1	-1	0
1905	2063	1901	8	-1	-1	-1	0
1851	2011	2008	1	-1	-1	-1	0
1904	1903	2065	8	-1	-1	-1	0
1851	2010	2011	1	-1	-1	-1	0
2064	1910	1902	8	-1	-1	-1	0
1905	1904	2067	8	-1	-1	-1	0
2013	1853	2012	6	-1	-1	0	0
1854	2013	2014	6	-1	0	-1	0
1907	2068	1906	9	-1	-1	-1	0
1913	2066	1903	8	-1	-1	-1	0
1908	1906	2069	9	-1	-1	-1	0
1855	2014	2015	6	-1	0	-1	0
1910	2064	1911	8	-1	-1	-1	0
1908	2072	1909	9	-1	-1	-1	0
1912	2070	1907	9	-1	-1	-1	0
1928	1900	2062	8	-1	-1	-1	0
2016	1858	2017	8	-1	-1	-1	0
2018	2017	1858	8	-1	-1	-1	0
2061	1899	1933	8	-1	-1	-1	0
2019	2018	1860	8	-1	-1	-1	0
1913	1919	2066	8	-1	-1	-1	0
1911	2075	1912	8	-1	-1	-1	0
1920	1909	2073	9	-1	-1	-1	0
2020	2022	1862	8	-1	-1	-1	0
2022	2021	1862	8	-1	-1	-1	0
1879	1984	2043	8	-1	-1	-1	0
2078	1915	1914	8	-1	-1	-1	0
2023	1863	2021	8	-1	-1	-1	0
2020	1864	2025	8	-1	-1	-1	0
2079	1916	1915	8	-1	-1	-1	0
1863	2023	2024	8	-1	-1	-1	0
1916	2080	1917	8	-1	-1	-1	0
2016	2030	1867	8	-1	-1	-1	0
2026	2025	1864	8	-1	-1	-1	0
1917	2081	1918	8	-1	-1	-1	0
2078	1914	1925	8	-1	-1	-1	0
1865	2027	2026	8	-1	-1	-1	0
2082	1919	1918	8	-1	-1	-1	0
2028	2027	1865	8	-1	-1	-1	0
1866	2029	2028	8	-1	-1	-1	0
1920	2086	1921	9	-1	-1	-1	0
2019	1872	2037	8	-1	-1	-1	0
2031	2029	1868	8	-1	-1	-1	0
2030	2031	1868	8	-1	-1	-1	0
2088	1922	1921	9	-1	-1	-1	0
1922	2089	1924	9	-1	-1	-1	0
2032	2033	1870	8	-1	-1	-1	0
2090	1923	1924	8	-1	-1	-1	0
2033	2035	1871	8	-1	-1	-1	0
2034	1871	2035	8	-1	-1	-1	0
1871	2034	2036	8	-1	-1	-1	0
2092	1925	1926	8	-1	-1	-1	0
1874	2038	2032	8	-1	-1	-1	0
1872	2036	2037	8	-1	-1	-1	0
1926	1927	2093	8	-1	-1	-1	0
1927	1928	2093	8	-1	-1	-1	0
2040	2039	1875	8	-1	-1	-1	0
2048	1883	2024	0	-1	-1	-1	0
1929	1930	2096	8	-1	-1	-1	0
2038	1876	2041	8	-1	-1	-1	0
2039	2041	1876	8	-1	-1	-1	0
2096	1932	1929	8	-1	-1	-1	0
2040	1878	2042	8	-1	-1	-1	0
2098	1931	1932	8	-1	-1	-1	0
2044	2042	1879	8	-1	-1	-1	0
2044	1879	2043	8	-1	-1	-1	0
1931	2098	1937	8	-1	-1	-1	0
2102	1933	1934	8	-1	-1	-1	0
1935	2102	1934	8	-1	-1	-1	0
2045	1880	2046	0	-1	-1	-1	0
1881	2045	2047	0	-1	-1	-1	0
1936	2103	1935	8	-1	-1	-1	0
1962	1923	2090	8	-1	-1	-1	0
1883	2048	2046	0	-1	-1	-1	0
1936	1937	2105	8	-1	-1	-1	0
1886	2047	2050	1	-1	-1	-1	0
1939	1938	2107	8	-1	-1	-1	0
2050	2049	1886	1	-1	-1	-1	0
1938	1940	2107	8	-1	-1	-1	0
2049	2051	1887	2	-1	-1	-1	0
2108	1942	1939	8	-1	-1	-1	0
2052	1888	2051	3	-1	-1	-1	0
2110	1940	1941	8	-1	-1	-1	0
2053	2054	1890	5	-1	-1	-1	0
1947	2111	1941	8	-1	-1	-1	0
1891	2055	2053	4	-1	-1	-1	0
1892	2052	2056	4	-1	-1	-1	0
2115	1943	1944	9	-1	-1	-1	0
2056	2055	1892	4	-1	-1	-1	0
1944	1945	2116	9	-1	-1	-1	0
1951	1943	2114	9	-1	-1	-1	0
2057	1896	2058	6	-1	-1	0	0
2054	2060	1898	6	-1	-1	-1	0
1986	2097	1930	8	-1	-1	-1	0
2119	1948	1946	9	-1	-1	-1	0
2113	1959	1942	8	-1	-1	-1	0
2059	2058	1897	6	0	-1	-1	0
2119	1946	1949	9	-1	-1	-1	0
1948	2120	1947	8	-1	-1	-1	0
1898	2060	2059	6	-1	0	-1	0
1950	2122	1949	9	-1	-1	-1	0
1900	2061	2062	8	-1	-1	-1	0
2123	1950	1951	9	-1	-1	-1	0
2087	1971	1970	9	-1	-1	-1	0
2063	2064	1902	8	-1	-1	-1	0
1973	2087	1970	9	-1	-1	-1	0
1952	2125	1953	8	-1	-1	-1	0
2125	1952	1954	8	-1	-1	-1	0
1969	2118	1945	9	-1	-1	-1	0
1972	2088	1973	9	-1	-1	-1	0
2065	1903	2066	8	-1	-1	-1	0
2067	2063	1905	8	-1	-1	-1	0
1956	1953	2126	8	-1	-1	-1	0
2065	2067	1904	8	-1	-1	-1	0
2127	1954	1957	8	-1	-1	-1	0
1955	1956	2128	8	-1	-1	-1	0
1960	1955	2128	8	-1	-1	-1	0
2068	2069	1906	9	-1	-1	-1	0
2131	1957	1958	8	-1	-1	-1	0
2071	2068	1907	9	-1	-1	-1	0
2071	1907	2070	9	-1	-1	-1	0
2132	1958	1959	8	-1	-1	-1	0
2072	1908	2069	9	-1	-1	-1	0
1911	2064	2074	8	-1	-1	-1	0
2073	1909	2072	9	-1	-1	-1	0
1912	2076	2070	9	-1	-1	-1	0
1962	2136	1961	8	-1	-1	-1	0
1911	2074	2075	8	-1	-1	-1	0
1912	2075	2077	9	-1	-1	-1	0
1912	2077	2076	9	-1	-1	-1	0
1963	1965	2138	9	-1	-1	-1	0
1966	1963	2139	9	-1	-1	-1	0
2140	1965	1964	9	-1	-1	-1	0
1919	2085	2066	8	-1	-1	-1	0
2078	2079	1915	8	-1	-1	-1	0
1967	1966	2141	9	-1	-1	-1	0
2140	1964	1971	9	-1	-1	-1	0
2080	1916	2079	8	-1	-1	-1	0
2080	2081	1917	8	-1	-1	-1	0
1967	2143	1968	9	-1	-1	-1	0
1984	1960	2134	8	-1	-1	-1	0
1920	2073	2087	9	-1	-1	-1	0
1961	2136	1983	8	-1	-1	-1	0
2143	1969	1968	9	-1	-1	-1	0
2081	2083	1918	8	-1	-1	-1	0
2082	1918	2083	8	-1	-1	-1	0
1919	2082	2084	8	-1	-1	-1	0
1928	2062	2095	8	-1	-1	-1	0
2084	2085	1919	8	-1	-1	-1	0
1972	1974	2145	9	-1	-1	-1	0
2086	1920	2087	9	-1	-1	-1	0
2086	2088	1921	9	-1	-1	-1	0
2092	2078	1925	8	-1	-1	-1	0
1933	2101	2061	8	-1	-1	-1	0
1977	2145	1974	9	-1	-1	-1	0
1975	2146	1976	9	-1	-1	-1	0
2088	2089	1922	9	-1	-1	-1	0
1976	2147	1978	9	-1	-1	-1	0
1977	1978	2148	9	-1	-1	-1	0
2146	1975	1982	9	-1	-1	-1	0
2089	2091	1924	9	-1	-1	-1	0
1924	2091	2090	9	-1	-1	-1	0
1979	1980	2149	8	-1	-1	-1	0
2149	1982	1979	8	-1	-1	-1	0
2092	1926	2093	8	-1	-1	-1	0
1981	2150	1980	8	-1	-1	-1	0
1983	2150	1981	8	-1	-1	-1	0
2093	1928	2094	8	-1	-1	-1	0
1928	2095	2094	8	-1	-1	-1	0
2097	2096	1930	8	-1	-1	-1	0
1985	2154	1986	8	-1	-1	-1	0
1985	1989	2153	8	-1	-1	-1	0
2096	2100	1932	8	-1	-1	-1	0
2098	1932	2099	8	-1	-1	-1	0
2155	1988	1987	8	-1	-1	-1	0
2099	1932	2100	8	-1	-1	-1	0
2073	1971	2087	9	-1	-1	-1	0
1988	2156	1989	8	-1	-1	-1	0
2102	2101	1933	8	-1	-1	-1	0
2098	2106	1937	8	-1	-1	-1	0
2102	1935	2104	8	-1	-1	-1	0
1993	1990	2158	6	-1	-1	-1	0
1935	2103	2104	8	-1	-1	-1	0
2155	1987	2000	8	-1	-1	-1	0
1992	2159	1991	4	-1	-1	-1	0
2103	1936	2105	8	-1	-1	-1	0
2160	1992	1993	5	-1	-1	-1	0
1973	2086	2087	9	-1	-1	-1	0
2088	2086	1973	9	-1	-1	-1	0
1991	2159	1998	4	-1	-1	-1	0
1937	2106	2105	8	-1	-1	-1	0
1996	1994	2162	3	-1	-1	-1	0
1939	2107	2109	8	-1	-1	-1	0
2163	1995	1997	2	-1	-1	-1	0
1999	2162	1994	3	-1	-1	-1	0
2109	2108	1939	8	-1	-1	-1	0
1996	2164	1997	3	-1	-1	-1	0
1940	2110	2107	8	-1	-1	-1	0
2043	1984	2134	8	-1	-1	-1	0
1998	2166	1999	4	-1	-1	-1	0
2158	1990	2015	6	-1	-1	0	0
2110	1941	2112	8	-1	-1	-1	0
2113	1942	2108	8	-1	-1	-1	0
2112	1941	2111	8	-1	-1	-1	0
2163	2010	1995	2	-1	-1	-1	0
2002	2169	2000	8	-1	-1	-1	0
2138	1965	2069	9	-1	-1	-1	0
2114	1943	2115	9	-1	-1	-1	0
2069	1965	2140	9	-1	-1	-1	0
2171	2002	2001	8	-1	-1	-1	0
2115	1944	2117	9	-1	-1	-1	0
2004	2171	2001	8	-1	-1	-1	0
2117	1944	2116	9	-1	-1	-1	0
2120	2111	1947	8	-1	-1	-1	0
2172	2004	2003	8	-1	-1	-1	0
2116	1945	2118	9	-1	-1	-1	0
2005	2172	2003	8	-1	-1	-1	0
2073	2140	1971	9	-1	-1	-1	0
2005	2007	2176	8	-1	-1	-1	0
2119	2121	1948	9	-1	-1	-1	0
2120	1948	2121	9	-1	-1	-1	0
2137	1962	2090	8	-1	-1	-1	0
2114	2124	1951	9	-1	-1	-1	0
2006	2177	2007	0	-1	-1	-1	0
2122	2119	1949	9	-1	-1	-1	0
2006	2009	2177	0	-1	-1	-1	0
2122	1950	2123	9	-1	-1	-1	0
2008	2179	2009	1	-1	-1	-1	0
2179	2008	2011	1	-1	-1	-1	0
1951	2124	2123	9	-1	-1	-1	0
2011	2010	2181	2	-1	-1	-1	0
2126	1953	2125	8	-1	-1	-1	0
2132	1959	2113	8	-1	-1	-1	0
2145	2088	1972	9	-1	-1	-1	0
1954	2127	2125	8	-1	-1	-1	0
2126	2129	1956	8	-1	-1	-1	0
2128	1956	2130	8	-1	-1	-1	0
1956	2129	2130	8	-1	-1	-1	0
2131	2127	1957	8	-1	-1	-1	0
2016	2017	2184	8	-1	-1	-1	0
2062	2061	2095	8	-1	-1	-1	0
2185	2017	2018	8	-1	-1	-1	0
1958	2133	2131	8	-1	-1	-1	0
2019	2185	2018	8	-1	-1	-1	0
1958	2132	2133	8	-1	-1	-1	0
2128	2135	1960	8	-1	-1	-1	0
2022	2020	2186	8	-1	-1	-1	0
2134	1960	2135	8	-1	-1	-1	0
2030	2016	2183	8	-1	-1	-1	0
2022	2187	2021	8	-1	-1	-1	0
2186	2020	2025	8	-1	-1	-1	0
2144	2118	1969	9	-1	-1	-1	0
2021	2187	2023	8	-1	-1	-1	0
1962	2137	2136	8	-1	-1	-1	0
2023	2190	2024	0	-1	-1	-1	0
2154	2097	1986	8	-1	-1	-1	0
2139	1963	2138	9	-1	-1	-1	0
2019	2037	2185	8	-1	-1	-1	0
2025	2026	2191	8	-1	-1	-1	0
2027	2191	2026	8	-1	-1	-1	0
2142	1966	2139	9	-1	-1	-1	0
2193	2027	2028	8	-1	-1	-1	0
2142	2141	1966	9	-1	-1	-1	0
2143	1967	2141	9	-1	-1	-1	0
2028	2029	2196	8	-1	-1	-1	0
1969	2143	2144	9	-1	-1	-1	0
2031	2030	2198	8	-1	-1	-1	0
2031	2197	2029	8	-1	-1	-1	0
2048	2024	2190	0	-1	-1	-1	0
2033	2032	2200	8	-1	-1	-1	0
2035	2033	2201	8	-1	-1	-1	0
1976	2146	2147	9	-1	-1	-1	0
2145	1977	2148	9	-1	-1	-1	0
2200	2032	2038	8	-1	-1	-1	0
1983	2136	2152	8	-1	-1	-1	0
2034	2202	2036	8	-1	-1	-1	0
2035	2203	2034	8	-1	-1	-1	0
2147	2148	1978	9	-1	-1	-1	0
2069	2068	2138	9	-1	-1	-1	0
2071	2138	2068	9	-1	-1	-1	0
2036	2205	2037	8	-1	-1	-1	0
2150	2149	1980	8	-1	-1	-1	0
2146	1982	2151	9	-1	-1	-1	0
2069	2140	2072	9	-1	-1	-1	0
1982	2149	2151	9	-1	-1	-1	0
2073	2072	2140	9	-1	-1	-1	0
2152	2150	1983	8	-1	-1	-1	0
2041	2208	2038	8	-1	-1	-1	0
2210	2039	2040	8	-1	-1	-1	0
2209	2041	2039	8	-1	-1	-1	0
1985	2153	2154	8	-1	-1	-1	0
2042	2211	2040	8	-1	-1	-1	0
2042	2044	2211	8	-1	-1	-1	0
2156	1988	2155	8	-1	-1	-1	0
1989	2157	2153	8	-1	-1	-1	0
2043	2213	2044	8	-1	-1	-1	0
2157	1989	2156	8	-1	-1	-1	0
2099	2106	2098	8	-1	-1	-1	0
2046	2217	2045	1	-1	-1	-1	0
2047	2045	2218	1	-1	-1	-1	0
2159	1992	2160	5	-1	-1	-1	0
2161	1993	2158	6	-1	-1	0	0
2048	2219	2046	1	-1	-1	-1	0
2161	2160	1993	6	-1	-1	-1	0
2218	2050	2047	1	-1	-1	-1	0
2050	2221	2049	2	-1	-1	-1	0
2049	2221	2051	2	-1	-1	-1	0
2088	2145	2089	9	-1	-1	-1	0
2162	2164	1996	3	-1	-1	-1	0
2159	2166	1998	4	-1	-1	-1	0
2000	2170	2155	8	-1	-1	-1	0
1997	2165	2163	3	-1	-1	-1	0
2165	1997	2164	3	-1	-1	-1	0
2051	2223	2052	3	-1	-1	-1	0
2091	2089	2148	9	-1	-1	-1	0
2167	2162	1999	4	-1	-1	-1	0
2056	2052	2224	4	-1	-1	-1	0
1999	2166	2167	4	-1	-1	-1	0
2225	2054	2053	5	-1	-1	-1	0
2053	2055	2225	5	-1	-1	-1	0
2169	2168	2000	8	-1	-1	-1	0
2055	2056	2227	5	-1	-1	-1	0
2168	2170	2000	8	-1	-1	-1	0
2226	2060	2054	6	0	-1	-1	0
2002	2171	2169	8	-1	-1	-1	0
2138	2071	2139	9	-1	-1	-1	0
2172	2173	2004	8	-1	-1	-1	0
2175	2171	2004	8	-1	-1	-1	0
2004	2173	2174	8	-1	-1	-1	0
2175	2004	2174	8	-1	-1	-1	0
2176	2172	2005	8	-1	-1	-1	0
2010	2163	2181	2	-1	-1	-1	0
2232	2064	2063	8	-1	-1	-1	0
2178	2176	2007	0	-1	-1	-1	0
2231	2063	2067	8	-1	-1	-1	0
2007	2177	2178	0	-1	-1	-1	0
2066	2233	2065	8	-1	-1	-1	0
2067	2065	2233	8	-1	-1	-1	0
2177	2009	2180	1	-1	-1	-1	0
2180	2009	2179	1	-1	-1	-1	0
2064	2232	2074	8	-1	-1	-1	0
2011	2182	2179	2	-1	-1	-1	0
2182	2011	2181	2	-1	-1	-1	0
2071	2070	2234	9	-1	-1	-1	0
2070	2076	2234	9	-1	-1	-1	0
2145	2148	2089	9	-1	-1	-1	0
2016	2184	2183	8	-1	-1	-1	0
2233	2066	2085	8	-1	-1	-1	0
2074	2236	2075	8	-1	-1	-1	0
2091	2148	2147	9	-1	-1	-1	0
2230	2095	2061	8	-1	-1	-1	0
2017	2185	2184	8	-1	-1	-1	0
2075	2237	2077	9	-1	-1	-1	0
2043	2134	2214	8	-1	-1	-1	0
2238	2076	2077	9	-1	-1	-1	0
2061	2101	2229	8	-1	-1	-1	0
2130	2135	2128	8	-1	-1	-1	0
2022	2186	2188	8	-1	-1	-1	0
2078	2240	2079	8	-1	-1	-1	0
2187	2022	2188	8	-1	-1	-1	0
2189	2023	2187	0	-1	-1	-1	0
2080	2079	2242	8	-1	-1	-1	0
2025	2191	2186	8	-1	-1	-1	0
2023	2189	2190	0	-1	-1	-1	0
2080	2243	2081	8	-1	-1	-1	0
2081	2244	2083	8	-1	-1	-1	0
2240	2078	2092	8	-1	-1	-1	0
2193	2192	2027	8	-1	-1	-1	0
2246	2084	2082	8	-1	-1	-1	0
2194	2191	2027	8	-1	-1	-1	0
2247	2082	2083	8	-1	-1	-1	0
2183	2199	2030	8	-1	-1	-1	0
2027	2192	2194	8	-1	-1	-1	0
2195	2193	2028	8	-1	-1	-1	0
2085	2084	2250	8	-1	-1	-1	0
2195	2028	2196	8	-1	-1	-1	0
2029	2197	2196	8	-1	-1	-1	0
2137	2152	2136	8	-1	-1	-1	0
2031	2198	2197	8	-1	-1	-1	0
2030	2199	2198	8	-1	-1	-1	0
2037	2207	2185	8	-1	-1	-1	0
2033	2200	2201	8	-1	-1	-1	0
2253	2090	2091	9	-1	-1	-1	0
2202	2034	2203	8	-1	-1	-1	0
2204	2035	2201	8	-1	-1	-1	0
2152	2137	2151	9	-1	-1	-1	0
2256	2092	2093	8	-1	-1	-1	0
2204	2203	2035	8	-1	-1	-1	0
2094	2256	2093	8	-1	-1	-1	0
2139	2071	2234	9	-1	-1	-1	0
2206	2036	2202	8	-1	-1	-1	0
2208	2200	2038	8	-1	-1	-1	0
2258	2094	2095	8	-1	-1	-1	0
2205	2036	2206	8	-1	-1	-1	0
2207	2037	2205	8	-1	-1	-1	0
2149	2150	2152	9	-1	-1	-1	0
2149	2152	2151	9	-1	-1	-1	0
2097	2259	2096	8	-1	-1	-1	0
2259	2100	2096	8	-1	-1	-1	0
2210	2209	2039	8	-1	-1	-1	0
2220	2048	2190	1	-1	-1	-1	0
2208	2041	2209	8	-1	-1	-1	0
2099	2100	2260	8	-1	-1	-1	0
2212	2210	2040	8	-1	-1	-1	0
2040	2211	2212	8	-1	-1	-1	0
2106	2099	2261	8	-1	-1	-1	0
2264	2101	2102	8	-1	-1	-1	0
2104	2264	2102	8	-1	-1	-1	0
2214	2213	2043	8	-1	-1	-1	0
2044	2216	2211	8	-1	-1	-1	0
2215	2044	2213	8	-1	-1	-1	0
2266	2104	2103	8	-1	-1	-1	0
2266	2103	2105	8	-1	-1	-1	0
2044	2215	2216	8	-1	-1	-1	0
2106	2269	2105	8	-1	-1	-1	0
2090	2253	2137	9	-1	-1	-1	0
2045	2217	2218	1	-1	-1	-1	0
2046	2219	2217	1	-1	-1	-1	0
2270	2109	2107	8	-1	-1	-1	0
2110	2270	2107	8	-1	-1	-1	0
2220	2219	2048	1	-1	-1	-1	0
2109	2272	2108	8	-1	-1	-1	0
2050	2218	2222	2	-1	-1	-1	0
2147	2253	2091	9	-1	-1	-1	0
2108	2271	2113	8	-1	-1	-1	0
2222	2221	2050	2	-1	-1	-1	0
2221	2223	2051	3	-1	-1	-1	0
2110	2112	2275	8	-1	-1	-1	0
2112	2111	2276	8	-1	-1	-1	0
2223	2224	2052	4	-1	-1	-1	0
2226	2054	2225	6	-1	-1	-1	0
2120	2276	2111	8	-1	-1	-1	0
2055	2227	2225	5	-1	-1	-1	0
2114	2115	2279	9	-1	-1	-1	0
2056	2224	2228	5	-1	-1	-1	0
2259	2097	2154	8	-1	-1	-1	0
2228	2227	2056	5	-1	-1	-1	0
2117	2281	2115	9	-1	-1	-1	0
2282	2117	2116	9	-1	-1	-1	0
2116	2118	2282	9	-1	-1	-1	0
2280	2124	2114	9	-1	-1	-1	0
2061	2229	2230	8	-1	-1	-1	0
2172	2176	2173	8	-1	-1	-1	0
2278	2132	2113	8	-1	-1	-1	0
2119	2285	2121	9	-1	-1	-1	0
2119	2122	2285	9	-1	-1	-1	0
2231	2232	2063	8	-1	-1	-1	0
2120	2121	2286	9	-1	-1	-1	0
2231	2067	2233	8	-1	-1	-1	0
2287	2122	2123	9	-1	-1	-1	0
2287	2123	2124	9	-1	-1	-1	0
2232	2235	2074	8	-1	-1	-1	0
2290	2126	2125	8	-1	-1	-1	0
2137	2253	2151	9	-1	-1	-1	0
2125	2127	2290	8	-1	-1	-1	0
2236	2074	2235	8	-1	-1	-1	0
2144	2284	2118	9	-1	-1	-1	0
2147	2146	2253	9	-1	-1	-1	0
2129	2126	2292	8	-1	-1	-1	0
2076	2238	2234	9	-1	-1	-1	0
2075	2236	2237	9	-1	-1	-1	0
2151	2253	2146	9	-1	-1	-1	0
2131	2293	2127	8	-1	-1	-1	0
2077	2237	2239	9	-1	-1	-1	0
2239	2238	2077	9	-1	-1	-1	0
2129	2295	2130	8	-1	-1	-1	0
2079	2240	2241	8	-1	-1	-1	0
2130	2297	2135	8	-1	-1	-1	0
2133	2298	2131	8	-1	-1	-1	0
2079	2241	2242	8	-1	-1	-1	0
2299	2133	2132	8	-1	-1	-1	0
2242	2243	2080	8	-1	-1	-1	0
2081	2243	2245	8	-1	-1	-1	0
2233	2085	2252	8	-1	-1	-1	0
2081	2245	2244	8	-1	-1	-1	0
2302	2134	2135	8	-1	-1	-1	0
2247	2246	2082	8	-1	-1	-1	0
2207	2184	2185	8	-1	-1	-1	0
2083	2244	2249	8	-1	-1	-1	0
2083	2248	2247	8	-1	-1	-1	0
2248	2083	2249	8	-1	-1	-1	0
2251	2084	2246	8	-1	-1	-1	0
2230	2258	2095	8	-1	-1	-1	0
2139	2303	2142	9	-1	-1	-1	0
2084	2251	2250	8	-1	-1	-1	0
2250	2252	2085	8	-1	-1	-1	0
2240	2092	2255	8	-1	-1	-1	0
2142	2304	2141	9	-1	-1	-1	0
2305	2143	2141	9	-1	-1	-1	0
2143	2305	2144	9	-1	-1	-1	0
2265	2229	2101	8	-1	-1	-1	0
2255	2092	2254	8	-1	-1	-1	0
2092	2256	2254	8	-1	-1	-1	0
2094	2257	2256	8	-1	-1	-1	0
2257	2094	2258	8	-1	-1	-1	0
2208	2201	2200	8	-1	-1	-1	0
2154	2153	2308	8	-1	-1	-1	0
2157	2308	2153	8	-1	-1	-1	0
2099	2260	2261	8	-1	-1	-1	0
2311	2156	2155	8	-1	-1	-1	0
2263	2100	2259	8	-1	-1	-1	0
2260	2100	2262	8	-1	-1	-1	0
2100	2263	2262	8	-1	-1	-1	0
2312	2157	2156	8	-1	-1	-1	0
2265	2101	2264	8	-1	-1	-1	0
2160	2315	2159	5	-1	-1	-1	0
2264	2104	2267	8	-1	-1	-1	0
2170	2310	2155	8	-1	-1	-1	0
2261	2269	2106	8	-1	-1	-1	0
2160	2161	2316	6	-1	0	-1	0
2104	2266	2268	8	-1	-1	-1	0
2212	2211	2216	8	-1	-1	-1	0
2104	2268	2267	8	-1	-1	-1	0
2166	2159	2315	5	-1	-1	-1	0
2266	2105	2269	8	-1	-1	-1	0
2317	2164	2162	4	-1	-1	-1	0
2167	2317	2162	4	-1	-1	-1	0
2165	2318	2163	3	-1	-1	-1	0
2164	2319	2165	4	-1	-1	-1	0
2134	2302	2214	8	-1	-1	-1	0
2271	2108	2272	8	-1	-1	-1	0
2273	2109	2270	8	-1	-1	-1	0
2109	2273	2272	8	-1	-1	-1	0
2274	2270	2110	8	-1	-1	-1	0
2166	2321	2167	5	-1	-1	-1	0
2110	2275	2274	8	-1	-1	-1	0
2323	2170	2168	8	-1	-1	-1	0
2169	2324	2168	8	-1	-1	-1	0
2271	2278	2113	8	-1	-1	-1	0
2181	2163	2318	3	-1	-1	-1	0
2112	2277	2275	8	-1	-1	-1	0
2171	2325	2169	8	-1	-1	-1	0
2276	2277	2112	8	-1	-1	-1	0
2171	2175	2325	8	-1	-1	-1	0
2114	2279	2280	9	-1	-1	-1	0
2281	2279	2115	9	-1	-1	-1	0
2139	2234	2303	9	-1	-1	-1	0
2174	2173	2329	0	-1	-1	-1	0
2328	2173	2176	0	-1	-1	-1	0
2174	2330	2175	8	-1	-1	-1	0
2117	2283	2281	9	-1	-1	-1	0
2117	2282	2283	9	-1	-1	-1	0
2286	2276	2120	9	-1	-1	-1	0
2178	2328	2176	0	-1	-1	-1	0
2282	2118	2284	9	-1	-1	-1	0
2178	2177	2333	1	-1	-1	-1	0
2333	2177	2180	1	-1	-1	-1	0
2285	2286	2121	9	-1	-1	-1	0
2280	2289	2124	9	-1	-1	-1	0
2180	2179	2335	2	-1	-1	-1	0
2287	2285	2122	9	-1	-1	-1	0
2179	2182	2335	2	-1	-1	-1	0
2288	2287	2124	9	-1	-1	-1	0
2181	2337	2182	3	-1	-1	-1	0
2124	2289	2288	9	-1	-1	-1	0
2339	2183	2184	8	-1	-1	-1	0
2126	2290	2291	8	-1	-1	-1	0
2132	2278	2299	8	-1	-1	-1	0
2126	2291	2292	8	-1	-1	-1	0
2127	2293	2290	8	-1	-1	-1	0
2186	2341	2188	8	-1	-1	-1	0
2129	2292	2294	8	-1	-1	-1	0
2191	2340	2186	8	-1	-1	-1	0
2187	2188	2342	0	-1	-1	-1	0
2129	2294	2295	8	-1	-1	-1	0
2187	2342	2189	0	-1	-1	-1	0
2339	2199	2183	8	-1	-1	-1	0
2130	2295	2296	8	-1	-1	-1	0
2131	2298	2293	8	-1	-1	-1	0
2259	2154	2309	8	-1	-1	-1	0
2189	2344	2190	1	-1	-1	-1	0
2297	2130	2296	8	-1	-1	-1	0
2191	2194	2340	8	-1	-1	-1	0
2207	2339	2184	8	-1	-1	-1	0
2133	2299	2300	8	-1	-1	-1	0
2133	2301	2298	8	-1	-1	-1	0
2347	2194	2192	8	-1	-1	-1	0
2192	2193	2348	8	-1	-1	-1	0
2302	2135	2297	8	-1	-1	-1	0
2300	2301	2133	8	-1	-1	-1	0
2284	2144	2307	9	-1	-1	-1	0
2193	2195	2349	8	-1	-1	-1	0
2352	2195	2196	8	-1	-1	-1	0
2196	2197	2353	8	-1	-1	-1	0
2305	2141	2304	9	-1	-1	-1	0
2356	2197	2198	8	-1	-1	-1	0
2142	2303	2306	9	-1	-1	-1	0
2306	2304	2142	9	-1	-1	-1	0
2357	2198	2199	8	-1	-1	-1	0
2190	2344	2220	1	-1	-1	-1	0
2144	2305	2307	9	-1	-1	-1	0
2201	2360	2204	8	-1	-1	-1	0
2203	2362	2202	8	-1	-1	-1	0
2201	2208	2359	8	-1	-1	-1	0
2206	2202	2361	8	-1	-1	-1	0
2363	2203	2204	8	-1	-1	-1	0
2358	2207	2205	8	-1	-1	-1	0
2309	2154	2308	8	-1	-1	-1	0
2303	2234	2238	9	-1	-1	-1	0
2205	2206	2365	8	-1	-1	-1	0
2310	2311	2155	8	-1	-1	-1	0
2157	2313	2308	8	-1	-1	-1	0
2156	2311	2312	8	-1	-1	-1	0
2312	2314	2157	8	-1	-1	-1	0
2209	2367	2208	8	-1	-1	-1	0
2313	2157	2314	8	-1	-1	-1	0
2210	2367	2209	8	-1	-1	-1	0
2316	2315	2160	6	-1	-1	-1	0
2212	2369	2210	8	-1	-1	-1	0
2264	2267	2265	8	-1	-1	-1	0
2371	2213	2214	8	-1	-1	-1	0
2216	2370	2212	8	-1	-1	-1	0
2317	2319	2164	4	-1	-1	-1	0
2215	2213	2372	8	-1	-1	-1	0
2321	2166	2315	5	-1	-1	-1	0
2318	2165	2320	4	-1	-1	-1	0
2165	2319	2320	4	-1	-1	-1	0
2375	2216	2215	8	-1	-1	-1	0
2310	2170	2326	8	-1	-1	-1	0
2317	2167	2322	5	-1	-1	-1	0
2322	2167	2321	5	-1	-1	-1	0
2376	2218	2217	2	-1	-1	-1	0
2219	2377	2217	2	-1	-1	-1	0
2324	2323	2168	8	-1	-1	-1	0
2376	2222	2218	2	-1	-1	-1	0
2378	2219	2220	2	-1	-1	-1	0
2273	2270	2274	8	-1	-1	-1	0
2169	2325	2324	8	-1	-1	-1	0
2323	2327	2170	8	-1	-1	-1	0
2380	2221	2222	3	-1	-1	-1	0
2326	2170	2327	8	-1	-1	-1	0
2380	2223	2221	3	-1	-1	-1	0
2223	2382	2224	4	-1	-1	-1	0
2173	2328	2329	0	-1	-1	-1	0
2259	2309	2263	8	-1	-1	-1	0
2175	2332	2325	8	-1	-1	-1	0
2174	2329	2331	0	-1	-1	-1	0
2228	2224	2383	5	-1	-1	-1	0
2331	2330	2174	0	-1	-1	-1	0
2384	2226	2225	6	0	-1	-1	0
2227	2384	2225	6	-1	-1	-1	0
2181	2318	2337	3	-1	-1	-1	0
2175	2330	2332	8	-1	-1	-1	0
2328	2178	2334	1	-1	-1	-1	0
2385	2227	2228	6	-1	-1	-1	0
2178	2333	2334	1	-1	-1	-1	0
2229	2387	2230	8	-1	-1	-1	0
2333	2180	2336	2	-1	-1	-1	0
2180	2335	2336	2	-1	-1	-1	0
2338	2335	2182	3	-1	-1	-1	0
2392	2232	2231	8	-1	-1	-1	0
2391	2231	2233	8	-1	-1	-1	0
2182	2337	2338	3	-1	-1	-1	0
2232	2393	2235	8	-1	-1	-1	0
2395	2236	2235	8	-1	-1	-1	0
2341	2186	2340	8	-1	-1	-1	0
2236	2396	2237	9	-1	-1	-1	0
2343	2188	2341	0	-1	-1	-1	0
2343	2342	2188	0	-1	-1	-1	0
2237	2397	2239	9	-1	-1	-1	0
2238	2239	2398	9	-1	-1	-1	0
2345	2189	2342	1	-1	-1	-1	0
2233	2252	2391	8	-1	-1	-1	0
2389	2258	2230	8	-1	-1	-1	0
2345	2344	2189	1	-1	-1	-1	0
2240	2400	2241	8	-1	-1	-1	0
2388	2229	2265	8	-1	-1	-1	0
2242	2241	2401	8	-1	-1	-1	0
2340	2194	2350	8	-1	-1	-1	0
2192	2346	2347	8	-1	-1	-1	0
2348	2346	2192	8	-1	-1	-1	0
2243	2242	2403	8	-1	-1	-1	0
2302	2373	2214	8	-1	-1	-1	0
2193	2349	2348	8	-1	-1	-1	0
2351	2194	2347	8	-1	-1	-1	0
2245	2243	2405	8	-1	-1	-1	0
2400	2240	2255	8	-1	-1	-1	0
2194	2351	2350	8	-1	-1	-1	0
2406	2244	2245	8	-1	-1	-1	0
2195	2352	2349	8	-1	-1	-1	0
2358	2199	2339	8	-1	-1	-1	0
2244	2406	2249	8	-1	-1	-1	0
2407	2246	2247	8	-1	-1	-1	0
2196	2354	2352	8	-1	-1	-1	0
2354	2196	2353	8	-1	-1	-1	0
2339	2207	2358	8	-1	-1	-1	0
2248	2409	2247	8	-1	-1	-1	0
2246	2408	2251	8	-1	-1	-1	0
2353	2197	2355	8	-1	-1	-1	0
2249	2410	2248	8	-1	-1	-1	0
2197	2356	2355	8	-1	-1	-1	0
2357	2356	2198	8	-1	-1	-1	0
2358	2357	2199	8	-1	-1	-1	0
2251	2415	2250	8	-1	-1	-1	0
2250	2414	2252	8	-1	-1	-1	0
2360	2201	2359	8	-1	-1	-1	0
2361	2202	2362	8	-1	-1	-1	0
2254	2419	2255	8	-1	-1	-1	0
2254	2256	2418	8	-1	-1	-1	0
2364	2204	2360	8	-1	-1	-1	0
2358	2205	2365	8	-1	-1	-1	0
2363	2362	2203	8	-1	-1	-1	0
2313	2309	2308	8	-1	-1	-1	0
2363	2204	2364	8	-1	-1	-1	0
2256	2257	2418	8	-1	-1	-1	0
2366	2206	2361	8	-1	-1	-1	0
2368	2359	2208	8	-1	-1	-1	0
2258	2422	2257	8	-1	-1	-1	0
2365	2206	2366	8	-1	-1	-1	0
2238	2398	2303	9	-1	-1	-1	0
2208	2367	2368	8	-1	-1	-1	0
2344	2379	2220	2	-1	-1	-1	0
2423	2261	2260	8	-1	-1	-1	0
2367	2210	2369	8	-1	-1	-1	0
2260	2262	2424	8	-1	-1	-1	0
2212	2370	2369	8	-1	-1	-1	0
2262	2263	2426	8	-1	-1	-1	0
2269	2261	2425	8	-1	-1	-1	0
2371	2372	2213	8	-1	-1	-1	0
2371	2214	2374	8	-1	-1	-1	0
2428	2265	2267	8	-1	-1	-1	0
2375	2370	2216	8	-1	-1	-1	0
2373	2374	2214	8	-1	-1	-1	0
2372	2375	2215	8	-1	-1	-1	0
2268	2266	2429	8	-1	-1	-1	0
2266	2269	2429	8	-1	-1	-1	0
2267	2268	2430	8	-1	-1	-1	0
2377	2376	2217	2	-1	-1	-1	0
2378	2377	2219	2	-1	-1	-1	0
2271	2272	2432	8	-1	-1	-1	0
2379	2378	2220	2	-1	-1	-1	0
2434	2272	2273	8	-1	-1	-1	0
2376	2381	2222	3	-1	-1	-1	0
2274	2435	2273	8	-1	-1	-1	0
2433	2278	2271	8	-1	-1	-1	0
2222	2381	2380	3	-1	-1	-1	0
2436	2274	2275	8	-1	-1	-1	0
2223	2380	2382	4	-1	-1	-1	0
2382	2383	2224	5	-1	-1	-1	0
2275	2277	2438	8	-1	-1	-1	0
2439	2277	2276	9	-1	-1	-1	0
2227	2385	2384	6	-1	0	-1	0
2383	2386	2228	6	-1	-1	-1	0
2228	2386	2385	6	-1	0	-1	0
2263	2309	2427	8	-1	-1	-1	0
2279	2441	2280	9	-1	-1	-1	0
2276	2286	2439	9	-1	-1	-1	0
2281	2442	2279	9	-1	-1	-1	0
2388	2387	2229	8	-1	-1	-1	0
2230	2387	2389	8	-1	-1	-1	0
2281	2283	2445	9	-1	-1	-1	0
2433	2299	2278	8	-1	-1	-1	0
2282	2446	2283	9	-1	-1	-1	0
2391	2390	2231	8	-1	-1	-1	0
2282	2284	2446	9	-1	-1	-1	0
2231	2390	2392	8	-1	-1	-1	0
2280	2444	2289	9	-1	-1	-1	0
2394	2232	2392	8	-1	-1	-1	0
2232	2394	2393	8	-1	-1	-1	0
2285	2451	2286	9	-1	-1	-1	0
2285	2287	2450	9	-1	-1	-1	0
2393	2395	2235	8	-1	-1	-1	0
2288	2450	2287	9	-1	-1	-1	0
2395	2396	2236	9	-1	-1	-1	0
2237	2396	2397	9	-1	-1	-1	0
2453	2288	2289	9	-1	-1	-1	0
2341	2340	2350	8	-1	-1	-1	0
2239	2397	2399	9	-1	-1	-1	0
2399	2398	2239	9	-1	-1	-1	0
2291	2290	2456	8	-1	-1	-1	0
2284	2307	2448	9	-1	-1	-1	0
2293	2456	2290	8	-1	-1	-1	0
2457	2292	2291	8	-1	-1	-1	0
2400	2402	2241	8	-1	-1	-1	0
2458	2294	2292	8	-1	-1	-1	0
2401	2241	2402	8	-1	-1	-1	0
2401	2404	2242	8	-1	-1	-1	0
2293	2298	2456	8	-1	-1	-1	0
2295	2294	2460	8	-1	-1	-1	0
2404	2403	2242	8	-1	-1	-1	0
2405	2243	2403	8	-1	-1	-1	0
2463	2296	2295	8	-1	-1	-1	0
2245	2405	2406	8	-1	-1	-1	0
2296	2464	2297	8	-1	-1	-1	0
2414	2391	2252	8	-1	-1	-1	0
2407	2408	2246	8	-1	-1	-1	0
2407	2247	2409	8	-1	-1	-1	0
2466	2302	2297	8	-1	-1	-1	0
2301	2468	2298	8	-1	-1	-1	0
2406	2412	2249	8	-1	-1	-1	0
2300	2299	2469	8	-1	-1	-1	0
2409	2248	2411	8	-1	-1	-1	0
2248	2410	2411	8	-1	-1	-1	0
2422	2258	2389	8	-1	-1	-1	0
2470	2301	2300	8	-1	-1	-1	0
2413	2410	2249	8	-1	-1	-1	0
2412	2413	2249	8	-1	-1	-1	0
2400	2255	2420	8	-1	-1	-1	0
2417	2251	2408	8	-1	-1	-1	0
2415	2414	2250	8	-1	-1	-1	0
2428	2388	2265	8	-1	-1	-1	0
2251	2416	2415	8	-1	-1	-1	0
2306	2303	2475	9	-1	-1	-1	0
2251	2417	2416	8	-1	-1	-1	0
2304	2476	2305	9	-1	-1	-1	0
2306	2477	2304	9	-1	-1	-1	0
2307	2305	2476	9	-1	-1	-1	0
2254	2418	2419	8	-1	-1	-1	0
2419	2420	2255	8	-1	-1	-1	0
2418	2257	2421	8	-1	-1	-1	0
2422	2421	2257	8	-1	-1	-1	0
2482	2311	2310	8	-1	-1	-1	0
2309	2313	2481	8	-1	-1	-1	0
2260	2424	2423	8	-1	-1	-1	0
2484	2312	2311	8	-1	-1	-1	0
2423	2425	2261	8	-1	-1	-1	0
2312	2485	2314	8	-1	-1	-1	0
2262	2426	2424	8	-1	-1	-1	0
2313	2314	2486	8	-1	-1	-1	0
2426	2263	2427	8	-1	-1	-1	0
2310	2326	2483	8	-1	-1	-1	0
2315	2316	2489	6	-1	0	-1	0
2269	2425	2429	8	-1	-1	-1	0
2315	2489	2321	6	-1	-1	-1	0
2430	2428	2267	8	-1	-1	-1	0
2319	2317	2490	5	-1	-1	-1	0
2268	2429	2431	8	-1	-1	-1	0
2320	2491	2318	4	-1	-1	-1	0
2490	2317	2322	5	-1	-1	-1	0
2430	2268	2431	8	-1	-1	-1	0
2319	2492	2320	5	-1	-1	-1	0
2271	2432	2433	8	-1	-1	-1	0
2494	2322	2321	6	-1	-1	-1	0
2272	2434	2432	8	-1	-1	-1	0
2302	2466	2373	8	-1	-1	-1	0
2435	2434	2273	8	-1	-1	-1	0
2323	2324	2496	8	-1	-1	-1	0
2435	2274	2436	8	-1	-1	-1	0
2497	2324	2325	8	-1	-1	-1	0
2491	2337	2318	4	-1	-1	-1	0
2323	2496	2327	8	-1	-1	-1	0
2275	2437	2436	8	-1	-1	-1	0
2275	2438	2437	8	-1	-1	-1	0
2498	2326	2327	8	-1	-1	-1	0
2325	2332	2497	8	-1	-1	-1	0
2440	2438	2277	9	-1	-1	-1	0
2439	2440	2277	9	-1	-1	-1	0
2328	2501	2329	1	-1	-1	-1	0
2441	2279	2442	9	-1	-1	-1	0
2329	2502	2331	1	-1	-1	-1	0
2501	2328	2334	1	-1	-1	-1	0
2331	2503	2330	0	-1	-1	-1	0
2280	2441	2443	9	-1	-1	-1	0
2332	2330	2504	8	-1	-1	-1	0
2443	2444	2280	9	-1	-1	-1	0
2281	2445	2442	9	-1	-1	-1	0
2506	2334	2333	2	-1	-1	-1	0
2283	2447	2445	9	-1	-1	-1	0
2336	2506	2333	2	-1	-1	-1	0
2398	2475	2303	9	-1	-1	-1	0
2283	2446	2447	9	-1	-1	-1	0
2286	2452	2439	9	-1	-1	-1	0
2284	2448	2446	9	-1	-1	-1	0
2335	2508	2336	3	-1	-1	-1	0
2338	2508	2335	3	-1	-1	-1	0
2450	2449	2285	9	-1	-1	-1	0
2451	2285	2449	9	-1	-1	-1	0
2510	2338	2337	4	-1	-1	-1	0
2444	2455	2289	9	-1	-1	-1	0
2286	2451	2452	9	-1	-1	-1	0
2450	2288	2454	9	-1	-1	-1	0
2288	2453	2454	9	-1	-1	-1	0
2341	2512	2343	0	-1	-1	-1	0
2455	2453	2289	9	-1	-1	-1	0
2342	2343	2513	1	-1	-1	-1	0
2342	2513	2345	1	-1	-1	-1	0
2299	2433	2469	8	-1	-1	-1	0
2341	2350	2512	0	-1	-1	-1	0
2291	2456	2457	8	-1	-1	-1	0
2345	2515	2344	2	-1	-1	-1	0
2457	2458	2292	8	-1	-1	-1	0
2517	2347	2346	8	-1	-1	-1	0
2346	2348	2518	8	-1	-1	-1	0
2461	2294	2458	8	-1	-1	-1	0
2460	2294	2459	8	-1	-1	-1	0
2294	2461	2459	8	-1	-1	-1	0
2347	2517	2351	8	-1	-1	-1	0
2519	2348	2349	8	-1	-1	-1	0
2462	2295	2460	8	-1	-1	-1	0
2309	2481	2427	8	-1	-1	-1	0
2295	2462	2463	8	-1	-1	-1	0
2298	2467	2456	8	-1	-1	-1	0
2352	2520	2349	8	-1	-1	-1	0
2522	2350	2351	0	-1	-1	-1	0
2296	2463	2465	8	-1	-1	-1	0
2464	2296	2465	8	-1	-1	-1	0
2466	2297	2464	8	-1	-1	-1	0
2354	2524	2352	8	-1	-1	-1	0
2525	2354	2353	8	-1	-1	-1	0
2467	2298	2468	8	-1	-1	-1	0
2355	2525	2353	8	-1	-1	-1	0
2307	2480	2448	9	-1	-1	-1	0
2344	2515	2379	2	-1	-1	-1	0
2528	2355	2356	8	-1	-1	-1	0
2471	2300	2469	8	-1	-1	-1	0
2471	2470	2300	8	-1	-1	-1	0
2357	2529	2356	8	-1	-1	-1	0
2474	2468	2301	8	-1	-1	-1	0
2301	2470	2472	8	-1	-1	-1	0
2301	2472	2473	8	-1	-1	-1	0
2531	2357	2358	8	-1	-1	-1	0
2301	2473	2474	8	-1	-1	-1	0
2360	2359	2532	8	-1	-1	-1	0
2358	2365	2531	8	-1	-1	-1	0
2304	2477	2476	9	-1	-1	-1	0
2362	2534	2361	8	-1	-1	-1	0
2364	2360	2533	8	-1	-1	-1	0
2475	2478	2306	9	-1	-1	-1	0
2359	2368	2532	8	-1	-1	-1	0
2535	2362	2363	8	-1	-1	-1	0
2534	2366	2361	8	-1	-1	-1	0
2477	2306	2478	9	-1	-1	-1	0
2307	2476	2479	9	-1	-1	-1	0
2364	2536	2363	8	-1	-1	-1	0
2479	2480	2307	9	-1	-1	-1	0
2365	2366	2539	8	-1	-1	-1	0
2482	2310	2483	8	-1	-1	-1	0
2541	2368	2367	8	-1	-1	-1	0
2484	2311	2482	8	-1	-1	-1	0
2369	2541	2367	8	-1	-1	-1	0
2313	2486	2481	8	-1	-1	-1	0
2484	2485	2312	8	-1	-1	-1	0
2369	2370	2544	8	-1	-1	-1	0
2314	2485	2488	8	-1	-1	-1	0
2487	2486	2314	8	-1	-1	-1	0
2487	2314	2488	8	-1	-1	-1	0
2546	2372	2371	8	-1	-1	-1	0
2547	2371	2374	8	-1	-1	-1	0
2370	2375	2545	8	-1	-1	-1	0
2375	2372	2548	8	-1	-1	-1	0
2374	2373	2549	8	-1	-1	-1	0
2492	2319	2490	5	-1	-1	-1	0
2493	2491	2320	5	-1	-1	-1	0
2321	2489	2494	6	-1	0	-1	0
2493	2320	2492	5	-1	-1	-1	0
2377	2552	2376	3	-1	-1	-1	0
2322	2495	2490	6	-1	-1	-1	0
2378	2553	2377	3	-1	-1	-1	0
2483	2326	2499	8	-1	-1	-1	0
2552	2381	2376	3	-1	-1	-1	0
2495	2322	2494	6	-1	-1	0	0
2378	2379	2554	3	-1	-1	-1	0
2381	2556	2380	4	-1	-1	-1	0
2324	2497	2496	8	-1	-1	-1	0
2382	2380	2556	4	-1	-1	-1	0
2496	2500	2327	8	-1	-1	-1	0
2326	2498	2499	8	-1	-1	-1	0
2382	2559	2383	5	-1	-1	-1	0
2327	2500	2498	8	-1	-1	-1	0
2560	2386	2383	6	0	-1	-1	0
2329	2501	2502	1	-1	-1	-1	0
2504	2497	2332	8	-1	-1	-1	0
2388	2561	2387	8	-1	-1	-1	0
2504	2330	2503	0	-1	-1	-1	0
2387	2562	2389	8	-1	-1	-1	0
2331	2502	2505	1	-1	-1	-1	0
2491	2510	2337	4	-1	-1	-1	0
2331	2505	2503	1	-1	-1	-1	0
2334	2507	2501	2	-1	-1	-1	0
2391	2564	2390	8	-1	-1	-1	0
2334	2506	2507	2	-1	-1	-1	0
2390	2566	2392	8	-1	-1	-1	0
2509	2506	2336	3	-1	-1	-1	0
2509	2336	2508	3	-1	-1	-1	0
2567	2394	2392	8	-1	-1	-1	0
2393	2394	2568	8	-1	-1	-1	0
2393	2568	2395	8	-1	-1	-1	0
2508	2338	2511	4	-1	-1	-1	0
2338	2510	2511	4	-1	-1	-1	0
2570	2396	2395	9	-1	-1	-1	0
2571	2397	2396	9	-1	-1	-1	0
2571	2399	2397	9	-1	-1	-1	0
2398	2399	2572	9	-1	-1	-1	0
2514	2343	2512	1	-1	-1	-1	0
2391	2414	2564	8	-1	-1	-1	0
2514	2513	2343	1	-1	-1	-1	0
2562	2422	2389	8	-1	-1	-1	0
2513	2516	2345	2	-1	-1	-1	0
2345	2516	2515	2	-1	-1	-1	0
2400	2576	2402	8	-1	-1	-1	0
2428	2563	2388	8	-1	-1	-1	0
2467	2457	2456	8	-1	-1	-1	0
2402	2578	2401	8	-1	-1	-1	0
2517	2346	2518	8	-1	-1	-1	0
2404	2401	2577	8	-1	-1	-1	0
2522	2512	2350	0	-1	-1	-1	0
2348	2519	2518	8	-1	-1	-1	0
2581	2403	2404	8	-1	-1	-1	0
2466	2549	2373	8	-1	-1	-1	0
2405	2403	2580	8	-1	-1	-1	0
2521	2519	2349	8	-1	-1	-1	0
2521	2349	2520	8	-1	-1	-1	0
2517	2523	2351	0	-1	-1	-1	0
2405	2584	2406	8	-1	-1	-1	0
2524	2520	2352	8	-1	-1	-1	0
2576	2400	2420	8	-1	-1	-1	0
2522	2351	2523	0	-1	-1	-1	0
2407	2587	2408	8	-1	-1	-1	0
2407	2409	2587	8	-1	-1	-1	0
2406	2585	2412	8	-1	-1	-1	0
2524	2354	2526	8	-1	-1	-1	0
2354	2525	2526	8	-1	-1	-1	0
2525	2355	2527	8	-1	-1	-1	0
2409	2411	2590	8	-1	-1	-1	0
2528	2527	2355	8	-1	-1	-1	0
2411	2410	2591	8	-1	-1	-1	0
2588	2417	2408	8	-1	-1	-1	0
2528	2356	2529	8	-1	-1	-1	0
2413	2592	2410	8	-1	-1	-1	0
2530	2529	2357	8	-1	-1	-1	0
2531	2530	2357	8	-1	-1	-1	0
2594	2413	2412	8	-1	-1	-1	0
2360	2532	2533	8	-1	-1	-1	0
2415	2598	2414	8	-1	-1	-1	0
2599	2415	2416	8	-1	-1	-1	0
2362	2535	2534	8	-1	-1	-1	0
2600	2416	2417	8	-1	-1	-1	0
2533	2537	2364	8	-1	-1	-1	0
2363	2536	2535	8	-1	-1	-1	0
2539	2531	2365	8	-1	-1	-1	0
2364	2538	2536	8	-1	-1	-1	0
2364	2537	2538	8	-1	-1	-1	0
2418	2603	2419	8	-1	-1	-1	0
2540	2366	2534	8	-1	-1	-1	0
2418	2421	2603	8	-1	-1	-1	0
2368	2543	2532	8	-1	-1	-1	0
2420	2419	2604	8	-1	-1	-1	0
2539	2366	2540	8	-1	-1	-1	0
2398	2572	2475	9	-1	-1	-1	0
2421	2422	2605	8	-1	-1	-1	0
2515	2555	2379	3	-1	-1	-1	0
2368	2541	2542	8	-1	-1	-1	0
2368	2542	2543	8	-1	-1	-1	0
2544	2541	2369	8	-1	-1	-1	0
2424	2608	2423	8	-1	-1	-1	0
2423	2609	2425	8	-1	-1	-1	0
2370	2545	2544	8	-1	-1	-1	0
2610	2424	2426	8	-1	-1	-1	0
2547	2546	2371	8	-1	-1	-1	0
2548	2372	2546	8	-1	-1	-1	0
2425	2612	2429	8	-1	-1	-1	0
2427	2615	2426	8	-1	-1	-1	0
2375	2551	2545	8	-1	-1	-1	0
2550	2547	2374	8	-1	-1	-1	0
2612	2431	2429	8	-1	-1	-1	0
2550	2374	2549	8	-1	-1	-1	0
2428	2430	2616	8	-1	-1	-1	0
2548	2551	2375	8	-1	-1	-1	0
2618	2430	2431	8	-1	-1	-1	0
2552	2377	2553	3	-1	-1	-1	0
2433	2432	2620	8	-1	-1	-1	0
2553	2378	2554	3	-1	-1	-1	0
2432	2434	2621	8	-1	-1	-1	0
2554	2379	2555	3	-1	-1	-1	0
2558	2381	2552	4	-1	-1	-1	0
2622	2434	2435	8	-1	-1	-1	0
2557	2556	2381	4	-1	-1	-1	0
2623	2435	2436	8	-1	-1	-1	0
2381	2558	2557	4	-1	-1	-1	0
2556	2559	2382	5	-1	-1	-1	0
2624	2436	2437	8	-1	-1	-1	0
2625	2437	2438	8	-1	-1	-1	0
2559	2560	2383	6	-1	-1	-1	0
2626	2438	2440	9	-1	-1	-1	0
2439	2627	2440	9	-1	-1	-1	0
2387	2561	2562	8	-1	-1	-1	0
2442	2629	2441	9	-1	-1	-1	0
2563	2561	2388	8	-1	-1	-1	0
2441	2630	2443	9	-1	-1	-1	0
2627	2439	2452	9	-1	-1	-1	0
2390	2564	2565	8	-1	-1	-1	0
2633	2442	2445	9	-1	-1	-1	0
2444	2443	2634	9	-1	-1	-1	0
2390	2565	2566	8	-1	-1	-1	0
2469	2433	2620	8	-1	-1	-1	0
2481	2615	2427	8	-1	-1	-1	0
2445	2447	2633	9	-1	-1	-1	0
2567	2392	2566	8	-1	-1	-1	0
2572	2478	2475	9	-1	-1	-1	0
2569	2394	2567	8	-1	-1	-1	0
2447	2446	2637	9	-1	-1	-1	0
2448	2637	2446	9	-1	-1	-1	0
2394	2569	2568	8	-1	-1	-1	0
2568	2570	2395	9	-1	-1	-1	0
2444	2636	2455	9	-1	-1	-1	0
2396	2570	2571	9	-1	-1	-1	0
2640	2449	2450	9	-1	-1	-1	0
2451	2449	2639	9	-1	-1	-1	0
2454	2640	2450	9	-1	-1	-1	0
2399	2571	2575	9	-1	-1	-1	0
2452	2451	2642	9	-1	-1	-1	0
2574	2572	2399	9	-1	-1	-1	0
2574	2399	2573	9	-1	-1	-1	0
2399	2575	2573	9	-1	-1	-1	0
2644	2454	2453	9	-1	-1	-1	0
2644	2453	2455	9	-1	-1	-1	0
2578	2577	2401	8	-1	-1	-1	0
2576	2579	2402	8	-1	-1	-1	0
2579	2578	2402	8	-1	-1	-1	0
2457	2646	2458	8	-1	-1	-1	0
2577	2582	2404	8	-1	-1	-1	0
2403	2581	2580	8	-1	-1	-1	0
2646	2461	2458	8	-1	-1	-1	0
2480	2638	2448	9	-1	-1	-1	0
2459	2647	2460	8	-1	-1	-1	0
2461	2648	2459	8	-1	-1	-1	0
2583	2581	2404	8	-1	-1	-1	0
2404	2582	2583	8	-1	-1	-1	0
2405	2580	2584	8	-1	-1	-1	0
2646	2457	2467	8	-1	-1	-1	0
2460	2649	2462	8	-1	-1	-1	0
2406	2584	2586	8	-1	-1	-1	0
2463	2462	2651	8	-1	-1	-1	0
2598	2564	2414	8	-1	-1	-1	0
2585	2406	2586	8	-1	-1	-1	0
2526	2525	2527	8	-1	-1	-1	0
2463	2653	2465	8	-1	-1	-1	0
2615	2481	2486	8	-1	-1	-1	0
2408	2587	2588	8	-1	-1	-1	0
2655	2464	2465	8	-1	-1	-1	0
2654	2466	2464	8	-1	-1	-1	0
2589	2587	2409	8	-1	-1	-1	0
2590	2589	2409	8	-1	-1	-1	0
2606	2422	2562	8	-1	-1	-1	0
2594	2412	2585	8	-1	-1	-1	0
2468	2658	2467	8	-1	-1	-1	0
2410	2592	2591	8	-1	-1	-1	0
2593	2590	2411	8	-1	-1	-1	0
2591	2593	2411	8	-1	-1	-1	0
2576	2420	2604	8	-1	-1	-1	0
2660	2471	2469	8	-1	-1	-1	0
2474	2659	2468	8	-1	-1	-1	0
2596	2592	2413	8	-1	-1	-1	0
2594	2595	2413	8	-1	-1	-1	0
2472	2470	2661	8	-1	-1	-1	0
2662	2470	2471	8	-1	-1	-1	0
2597	2413	2595	8	-1	-1	-1	0
2534	2535	2536	8	-1	-1	-1	0
2597	2596	2413	8	-1	-1	-1	0
2588	2602	2417	8	-1	-1	-1	0
2428	2616	2563	8	-1	-1	-1	0
2543	2533	2532	8	-1	-1	-1	0
2472	2665	2473	8	-1	-1	-1	0
2598	2415	2599	8	-1	-1	-1	0
2666	2474	2473	8	-1	-1	-1	0
2416	2601	2599	8	-1	-1	-1	0
2601	2416	2600	8	-1	-1	-1	0
2417	2602	2600	8	-1	-1	-1	0
2667	2476	2477	9	-1	-1	-1	0
2476	2667	2479	9	-1	-1	-1	0
2668	2477	2478	9	-1	-1	-1	0
2603	2604	2419	8	-1	-1	-1	0
2421	2605	2603	8	-1	-1	-1	0
2479	2671	2480	8	-1	-1	-1	0
2607	2605	2422	8	-1	-1	-1	0
2606	2607	2422	8	-1	-1	-1	0
2483	2673	2482	8	-1	-1	-1	0
2482	2674	2484	8	-1	-1	-1	0
2609	2423	2608	8	-1	-1	-1	0
2424	2611	2608	8	-1	-1	-1	0
2611	2424	2610	8	-1	-1	-1	0
2677	2485	2484	8	-1	-1	-1	0
2609	2613	2425	8	-1	-1	-1	0
2677	2488	2485	8	-1	-1	-1	0
2610	2426	2615	8	-1	-1	-1	0
2486	2487	2678	8	-1	-1	-1	0
2614	2612	2425	8	-1	-1	-1	0
2425	2613	2614	8	-1	-1	-1	0
2488	2679	2487	8	-1	-1	-1	0
2499	2675	2483	8	-1	-1	-1	0
2619	2431	2612	8	-1	-1	-1	0
2430	2617	2616	8	-1	-1	-1	0
2490	2682	2492	6	-1	-1	-1	0
2430	2618	2617	8	-1	-1	-1	0
2683	2491	2493	5	-1	-1	-1	0
2490	2495	2682	6	-1	0	-1	0
2618	2431	2619	8	-1	-1	-1	0
2492	2684	2493	6	-1	-1	-1	0
2466	2654	2549	8	-1	-1	-1	0
2621	2620	2432	8	-1	-1	-1	0
2622	2621	2434	8	-1	-1	-1	0
2435	2623	2622	8	-1	-1	-1	0
2496	2497	2687	8	-1	-1	-1	0
2496	2686	2500	8	-1	-1	-1	0
2623	2436	2624	8	-1	-1	-1	0
2510	2491	2683	5	-1	-1	-1	0
2689	2499	2498	8	-1	-1	-1	0
2624	2437	2625	8	-1	-1	-1	0
2688	2498	2500	8	-1	-1	-1	0
2504	2687	2497	8	-1	-1	-1	0
2438	2626	2625	9	-1	-1	-1	0
2628	2626	2440	9	-1	-1	-1	0
2691	2502	2501	2	-1	-1	-1	0
2627	2628	2440	9	-1	-1	-1	0
2502	2692	2505	2	-1	-1	-1	0
2507	2691	2501	2	-1	-1	-1	0
2504	2503	2693	0	-1	-1	-1	0
2629	2631	2441	9	-1	-1	-1	0
2631	2630	2441	9	-1	-1	-1	0
2694	2503	2505	1	-1	-1	-1	0
2632	2629	2442	9	-1	-1	-1	0
2632	2442	2633	9	-1	-1	-1	0
2443	2630	2635	9	-1	-1	-1	0
2507	2506	2696	3	-1	-1	-1	0
2509	2696	2506	3	-1	-1	-1	0
2635	2634	2443	9	-1	-1	-1	0
2444	2634	2636	9	-1	-1	-1	0
2508	2698	2509	4	-1	-1	-1	0
2447	2637	2633	9	-1	-1	-1	0
2508	2511	2698	4	-1	-1	-1	0
2668	2478	2572	9	-1	-1	-1	0
2510	2700	2511	5	-1	-1	-1	0
2452	2642	2627	9	-1	-1	-1	0
2448	2638	2637	9	-1	-1	-1	0
2565	2564	2598	8	-1	-1	-1	0
2514	2512	2702	1	-1	-1	-1	0
2640	2639	2449	9	-1	-1	-1	0
2513	2514	2703	2	-1	-1	-1	0
2639	2641	2451	9	-1	-1	-1	0
2703	2516	2513	2	-1	-1	-1	0
2643	2451	2641	9	-1	-1	-1	0
2644	2455	2636	9	-1	-1	-1	0
2516	2705	2515	3	-1	-1	-1	0
2642	2451	2643	9	-1	-1	-1	0
2522	2702	2512	1	-1	-1	-1	0
2645	2640	2454	9	-1	-1	-1	0
2517	2518	2707	0	-1	-1	-1	0
2644	2645	2454	9	-1	-1	-1	0
2708	2518	2519	0	-1	-1	-1	0
2523	2517	2707	0	-1	-1	-1	0
2709	2519	2521	0	-1	-1	-1	0
2469	2620	2660	8	-1	-1	-1	0
2521	2520	2710	8	-1	-1	-1	0
2647	2459	2648	8	-1	-1	-1	0
2524	2710	2520	8	-1	-1	-1	0
2649	2460	2647	8	-1	-1	-1	0
2646	2650	2461	8	-1	-1	-1	0
2522	2523	2712	1	-1	-1	-1	0
2461	2650	2648	8	-1	-1	-1	0
2651	2462	2649	8	-1	-1	-1	0
2589	2588	2587	8	-1	-1	-1	0
2524	2526	2714	8	-1	-1	-1	0
2651	2652	2463	8	-1	-1	-1	0
2652	2653	2463	8	-1	-1	-1	0
2526	2527	2717	8	-1	-1	-1	0
2467	2658	2646	8	-1	-1	-1	0
2655	2654	2464	8	-1	-1	-1	0
2528	2719	2527	8	-1	-1	-1	0
2656	2465	2653	8	-1	-1	-1	0
2515	2705	2555	3	-1	-1	-1	0
2720	2528	2529	8	-1	-1	-1	0
2657	2655	2465	8	-1	-1	-1	0
2659	2474	2645	8	-1	-1	-1	0
2465	2656	2657	8	-1	-1	-1	0
2720	2529	2530	8	-1	-1	-1	0
2678	2615	2486	8	-1	-1	-1	0
2530	2531	2722	8	-1	-1	-1	0
2474	2666	2645	8	-1	-1	-1	0
2658	2468	2659	8	-1	-1	-1	0
2638	2480	2672	8	-1	-1	-1	0
2531	2539	2722	8	-1	-1	-1	0
2470	2662	2661	8	-1	-1	-1	0
2660	2663	2471	8	-1	-1	-1	0
2724	2537	2533	8	-1	-1	-1	0
2536	2725	2534	8	-1	-1	-1	0
2471	2664	2662	8	-1	-1	-1	0
2663	2664	2471	8	-1	-1	-1	0
2472	2661	2665	8	-1	-1	-1	0
2723	2533	2543	8	-1	-1	-1	0
2725	2540	2534	8	-1	-1	-1	0
2727	2536	2538	8	-1	-1	-1	0
2537	2728	2538	8	-1	-1	-1	0
2665	2666	2473	8	-1	-1	-1	0
2542	2723	2543	8	-1	-1	-1	0
2539	2540	2730	8	-1	-1	-1	0
2669	2667	2477	9	-1	-1	-1	0
2572	2574	2668	9	-1	-1	-1	0
2477	2668	2669	9	-1	-1	-1	0
2667	2670	2479	8	-1	-1	-1	0
2541	2734	2542	8	-1	-1	-1	0
2544	2733	2541	8	-1	-1	-1	0
2479	2670	2671	8	-1	-1	-1	0
2544	2545	2733	8	-1	-1	-1	0
2671	2672	2480	8	-1	-1	-1	0
2674	2482	2673	8	-1	-1	-1	0
2547	2737	2546	8	-1	-1	-1	0
2548	2546	2737	8	-1	-1	-1	0
2675	2673	2483	8	-1	-1	-1	0
2736	2545	2551	8	-1	-1	-1	0
2484	2674	2676	8	-1	-1	-1	0
2550	2738	2547	8	-1	-1	-1	0
2676	2677	2484	8	-1	-1	-1	0
2740	2551	2548	8	-1	-1	-1	0
2549	2741	2550	8	-1	-1	-1	0
2679	2678	2487	8	-1	-1	-1	0
2614	2619	2612	8	-1	-1	-1	0
2681	2488	2677	8	-1	-1	-1	0
2552	2553	2742	4	-1	-1	-1	0
2679	2488	2680	8	-1	-1	-1	0
2488	2681	2680	8	-1	-1	-1	0
2743	2553	2554	4	-1	-1	-1	0
2552	2742	2558	4	-1	-1	-1	0
2592	2670	2591	8	-1	-1	-1	0
2555	2744	2554	4	-1	-1	-1	0
2684	2492	2682	6	-1	-1	0	0
2596	2671	2592	8	-1	-1	-1	0
2557	2746	2556	5	-1	-1	-1	0
2556	2746	2559	5	-1	-1	-1	0
2493	2685	2683	6	-1	-1	-1	0
2493	2684	2685	6	-1	0	-1	0
2557	2558	2747	5	-1	-1	-1	0
2690	2675	2499	8	-1	-1	-1	0
2749	2560	2559	6	0	-1	-1	0
2687	2686	2496	8	-1	-1	-1	0
2562	2561	2750	8	-1	-1	-1	0
2686	2688	2500	8	-1	-1	-1	0
2498	2688	2689	8	-1	-1	-1	0
2751	2561	2563	8	-1	-1	-1	0
2499	2689	2690	8	-1	-1	-1	0
2565	2752	2566	8	-1	-1	-1	0
2693	2687	2504	0	-1	-1	-1	0
2692	2502	2691	2	-1	-1	-1	0
2754	2567	2566	8	-1	-1	-1	0
2503	2694	2693	1	-1	-1	-1	0
2567	2756	2569	8	-1	-1	-1	0
2695	2505	2692	2	-1	-1	-1	0
2700	2510	2683	5	-1	-1	-1	0
2569	2757	2568	9	-1	-1	-1	0
2695	2694	2505	2	-1	-1	-1	0
2697	2691	2507	3	-1	-1	-1	0
2757	2570	2568	9	-1	-1	-1	0
2757	2571	2570	9	-1	-1	-1	0
2697	2507	2696	3	-1	-1	-1	0
2509	2699	2696	4	-1	-1	-1	0
2698	2699	2509	4	-1	-1	-1	0
2575	2571	2760	9	-1	-1	-1	0
2574	2573	2762	9	-1	-1	-1	0
2698	2511	2701	5	-1	-1	-1	0
2763	2573	2575	9	-1	-1	-1	0
2701	2511	2700	5	-1	-1	-1	0
2753	2565	2598	8	-1	-1	-1	0
2750	2606	2562	8	-1	-1	-1	0
2702	2704	2514	2	-1	-1	-1	0
2704	2703	2514	2	-1	-1	-1	0
2576	2767	2579	8	-1	-1	-1	0
2768	2577	2578	8	-1	-1	-1	0
2706	2516	2703	3	-1	-1	-1	0
2706	2705	2516	3	-1	-1	-1	0
2578	2579	2771	8	-1	-1	-1	0
2582	2577	2769	8	-1	-1	-1	0
2616	2751	2563	8	-1	-1	-1	0
2650	2644	2636	8	-1	-1	-1	0
2670	2592	2671	8	-1	-1	-1	0
2707	2518	2708	0	-1	-1	-1	0
2650	2636	2648	8	-1	-1	-1	0
2581	2775	2580	8	-1	-1	-1	0
2709	2708	2519	0	-1	-1	-1	0
2712	2702	2522	1	-1	-1	-1	0
2584	2580	2774	8	-1	-1	-1	0
2672	2671	2596	8	-1	-1	-1	0
2776	2581	2583	8	-1	-1	-1	0
2521	2711	2709	0	-1	-1	-1	0
2711	2521	2710	0	-1	-1	-1	0
2583	2582	2777	8	-1	-1	-1	0
2523	2707	2713	1	-1	-1	-1	0
2654	2741	2549	8	-1	-1	-1	0
2643	2641	2661	9	-1	-1	-1	0
2641	2639	2665	9	-1	-1	-1	0
2666	2639	2640	9	-1	-1	-1	0
2767	2576	2604	8	-1	-1	-1	0
2523	2713	2712	1	-1	-1	-1	0
2659	2645	2644	8	-1	-1	-1	0
2524	2715	2710	8	-1	-1	-1	0
2586	2584	2780	8	-1	-1	-1	0
2599	2753	2598	8	-1	-1	-1	0
2645	2666	2640	9	-1	-1	-1	0
2585	2586	2781	8	-1	-1	-1	0
2715	2524	2714	8	-1	-1	-1	0
2644	2650	2659	8	-1	-1	-1	0
2650	2646	2658	8	-1	-1	-1	0
2716	2714	2526	8	-1	-1	-1	0
2526	2717	2716	8	-1	-1	-1	0
2588	2589	2782	8	-1	-1	-1	0
2781	2594	2585	8	-1	-1	-1	0
2590	2783	2589	8	-1	-1	-1	0
2718	2717	2527	8	-1	-1	-1	0
2718	2527	2719	8	-1	-1	-1	0
2662	2643	2661	9	-1	-1	-1	0
2661	2641	2665	9	-1	-1	-1	0
2590	2593	2784	8	-1	-1	-1	0
2659	2650	2658	8	-1	-1	-1	0
2719	2528	2721	8	-1	-1	-1	0
2528	2720	2721	8	-1	-1	-1	0
2786	2593	2591	8	-1	-1	-1	0
2665	2639	2666	9	-1	-1	-1	0
2602	2588	2782	8	-1	-1	-1	0
2720	2530	2722	8	-1	-1	-1	0
2594	2789	2595	8	-1	-1	-1	0
2533	2723	2724	8	-1	-1	-1	0
2789	2597	2595	8	-1	-1	-1	0
2790	2596	2597	8	-1	-1	-1	0
2726	2725	2536	8	-1	-1	-1	0
2728	2537	2724	8	-1	-1	-1	0
2727	2726	2536	8	-1	-1	-1	0
2539	2730	2722	8	-1	-1	-1	0
2794	2599	2601	8	-1	-1	-1	0
2538	2729	2727	8	-1	-1	-1	0
2728	2729	2538	8	-1	-1	-1	0
2600	2795	2601	8	-1	-1	-1	0
2795	2600	2602	8	-1	-1	-1	0
2732	2540	2725	8	-1	-1	-1	0
2734	2723	2542	8	-1	-1	-1	0
2540	2731	2730	8	-1	-1	-1	0
2540	2732	2731	8	-1	-1	-1	0
2555	2705	2745	4	-1	-1	-1	0
2603	2799	2604	8	-1	-1	-1	0
2574	2764	2668	9	-1	-1	-1	0
2603	2605	2799	8	-1	-1	-1	0
2734	2541	2733	8	-1	-1	-1	0
2801	2605	2607	8	-1	-1	-1	0
2733	2545	2735	8	-1	-1	-1	0
2606	2802	2607	8	-1	-1	-1	0
2736	2735	2545	8	-1	-1	-1	0
2609	2608	2804	8	-1	-1	-1	0
2738	2737	2547	8	-1	-1	-1	0
2611	2804	2608	8	-1	-1	-1	0
2739	2548	2737	8	-1	-1	-1	0
2805	2613	2609	8	-1	-1	-1	0
2611	2610	2806	8	-1	-1	-1	0
2551	2740	2736	8	-1	-1	-1	0
2548	2739	2740	8	-1	-1	-1	0
2741	2738	2550	8	-1	-1	-1	0
2806	2610	2615	8	-1	-1	-1	0
2809	2614	2613	8	-1	-1	-1	0
2553	2743	2742	4	-1	-1	-1	0
2554	2744	2743	4	-1	-1	-1	0
2810	2619	2614	8	-1	-1	-1	0
2555	2745	2744	4	-1	-1	-1	0
2616	2617	2814	8	-1	-1	-1	0
2670	2786	2591	8	-1	-1	-1	0
2748	2558	2742	5	-1	-1	-1	0
2557	2747	2746	5	-1	-1	-1	0
2815	2617	2618	8	-1	-1	-1	0
2816	2618	2619	8	-1	-1	-1	0
2748	2747	2558	5	-1	-1	-1	0
2749	2559	2746	6	-1	-1	-1	0
2672	2596	2790	8	-1	-1	-1	0
2620	2621	2817	8	-1	-1	-1	0
2622	2818	2621	8	-1	-1	-1	0
2751	2750	2561	8	-1	-1	-1	0
2622	2623	2820	8	-1	-1	-1	0
2624	2821	2623	8	-1	-1	-1	0
2752	2565	2753	8	-1	-1	-1	0
2822	2624	2625	8	-1	-1	-1	0
2566	2752	2754	8	-1	-1	-1	0
2823	2625	2626	9	-1	-1	-1	0
2754	2755	2567	8	-1	-1	-1	0
2626	2628	2824	9	-1	-1	-1	0
2755	2756	2567	8	-1	-1	-1	0
2825	2628	2627	9	-1	-1	-1	0
2758	2757	2569	9	-1	-1	-1	0
2759	2569	2756	9	-1	-1	-1	0
2569	2759	2758	9	-1	-1	-1	0
2631	2629	2827	9	-1	-1	-1	0
2632	2827	2629	9	-1	-1	-1	0
2631	2828	2630	9	-1	-1	-1	0
2761	2571	2757	9	-1	-1	-1	0
2760	2571	2761	9	-1	-1	-1	0
2825	2627	2642	9	-1	-1	-1	0
2635	2630	2829	9	-1	-1	-1	0
2660	2620	2817	8	-1	-1	-1	0
2833	2632	2633	9	-1	-1	-1	0
2763	2762	2573	9	-1	-1	-1	0
2574	2762	2764	9	-1	-1	-1	0
2575	2760	2766	9	-1	-1	-1	0
2668	2764	2669	9	-1	-1	-1	0
2575	2765	2763	9	-1	-1	-1	0
2615	2678	2811	8	-1	-1	-1	0
2634	2635	2835	9	-1	-1	-1	0
2633	2637	2834	9	-1	-1	-1	0
2636	2634	2835	9	-1	-1	-1	0
2765	2575	2766	9	-1	-1	-1	0
2638	2834	2637	9	-1	-1	-1	0
2768	2770	2577	8	-1	-1	-1	0
2577	2770	2769	8	-1	-1	-1	0
2772	2768	2578	8	-1	-1	-1	0
2648	2636	2835	8	-1	-1	-1	0
2579	2767	2773	8	-1	-1	-1	0
2771	2772	2578	8	-1	-1	-1	0
2669	2786	2667	8	-1	-1	-1	0
2771	2579	2773	8	-1	-1	-1	0
2670	2667	2786	8	-1	-1	-1	0
2643	2839	2642	9	-1	-1	-1	0
2582	2769	2777	8	-1	-1	-1	0
2774	2580	2775	8	-1	-1	-1	0
2581	2776	2775	8	-1	-1	-1	0
2648	2840	2647	8	-1	-1	-1	0
2778	2776	2583	8	-1	-1	-1	0
2774	2779	2584	8	-1	-1	-1	0
2647	2842	2649	8	-1	-1	-1	0
2777	2778	2583	8	-1	-1	-1	0
2780	2584	2779	8	-1	-1	-1	0
2649	2843	2651	8	-1	-1	-1	0
2839	2643	2662	9	-1	-1	-1	0
2599	2794	2753	8	-1	-1	-1	0
2781	2586	2780	8	-1	-1	-1	0
2844	2652	2651	8	-1	-1	-1	0
2838	2638	2672	8	-1	-1	-1	0
2652	2845	2653	8	-1	-1	-1	0
2782	2589	2783	8	-1	-1	-1	0
2847	2656	2653	8	-1	-1	-1	0
2848	2654	2655	8	-1	-1	-1	0
2785	2783	2590	8	-1	-1	-1	0
2802	2606	2750	8	-1	-1	-1	0
2785	2590	2784	8	-1	-1	-1	0
2657	2850	2655	8	-1	-1	-1	0
2593	2786	2784	8	-1	-1	-1	0
2594	2781	2788	8	-1	-1	-1	0
2657	2656	2852	8	-1	-1	-1	0
2787	2594	2788	8	-1	-1	-1	0
2787	2789	2594	8	-1	-1	-1	0
2800	2767	2604	8	-1	-1	-1	0
2854	2663	2660	8	-1	-1	-1	0
2597	2789	2792	8	-1	-1	-1	0
2616	2813	2751	8	-1	-1	-1	0
2597	2793	2790	8	-1	-1	-1	0
2597	2792	2791	8	-1	-1	-1	0
2855	2662	2664	9	-1	-1	-1	0
2602	2782	2797	8	-1	-1	-1	0
2793	2597	2791	8	-1	-1	-1	0
2856	2664	2663	8	-1	-1	-1	0
2601	2796	2794	8	-1	-1	-1	0
2795	2796	2601	8	-1	-1	-1	0
2798	2795	2602	8	-1	-1	-1	0
2602	2797	2798	8	-1	-1	-1	0
2604	2799	2800	8	-1	-1	-1	0
2799	2605	2801	8	-1	-1	-1	0
2858	2674	2673	8	-1	-1	-1	0
2858	2673	2675	8	-1	-1	-1	0
2674	2859	2676	8	-1	-1	-1	0
2803	2801	2607	8	-1	-1	-1	0
2607	2802	2803	8	-1	-1	-1	0
2862	2677	2676	8	-1	-1	-1	0
2764	2784	2669	8	-1	-1	-1	0
2609	2804	2805	8	-1	-1	-1	0
2681	2677	2862	8	-1	-1	-1	0
2678	2679	2864	8	-1	-1	-1	0
2611	2807	2804	8	-1	-1	-1	0
2680	2865	2679	8	-1	-1	-1	0
2611	2806	2808	8	-1	-1	-1	0
2807	2611	2808	8	-1	-1	-1	0
2861	2675	2690	8	-1	-1	-1	0
2681	2866	2680	8	-1	-1	-1	0
2805	2809	2613	8	-1	-1	-1	0
2615	2811	2806	8	-1	-1	-1	0
2614	2809	2810	8	-1	-1	-1	0
2683	2685	2869	6	-1	0	-1	0
2669	2784	2786	8	-1	-1	-1	0
2616	2812	2813	8	-1	-1	-1	0
2812	2616	2814	8	-1	-1	-1	0
2686	2687	2870	0	-1	-1	-1	0
2654	2848	2741	8	-1	-1	-1	0
2688	2686	2871	0	-1	-1	-1	0
2619	2810	2816	8	-1	-1	-1	0
2617	2815	2814	8	-1	-1	-1	0
2688	2872	2689	0	-1	-1	-1	0
2816	2815	2618	8	-1	-1	-1	0
2870	2687	2693	0	-1	-1	-1	0
2873	2690	2689	0	-1	-1	-1	0
2683	2869	2700	6	-1	-1	-1	0
2819	2817	2621	8	-1	-1	-1	0
2818	2819	2621	8	-1	-1	-1	0
2691	2875	2692	3	-1	-1	-1	0
2818	2622	2820	8	-1	-1	-1	0
2692	2876	2695	3	-1	-1	-1	0
2875	2691	2697	3	-1	-1	-1	0
2877	2693	2694	1	-1	-1	-1	0
2623	2821	2820	8	-1	-1	-1	0
2694	2695	2878	2	-1	-1	-1	0
2624	2822	2821	8	-1	-1	-1	0
2823	2822	2625	9	-1	-1	-1	0
2823	2626	2824	9	-1	-1	-1	0
2696	2880	2697	4	-1	-1	-1	0
2696	2699	2880	4	-1	-1	-1	0
2757	2758	2761	9	-1	-1	-1	0
2824	2628	2826	9	-1	-1	-1	0
2628	2825	2826	9	-1	-1	-1	0
2698	2882	2699	5	-1	-1	-1	0
2698	2701	2882	5	-1	-1	-1	0
2700	2884	2701	6	-1	-1	-1	0
2829	2630	2828	9	-1	-1	-1	0
2827	2830	2631	9	-1	-1	-1	0
2831	2828	2631	9	-1	-1	-1	0
2832	2827	2632	9	-1	-1	-1	0
2830	2831	2631	9	-1	-1	-1	0
2886	2704	2702	2	-1	-1	-1	0
2887	2703	2704	3	-1	-1	-1	0
2703	2887	2706	3	-1	-1	-1	0
2832	2632	2833	9	-1	-1	-1	0
2889	2705	2706	4	-1	-1	-1	0
2790	2838	2672	8	-1	-1	-1	0
2834	2833	2633	9	-1	-1	-1	0
2886	2702	2712	2	-1	-1	-1	0
2635	2829	2836	9	-1	-1	-1	0
2707	2708	2891	1	-1	-1	-1	0
2839	2825	2642	9	-1	-1	-1	0
2837	2835	2635	9	-1	-1	-1	0
2836	2837	2635	9	-1	-1	-1	0
2708	2709	2892	1	-1	-1	-1	0
2638	2838	2834	8	-1	-1	-1	0
2712	2713	2886	2	-1	-1	-1	0
2762	2785	2764	8	-1	-1	-1	0
2707	2891	2713	1	-1	-1	-1	0
2893	2709	2711	1	-1	-1	-1	0
2894	2711	2710	0	-1	-1	-1	0
2715	2894	2710	0	-1	-1	-1	0
2835	2840	2648	8	-1	-1	-1	0
2714	2897	2715	8	-1	-1	-1	0
2716	2897	2714	8	-1	-1	-1	0
2841	2647	2840	8	-1	-1	-1	0
2842	2647	2841	8	-1	-1	-1	0
2817	2854	2660	8	-1	-1	-1	0
2716	2717	2899	8	-1	-1	-1	0
2764	2785	2784	8	-1	-1	-1	0
2842	2843	2649	8	-1	-1	-1	0
2718	2900	2717	8	-1	-1	-1	0
2843	2844	2651	8	-1	-1	-1	0
2889	2745	2705	4	-1	-1	-1	0
2902	2718	2719	8	-1	-1	-1	0
2652	2844	2846	8	-1	-1	-1	0
2652	2846	2845	8	-1	-1	-1	0
2903	2719	2721	8	-1	-1	-1	0
2847	2653	2845	8	-1	-1	-1	0
2904	2721	2720	8	-1	-1	-1	0
2905	2720	2722	8	-1	-1	-1	0
2848	2655	2849	8	-1	-1	-1	0
2851	2656	2847	8	-1	-1	-1	0
2863	2811	2678	8	-1	-1	-1	0
2655	2850	2849	8	-1	-1	-1	0
2662	2855	2839	9	-1	-1	-1	0
2909	2724	2723	8	-1	-1	-1	0
2905	2722	2730	8	-1	-1	-1	0
2852	2656	2851	8	-1	-1	-1	0
2850	2657	2853	8	-1	-1	-1	0
2657	2852	2853	8	-1	-1	-1	0
2910	2728	2724	8	-1	-1	-1	0
2911	2725	2726	8	-1	-1	-1	0
2727	2912	2726	8	-1	-1	-1	0
2909	2723	2734	8	-1	-1	-1	0
2725	2911	2732	8	-1	-1	-1	0
2729	2913	2727	8	-1	-1	-1	0
2728	2915	2729	8	-1	-1	-1	0
2663	2854	2856	8	-1	-1	-1	0
2664	2857	2855	9	-1	-1	-1	0
2856	2857	2664	9	-1	-1	-1	0
2731	2916	2730	8	-1	-1	-1	0
2917	2731	2732	8	-1	-1	-1	0
2733	2919	2734	8	-1	-1	-1	0
2919	2733	2735	8	-1	-1	-1	0
2674	2858	2859	8	-1	-1	-1	0
2736	2920	2735	8	-1	-1	-1	0
2858	2675	2860	8	-1	-1	-1	0
2675	2861	2860	8	-1	-1	-1	0
2862	2676	2859	8	-1	-1	-1	0
2736	2740	2922	8	-1	-1	-1	0
2923	2737	2738	8	-1	-1	-1	0
2737	2923	2739	8	-1	-1	-1	0
2738	2741	2924	8	-1	-1	-1	0
2740	2739	2925	8	-1	-1	-1	0
2863	2678	2864	8	-1	-1	-1	0
2864	2679	2865	8	-1	-1	-1	0
2681	2862	2867	8	-1	-1	-1	0
2866	2865	2680	8	-1	-1	-1	0
2929	2742	2743	5	-1	-1	-1	0
2868	2866	2681	8	-1	-1	-1	0
2681	2867	2868	8	-1	-1	-1	0
2930	2743	2744	5	-1	-1	-1	0
2748	2742	2929	5	-1	-1	-1	0
2745	2931	2744	5	-1	-1	-1	0
2874	2861	2690	0	-1	-1	-1	0
2747	2933	2746	6	-1	-1	-1	0
2686	2870	2871	0	-1	-1	-1	0
2746	2933	2749	6	-1	0	-1	0
2748	2934	2747	6	-1	-1	-1	0
2688	2871	2872	0	-1	-1	-1	0
2873	2689	2872	0	-1	-1	-1	0
2936	2750	2751	8	-1	-1	-1	0
2690	2873	2874	0	-1	-1	-1	0
2870	2693	2877	1	-1	-1	-1	0
2692	2875	2876	3	-1	-1	-1	0
2754	2752	2937	8	-1	-1	-1	0
2753	2938	2752	8	-1	-1	-1	0
2939	2755	2754	8	-1	-1	-1	0
2878	2877	2694	2	-1	-1	-1	0
2695	2876	2879	3	-1	-1	-1	0
2940	2756	2755	8	-1	-1	-1	0
2695	2879	2878	3	-1	-1	-1	0
2697	2881	2875	4	-1	-1	-1	0
2884	2700	2869	6	-1	-1	0	0
2756	2941	2759	9	-1	-1	-1	0
2697	2880	2881	4	-1	-1	-1	0
2758	2759	2942	9	-1	-1	-1	0
2758	2942	2761	9	-1	-1	-1	0
2883	2880	2699	5	-1	-1	-1	0
2699	2882	2883	5	-1	-1	-1	0
2760	2761	2944	9	-1	-1	-1	0
2701	2885	2882	6	-1	-1	-1	0
2701	2884	2885	6	-1	0	-1	0
2944	2766	2760	9	-1	-1	-1	0
2762	2763	2945	8	-1	-1	-1	0
2763	2765	2946	8	-1	-1	-1	0
2766	2947	2765	9	-1	-1	-1	0
2886	2888	2704	3	-1	-1	-1	0
2704	2888	2887	3	-1	-1	-1	0
2706	2887	2890	4	-1	-1	-1	0
2706	2890	2889	4	-1	-1	-1	0
2753	2794	2938	8	-1	-1	-1	0
2802	2750	2936	8	-1	-1	-1	0
2950	2770	2768	8	-1	-1	-1	0
2949	2773	2767	8	-1	-1	-1	0
2769	2770	2952	8	-1	-1	-1	0
2951	2768	2772	8	-1	-1	-1	0
2708	2892	2891	1	-1	-1	-1	0
2762	2945	2785	8	-1	-1	-1	0
2892	2709	2893	1	-1	-1	-1	0
2896	2886	2713	2	-1	-1	-1	0
2893	2711	2895	1	-1	-1	-1	0
2777	2769	2953	8	-1	-1	-1	0
2956	2772	2771	8	-1	-1	-1	0
2813	2936	2751	8	-1	-1	-1	0
2894	2895	2711	1	-1	-1	-1	0
2773	2956	2771	8	-1	-1	-1	0
2896	2713	2891	2	-1	-1	-1	0
2825	2855	2826	9	-1	-1	-1	0
2898	2894	2715	0	-1	-1	-1	0
2824	2826	2857	9	-1	-1	-1	0
2765	2797	2946	8	-1	-1	-1	0
2765	2947	2797	8	-1	-1	-1	0
2945	2782	2783	8	-1	-1	-1	0
2898	2715	2897	0	-1	-1	-1	0
2962	2774	2775	8	-1	-1	-1	0
2899	2897	2716	8	-1	-1	-1	0
2840	2835	2837	8	-1	-1	-1	0
2785	2945	2783	8	-1	-1	-1	0
2779	2774	2961	8	-1	-1	-1	0
2963	2775	2776	8	-1	-1	-1	0
2741	2848	2927	8	-1	-1	-1	0
2800	2949	2767	8	-1	-1	-1	0
2717	2901	2899	8	-1	-1	-1	0
2717	2900	2901	8	-1	-1	-1	0
2841	2840	2837	8	-1	-1	-1	0
2778	2965	2776	8	-1	-1	-1	0
2839	2855	2825	9	-1	-1	-1	0
2718	2902	2900	8	-1	-1	-1	0
2966	2778	2777	8	-1	-1	-1	0
2903	2902	2719	8	-1	-1	-1	0
2797	2782	2946	8	-1	-1	-1	0
2780	2779	2968	8	-1	-1	-1	0
2905	2904	2720	8	-1	-1	-1	0
2903	2721	2907	8	-1	-1	-1	0
2780	2971	2781	8	-1	-1	-1	0
2908	2721	2904	8	-1	-1	-1	0
2907	2721	2906	8	-1	-1	-1	0
2908	2906	2721	8	-1	-1	-1	0
2857	2826	2855	9	-1	-1	-1	0
2781	2972	2788	8	-1	-1	-1	0
2797	2947	2798	8	-1	-1	-1	0
2909	2910	2724	8	-1	-1	-1	0
2788	2973	2787	8	-1	-1	-1	0
2726	2912	2911	8	-1	-1	-1	0
2730	2916	2905	8	-1	-1	-1	0
2789	2787	2975	8	-1	-1	-1	0
2914	2728	2910	8	-1	-1	-1	0
2727	2913	2912	8	-1	-1	-1	0
2915	2728	2914	8	-1	-1	-1	0
2913	2729	2915	8	-1	-1	-1	0
2792	2789	2978	8	-1	-1	-1	0
2911	2918	2732	8	-1	-1	-1	0
2909	2734	2919	8	-1	-1	-1	0
2793	2979	2790	8	-1	-1	-1	0
2791	2980	2793	8	-1	-1	-1	0
2792	2981	2791	8	-1	-1	-1	0
2731	2917	2916	8	-1	-1	-1	0
2745	2889	2932	5	-1	-1	-1	0
2917	2732	2918	8	-1	-1	-1	0
2794	2796	2984	8	-1	-1	-1	0
2921	2919	2735	8	-1	-1	-1	0
2796	2795	2985	8	-1	-1	-1	0
2920	2921	2735	8	-1	-1	-1	0
2985	2795	2798	8	-1	-1	-1	0
2922	2920	2736	8	-1	-1	-1	0
2923	2738	2924	8	-1	-1	-1	0
2740	2925	2922	8	-1	-1	-1	0
2800	2799	2989	8	-1	-1	-1	0
2739	2923	2926	8	-1	-1	-1	0
2801	2989	2799	8	-1	-1	-1	0
2925	2739	2926	8	-1	-1	-1	0
2741	2928	2924	8	-1	-1	-1	0
2989	2801	2803	8	-1	-1	-1	0
2741	2927	2928	8	-1	-1	-1	0
2802	2991	2803	8	-1	-1	-1	0
2929	2743	2930	5	-1	-1	-1	0
2995	2805	2804	8	-1	-1	-1	0
2744	2931	2930	5	-1	-1	-1	0
2995	2804	2807	8	-1	-1	-1	0
2838	2790	2979	8	-1	-1	-1	0
2932	2931	2745	5	-1	-1	-1	0
2996	2809	2805	8	-1	-1	-1	0
2808	2806	2997	8	-1	-1	-1	0
2929	2935	2748	6	-1	-1	-1	0
2807	2808	2998	8	-1	-1	-1	0
2997	2806	2811	8	-1	-1	-1	0
2933	2747	2934	6	-1	-1	0	0
2935	2934	2748	6	0	-1	-1	0
3000	2810	2809	8	-1	-1	-1	0
2810	3001	2816	8	-1	-1	-1	0
2937	2752	2938	8	-1	-1	-1	0
3004	2813	2812	8	-1	-1	-1	0
3003	2812	2814	8	-1	-1	-1	0
2937	2939	2754	8	-1	-1	-1	0
2755	2939	2940	8	-1	-1	-1	0
2814	2815	3006	8	-1	-1	-1	0
2940	2941	2756	9	-1	-1	-1	0
2816	3007	2815	8	-1	-1	-1	0
2941	2943	2759	9	-1	-1	-1	0
2819	3008	2817	8	-1	-1	-1	0
2942	2759	2943	9	-1	-1	-1	0
2979	2833	2834	8	-1	-1	-1	0
2818	3009	2819	8	-1	-1	-1	0
2820	3009	2818	8	-1	-1	-1	0
2942	2944	2761	9	-1	-1	-1	0
2833	2982	2832	8	-1	-1	-1	0
2979	2834	2838	8	-1	-1	-1	0
2820	2821	3011	8	-1	-1	-1	0
2822	3011	2821	8	-1	-1	-1	0
2945	2763	2946	8	-1	-1	-1	0
2823	3012	2822	9	-1	-1	-1	0
2766	2944	2948	9	-1	-1	-1	0
2823	2824	3013	9	-1	-1	-1	0
2766	2948	2947	9	-1	-1	-1	0
2768	2951	2950	8	-1	-1	-1	0
2863	2997	2811	8	-1	-1	-1	0
2830	2827	3014	9	-1	-1	-1	0
2829	2828	3015	9	-1	-1	-1	0
3014	2827	2832	9	-1	-1	-1	0
2945	2946	2782	8	-1	-1	-1	0
2831	3015	2828	9	-1	-1	-1	0
2954	2770	2950	8	-1	-1	-1	0
2952	2953	2769	8	-1	-1	-1	0
2770	2955	2952	8	-1	-1	-1	0
3017	2831	2830	9	-1	-1	-1	0
2955	2770	2954	8	-1	-1	-1	0
2817	3008	2854	8	-1	-1	-1	0
2851	2847	2981	8	-1	-1	-1	0
2772	2957	2951	8	-1	-1	-1	0
3016	2836	2829	9	-1	-1	-1	0
2960	2773	2949	8	-1	-1	-1	0
2958	2772	2956	8	-1	-1	-1	0
2772	2958	2957	8	-1	-1	-1	0
2959	2956	2773	8	-1	-1	-1	0
2960	2959	2773	8	-1	-1	-1	0
2857	3013	2824	9	-1	-1	-1	0
2837	2836	3022	9	-1	-1	-1	0
2953	2966	2777	8	-1	-1	-1	0
2961	2774	2962	8	-1	-1	-1	0
2837	3022	2841	8	-1	-1	-1	0
2964	2962	2775	8	-1	-1	-1	0
2775	2963	2964	8	-1	-1	-1	0
2963	2776	2965	8	-1	-1	-1	0
3023	2842	2841	8	-1	-1	-1	0
2961	2968	2779	8	-1	-1	-1	0
2778	2967	2965	8	-1	-1	-1	0
2778	2966	2967	8	-1	-1	-1	0
2843	2842	3026	8	-1	-1	-1	0
2843	3027	2844	8	-1	-1	-1	0
2794	2984	2938	8	-1	-1	-1	0
3028	2846	2844	8	-1	-1	-1	0
2968	2970	2780	8	-1	-1	-1	0
2969	2780	2970	8	-1	-1	-1	0
2971	2780	2969	8	-1	-1	-1	0
3029	2845	2846	8	-1	-1	-1	0
2847	2845	3030	8	-1	-1	-1	0
2971	2972	2781	8	-1	-1	-1	0
2856	3013	2857	9	-1	-1	-1	0
2848	2849	3033	8	-1	-1	-1	0
2992	2802	2936	8	-1	-1	-1	0
2798	2947	2988	8	-1	-1	-1	0
3034	2849	2850	8	-1	-1	-1	0
2787	2973	2974	8	-1	-1	-1	0
2976	2788	2972	8	-1	-1	-1	0
2787	2974	2975	8	-1	-1	-1	0
2788	2976	2973	8	-1	-1	-1	0
2853	3035	2850	8	-1	-1	-1	0
2990	2949	2800	8	-1	-1	-1	0
2852	2851	3036	8	-1	-1	-1	0
2977	2789	2975	8	-1	-1	-1	0
2853	2852	3037	8	-1	-1	-1	0
2789	2977	2978	8	-1	-1	-1	0
2856	2854	3039	8	-1	-1	-1	0
2981	2792	2978	8	-1	-1	-1	0
2791	2981	2980	8	-1	-1	-1	0
2936	2813	3005	8	-1	-1	-1	0
2982	2979	2793	8	-1	-1	-1	0
2793	2980	2983	8	-1	-1	-1	0
3040	2859	2858	8	-1	-1	-1	0
2858	2860	3040	8	-1	-1	-1	0
2983	2982	2793	8	-1	-1	-1	0
3041	2862	2859	8	-1	-1	-1	0
3042	2860	2861	8	-1	-1	-1	0
2986	2984	2796	8	-1	-1	-1	0
2985	2986	2796	8	-1	-1	-1	0
2987	2985	2798	8	-1	-1	-1	0
2988	2987	2798	8	-1	-1	-1	0
3046	2863	2864	8	-1	-1	-1	0
3044	2867	2862	8	-1	-1	-1	0
3047	2864	2865	8	-1	-1	-1	0
2861	2874	3043	0	-1	-1	-1	0
2800	2989	2990	8	-1	-1	-1	0
2865	2866	3050	8	-1	-1	-1	0
2802	2992	2991	8	-1	-1	-1	0
2868	3051	2866	8	-1	-1	-1	0
2989	2803	2993	8	-1	-1	-1	0
2868	2867	3052	8	-1	-1	-1	0
2994	2803	2991	8	-1	-1	-1	0
2994	2993	2803	8	-1	-1	-1	0
3053	2871	2870	1	-1	-1	-1	0
2982	2833	2979	8	-1	-1	-1	0
2996	2805	2995	8	-1	-1	-1	0
2871	3054	2872	1	-1	-1	-1	0
2877	3053	2870	1	-1	-1	-1	0
2872	3055	2873	1	-1	-1	-1	0
2995	2807	2998	8	-1	-1	-1	0
2874	2873	3056	1	-1	-1	-1	0
2808	2997	2999	8	-1	-1	-1	0
2809	2996	3000	8	-1	-1	-1	0
2999	2998	2808	8	-1	-1	-1	0
2848	3033	2927	8	-1	-1	-1	0
2876	2875	3058	4	-1	-1	-1	0
3000	3001	2810	8	-1	-1	-1	0
3058	2875	2881	4	-1	-1	-1	0
2876	3059	2879	4	-1	-1	-1	0
3060	2877	2878	2	-1	-1	-1	0
3002	2812	3003	8	-1	-1	-1	0
2878	2879	3061	3	-1	-1	-1	0
2812	3002	3004	8	-1	-1	-1	0
2813	3004	3005	8	-1	-1	-1	0
3006	3003	2814	8	-1	-1	-1	0
3063	2881	2880	5	-1	-1	-1	0
3007	2816	3001	8	-1	-1	-1	0
3063	2880	2883	5	-1	-1	-1	0
3007	3006	2815	8	-1	-1	-1	0
3065	2883	2882	6	-1	-1	-1	0
2882	2885	3065	6	-1	0	-1	0
2982	3021	2832	8	-1	-1	-1	0
3008	2819	3010	8	-1	-1	-1	0
3009	3010	2819	8	-1	-1	-1	0
3011	3009	2820	8	-1	-1	-1	0
2888	2886	3067	3	-1	-1	-1	0
3068	2887	2888	4	-1	-1	-1	0
2887	3068	2890	4	-1	-1	-1	0
2822	3012	3011	9	-1	-1	-1	0
3013	3012	2823	9	-1	-1	-1	0
2886	2896	3067	3	-1	-1	-1	0
3070	2889	2890	5	-1	-1	-1	0
3072	2891	2892	2	-1	-1	-1	0
2847	3030	2981	8	-1	-1	-1	0
3074	2892	2893	2	-1	-1	-1	0
2896	2891	3072	2	-1	-1	-1	0
3016	2829	3015	9	-1	-1	-1	0
3018	2830	3014	9	-1	-1	-1	0
3075	2893	2895	2	-1	-1	-1	0
3019	3015	2831	9	-1	-1	-1	0
2830	3018	3017	9	-1	-1	-1	0
2894	3076	2895	1	-1	-1	-1	0
3021	3014	2832	8	-1	-1	-1	0
2831	3017	3020	9	-1	-1	-1	0
2981	3036	2851	8	-1	-1	-1	0
2894	2898	3076	1	-1	-1	-1	0
3020	3019	2831	9	-1	-1	-1	0
2956	2959	2958	8	-1	-1	-1	0
3016	3022	2836	9	-1	-1	-1	0
3079	2898	2897	0	-1	-1	-1	0
2899	3079	2897	0	-1	-1	-1	0
2901	3081	2899	0	-1	-1	-1	0
3082	2901	2900	8	-1	-1	-1	0
2948	2988	2947	9	-1	-1	-1	0
2902	3082	2900	8	-1	-1	-1	0
3023	2841	3022	8	-1	-1	-1	0
3024	2842	3023	8	-1	-1	-1	0
2902	2903	3086	8	-1	-1	-1	0
2842	3024	3025	8	-1	-1	-1	0
2889	3070	2932	5	-1	-1	-1	0
2842	3025	3026	8	-1	-1	-1	0
3027	2843	3026	8	-1	-1	-1	0
2907	3086	2903	8	-1	-1	-1	0
2905	3087	2904	8	-1	-1	-1	0
3028	2844	3027	8	-1	-1	-1	0
3087	2908	2904	8	-1	-1	-1	0
3039	2854	3008	8	-1	-1	-1	0
2908	3088	2906	8	-1	-1	-1	0
2907	2906	3089	8	-1	-1	-1	0
3029	3030	2845	8	-1	-1	-1	0
2863	3045	2997	8	-1	-1	-1	0
2846	3028	3032	8	-1	-1	-1	0
3031	3029	2846	8	-1	-1	-1	0
3013	2856	3039	9	-1	-1	-1	0
2916	3087	2905	8	-1	-1	-1	0
3032	3031	2846	8	-1	-1	-1	0
3093	2910	2909	8	-1	-1	-1	0
3034	3033	2849	8	-1	-1	-1	0
3034	2850	3035	8	-1	-1	-1	0
2911	2912	3096	8	-1	-1	-1	0
3095	2914	2910	8	-1	-1	-1	0
2913	3096	2912	8	-1	-1	-1	0
2909	2919	3094	8	-1	-1	-1	0
2853	3037	3035	8	-1	-1	-1	0
2852	3036	3038	8	-1	-1	-1	0
2918	2911	3097	8	-1	-1	-1	0
2852	3038	3037	8	-1	-1	-1	0
2913	2915	3099	8	-1	-1	-1	0
3100	2915	2914	8	-1	-1	-1	0
2992	2936	3005	8	-1	-1	-1	0
2916	2917	3103	8	-1	-1	-1	0
2918	3104	2917	8	-1	-1	-1	0
2859	3040	3041	8	-1	-1	-1	0
2860	3042	3040	8	-1	-1	-1	0
2921	3105	2919	8	-1	-1	-1	0
3043	3042	2861	0	-1	-1	-1	0
3041	3044	2862	8	-1	-1	-1	0
2920	3106	2921	8	-1	-1	-1	0
2922	3106	2920	8	-1	-1	-1	0
2863	3046	3045	8	-1	-1	-1	0
2925	3108	2922	8	-1	-1	-1	0
2924	3109	2923	8	-1	-1	-1	0
3048	3046	2864	8	-1	-1	-1	0
3109	2926	2923	8	-1	-1	-1	0
2864	3047	3048	8	-1	-1	-1	0
3049	3047	2865	8	-1	-1	-1	0
2928	3110	2924	8	-1	-1	-1	0
2925	2926	3111	8	-1	-1	-1	0
3052	2867	3044	8	-1	-1	-1	0
3050	3049	2865	8	-1	-1	-1	0
3050	2866	3051	8	-1	-1	-1	0
2928	2927	3113	8	-1	-1	-1	0
3051	2868	3052	8	-1	-1	-1	0
2993	2990	2989	8	-1	-1	-1	0
3057	3043	2874	1	-1	-1	-1	0
3116	2929	2930	6	-1	-1	-1	0
2871	3053	3054	1	-1	-1	-1	0
2930	2931	3117	6	-1	-1	-1	0
2929	3116	2935	6	-1	0	-1	0
3055	2872	3054	1	-1	-1	-1	0
2932	3118	2931	6	-1	-1	-1	0
2982	2983	3021	8	-1	-1	-1	0
2873	3055	3056	1	-1	-1	-1	0
2874	3056	3057	1	-1	-1	-1	0
2877	3060	3053	2	-1	-1	-1	0
2981	3030	2980	8	-1	-1	-1	0
2876	3058	3059	4	-1	-1	-1	0
2980	3030	2983	8	-1	-1	-1	0
3036	2981	2978	8	-1	-1	-1	0
2937	3120	2939	8	-1	-1	-1	0
3121	2937	2938	8	-1	-1	-1	0
3060	2878	3061	3	-1	-1	-1	0
3059	3062	2879	4	-1	-1	-1	0
2940	2939	3123	8	-1	-1	-1	0
3062	3061	2879	4	-1	-1	-1	0
2881	3064	3058	5	-1	-1	-1	0
2940	3124	2941	9	-1	-1	-1	0
3125	2943	2941	9	-1	-1	-1	0
2881	3063	3064	5	-1	-1	-1	0
3126	2942	2943	9	-1	-1	-1	0
2883	3066	3063	6	-1	-1	-1	0
3066	2883	3065	6	-1	-1	0	0
2942	3126	2944	9	-1	-1	-1	0
2944	3126	2948	9	-1	-1	-1	0
3069	2888	3067	4	-1	-1	-1	0
3069	3068	2888	4	-1	-1	-1	0
2890	3068	3071	5	-1	-1	-1	0
3009	3011	3010	9	-1	-1	-1	0
2951	3129	2950	8	-1	-1	-1	0
3070	2890	3071	5	-1	-1	-1	0
3011	3012	3010	9	-1	-1	-1	0
2950	3130	2954	8	-1	-1	-1	0
2892	3073	3072	2	-1	-1	-1	0
2949	3128	2960	8	-1	-1	-1	0
2953	2952	3133	8	-1	-1	-1	0
3073	2892	3074	2	-1	-1	-1	0
2955	3133	2952	8	-1	-1	-1	0
2951	2957	3132	8	-1	-1	-1	0
2999	2997	3045	8	-1	-1	-1	0
2896	3078	3067	3	-1	-1	-1	0
3074	2893	3075	2	-1	-1	-1	0
3122	2938	2984	8	-1	-1	-1	0
3136	2955	2954	8	-1	-1	-1	0
3072	3078	2896	3	-1	-1	-1	0
2895	3077	3075	2	-1	-1	-1	0
3077	2895	3076	2	-1	-1	-1	0
3038	3036	2978	8	-1	-1	-1	0
2966	2953	3135	8	-1	-1	-1	0
2898	3080	3076	1	-1	-1	-1	0
3139	2957	2958	8	-1	-1	-1	0
2958	2959	3140	8	-1	-1	-1	0
3080	2898	3079	1	-1	-1	-1	0
3010	3039	3008	8	-1	-1	-1	0
2899	3081	3079	0	-1	-1	-1	0
2959	2960	3142	8	-1	-1	-1	0
3039	3010	3012	9	-1	-1	-1	0
3127	2988	2948	9	-1	-1	-1	0
3039	3012	3013	9	-1	-1	-1	0
2901	3083	3081	0	-1	-1	-1	0
3083	2901	3082	0	-1	-1	-1	0
3128	2949	2990	8	-1	-1	-1	0
2961	2962	3145	8	-1	-1	-1	0
2902	3085	3082	8	-1	-1	-1	0
3085	2902	3084	8	-1	-1	-1	0
3084	2902	3086	8	-1	-1	-1	0
2964	3146	2962	8	-1	-1	-1	0
3033	3113	2927	8	-1	-1	-1	0
3144	2968	2961	8	-1	-1	-1	0
2963	3147	2964	8	-1	-1	-1	0
2963	2965	3147	8	-1	-1	-1	0
2967	3149	2965	8	-1	-1	-1	0
3086	2907	3090	8	-1	-1	-1	0
3089	2906	3088	8	-1	-1	-1	0
2966	3152	2967	8	-1	-1	-1	0
3091	2908	3087	8	-1	-1	-1	0
2907	3089	3090	8	-1	-1	-1	0
2908	3092	3088	8	-1	-1	-1	0
2908	3091	3092	8	-1	-1	-1	0
2968	3155	2970	8	-1	-1	-1	0
3156	2969	2970	8	-1	-1	-1	0
3094	3093	2909	8	-1	-1	-1	0
2971	2969	3157	8	-1	-1	-1	0
3095	2910	3093	8	-1	-1	-1	0
2971	3159	2972	8	-1	-1	-1	0
3096	3097	2911	8	-1	-1	-1	0
3103	3087	2916	8	-1	-1	-1	0
3098	3096	2913	8	-1	-1	-1	0
2972	3160	2976	8	-1	-1	-1	0
2974	2973	3161	8	-1	-1	-1	0
3099	3098	2913	8	-1	-1	-1	0
2914	3095	3101	8	-1	-1	-1	0
2976	3162	2973	8	-1	-1	-1	0
3163	2975	2974	8	-1	-1	-1	0
3100	2914	3101	8	-1	-1	-1	0
3099	2915	3102	8	-1	-1	-1	0
2915	3100	3102	8	-1	-1	-1	0
2977	2975	3165	8	-1	-1	-1	0
2919	3105	3094	8	-1	-1	-1	0
3104	2918	3097	8	-1	-1	-1	0
3119	2932	3070	6	-1	-1	-1	0
2978	2977	3166	8	-1	-1	-1	0
3103	2917	3104	8	-1	-1	-1	0
3107	3105	2921	8	-1	-1	-1	0
2921	3106	3107	8	-1	-1	-1	0
3108	3106	2922	8	-1	-1	-1	0
2984	2986	3171	8	-1	-1	-1	0
2986	2985	3172	8	-1	-1	-1	0
3110	3109	2924	8	-1	-1	-1	0
3111	3108	2925	8	-1	-1	-1	0
3172	2985	2987	8	-1	-1	-1	0
3109	3112	2926	8	-1	-1	-1	0
3112	3111	2926	8	-1	-1	-1	0
3174	2987	2988	8	-1	-1	-1	0
3110	2928	3115	8	-1	-1	-1	0
2928	3113	3114	8	-1	-1	-1	0
2928	3114	3115	8	-1	-1	-1	0
2990	2993	3175	8	-1	-1	-1	0
2992	3177	2991	8	-1	-1	-1	0
3177	2994	2991	8	-1	-1	-1	0
2930	3117	3116	6	-1	0	-1	0
2931	3118	3117	6	-1	0	-1	0
2994	3180	2993	8	-1	-1	-1	0
3118	2932	3119	6	-1	-1	0	0
3021	2983	3169	8	-1	-1	-1	0
2996	2995	3182	8	-1	-1	-1	0
3182	2995	2998	8	-1	-1	-1	0
3005	3179	2992	8	-1	-1	-1	0
2937	3121	3120	8	-1	-1	-1	0
3183	3000	2996	8	-1	-1	-1	0
3034	3113	3033	8	-1	-1	-1	0
3122	3121	2938	8	-1	-1	-1	0
2983	3030	3168	8	-1	-1	-1	0
2998	2999	3184	8	-1	-1	-1	0
3123	2939	3120	8	-1	-1	-1	0
3166	3038	2978	8	-1	-1	-1	0
3124	2940	3123	9	-1	-1	-1	0
3004	3179	3005	8	-1	-1	-1	0
3001	3000	3188	8	-1	-1	-1	0
2941	3124	3125	9	-1	-1	-1	0
3189	3002	3003	8	-1	-1	-1	0
3125	3126	2943	9	-1	-1	-1	0
3004	3002	3190	8	-1	-1	-1	0
3007	3001	3188	8	-1	-1	-1	0
3003	3006	3189	8	-1	-1	-1	0
3126	3127	2948	9	-1	-1	-1	0
3169	3018	3014	8	-1	-1	-1	0
3014	3021	3169	8	-1	-1	-1	0
3007	3193	3006	8	-1	-1	-1	0
3130	2950	3129	8	-1	-1	-1	0
2951	3131	3129	8	-1	-1	-1	0
3131	2951	3132	8	-1	-1	-1	0
3133	3134	2953	8	-1	-1	-1	0
3130	3136	2954	8	-1	-1	-1	0
3135	2953	3134	8	-1	-1	-1	0
3016	3015	3194	9	-1	-1	-1	0
2955	3137	3133	8	-1	-1	-1	0
3138	3132	2957	8	-1	-1	-1	0
3029	3168	3030	8	-1	-1	-1	0
3194	3015	3019	9	-1	-1	-1	0
3136	3137	2955	8	-1	-1	-1	0
2999	3045	3186	8	-1	-1	-1	0
3143	2960	3128	8	-1	-1	-1	0
3018	3197	3017	9	-1	-1	-1	0
3195	3022	3016	9	-1	-1	-1	0
3020	3017	3196	9	-1	-1	-1	0
3077	3076	3080	2	-1	-1	-1	0
3138	2957	3139	8	-1	-1	-1	0
3139	2958	3141	8	-1	-1	-1	0
3020	3199	3019	9	-1	-1	-1	0
3141	2958	3140	8	-1	-1	-1	0
3195	3023	3022	8	-1	-1	-1	0
3140	2959	3142	8	-1	-1	-1	0
3023	3195	3024	8	-1	-1	-1	0
2960	3143	3142	8	-1	-1	-1	0
2961	3145	3144	8	-1	-1	-1	0
3150	2966	3135	8	-1	-1	-1	0
3203	3025	3024	8	-1	-1	-1	0
2962	3146	3145	8	-1	-1	-1	0
3205	3026	3025	8	-1	-1	-1	0
2964	3148	3146	8	-1	-1	-1	0
3026	3206	3027	8	-1	-1	-1	0
3148	2964	3147	8	-1	-1	-1	0
2965	3149	3147	8	-1	-1	-1	0
3028	3027	3207	8	-1	-1	-1	0
2968	3144	3154	8	-1	-1	-1	0
3151	2966	3150	8	-1	-1	-1	0
3028	3207	3032	8	-1	-1	-1	0
3208	3029	3031	8	-1	-1	-1	0
3149	2967	3153	8	-1	-1	-1	0
2966	3151	3152	8	-1	-1	-1	0
3153	2967	3152	8	-1	-1	-1	0
3032	3209	3031	8	-1	-1	-1	0
2968	3154	3155	8	-1	-1	-1	0
3171	3122	2984	8	-1	-1	-1	0
3186	3045	3046	8	-1	-1	-1	0
2969	3156	3157	8	-1	-1	-1	0
3034	3035	3213	8	-1	-1	-1	0
3158	2970	3155	8	-1	-1	-1	0
2970	3158	3156	8	-1	-1	-1	0
3159	2971	3157	8	-1	-1	-1	0
3035	3037	3216	8	-1	-1	-1	0
2988	3127	3174	9	-1	-1	-1	0
2972	3159	3160	8	-1	-1	-1	0
3217	3037	3038	8	-1	-1	-1	0
3176	3128	2990	8	-1	-1	-1	0
3162	3161	2973	8	-1	-1	-1	0
3162	2976	3160	8	-1	-1	-1	0
3164	2974	3161	8	-1	-1	-1	0
3219	3041	3040	8	-1	-1	-1	0
3164	3163	2974	8	-1	-1	-1	0
3042	3219	3040	8	-1	-1	-1	0
2975	3163	3165	8	-1	-1	-1	0
3041	3220	3044	8	-1	-1	-1	0
3042	3043	3221	0	-1	-1	-1	0
3167	2977	3165	8	-1	-1	-1	0
3166	2977	3167	8	-1	-1	-1	0
3223	3052	3044	8	-1	-1	-1	0
3048	3226	3046	8	-1	-1	-1	0
2983	3168	3170	8	-1	-1	-1	0
3170	3169	2983	8	-1	-1	-1	0
3043	3057	3222	1	-1	-1	-1	0
3048	3047	3228	8	-1	-1	-1	0
3047	3049	3227	8	-1	-1	-1	0
3231	3049	3050	8	-1	-1	-1	0
3173	3171	2986	8	-1	-1	-1	0
3172	3173	2986	8	-1	-1	-1	0
3172	2987	3174	8	-1	-1	-1	0
3051	3232	3050	8	-1	-1	-1	0
3233	3051	3052	8	-1	-1	-1	0
3176	2990	3175	8	-1	-1	-1	0
3236	3054	3053	2	-1	-1	-1	0
3055	3054	3237	2	-1	-1	-1	0
2992	3178	3177	8	-1	-1	-1	0
3175	2993	3180	8	-1	-1	-1	0
3053	3060	3236	2	-1	-1	-1	0
3056	3055	3238	2	-1	-1	-1	0
2992	3179	3178	8	-1	-1	-1	0
3057	3056	3239	2	-1	-1	-1	0
3177	3181	2994	8	-1	-1	-1	0
3181	3180	2994	8	-1	-1	-1	0
3241	3059	3058	5	-1	-1	-1	0
3113	3034	3212	8	-1	-1	-1	0
3182	3183	2996	8	-1	-1	-1	0
3064	3241	3058	5	-1	-1	-1	0
3059	3242	3062	5	-1	-1	-1	0
3243	3060	3061	3	-1	-1	-1	0
3184	3182	2998	8	-1	-1	-1	0
3061	3062	3244	4	-1	-1	-1	0
2999	3185	3184	8	-1	-1	-1	0
2999	3186	3185	8	-1	-1	-1	0
3183	3187	3000	8	-1	-1	-1	0
3179	3004	3190	8	-1	-1	-1	0
3064	3063	3246	6	-1	-1	-1	0
3187	3188	3000	8	-1	-1	-1	0
3246	3063	3066	6	-1	-1	0	0
3127	3126	3125	9	-1	-1	-1	0
3190	3002	3189	8	-1	-1	-1	0
3067	3248	3069	4	-1	-1	-1	0
3018	3169	3198	8	-1	-1	-1	0
3006	3191	3189	8	-1	-1	-1	0
3069	3249	3068	5	-1	-1	-1	0
3249	3071	3068	5	-1	-1	-1	0
3193	3007	3188	8	-1	-1	-1	0
3191	3006	3192	8	-1	-1	-1	0
3192	3006	3193	8	-1	-1	-1	0
3071	3251	3070	6	-1	-1	-1	0
3248	3067	3078	4	-1	-1	-1	0
3072	3073	3253	3	-1	-1	-1	0
3074	3254	3073	3	-1	-1	-1	0
3072	3253	3078	3	-1	-1	-1	0
3075	3255	3074	3	-1	-1	-1	0
3168	3029	3208	8	-1	-1	-1	0
3195	3016	3194	9	-1	-1	-1	0
3256	3075	3077	3	-1	-1	-1	0
3196	3017	3197	9	-1	-1	-1	0
3199	3194	3019	9	-1	-1	-1	0
3198	3197	3018	8	-1	-1	-1	0
3257	3077	3080	2	-1	-1	-1	0
3202	3020	3196	9	-1	-1	-1	0
3260	3080	3079	1	-1	-1	-1	0
3200	3199	3020	9	-1	-1	-1	0
3079	3081	3260	1	-1	-1	-1	0
3201	3200	3020	9	-1	-1	-1	0
3038	3166	3218	8	-1	-1	-1	0
3195	3203	3024	8	-1	-1	-1	0
3201	3020	3202	9	-1	-1	-1	0
3262	3081	3083	1	-1	-1	-1	0
3082	3263	3083	0	-1	-1	-1	0
3085	3263	3082	0	-1	-1	-1	0
3204	3025	3203	8	-1	-1	-1	0
3204	3205	3025	8	-1	-1	-1	0
3084	3266	3085	8	-1	-1	-1	0
3086	3265	3084	8	-1	-1	-1	0
3206	3026	3205	8	-1	-1	-1	0
3070	3251	3119	6	-1	0	-1	0
3027	3206	3207	8	-1	-1	-1	0
3090	3265	3086	8	-1	-1	-1	0
3087	3268	3091	8	-1	-1	-1	0
3088	3269	3089	8	-1	-1	-1	0
3176	3143	3128	8	-1	-1	-1	0
3208	3031	3210	8	-1	-1	-1	0
3031	3209	3210	8	-1	-1	-1	0
3207	3211	3032	8	-1	-1	-1	0
3270	3088	3092	8	-1	-1	-1	0
3089	3272	3090	8	-1	-1	-1	0
3211	3209	3032	8	-1	-1	-1	0
3186	3046	3225	8	-1	-1	-1	0
3274	3092	3091	8	-1	-1	-1	0
3103	3268	3087	8	-1	-1	-1	0
3213	3212	3034	8	-1	-1	-1	0
3213	3035	3214	8	-1	-1	-1	0
3093	3094	3276	8	-1	-1	-1	0
3035	3215	3214	8	-1	-1	-1	0
3277	3095	3093	8	-1	-1	-1	0
3215	3035	3216	8	-1	-1	-1	0
3217	3216	3037	8	-1	-1	-1	0
3096	3279	3097	8	-1	-1	-1	0
3279	3096	3098	8	-1	-1	-1	0
3218	3217	3038	8	-1	-1	-1	0
3277	3101	3095	8	-1	-1	-1	0
3105	3278	3094	8	-1	-1	-1	0
3098	3099	3282	8	-1	-1	-1	0
3219	3220	3041	8	-1	-1	-1	0
3097	3280	3104	8	-1	-1	-1	0
3042	3221	3219	0	-1	-1	-1	0
3102	3284	3099	8	-1	-1	-1	0
3222	3221	3043	1	-1	-1	-1	0
3100	3285	3102	8	-1	-1	-1	0
3286	3100	3101	8	-1	-1	-1	0
3044	3220	3224	8	-1	-1	-1	0
3223	3044	3224	8	-1	-1	-1	0
3104	3288	3103	8	-1	-1	-1	0
3226	3225	3046	8	-1	-1	-1	0
3227	3228	3047	8	-1	-1	-1	0
3291	3105	3107	8	-1	-1	-1	0
3229	3226	3048	8	-1	-1	-1	0
3229	3048	3228	8	-1	-1	-1	0
3107	3106	3292	8	-1	-1	-1	0
3292	3106	3108	8	-1	-1	-1	0
3230	3227	3049	8	-1	-1	-1	0
3223	3233	3052	8	-1	-1	-1	0
3231	3230	3049	8	-1	-1	-1	0
3293	3108	3111	8	-1	-1	-1	0
3294	3109	3110	8	-1	-1	-1	0
3050	3232	3231	8	-1	-1	-1	0
3109	3295	3112	8	-1	-1	-1	0
3051	3235	3232	8	-1	-1	-1	0
3234	3051	3233	8	-1	-1	-1	0
3295	3111	3112	8	-1	-1	-1	0
3240	3222	3057	2	-1	-1	-1	0
3294	3110	3115	8	-1	-1	-1	0
3051	3234	3235	8	-1	-1	-1	0
3113	3298	3114	8	-1	-1	-1	0
3054	3236	3237	2	-1	-1	-1	0
3115	3114	3299	8	-1	-1	-1	0
3238	3055	3237	2	-1	-1	-1	0
3239	3056	3238	2	-1	-1	-1	0
3239	3240	3057	2	-1	-1	-1	0
3170	3198	3169	8	-1	-1	-1	0
3236	3060	3243	3	-1	-1	-1	0
3059	3241	3242	5	-1	-1	-1	0
3120	3121	3302	8	-1	-1	-1	0
3302	3123	3120	8	-1	-1	-1	0
3303	3121	3122	8	-1	-1	-1	0
3208	3170	3168	8	-1	-1	-1	0
3061	3244	3243	4	-1	-1	-1	0
3245	3062	3242	5	-1	-1	-1	0
3245	3244	3062	5	-1	-1	-1	0
3123	3304	3124	9	-1	-1	-1	0
3064	3247	3241	6	-1	-1	-1	0
3305	3125	3124	9	-1	-1	-1	0
3247	3064	3246	6	-1	-1	0	0
3305	3127	3125	9	-1	-1	-1	0
3129	3306	3130	8	-1	-1	-1	0
3129	3131	3306	8	-1	-1	-1	0
3069	3248	3250	5	-1	-1	-1	0
3249	3069	3250	5	-1	-1	-1	0
3249	3252	3071	6	-1	-1	-1	0
3132	3309	3131	8	-1	-1	-1	0
3136	3130	3307	8	-1	-1	-1	0
3071	3252	3251	6	-1	0	-1	0
3311	3134	3133	8	-1	-1	-1	0
3132	3138	3310	8	-1	-1	-1	0
3254	3253	3073	3	-1	-1	-1	0
3135	3134	3313	8	-1	-1	-1	0
3137	3312	3133	8	-1	-1	-1	0
3255	3254	3074	3	-1	-1	-1	0
3248	3078	3259	4	-1	-1	-1	0
3255	3075	3256	3	-1	-1	-1	0
3137	3136	3315	8	-1	-1	-1	0
3253	3259	3078	4	-1	-1	-1	0
3077	3258	3256	3	-1	-1	-1	0
3077	3257	3258	3	-1	-1	-1	0
3139	3318	3138	8	-1	-1	-1	0
3122	3171	3303	8	-1	-1	-1	0
3141	3318	3139	8	-1	-1	-1	0
3080	3261	3257	2	-1	-1	-1	0
3150	3135	3314	8	-1	-1	-1	0
3080	3260	3261	2	-1	-1	-1	0
3140	3320	3141	8	-1	-1	-1	0
3142	3321	3140	8	-1	-1	-1	0
3260	3081	3262	1	-1	-1	-1	0
3305	3174	3127	9	-1	-1	-1	0
3143	3321	3142	8	-1	-1	-1	0
3083	3264	3262	1	-1	-1	-1	0
3264	3083	3263	1	-1	-1	-1	0
3266	3084	3265	8	-1	-1	-1	0
3267	3263	3085	0	-1	-1	-1	0
3144	3145	3327	8	-1	-1	-1	0
3266	3267	3085	0	-1	-1	-1	0
3146	3330	3145	8	-1	-1	-1	0
3212	3298	3113	8	-1	-1	-1	0
3146	3148	3332	8	-1	-1	-1	0
3154	3144	3328	8	-1	-1	-1	0
3270	3269	3088	8	-1	-1	-1	0
3147	3333	3148	8	-1	-1	-1	0
3265	3090	3273	8	-1	-1	-1	0
3149	3333	3147	8	-1	-1	-1	0
3089	3269	3271	8	-1	-1	-1	0
3271	3272	3089	8	-1	-1	-1	0
3091	3268	3274	8	-1	-1	-1	0
3090	3272	3273	8	-1	-1	-1	0
3150	3335	3151	8	-1	-1	-1	0
3334	3149	3153	8	-1	-1	-1	0
3270	3092	3275	8	-1	-1	-1	0
3336	3152	3151	8	-1	-1	-1	0
3275	3092	3274	8	-1	-1	-1	0
3337	3153	3152	8	-1	-1	-1	0
3325	3143	3176	8	-1	-1	-1	0
3093	3276	3277	8	-1	-1	-1	0
3094	3278	3276	8	-1	-1	-1	0
3154	3340	3155	8	-1	-1	-1	0
3155	3340	3158	8	-1	-1	-1	0
3156	3342	3157	7	-1	-1	-1	0
3158	3341	3156	7	-1	-1	-1	0
3281	3097	3279	8	-1	-1	-1	0
3281	3280	3097	8	-1	-1	-1	0
3157	3343	3159	7	-1	-1	-1	0
3268	3103	3288	8	-1	-1	-1	0
3279	3098	3283	8	-1	-1	-1	0
3282	3283	3098	8	-1	-1	-1	0
3159	3345	3160	7	-1	-1	-1	0
3282	3099	3284	8	-1	-1	-1	0
3101	3277	3287	8	-1	-1	-1	0
3162	3160	3346	7	-1	-1	-1	0
3347	3161	3162	7	-1	-1	-1	0
3285	3284	3102	8	-1	-1	-1	0
3286	3285	3100	8	-1	-1	-1	0
3164	3161	3348	7	-1	-1	-1	0
3290	3278	3105	8	-1	-1	-1	0
3289	3104	3280	8	-1	-1	-1	0
3286	3101	3287	8	-1	-1	-1	0
3350	3163	3164	8	-1	-1	-1	0
3165	3163	3349	8	-1	-1	-1	0
3104	3289	3288	8	-1	-1	-1	0
3165	3352	3167	8	-1	-1	-1	0
3353	3166	3167	8	-1	-1	-1	0
3105	3291	3290	8	-1	-1	-1	0
3292	3291	3107	8	-1	-1	-1	0
3292	3108	3293	8	-1	-1	-1	0
3109	3294	3295	8	-1	-1	-1	0
3296	3293	3111	8	-1	-1	-1	0
3171	3173	3357	8	-1	-1	-1	0
3172	3358	3173	8	-1	-1	-1	0
3295	3297	3111	8	-1	-1	-1	0
3358	3172	3174	8	-1	-1	-1	0
3111	3297	3296	8	-1	-1	-1	0
3115	3301	3294	8	-1	-1	-1	0
3175	3359	3176	8	-1	-1	-1	0
3114	3298	3300	8	-1	-1	-1	0
3299	3114	3300	8	-1	-1	-1	0
3359	3175	3180	8	-1	-1	-1	0
3299	3301	3115	8	-1	-1	-1	0
3177	3178	3362	8	-1	-1	-1	0
3177	3362	3181	8	-1	-1	-1	0
3363	3178	3179	8	-1	-1	-1	0
3170	3355	3198	8	-1	-1	-1	0
3181	3365	3180	8	-1	-1	-1	0
3303	3302	3121	8	-1	-1	-1	0
3123	3302	3304	9	-1	-1	-1	0
3247	3242	3241	6	-1	-1	-1	0
3124	3304	3305	9	-1	-1	-1	0
3367	3183	3182	8	-1	-1	-1	0
3190	3364	3179	8	-1	-1	-1	0
3184	3367	3182	8	-1	-1	-1	0
3356	3170	3208	8	-1	-1	-1	0
3166	3353	3218	8	-1	-1	-1	0
3369	3187	3183	8	-1	-1	-1	0
3185	3370	3184	8	-1	-1	-1	0
3186	3371	3185	8	-1	-1	-1	0
3307	3130	3306	8	-1	-1	-1	0
3308	3306	3131	8	-1	-1	-1	0
3309	3308	3131	8	-1	-1	-1	0
3374	3188	3187	8	-1	-1	-1	0
3355	3197	3198	8	-1	-1	-1	0
3310	3309	3132	8	-1	-1	-1	0
3375	3190	3189	8	-1	-1	-1	0
3193	3188	3374	8	-1	-1	-1	0
3191	3375	3189	8	-1	-1	-1	0
3133	3312	3311	8	-1	-1	-1	0
3307	3315	3136	8	-1	-1	-1	0
3134	3311	3313	8	-1	-1	-1	0
3377	3191	3192	8	-1	-1	-1	0
3313	3314	3135	8	-1	-1	-1	0
3193	3378	3192	8	-1	-1	-1	0
3310	3138	3318	8	-1	-1	-1	0
3137	3317	3312	8	-1	-1	-1	0
3316	3137	3315	8	-1	-1	-1	0
3380	3195	3194	9	-1	-1	-1	0
3317	3137	3316	8	-1	-1	-1	0
3199	3380	3194	9	-1	-1	-1	0
3208	3210	3356	8	-1	-1	-1	0
3381	3196	3197	9	-1	-1	-1	0
3195	3380	3203	9	-1	-1	-1	0
3140	3319	3320	8	-1	-1	-1	0
3202	3196	3381	9	-1	-1	-1	0
3319	3140	3321	8	-1	-1	-1	0
3200	3382	3199	9	-1	-1	-1	0
3141	3320	3322	8	-1	-1	-1	0
3318	3141	3324	8	-1	-1	-1	0
3200	3201	3383	9	-1	-1	-1	0
3186	3225	3373	8	-1	-1	-1	0
3322	3323	3141	8	-1	-1	-1	0
3384	3201	3202	9	-1	-1	-1	0
3324	3141	3323	8	-1	-1	-1	0
3382	3204	3203	9	-1	-1	-1	0
3143	3326	3321	8	-1	-1	-1	0
3326	3143	3325	8	-1	-1	-1	0
3205	3204	3388	8	-1	-1	-1	0
3150	3314	3335	8	-1	-1	-1	0
3329	3144	3327	8	-1	-1	-1	0
3144	3329	3328	8	-1	-1	-1	0
3390	3206	3205	8	-1	-1	-1	0
3331	3327	3145	8	-1	-1	-1	0
3207	3206	3391	8	-1	-1	-1	0
3266	3265	3273	8	-1	-1	-1	0
3330	3331	3145	8	-1	-1	-1	0
3146	3332	3330	8	-1	-1	-1	0
3207	3391	3211	8	-1	-1	-1	0
3209	3392	3210	8	-1	-1	-1	0
3333	3332	3148	8	-1	-1	-1	0
3209	3211	3393	8	-1	-1	-1	0
3333	3149	3334	8	-1	-1	-1	0
3212	3213	3396	8	-1	-1	-1	0
3154	3328	3340	8	-1	-1	-1	0
3335	3336	3151	8	-1	-1	-1	0
3337	3152	3336	8	-1	-1	-1	0
3153	3338	3334	8	-1	-1	-1	0
3214	3398	3213	8	-1	-1	-1	0
3215	3400	3214	8	-1	-1	-1	0
3153	3337	3339	8	-1	-1	-1	0
3338	3153	3339	8	-1	-1	-1	0
3357	3303	3171	8	-1	-1	-1	0
3216	3401	3215	8	-1	-1	-1	0
3403	3216	3217	8	-1	-1	-1	0
3305	3358	3174	9	-1	-1	-1	0
3341	3342	3156	7	-1	-1	-1	0
3218	3405	3217	8	-1	-1	-1	0
3157	3342	3343	7	-1	-1	-1	0
3158	3340	3344	7	-1	-1	-1	0
3283	3281	3279	8	-1	-1	-1	0
3341	3158	3344	7	-1	-1	-1	0
3220	3219	3407	0	-1	-1	-1	0
3159	3343	3345	7	-1	-1	-1	0
3221	3407	3219	0	-1	-1	-1	0
3345	3346	3160	7	-1	-1	-1	0
3224	3220	3408	0	-1	-1	-1	0
3222	3409	3221	1	-1	-1	-1	0
3347	3162	3346	7	-1	-1	-1	0
3348	3161	3347	7	-1	-1	-1	0
3411	3223	3224	8	-1	-1	-1	0
3360	3325	3176	8	-1	-1	-1	0
3163	3350	3349	8	-1	-1	-1	0
3348	3351	3164	7	-1	-1	-1	0
3225	3226	3413	8	-1	-1	-1	0
3351	3350	3164	7	-1	-1	-1	0
3349	3352	3165	8	-1	-1	-1	0
3233	3223	3411	8	-1	-1	-1	0
3229	3415	3226	8	-1	-1	-1	0
3227	3416	3228	8	-1	-1	-1	0
3410	3222	3240	2	-1	-1	-1	0
3230	3416	3227	8	-1	-1	-1	0
3352	3354	3167	8	-1	-1	-1	0
3353	3167	3354	8	-1	-1	-1	0
3417	3229	3228	8	-1	-1	-1	0
3233	3411	3234	8	-1	-1	-1	0
3419	3230	3231	8	-1	-1	-1	0
3170	3356	3355	8	-1	-1	-1	0
3421	3231	3232	8	-1	-1	-1	0
3358	3357	3173	8	-1	-1	-1	0
3235	3421	3232	8	-1	-1	-1	0
3234	3424	3235	0	-1	-1	-1	0
3176	3359	3361	8	-1	-1	-1	0
3176	3361	3360	8	-1	-1	-1	0
3236	3426	3237	3	-1	-1	-1	0
3238	3237	3427	3	-1	-1	-1	0
3363	3362	3178	8	-1	-1	-1	0
3365	3359	3180	8	-1	-1	-1	0
3236	3243	3426	3	-1	-1	-1	0
3428	3239	3238	3	-1	-1	-1	0
3179	3364	3363	8	-1	-1	-1	0
3212	3397	3298	8	-1	-1	-1	0
3429	3240	3239	3	-1	-1	-1	0
3181	3362	3366	8	-1	-1	-1	0
3365	3181	3366	8	-1	-1	-1	0
3242	3431	3245	6	-1	-1	-1	0
3368	3183	3367	8	-1	-1	-1	0
3432	3243	3244	4	-1	-1	-1	0
3242	3247	3431	6	-1	0	-1	0
3368	3369	3183	8	-1	-1	-1	0
3370	3367	3184	8	-1	-1	-1	0
3245	3433	3244	5	-1	-1	-1	0
3370	3185	3372	8	-1	-1	-1	0
3185	3371	3372	8	-1	-1	-1	0
3369	3374	3187	8	-1	-1	-1	0
3371	3186	3373	8	-1	-1	-1	0
3364	3190	3376	8	-1	-1	-1	0
3355	3381	3197	8	-1	-1	-1	0
3248	3435	3250	5	-1	-1	-1	0
3250	3436	3249	6	-1	-1	-1	0
3249	3436	3252	6	-1	0	-1	0
3375	3376	3190	8	-1	-1	-1	0
3259	3435	3248	5	-1	-1	-1	0
3375	3191	3377	8	-1	-1	-1	0
3193	3374	3378	8	-1	-1	-1	0
3254	3438	3253	4	-1	-1	-1	0
3255	3439	3254	4	-1	-1	-1	0
3377	3192	3379	8	-1	-1	-1	0
3378	3379	3192	8	-1	-1	-1	0
3259	3253	3438	4	-1	-1	-1	0
3256	3440	3255	4	-1	-1	-1	0
3256	3258	3441	4	-1	-1	-1	0
3258	3257	3442	3	-1	-1	-1	0
3261	3442	3257	3	-1	-1	-1	0
3395	3356	3210	8	-1	-1	-1	0
3382	3380	3199	9	-1	-1	-1	0
3357	3302	3303	9	-1	-1	-1	0
3357	3304	3302	9	-1	-1	-1	0
3383	3382	3200	9	-1	-1	-1	0
3380	3382	3203	9	-1	-1	-1	0
3445	3261	3260	2	-1	-1	-1	0
3305	3304	3358	9	-1	-1	-1	0
3262	3445	3260	2	-1	-1	-1	0
3386	3202	3381	9	-1	-1	-1	0
3385	3383	3201	9	-1	-1	-1	0
3385	3201	3384	9	-1	-1	-1	0
3384	3202	3386	9	-1	-1	-1	0
3382	3387	3204	9	-1	-1	-1	0
3447	3262	3264	2	-1	-1	-1	0
3263	3448	3264	1	-1	-1	-1	0
3406	3218	3353	8	-1	-1	-1	0
3448	3263	3267	1	-1	-1	-1	0
3204	3387	3388	9	-1	-1	-1	0
3205	3388	3389	8	-1	-1	-1	0
3266	3450	3267	0	-1	-1	-1	0
3205	3389	3390	8	-1	-1	-1	0
3391	3206	3390	8	-1	-1	-1	0
3273	3450	3266	0	-1	-1	-1	0
3270	3453	3269	8	-1	-1	-1	0
3269	3453	3271	8	-1	-1	-1	0
3274	3268	3452	8	-1	-1	-1	0
3209	3393	3392	8	-1	-1	-1	0
3397	3300	3298	8	-1	-1	-1	0
3391	3393	3211	8	-1	-1	-1	0
3394	3210	3392	8	-1	-1	-1	0
3394	3395	3210	8	-1	-1	-1	0
3271	3456	3272	0	-1	-1	-1	0
3270	3275	3454	8	-1	-1	-1	0
3275	3274	3452	8	-1	-1	-1	0
3458	3273	3272	0	-1	-1	-1	0
3212	3396	3397	8	-1	-1	-1	0
3399	3396	3213	8	-1	-1	-1	0
3452	3268	3288	8	-1	-1	-1	0
3213	3398	3399	8	-1	-1	-1	0
3225	3413	3373	8	-1	-1	-1	0
3400	3398	3214	8	-1	-1	-1	0
3277	3276	3461	8	-1	-1	-1	0
3461	3276	3278	8	-1	-1	-1	0
3402	3400	3215	8	-1	-1	-1	0
3215	3401	3402	8	-1	-1	-1	0
3358	3304	3357	9	-1	-1	-1	0
3216	3404	3401	8	-1	-1	-1	0
3403	3404	3216	8	-1	-1	-1	0
3281	3463	3280	8	-1	-1	-1	0
3405	3403	3217	8	-1	-1	-1	0
3462	3287	3277	8	-1	-1	-1	0
3283	3464	3281	8	-1	-1	-1	0
3461	3278	3290	8	-1	-1	-1	0
3406	3405	3218	8	-1	-1	-1	0
3465	3283	3282	8	-1	-1	-1	0
3465	3282	3284	8	-1	-1	-1	0
3289	3280	3463	8	-1	-1	-1	0
3408	3220	3407	0	-1	-1	-1	0
3221	3409	3407	1	-1	-1	-1	0
3285	3468	3284	8	-1	-1	-1	0
3469	3285	3286	8	-1	-1	-1	0
3409	3222	3410	2	-1	-1	-1	0
3470	3286	3287	8	-1	-1	-1	0
3412	3224	3408	0	-1	-1	-1	0
3412	3411	3224	0	-1	-1	-1	0
3474	3288	3289	8	-1	-1	-1	0
3226	3414	3413	8	-1	-1	-1	0
3226	3415	3414	8	-1	-1	-1	0
3291	3476	3290	8	-1	-1	-1	0
3292	3477	3291	8	-1	-1	-1	0
3417	3228	3416	8	-1	-1	-1	0
3417	3415	3229	8	-1	-1	-1	0
3293	3478	3292	8	-1	-1	-1	0
3420	3416	3230	8	-1	-1	-1	0
3419	3418	3230	8	-1	-1	-1	0
3420	3230	3418	8	-1	-1	-1	0
3423	3234	3411	0	-1	-1	-1	0
3293	3296	3480	8	-1	-1	-1	0
3481	3295	3294	8	-1	-1	-1	0
3419	3231	3422	8	-1	-1	-1	0
3295	3481	3297	8	-1	-1	-1	0
3231	3421	3422	8	-1	-1	-1	0
3297	3483	3296	8	-1	-1	-1	0
3481	3294	3301	8	-1	-1	-1	0
3240	3430	3410	3	-1	-1	-1	0
3423	3424	3234	0	-1	-1	-1	0
3421	3235	3425	0	-1	-1	-1	0
3299	3300	3485	8	-1	-1	-1	0
3424	3425	3235	0	-1	-1	-1	0
3486	3301	3299	8	-1	-1	-1	0
3426	3427	3237	3	-1	-1	-1	0
3362	3363	3366	8	-1	-1	-1	0
3355	3356	3381	8	-1	-1	-1	0
3238	3427	3428	3	-1	-1	-1	0
3429	3239	3428	3	-1	-1	-1	0
3240	3429	3430	3	-1	-1	-1	0
3432	3426	3243	4	-1	-1	-1	0
3306	3489	3307	8	-1	-1	-1	0
3308	3489	3306	8	-1	-1	-1	0
3368	3367	3370	8	-1	-1	-1	0
3491	3308	3309	8	-1	-1	-1	0
3432	3244	3433	5	-1	-1	-1	0
3431	3434	3245	6	0	-1	-1	0
3309	3310	3492	8	-1	-1	-1	0
3433	3245	3434	6	-1	-1	-1	0
3490	3315	3307	8	-1	-1	-1	0
3312	3494	3311	7	-1	-1	-1	0
3313	3311	3495	7	-1	-1	-1	0
3315	3490	3316	8	-1	-1	-1	0
3318	3493	3310	8	-1	-1	-1	0
3250	3435	3437	6	-1	-1	-1	0
3250	3437	3436	6	-1	0	-1	0
3356	3386	3381	8	-1	-1	-1	0
3317	3496	3312	7	-1	-1	-1	0
3313	3498	3314	7	-1	-1	-1	0
3254	3439	3438	4	-1	-1	-1	0
3440	3439	3255	4	-1	-1	-1	0
3316	3501	3317	8	-1	-1	-1	0
3493	3318	3324	8	-1	-1	-1	0
3395	3386	3356	8	-1	-1	-1	0
3256	3441	3440	4	-1	-1	-1	0
3435	3259	3444	5	-1	-1	-1	0
3438	3444	3259	5	-1	-1	-1	0
3258	3443	3441	4	-1	-1	-1	0
3320	3319	3504	8	-1	-1	-1	0
3443	3258	3442	4	-1	-1	-1	0
3321	3505	3319	8	-1	-1	-1	0
3335	3314	3499	7	-1	-1	-1	0
3320	3506	3322	8	-1	-1	-1	0
3261	3446	3442	3	-1	-1	-1	0
3445	3446	3261	3	-1	-1	-1	0
3323	3322	3507	8	-1	-1	-1	0
3326	3505	3321	8	-1	-1	-1	0
3382	3383	3387	9	-1	-1	-1	0
3445	3262	3447	2	-1	-1	-1	0
3323	3508	3324	8	-1	-1	-1	0
3449	3447	3264	2	-1	-1	-1	0
3448	3449	3264	2	-1	-1	-1	0
3326	3325	3512	8	-1	-1	-1	0
3451	3448	3267	1	-1	-1	-1	0
3267	3450	3451	1	-1	-1	-1	0
3329	3327	3515	8	-1	-1	-1	0
3331	3514	3327	8	-1	-1	-1	0
3329	3517	3328	7	-1	-1	-1	0
3455	3453	3270	8	-1	-1	-1	0
3455	3270	3454	8	-1	-1	-1	0
3331	3330	3520	8	-1	-1	-1	0
3273	3458	3450	0	-1	-1	-1	0
3457	3271	3453	0	-1	-1	-1	0
3330	3332	3521	8	-1	-1	-1	0
3271	3457	3456	0	-1	-1	-1	0
3328	3516	3340	7	-1	-1	-1	0
3397	3487	3300	8	-1	-1	-1	0
3456	3458	3272	0	-1	-1	-1	0
3452	3460	3275	8	-1	-1	-1	0
3459	3454	3275	8	-1	-1	-1	0
3333	3523	3332	8	-1	-1	-1	0
3333	3334	3524	8	-1	-1	-1	0
3459	3275	3460	8	-1	-1	-1	0
3512	3325	3360	8	-1	-1	-1	0
3335	3526	3336	7	-1	-1	-1	0
3525	3334	3338	8	-1	-1	-1	0
3461	3462	3277	8	-1	-1	-1	0
3516	3344	3340	7	-1	-1	-1	0
3528	3337	3336	7	-1	-1	-1	0
3337	3529	3339	7	-1	-1	-1	0
3530	3338	3339	8	-1	-1	-1	0
3463	3281	3464	8	-1	-1	-1	0
3452	3288	3473	8	-1	-1	-1	0
3465	3466	3283	8	-1	-1	-1	0
3467	3464	3283	8	-1	-1	-1	0
3342	3341	3533	7	-1	-1	-1	0
3467	3283	3466	8	-1	-1	-1	0
3344	3532	3341	7	-1	-1	-1	0
3284	3468	3465	8	-1	-1	-1	0
3343	3342	3534	7	-1	-1	-1	0
3287	3462	3472	8	-1	-1	-1	0
3469	3468	3285	8	-1	-1	-1	0
3345	3343	3535	7	-1	-1	-1	0
3470	3469	3286	8	-1	-1	-1	0
3289	3463	3475	8	-1	-1	-1	0
3461	3290	3476	8	-1	-1	-1	0
3537	3346	3345	7	-1	-1	-1	0
3471	3470	3287	8	-1	-1	-1	0
3472	3471	3287	8	-1	-1	-1	0
3347	3346	3539	7	-1	-1	-1	0
3473	3288	3474	8	-1	-1	-1	0
3540	3348	3347	7	-1	-1	-1	0
3289	3475	3474	8	-1	-1	-1	0
3348	3541	3351	7	-1	-1	-1	0
3543	3349	3350	8	-1	-1	-1	0
3291	3477	3476	8	-1	-1	-1	0
3352	3349	3544	8	-1	-1	-1	0
3350	3351	3545	7	-1	-1	-1	0
3411	3412	3423	0	-1	-1	-1	0
3478	3477	3292	8	-1	-1	-1	0
3354	3352	3544	8	-1	-1	-1	0
3293	3479	3478	8	-1	-1	-1	0
3293	3480	3479	8	-1	-1	-1	0
3417	3416	3420	8	-1	-1	-1	0
3354	3548	3353	8	-1	-1	-1	0
3482	3480	3296	8	-1	-1	-1	0
3483	3482	3296	8	-1	-1	-1	0
3484	3297	3481	8	-1	-1	-1	0
3484	3483	3297	8	-1	-1	-1	0
3481	3301	3488	8	-1	-1	-1	0
3485	3486	3299	8	-1	-1	-1	0
3551	3361	3359	8	-1	-1	-1	0
3487	3485	3300	8	-1	-1	-1	0
3361	3552	3360	8	-1	-1	-1	0
3365	3551	3359	8	-1	-1	-1	0
3486	3488	3301	8	-1	-1	-1	0
3364	3554	3363	8	-1	-1	-1	0
3366	3363	3555	8	-1	-1	-1	0
3307	3489	3490	8	-1	-1	-1	0
3491	3489	3308	8	-1	-1	-1	0
3365	3366	3557	8	-1	-1	-1	0
3491	3309	3492	8	-1	-1	-1	0
3492	3310	3493	8	-1	-1	-1	0
3556	3364	3376	8	-1	-1	-1	0
3368	3560	3369	8	-1	-1	-1	0
3370	3559	3368	8	-1	-1	-1	0
3494	3495	3311	7	-1	-1	-1	0
3370	3372	3559	8	-1	-1	-1	0
3497	3494	3312	7	-1	-1	-1	0
3374	3369	3561	8	-1	-1	-1	0
3372	3371	3562	8	-1	-1	-1	0
3497	3312	3496	7	-1	-1	-1	0
3500	3316	3490	8	-1	-1	-1	0
3406	3353	3547	8	-1	-1	-1	0
3373	3562	3371	8	-1	-1	-1	0
3498	3313	3495	7	-1	-1	-1	0
3499	3314	3498	7	-1	-1	-1	0
3317	3502	3496	7	-1	-1	-1	0
3316	3500	3501	8	-1	-1	-1	0
3567	3378	3374	8	-1	-1	-1	0
3376	3375	3568	8	-1	-1	-1	0
3375	3377	3568	8	-1	-1	-1	0
3317	3501	3503	7	-1	-1	-1	0
3317	3503	3502	7	-1	-1	-1	0
3570	3377	3379	8	-1	-1	-1	0
3378	3571	3379	8	-1	-1	-1	0
3324	3511	3493	8	-1	-1	-1	0
3504	3319	3505	8	-1	-1	-1	0
3506	3320	3504	8	-1	-1	-1	0
3507	3322	3506	8	-1	-1	-1	0
3507	3509	3323	8	-1	-1	-1	0
3508	3323	3509	8	-1	-1	-1	0
3383	3385	3574	9	-1	-1	-1	0
3324	3508	3510	8	-1	-1	-1	0
3575	3385	3384	9	-1	-1	-1	0
3383	3574	3387	9	-1	-1	-1	0
3505	3326	3513	8	-1	-1	-1	0
3386	3575	3384	9	-1	-1	-1	0
3324	3510	3511	8	-1	-1	-1	0
3513	3326	3512	8	-1	-1	-1	0
3413	3566	3373	8	-1	-1	-1	0
3387	3578	3388	9	-1	-1	-1	0
3579	3389	3388	8	-1	-1	-1	0
3514	3515	3327	8	-1	-1	-1	0
3395	3577	3386	8	-1	-1	-1	0
3580	3390	3389	8	-1	-1	-1	0
3335	3499	3527	7	-1	-1	-1	0
3328	3517	3516	7	-1	-1	-1	0
3390	3581	3391	8	-1	-1	-1	0
3519	3329	3515	7	-1	-1	-1	0
3518	3517	3329	7	-1	-1	-1	0
3329	3519	3518	7	-1	-1	-1	0
3391	3582	3393	8	-1	-1	-1	0
3514	3331	3522	8	-1	-1	-1	0
3394	3392	3583	8	-1	-1	-1	0
3392	3393	3584	8	-1	-1	-1	0
3521	3520	3330	8	-1	-1	-1	0
3522	3331	3520	8	-1	-1	-1	0
3394	3585	3395	8	-1	-1	-1	0
3332	3523	3521	8	-1	-1	-1	0
3397	3396	3587	8	-1	-1	-1	0
3333	3524	3523	8	-1	-1	-1	0
3399	3587	3396	8	-1	-1	-1	0
3524	3334	3525	8	-1	-1	-1	0
3399	3398	3590	8	-1	-1	-1	0
3400	3589	3398	8	-1	-1	-1	0
3526	3335	3527	7	-1	-1	-1	0
3526	3528	3336	7	-1	-1	-1	0
3589	3400	3402	8	-1	-1	-1	0
3530	3525	3338	8	-1	-1	-1	0
3528	3529	3337	7	-1	-1	-1	0
3536	3344	3516	7	-1	-1	-1	0
3593	3402	3401	8	-1	-1	-1	0
3529	3531	3339	7	-1	-1	-1	0
3594	3401	3404	8	-1	-1	-1	0
3339	3531	3530	7	-1	-1	-1	0
3404	3403	3596	8	-1	-1	-1	0
3597	3403	3405	8	-1	-1	-1	0
3341	3532	3533	7	-1	-1	-1	0
3533	3534	3342	7	-1	-1	-1	0
3406	3599	3405	8	-1	-1	-1	0
3532	3344	3536	7	-1	-1	-1	0
3343	3534	3535	7	-1	-1	-1	0
3408	3407	3600	1	-1	-1	-1	0
3409	3600	3407	1	-1	-1	-1	0
3345	3535	3538	7	-1	-1	-1	0
3538	3537	3345	7	-1	-1	-1	0
3408	3601	3412	1	-1	-1	-1	0
3602	3409	3410	2	-1	-1	-1	0
3537	3539	3346	7	-1	-1	-1	0
3552	3512	3360	8	-1	-1	-1	0
3540	3347	3539	7	-1	-1	-1	0
3540	3542	3348	7	-1	-1	-1	0
3542	3541	3348	7	-1	-1	-1	0
3414	3605	3413	8	-1	-1	-1	0
3414	3415	3606	8	-1	-1	-1	0
3543	3544	3349	8	-1	-1	-1	0
3546	3351	3541	7	-1	-1	-1	0
3543	3350	3545	7	-1	-1	-1	0
3607	3415	3417	8	-1	-1	-1	0
3423	3412	3604	1	-1	-1	-1	0
3351	3546	3545	7	-1	-1	-1	0
3430	3603	3410	3	-1	-1	-1	0
3420	3607	3417	8	-1	-1	-1	0
3608	3418	3419	8	-1	-1	-1	0
3609	3420	3418	8	-1	-1	-1	0
3550	3354	3544	8	-1	-1	-1	0
3548	3547	3353	8	-1	-1	-1	0
3419	3422	3608	8	-1	-1	-1	0
3354	3549	3548	8	-1	-1	-1	0
3550	3549	3354	8	-1	-1	-1	0
3422	3421	3612	0	-1	-1	-1	0
3421	3425	3612	0	-1	-1	-1	0
3424	3423	3614	1	-1	-1	-1	0
3425	3424	3615	1	-1	-1	-1	0
3361	3551	3553	8	-1	-1	-1	0
3553	3552	3361	8	-1	-1	-1	0
3617	3427	3426	4	-1	-1	-1	0
3555	3363	3554	8	-1	-1	-1	0
3397	3588	3487	8	-1	-1	-1	0
3427	3618	3428	4	-1	-1	-1	0
3364	3556	3554	8	-1	-1	-1	0
3558	3551	3365	8	-1	-1	-1	0
3617	3426	3432	4	-1	-1	-1	0
3619	3429	3428	4	-1	-1	-1	0
3557	3366	3555	8	-1	-1	-1	0
3430	3429	3620	4	-1	-1	-1	0
3365	3557	3558	8	-1	-1	-1	0
3433	3622	3432	5	-1	-1	-1	0
3560	3368	3559	8	-1	-1	-1	0
3623	3433	3434	6	-1	-1	0	0
3560	3561	3369	8	-1	-1	-1	0
3559	3372	3564	8	-1	-1	-1	0
3625	3437	3435	6	0	-1	-1	0
3372	3562	3563	8	-1	-1	-1	0
3372	3563	3564	8	-1	-1	-1	0
3565	3562	3373	8	-1	-1	-1	0
3569	3556	3376	8	-1	-1	-1	0
3374	3561	3567	8	-1	-1	-1	0
3626	3438	3439	5	-1	-1	-1	0
3566	3565	3373	8	-1	-1	-1	0
3444	3625	3435	6	-1	-1	-1	0
3439	3440	3627	5	-1	-1	-1	0
3438	3626	3444	5	-1	-1	-1	0
3628	3440	3441	5	-1	-1	-1	0
3376	3568	3569	8	-1	-1	-1	0
3629	3441	3443	5	-1	-1	-1	0
3570	3568	3377	8	-1	-1	-1	0
3630	3443	3442	4	-1	-1	-1	0
3567	3571	3378	8	-1	-1	-1	0
3442	3446	3630	4	-1	-1	-1	0
3570	3379	3573	8	-1	-1	-1	0
3571	3572	3379	8	-1	-1	-1	0
3633	3446	3445	3	-1	-1	-1	0
3573	3379	3572	8	-1	-1	-1	0
3633	3445	3447	3	-1	-1	-1	0
3447	3449	3635	3	-1	-1	-1	0
3448	3636	3449	2	-1	-1	-1	0
3448	3451	3636	2	-1	-1	-1	0
3574	3385	3576	9	-1	-1	-1	0
3385	3575	3576	9	-1	-1	-1	0
3575	3386	3577	9	-1	-1	-1	0
3578	3387	3574	9	-1	-1	-1	0
3451	3450	3638	1	-1	-1	-1	0
3388	3578	3579	9	-1	-1	-1	0
3450	3458	3638	1	-1	-1	-1	0
3580	3389	3579	8	-1	-1	-1	0
3640	3453	3455	0	-1	-1	-1	0
3454	3641	3455	8	-1	-1	-1	0
3640	3457	3453	0	-1	-1	-1	0
3581	3390	3580	8	-1	-1	-1	0
3639	3460	3452	8	-1	-1	-1	0
3406	3547	3599	8	-1	-1	-1	0
3391	3581	3582	8	-1	-1	-1	0
3454	3459	3641	8	-1	-1	-1	0
3456	3457	3644	1	-1	-1	-1	0
3585	3577	3395	8	-1	-1	-1	0
3643	3458	3456	1	-1	-1	-1	0
3393	3582	3584	8	-1	-1	-1	0
3584	3583	3392	8	-1	-1	-1	0
3586	3394	3583	8	-1	-1	-1	0
3473	3639	3452	8	-1	-1	-1	0
3586	3585	3394	8	-1	-1	-1	0
3459	3460	3646	8	-1	-1	-1	0
3517	3536	3516	7	-1	-1	-1	0
3397	3587	3588	8	-1	-1	-1	0
3461	3649	3462	8	-1	-1	-1	0
3590	3398	3589	8	-1	-1	-1	0
3587	3399	3592	8	-1	-1	-1	0
3463	3464	3651	8	-1	-1	-1	0
3591	3399	3590	8	-1	-1	-1	0
3592	3399	3591	8	-1	-1	-1	0
3652	3464	3467	8	-1	-1	-1	0
3566	3413	3605	8	-1	-1	-1	0
3650	3472	3462	8	-1	-1	-1	0
3466	3465	3654	8	-1	-1	-1	0
3476	3649	3461	8	-1	-1	-1	0
3589	3402	3595	8	-1	-1	-1	0
3401	3594	3593	8	-1	-1	-1	0
3465	3468	3655	8	-1	-1	-1	0
3475	3463	3651	8	-1	-1	-1	0
3656	3467	3466	8	-1	-1	-1	0
3595	3402	3593	8	-1	-1	-1	0
3655	3468	3469	8	-1	-1	-1	0
3594	3404	3598	8	-1	-1	-1	0
3403	3597	3596	8	-1	-1	-1	0
3658	3469	3470	8	-1	-1	-1	0
3596	3598	3404	8	-1	-1	-1	0
3471	3658	3470	8	-1	-1	-1	0
3405	3599	3597	8	-1	-1	-1	0
3659	3471	3472	8	-1	-1	-1	0
3662	3473	3474	8	-1	-1	-1	0
3600	3601	3408	1	-1	-1	-1	0
3602	3600	3409	2	-1	-1	-1	0
3475	3665	3474	8	-1	-1	-1	0
3603	3602	3410	3	-1	-1	-1	0
3412	3601	3604	1	-1	-1	-1	0
3477	3668	3476	8	-1	-1	-1	0
3670	3477	3478	8	-1	-1	-1	0
3605	3414	3606	8	-1	-1	-1	0
3478	3479	3671	8	-1	-1	-1	0
3415	3607	3606	8	-1	-1	-1	0
3480	3672	3479	8	-1	-1	-1	0
3672	3480	3482	8	-1	-1	-1	0
3418	3608	3609	8	-1	-1	-1	0
3607	3420	3610	8	-1	-1	-1	0
3673	3484	3481	8	-1	-1	-1	0
3483	3674	3482	8	-1	-1	-1	0
3611	3420	3609	8	-1	-1	-1	0
3420	3611	3610	8	-1	-1	-1	0
3614	3423	3604	1	-1	-1	-1	0
3483	3484	3675	8	-1	-1	-1	0
3481	3488	3673	8	-1	-1	-1	0
3613	3608	3422	0	-1	-1	-1	0
3612	3613	3422	0	-1	-1	-1	0
3677	3486	3485	8	-1	-1	-1	0
3487	3678	3485	8	-1	-1	-1	0
3679	3488	3486	8	-1	-1	-1	0
3616	3612	3425	1	-1	-1	-1	0
3614	3615	3424	1	-1	-1	-1	0
3603	3430	3621	4	-1	-1	-1	0
3616	3425	3615	1	-1	-1	-1	0
3681	3489	3491	8	-1	-1	-1	0
3682	3490	3489	8	-1	-1	-1	0
3427	3617	3618	4	-1	-1	-1	0
3618	3619	3428	4	-1	-1	-1	0
3491	3492	3683	8	-1	-1	-1	0
3620	3429	3619	4	-1	-1	-1	0
3493	3683	3492	8	-1	-1	-1	0
3622	3617	3432	5	-1	-1	-1	0
3430	3620	3621	4	-1	-1	-1	0
3682	3500	3490	8	-1	-1	-1	0
3495	3494	3684	7	-1	-1	-1	0
3497	3684	3494	7	-1	-1	-1	0
3495	3685	3498	7	-1	-1	-1	0
3433	3624	3622	6	-1	-1	-1	0
3497	3496	3687	7	-1	-1	-1	0
3624	3433	3623	6	-1	-1	0	0
3499	3498	3685	7	-1	-1	-1	0
3560	3559	3564	8	-1	-1	-1	0
3496	3502	3687	7	-1	-1	-1	0
3511	3683	3493	8	-1	-1	-1	0
3500	3691	3501	8	-1	-1	-1	0
3627	3626	3439	5	-1	-1	-1	0
3440	3628	3627	5	-1	-1	-1	0
3501	3692	3503	7	-1	-1	-1	0
3693	3502	3503	7	-1	-1	-1	0
3629	3628	3441	5	-1	-1	-1	0
3444	3632	3625	6	-1	0	-1	0
3632	3444	3626	6	-1	-1	-1	0
3631	3629	3443	5	-1	-1	-1	0
3505	3695	3504	8	-1	-1	-1	0
3443	3630	3631	5	-1	-1	-1	0
3695	3506	3504	8	-1	-1	-1	0
3506	3697	3507	8	-1	-1	-1	0
3630	3446	3634	4	-1	-1	-1	0
3633	3634	3446	4	-1	-1	-1	0
3505	3513	3695	8	-1	-1	-1	0
3698	3509	3507	8	-1	-1	-1	0
3499	3689	3527	7	-1	-1	-1	0
3635	3633	3447	3	-1	-1	-1	0
3508	3699	3510	8	-1	-1	-1	0
3700	3508	3509	8	-1	-1	-1	0
3635	3449	3637	3	-1	-1	-1	0
3449	3636	3637	3	-1	-1	-1	0
3511	3510	3703	8	-1	-1	-1	0
3636	3451	3638	2	-1	-1	-1	0
3512	3706	3513	8	-1	-1	-1	0
3514	3708	3515	8	-1	-1	-1	0
3640	3455	3642	0	-1	-1	-1	0
3642	3455	3641	0	-1	-1	-1	0
3458	3643	3638	1	-1	-1	-1	0
3645	3457	3640	1	-1	-1	-1	0
3515	3709	3519	7	-1	-1	-1	0
3643	3456	3644	1	-1	-1	-1	0
3522	3708	3514	8	-1	-1	-1	0
3518	3710	3517	7	-1	-1	-1	0
3639	3647	3460	8	-1	-1	-1	0
3644	3457	3645	1	-1	-1	-1	0
3641	3459	3646	8	-1	-1	-1	0
3519	3711	3518	7	-1	-1	-1	0
3487	3588	3678	8	-1	-1	-1	0
3648	3646	3460	8	-1	-1	-1	0
3522	3520	3713	8	-1	-1	-1	0
3714	3520	3521	8	-1	-1	-1	0
3460	3647	3648	8	-1	-1	-1	0
3523	3715	3521	8	-1	-1	-1	0
3462	3649	3650	8	-1	-1	-1	0
3710	3536	3517	7	-1	-1	-1	0
3717	3523	3524	8	-1	-1	-1	0
3525	3718	3524	8	-1	-1	-1	0
3464	3652	3651	8	-1	-1	-1	0
3552	3706	3512	8	-1	-1	-1	0
3465	3653	3654	8	-1	-1	-1	0
3655	3653	3465	8	-1	-1	-1	0
3720	3526	3527	7	-1	-1	-1	0
3530	3719	3525	8	-1	-1	-1	0
3528	3526	3720	7	-1	-1	-1	0
3663	3639	3473	8	-1	-1	-1	0
3467	3657	3652	8	-1	-1	-1	0
3656	3466	3654	8	-1	-1	-1	0
3467	3656	3657	8	-1	-1	-1	0
3528	3723	3529	7	-1	-1	-1	0
3658	3655	3469	8	-1	-1	-1	0
3650	3661	3472	8	-1	-1	-1	0
3531	3529	3724	7	-1	-1	-1	0
3725	3530	3531	7	-1	-1	-1	0
3658	3471	3659	8	-1	-1	-1	0
3536	3721	3532	7	-1	-1	-1	0
3660	3659	3472	8	-1	-1	-1	0
3532	3727	3533	7	-1	-1	-1	0
3651	3667	3475	8	-1	-1	-1	0
3661	3660	3472	8	-1	-1	-1	0
3649	3476	3669	8	-1	-1	-1	0
3534	3533	3728	7	-1	-1	-1	0
3535	3534	3728	7	-1	-1	-1	0
3662	3663	3473	8	-1	-1	-1	0
3474	3664	3662	8	-1	-1	-1	0
3474	3665	3664	8	-1	-1	-1	0
3730	3538	3535	7	-1	-1	-1	0
3666	3665	3475	8	-1	-1	-1	0
3731	3537	3538	7	-1	-1	-1	0
3731	3539	3537	7	-1	-1	-1	0
3666	3475	3667	8	-1	-1	-1	0
3732	3540	3539	7	-1	-1	-1	0
3668	3669	3476	8	-1	-1	-1	0
3670	3668	3477	8	-1	-1	-1	0
3542	3540	3733	7	-1	-1	-1	0
3735	3541	3542	7	-1	-1	-1	0
3478	3671	3670	8	-1	-1	-1	0
3541	3734	3546	7	-1	-1	-1	0
3672	3671	3479	8	-1	-1	-1	0
3737	3544	3543	8	-1	-1	-1	0
3545	3738	3543	7	-1	-1	-1	0
3674	3672	3482	8	-1	-1	-1	0
3737	3550	3544	8	-1	-1	-1	0
3740	3545	3546	7	-1	-1	-1	0
3674	3483	3675	8	-1	-1	-1	0
3673	3676	3484	8	-1	-1	-1	0
3484	3676	3675	8	-1	-1	-1	0
3548	3742	3547	8	-1	-1	-1	0
3743	3548	3549	8	-1	-1	-1	0
3679	3673	3488	8	-1	-1	-1	0
3678	3677	3485	8	-1	-1	-1	0
3550	3744	3549	8	-1	-1	-1	0
3677	3680	3486	8	-1	-1	-1	0
3680	3679	3486	8	-1	-1	-1	0
3746	3553	3551	8	-1	-1	-1	0
3681	3682	3489	8	-1	-1	-1	0
3747	3552	3553	8	-1	-1	-1	0
3551	3558	3746	8	-1	-1	-1	0
3683	3681	3491	8	-1	-1	-1	0
3554	3749	3555	8	-1	-1	-1	0
3749	3554	3556	8	-1	-1	-1	0
3750	3557	3555	8	-1	-1	-1	0
3684	3686	3495	7	-1	-1	-1	0
3557	3750	3558	8	-1	-1	-1	0
3495	3686	3685	7	-1	-1	-1	0
3684	3497	3688	7	-1	-1	-1	0
3688	3497	3687	7	-1	-1	-1	0
3682	3690	3500	8	-1	-1	-1	0
3499	3685	3689	7	-1	-1	-1	0
3561	3560	3754	8	-1	-1	-1	0
3569	3751	3556	8	-1	-1	-1	0
3754	3560	3564	8	-1	-1	-1	0
3691	3500	3690	8	-1	-1	-1	0
3562	3757	3563	8	-1	-1	-1	0
3502	3693	3687	7	-1	-1	-1	0
3561	3755	3567	8	-1	-1	-1	0
3501	3691	3692	7	-1	-1	-1	0
3562	3565	3758	8	-1	-1	-1	0
3563	3759	3564	8	-1	-1	-1	0
3599	3547	3742	8	-1	-1	-1	0
3503	3692	3694	7	-1	-1	-1	0
3694	3693	3503	7	-1	-1	-1	0
3566	3763	3565	8	-1	-1	-1	0
3695	3696	3506	8	-1	-1	-1	0
3697	3506	3696	8	-1	-1	-1	0
3705	3683	3511	8	-1	-1	-1	0
3697	3698	3507	8	-1	-1	-1	0
3767	3569	3568	8	-1	-1	-1	0
3766	3571	3567	8	-1	-1	-1	0
3767	3568	3570	8	-1	-1	-1	0
3699	3508	3700	8	-1	-1	-1	0
3509	3698	3702	8	-1	-1	-1	0
3701	3700	3509	8	-1	-1	-1	0
3509	3702	3701	8	-1	-1	-1	0
3769	3570	3573	8	-1	-1	-1	0
3571	3770	3572	8	-1	-1	-1	0
3699	3704	3510	8	-1	-1	-1	0
3513	3707	3695	8	-1	-1	-1	0
3771	3573	3572	8	-1	-1	-1	0
3704	3703	3510	8	-1	-1	-1	0
3511	3703	3705	8	-1	-1	-1	0
3773	3574	3576	9	-1	-1	-1	0
3578	3574	3773	9	-1	-1	-1	0
3774	3576	3575	9	-1	-1	-1	0
3577	3774	3575	9	-1	-1	-1	0
3706	3707	3513	8	-1	-1	-1	0
3515	3708	3709	7	-1	-1	-1	0
3776	3579	3578	9	-1	-1	-1	0
3566	3605	3764	8	-1	-1	-1	0
3777	3580	3579	8	-1	-1	-1	0
3527	3689	3721	7	-1	-1	-1	0
3775	3577	3585	8	-1	-1	-1	0
3711	3710	3518	7	-1	-1	-1	0
3580	3778	3581	8	-1	-1	-1	0
3709	3712	3519	7	-1	-1	-1	0
3712	3711	3519	7	-1	-1	-1	0
3582	3581	3779	8	-1	-1	-1	0
3721	3689	3532	7	-1	-1	-1	0
3585	3586	3775	8	-1	-1	-1	0
3708	3522	3716	8	-1	-1	-1	0
3533	3727	3686	7	-1	-1	-1	0
3780	3584	3582	8	-1	-1	-1	0
3533	3686	3728	7	-1	-1	-1	0
3714	3713	3520	8	-1	-1	-1	0
3532	3689	3727	7	-1	-1	-1	0
3639	3663	3647	8	-1	-1	-1	0
3782	3583	3584	8	-1	-1	-1	0
3521	3715	3714	8	-1	-1	-1	0
3583	3781	3586	8	-1	-1	-1	0
3716	3522	3713	8	-1	-1	-1	0
3717	3715	3523	8	-1	-1	-1	0
3524	3718	3717	8	-1	-1	-1	0
3587	3784	3588	8	-1	-1	-1	0
3525	3719	3718	8	-1	-1	-1	0
3587	3592	3784	8	-1	-1	-1	0
3590	3589	3786	8	-1	-1	-1	0
3720	3527	3721	7	-1	-1	-1	0
3710	3722	3536	7	-1	-1	-1	0
3669	3650	3649	8	-1	-1	-1	0
3590	3788	3591	8	-1	-1	-1	0
3589	3595	3786	8	-1	-1	-1	0
3722	3528	3720	7	-1	-1	-1	0
3591	3789	3592	8	-1	-1	-1	0
3723	3528	3722	7	-1	-1	-1	0
3530	3725	3719	7	-1	-1	-1	0
3723	3724	3529	7	-1	-1	-1	0
3536	3720	3721	7	-1	-1	-1	0
3722	3720	3536	7	-1	-1	-1	0
3793	3593	3594	8	-1	-1	-1	0
3669	3661	3650	8	-1	-1	-1	0
3531	3724	3726	7	-1	-1	-1	0
3595	3593	3793	8	-1	-1	-1	0
3726	3725	3531	7	-1	-1	-1	0
3594	3598	3794	8	-1	-1	-1	0
3597	3798	3596	8	-1	-1	-1	0
3596	3797	3598	8	-1	-1	-1	0
3728	3729	3535	7	-1	-1	-1	0
3730	3535	3729	7	-1	-1	-1	0
3800	3597	3599	8	-1	-1	-1	0
3730	3731	3538	7	-1	-1	-1	0
3732	3539	3731	7	-1	-1	-1	0
3801	3601	3600	2	-1	-1	-1	0
3602	3801	3600	2	-1	-1	-1	0
3732	3733	3540	7	-1	-1	-1	0
3552	3747	3706	8	-1	-1	-1	0
3601	3802	3604	2	-1	-1	-1	0
3602	3603	3803	3	-1	-1	-1	0
3541	3735	3734	7	-1	-1	-1	0
3542	3733	3736	7	-1	-1	-1	0
3736	3735	3542	7	-1	-1	-1	0
3606	3806	3605	8	-1	-1	-1	0
3738	3737	3543	7	-1	-1	-1	0
3741	3546	3734	7	-1	-1	-1	0
3808	3606	3607	8	-1	-1	-1	0
3738	3545	3739	7	-1	-1	-1	0
3805	3614	3604	2	-1	-1	-1	0
3545	3740	3739	7	-1	-1	-1	0
3607	3610	3808	8	-1	-1	-1	0
3809	3609	3608	0	-1	-1	-1	0
3740	3546	3741	7	-1	-1	-1	0
3603	3621	3804	4	-1	-1	-1	0
3609	3810	3611	0	-1	-1	-1	0
3811	3610	3611	8	-1	-1	-1	0
3613	3809	3608	0	-1	-1	-1	0
3745	3550	3737	8	-1	-1	-1	0
3742	3548	3743	8	-1	-1	-1	0
3744	3743	3549	8	-1	-1	-1	0
3613	3612	3813	1	-1	-1	-1	0
3745	3744	3550	8	-1	-1	-1	0
3612	3616	3813	1	-1	-1	-1	0
3615	3614	3815	2	-1	-1	-1	0
3748	3553	3746	8	-1	-1	-1	0
3616	3615	3816	2	-1	-1	-1	0
3748	3747	3553	8	-1	-1	-1	0
3588	3785	3678	8	-1	-1	-1	0
3618	3617	3818	5	-1	-1	-1	0
3750	3555	3749	8	-1	-1	-1	0
3619	3618	3819	5	-1	-1	-1	0
3752	3749	3556	8	-1	-1	-1	0
3753	3746	3558	8	-1	-1	-1	0
3818	3617	3622	5	-1	-1	-1	0
3820	3620	3619	5	-1	-1	-1	0
3751	3752	3556	8	-1	-1	-1	0
3558	3750	3753	8	-1	-1	-1	0
3821	3621	3620	5	-1	-1	-1	0
3823	3622	3624	6	-1	-1	0	0
3561	3754	3756	8	-1	-1	-1	0
3755	3561	3756	8	-1	-1	-1	0
3562	3758	3757	8	-1	-1	-1	0
3824	3626	3627	6	-1	-1	-1	0
3824	3627	3628	6	-1	-1	-1	0
3564	3762	3754	8	-1	-1	-1	0
3761	3563	3757	8	-1	-1	-1	0
3759	3563	3760	8	-1	-1	-1	0
3825	3628	3629	6	-1	-1	-1	0
3632	3626	3824	6	-1	-1	0	0
3761	3760	3563	8	-1	-1	-1	0
3762	3564	3759	8	-1	-1	-1	0
3631	3826	3629	6	-1	-1	-1	0
3565	3763	3758	8	-1	-1	-1	0
3827	3631	3630	5	-1	-1	-1	0
3567	3755	3766	8	-1	-1	-1	0
3569	3768	3751	8	-1	-1	-1	0
3630	3634	3827	5	-1	-1	-1	0
3765	3763	3566	8	-1	-1	-1	0
3765	3566	3764	8	-1	-1	-1	0
3634	3633	3829	4	-1	-1	-1	0
3829	3633	3635	4	-1	-1	-1	0
3728	3686	3684	7	-1	-1	-1	0
3685	3686	3727	7	-1	-1	-1	0
3688	3728	3684	7	-1	-1	-1	0
3685	3727	3689	7	-1	-1	-1	0
3637	3831	3635	4	-1	-1	-1	0
3767	3768	3569	8	-1	-1	-1	0
3832	3637	3636	3	-1	-1	-1	0
3570	3769	3767	8	-1	-1	-1	0
3571	3766	3770	8	-1	-1	-1	0
3638	3833	3636	2	-1	-1	-1	0
3771	3572	3770	8	-1	-1	-1	0
3638	3643	3833	2	-1	-1	-1	0
3769	3573	3772	8	-1	-1	-1	0
3772	3573	3771	8	-1	-1	-1	0
3642	3835	3640	1	-1	-1	-1	0
3642	3641	3836	0	-1	-1	-1	0
3645	3640	3835	1	-1	-1	-1	0
3646	3836	3641	0	-1	-1	-1	0
3774	3773	3576	9	-1	-1	-1	0
3644	3838	3643	2	-1	-1	-1	0
3577	3775	3774	9	-1	-1	-1	0
3773	3776	3578	9	-1	-1	-1	0
3645	3839	3644	2	-1	-1	-1	0
3579	3776	3777	9	-1	-1	-1	0
3580	3777	3778	8	-1	-1	-1	0
3646	3648	3841	0	-1	-1	-1	0
3842	3648	3647	8	-1	-1	-1	0
3581	3778	3779	8	-1	-1	-1	0
3742	3800	3599	8	-1	-1	-1	0
3779	3780	3582	8	-1	-1	-1	0
3711	3723	3710	7	-1	-1	-1	0
3775	3586	3783	8	-1	-1	-1	0
3729	3728	3688	7	-1	-1	-1	0
3780	3782	3584	8	-1	-1	-1	0
3781	3583	3782	8	-1	-1	-1	0
3724	3711	3712	7	-1	-1	-1	0
3651	3652	3844	8	-1	-1	-1	0
3709	3726	3712	7	-1	-1	-1	0
3586	3781	3783	8	-1	-1	-1	0
3663	3842	3647	8	-1	-1	-1	0
3653	3846	3654	8	-1	-1	-1	0
3845	3652	3657	8	-1	-1	-1	0
3722	3710	3723	7	-1	-1	-1	0
3847	3653	3655	8	-1	-1	-1	0
3785	3588	3784	8	-1	-1	-1	0
3654	3848	3656	8	-1	-1	-1	0
3723	3711	3724	7	-1	-1	-1	0
3726	3724	3712	7	-1	-1	-1	0
3667	3651	3844	8	-1	-1	-1	0
3658	3849	3655	8	-1	-1	-1	0
3787	3590	3786	8	-1	-1	-1	0
3656	3850	3657	8	-1	-1	-1	0
3590	3787	3788	8	-1	-1	-1	0
3784	3592	3791	8	-1	-1	-1	0
3659	3851	3658	8	-1	-1	-1	0
3788	3790	3591	8	-1	-1	-1	0
3790	3789	3591	8	-1	-1	-1	0
3659	3660	3852	8	-1	-1	-1	0
3592	3789	3792	8	-1	-1	-1	0
3660	3661	3853	8	-1	-1	-1	0
3792	3791	3592	8	-1	-1	-1	0
3807	3764	3605	8	-1	-1	-1	0
3595	3796	3786	8	-1	-1	-1	0
3663	3662	3855	8	-1	-1	-1	0
3664	3855	3662	8	-1	-1	-1	0
3795	3793	3594	8	-1	-1	-1	0
3794	3795	3594	8	-1	-1	-1	0
3661	3669	3854	8	-1	-1	-1	0
3796	3595	3793	8	-1	-1	-1	0
3858	3664	3665	8	-1	-1	-1	0
3797	3794	3598	8	-1	-1	-1	0
3860	3665	3666	8	-1	-1	-1	0
3798	3797	3596	8	-1	-1	-1	0
3666	3667	3861	8	-1	-1	-1	0
3597	3799	3798	8	-1	-1	-1	0
3597	3800	3799	8	-1	-1	-1	0
3862	3669	3668	8	-1	-1	-1	0
3668	3670	3862	8	-1	-1	-1	0
3863	3670	3671	8	-1	-1	-1	0
3801	3802	3601	2	-1	-1	-1	0
3803	3801	3602	3	-1	-1	-1	0
3672	3864	3671	8	-1	-1	-1	0
3804	3803	3603	4	-1	-1	-1	0
3865	3672	3674	8	-1	-1	-1	0
3604	3802	3805	2	-1	-1	-1	0
3676	3673	3866	8	-1	-1	-1	0
3806	3807	3605	8	-1	-1	-1	0
3674	3675	3869	8	-1	-1	-1	0
3867	3673	3679	8	-1	-1	-1	0
3606	3808	3806	8	-1	-1	-1	0
3676	3869	3675	8	-1	-1	-1	0
3678	3871	3677	8	-1	-1	-1	0
3809	3810	3609	0	-1	-1	-1	0
3680	3677	3871	8	-1	-1	-1	0
3811	3808	3610	8	-1	-1	-1	0
3680	3872	3679	8	-1	-1	-1	0
3812	3611	3810	0	-1	-1	-1	0
3815	3614	3805	2	-1	-1	-1	0
3611	3812	3811	0	-1	-1	-1	0
3809	3613	3814	1	-1	-1	-1	0
3813	3814	3613	1	-1	-1	-1	0
3877	3682	3681	8	-1	-1	-1	0
3683	3876	3681	8	-1	-1	-1	0
3816	3615	3815	2	-1	-1	-1	0
3817	3813	3616	2	-1	-1	-1	0
3621	3822	3804	5	-1	-1	-1	0
3616	3816	3817	2	-1	-1	-1	0
3682	3878	3690	8	-1	-1	-1	0
3688	3687	3880	7	-1	-1	-1	0
3818	3819	3618	5	-1	-1	-1	0
3819	3820	3619	5	-1	-1	-1	0
3880	3687	3693	7	-1	-1	-1	0
3620	3820	3821	5	-1	-1	-1	0
3823	3818	3622	6	-1	-1	-1	0
3882	3691	3690	8	-1	-1	-1	0
3876	3683	3705	8	-1	-1	-1	0
3621	3821	3822	5	-1	-1	-1	0
3691	3883	3692	7	-1	-1	-1	0
3692	3884	3694	7	-1	-1	-1	0
3693	3694	3885	7	-1	-1	-1	0
3824	3628	3825	6	-1	-1	0	0
3696	3695	3888	8	-1	-1	-1	0
3629	3826	3825	6	-1	0	-1	0
3631	3828	3826	6	-1	0	-1	0
3697	3696	3889	8	-1	-1	-1	0
3828	3631	3827	6	-1	-1	-1	0
3891	3698	3697	8	-1	-1	-1	0
3707	3887	3695	8	-1	-1	-1	0
3827	3634	3830	5	-1	-1	-1	0
3891	3702	3698	8	-1	-1	-1	0
3892	3699	3700	8	-1	-1	-1	0
3634	3829	3830	5	-1	-1	-1	0
3831	3829	3635	4	-1	-1	-1	0
3894	3700	3701	8	-1	-1	-1	0
3893	3704	3699	8	-1	-1	-1	0
3881	3729	3688	7	-1	-1	-1	0
3702	3895	3701	8	-1	-1	-1	0
3833	3832	3636	3	-1	-1	-1	0
3637	3834	3831	4	-1	-1	-1	0
3637	3832	3834	4	-1	-1	-1	0
3900	3703	3704	8	-1	-1	-1	0
3705	3703	3899	8	-1	-1	-1	0
3643	3838	3833	2	-1	-1	-1	0
3642	3837	3835	1	-1	-1	-1	0
3642	3836	3837	1	-1	-1	-1	0
3903	3707	3706	8	-1	-1	-1	0
3645	3835	3840	2	-1	-1	-1	0
3838	3644	3839	2	-1	-1	-1	0
3708	3905	3709	7	-1	-1	-1	0
3646	3841	3836	0	-1	-1	-1	0
3645	3840	3839	2	-1	-1	-1	0
3708	3716	3905	7	-1	-1	-1	0
3648	3843	3841	0	-1	-1	-1	0
3842	3843	3648	0	-1	-1	-1	0
3713	3714	3906	8	-1	-1	-1	0
3871	3678	3785	8	-1	-1	-1	0
3906	3716	3713	8	-1	-1	-1	0
3715	3907	3714	8	-1	-1	-1	0
3717	3907	3715	8	-1	-1	-1	0
3709	3905	3726	7	-1	-1	-1	0
3845	3844	3652	8	-1	-1	-1	0
3717	3718	3909	8	-1	-1	-1	0
3846	3653	3847	8	-1	-1	-1	0
3719	3909	3718	8	-1	-1	-1	0
3846	3848	3654	8	-1	-1	-1	0
3847	3655	3849	8	-1	-1	-1	0
3657	3850	3845	8	-1	-1	-1	0
3719	3725	3908	7	-1	-1	-1	0
3656	3848	3850	8	-1	-1	-1	0
3706	3747	3903	8	-1	-1	-1	0
3905	3725	3726	7	-1	-1	-1	0
3849	3658	3851	8	-1	-1	-1	0
3663	3857	3842	8	-1	-1	-1	0
3659	3852	3851	8	-1	-1	-1	0
3660	3853	3852	8	-1	-1	-1	0
3854	3853	3661	8	-1	-1	-1	0
3730	3729	3910	7	-1	-1	-1	0
3730	3911	3731	7	-1	-1	-1	0
3844	3861	3667	8	-1	-1	-1	0
3856	3663	3855	8	-1	-1	-1	0
3911	3732	3731	7	-1	-1	-1	0
3857	3663	3856	8	-1	-1	-1	0
3912	3733	3732	7	-1	-1	-1	0
3855	3664	3858	8	-1	-1	-1	0
3736	3733	3913	7	-1	-1	-1	0
3859	3858	3665	8	-1	-1	-1	0
3735	3915	3734	7	-1	-1	-1	0
3859	3665	3860	8	-1	-1	-1	0
3669	3862	3854	8	-1	-1	-1	0
3735	3736	3916	7	-1	-1	-1	0
3666	3861	3860	8	-1	-1	-1	0
3741	3734	3914	7	-1	-1	-1	0
3918	3737	3738	7	-1	-1	-1	0
3862	3670	3863	8	-1	-1	-1	0
3739	3919	3738	7	-1	-1	-1	0
3671	3864	3863	8	-1	-1	-1	0
3920	3739	3740	7	-1	-1	-1	0
3918	3745	3737	7	-1	-1	-1	0
3672	3865	3864	8	-1	-1	-1	0
3741	3921	3740	7	-1	-1	-1	0
3866	3673	3867	8	-1	-1	-1	0
3674	3868	3865	8	-1	-1	-1	0
3923	3742	3743	8	-1	-1	-1	0
3744	3924	3743	8	-1	-1	-1	0
3674	3869	3868	8	-1	-1	-1	0
3676	3866	3870	8	-1	-1	-1	0
3745	3926	3744	8	-1	-1	-1	0
3869	3676	3870	8	-1	-1	-1	0
3679	3872	3867	8	-1	-1	-1	0
3748	3746	3928	8	-1	-1	-1	0
3873	3680	3871	8	-1	-1	-1	0
3929	3747	3748	8	-1	-1	-1	0
3874	3872	3680	8	-1	-1	-1	0
3753	3928	3746	8	-1	-1	-1	0
3680	3873	3874	8	-1	-1	-1	0
3749	3931	3750	8	-1	-1	-1	0
3875	3681	3876	8	-1	-1	-1	0
3931	3749	3752	8	-1	-1	-1	0
3681	3875	3877	8	-1	-1	-1	0
3753	3750	3932	8	-1	-1	-1	0
3751	3933	3752	8	-1	-1	-1	0
3879	3682	3877	8	-1	-1	-1	0
3682	3879	3878	8	-1	-1	-1	0
3754	3937	3756	8	-1	-1	-1	0
3688	3880	3881	7	-1	-1	-1	0
3756	3938	3755	8	-1	-1	-1	0
3878	3882	3690	8	-1	-1	-1	0
3933	3751	3768	8	-1	-1	-1	0
3937	3754	3762	8	-1	-1	-1	0
3941	3757	3758	8	-1	-1	-1	0
3882	3883	3691	7	-1	-1	-1	0
3693	3885	3880	7	-1	-1	-1	0
3692	3883	3884	7	-1	-1	-1	0
3761	3757	3941	8	-1	-1	-1	0
3766	3755	3938	8	-1	-1	-1	0
3818	3823	3819	6	-1	-1	-1	0
3943	3759	3760	8	-1	-1	-1	0
3758	3763	3942	8	-1	-1	-1	0
3943	3762	3759	8	-1	-1	-1	0
3694	3884	3886	7	-1	-1	-1	0
3944	3760	3761	8	-1	-1	-1	0
3742	3923	3800	8	-1	-1	-1	0
3886	3885	3694	7	-1	-1	-1	0
3695	3887	3888	8	-1	-1	-1	0
3888	3889	3696	8	-1	-1	-1	0
3765	3948	3763	8	-1	-1	-1	0
3889	3890	3697	8	-1	-1	-1	0
3697	3890	3891	8	-1	-1	-1	0
3764	3949	3765	8	-1	-1	-1	0
3876	3705	3899	8	-1	-1	-1	0
3892	3893	3699	8	-1	-1	-1	0
3950	3770	3766	8	-1	-1	-1	0
3700	3894	3892	8	-1	-1	-1	0
3767	3952	3768	8	-1	-1	-1	0
3767	3769	3951	8	-1	-1	-1	0
3702	3891	3897	8	-1	-1	-1	0
3894	3701	3896	8	-1	-1	-1	0
3701	3895	3896	8	-1	-1	-1	0
3772	3953	3769	8	-1	-1	-1	0
3895	3702	3898	8	-1	-1	-1	0
3954	3771	3770	8	-1	-1	-1	0
3897	3898	3702	8	-1	-1	-1	0
3954	3772	3771	8	-1	-1	-1	0
3904	3887	3707	8	-1	-1	-1	0
3704	3893	3901	8	-1	-1	-1	0
3899	3703	3900	8	-1	-1	-1	0
3774	3957	3773	9	-1	-1	-1	0
3957	3776	3773	9	-1	-1	-1	0
3775	3957	3774	9	-1	-1	-1	0
3902	3900	3704	8	-1	-1	-1	0
3704	3901	3902	8	-1	-1	-1	0
3777	3776	3958	9	-1	-1	-1	0
3707	3903	3904	8	-1	-1	-1	0
3777	3959	3778	8	-1	-1	-1	0
3775	3783	3957	9	-1	-1	-1	0
3779	3778	3959	8	-1	-1	-1	0
3779	3960	3780	8	-1	-1	-1	0
3881	3910	3729	7	-1	-1	-1	0
3949	3764	3807	8	-1	-1	-1	0
3782	3780	3960	8	-1	-1	-1	0
3781	3782	3961	8	-1	-1	-1	0
3961	3783	3781	8	-1	-1	-1	0
3907	3906	3714	8	-1	-1	-1	0
3905	3716	3908	7	-1	-1	-1	0
3906	3908	3716	7	-1	-1	-1	0
3785	3784	3962	8	-1	-1	-1	0
3909	3907	3717	8	-1	-1	-1	0
3908	3909	3719	7	-1	-1	-1	0
3787	3786	3964	8	-1	-1	-1	0
3784	3791	3963	8	-1	-1	-1	0
3725	3905	3908	7	-1	-1	-1	0
3965	3788	3787	8	-1	-1	-1	0
3966	3790	3788	8	-1	-1	-1	0
3796	3964	3786	8	-1	-1	-1	0
3789	3790	3968	8	-1	-1	-1	0
3792	3789	3969	8	-1	-1	-1	0
3911	3730	3910	7	-1	-1	-1	0
3972	3791	3792	8	-1	-1	-1	0
3732	3911	3912	7	-1	-1	-1	0
3912	3913	3733	7	-1	-1	-1	0
3795	3974	3793	8	-1	-1	-1	0
3915	3914	3734	7	-1	-1	-1	0
3793	3974	3796	8	-1	-1	-1	0
3976	3795	3794	8	-1	-1	-1	0
3794	3797	3975	8	-1	-1	-1	0
3917	3736	3913	7	-1	-1	-1	0
3735	3916	3915	7	-1	-1	-1	0
3736	3917	3916	7	-1	-1	-1	0
3798	3979	3797	8	-1	-1	-1	0
3919	3918	3738	7	-1	-1	-1	0
3980	3798	3799	8	-1	-1	-1	0
3741	3914	3922	7	-1	-1	-1	0
3919	3739	3920	7	-1	-1	-1	0
3929	3903	3747	8	-1	-1	-1	0
3981	3799	3800	8	-1	-1	-1	0
3740	3921	3920	7	-1	-1	-1	0
3922	3921	3741	7	-1	-1	-1	0
3801	3983	3802	3	-1	-1	-1	0
3803	3983	3801	3	-1	-1	-1	0
3918	3927	3745	7	-1	-1	-1	0
3923	3743	3925	8	-1	-1	-1	0
3805	3802	3984	3	-1	-1	-1	0
3925	3743	3924	8	-1	-1	-1	0
3804	3985	3803	4	-1	-1	-1	0
3744	3926	3924	8	-1	-1	-1	0
3926	3745	3927	7	-1	-1	-1	0
3806	3989	3807	8	-1	-1	-1	0
3808	3988	3806	8	-1	-1	-1	0
3748	3928	3930	8	-1	-1	-1	0
3805	3987	3815	3	-1	-1	-1	0
3808	3811	3988	8	-1	-1	-1	0
3930	3929	3748	8	-1	-1	-1	0
3992	3810	3809	1	-1	-1	-1	0
3986	3804	3822	5	-1	-1	-1	0
3931	3932	3750	8	-1	-1	-1	0
3993	3812	3810	1	-1	-1	-1	0
3809	3814	3992	1	-1	-1	-1	0
3936	3928	3753	8	-1	-1	-1	0
3752	3934	3931	8	-1	-1	-1	0
3812	3994	3811	0	-1	-1	-1	0
3871	3785	3962	8	-1	-1	-1	0
3935	3752	3933	8	-1	-1	-1	0
3752	3935	3934	8	-1	-1	-1	0
3936	3753	3932	8	-1	-1	-1	0
3813	3996	3814	2	-1	-1	-1	0
3813	3817	3996	2	-1	-1	-1	0
3816	3815	3998	3	-1	-1	-1	0
3817	3816	3999	3	-1	-1	-1	0
3940	3756	3937	8	-1	-1	-1	0
3939	3938	3756	8	-1	-1	-1	0
3940	3939	3756	8	-1	-1	-1	0
4001	3820	3819	6	-1	-1	-1	0
3941	3758	3942	8	-1	-1	-1	0
3937	3762	3943	8	-1	-1	-1	0
3819	3823	4001	6	-1	0	-1	0
3821	3820	4003	6	-1	-1	-1	0
3822	3821	4004	6	-1	-1	-1	0
3945	3943	3760	8	-1	-1	-1	0
3947	3761	3941	8	-1	-1	-1	0
3760	3944	3945	8	-1	-1	-1	0
3946	3944	3761	8	-1	-1	-1	0
3763	3948	3942	8	-1	-1	-1	0
3768	3952	3933	8	-1	-1	-1	0
3938	3950	3766	8	-1	-1	-1	0
3946	3761	3947	8	-1	-1	-1	0
3827	4006	3828	6	-1	0	-1	0
3948	3765	3949	8	-1	-1	-1	0
3830	4006	3827	6	-1	-1	-1	0
4007	3830	3829	5	-1	-1	-1	0
4007	3829	3831	5	-1	-1	-1	0
3951	3952	3767	8	-1	-1	-1	0
3951	3769	3953	8	-1	-1	-1	0
3950	3954	3770	8	-1	-1	-1	0
3834	4010	3831	5	-1	-1	-1	0
3833	4012	3832	3	-1	-1	-1	0
4011	3834	3832	4	-1	-1	-1	0
3953	3772	3955	8	-1	-1	-1	0
3954	3956	3772	8	-1	-1	-1	0
3955	3772	3956	8	-1	-1	-1	0
3838	4012	3833	3	-1	-1	-1	0
3837	4014	3835	2	-1	-1	-1	0
4015	3837	3836	1	-1	-1	-1	0
4014	3840	3835	2	-1	-1	-1	0
3776	3957	3958	9	-1	-1	-1	0
3841	4015	3836	1	-1	-1	-1	0
3958	3959	3777	9	-1	-1	-1	0
3839	4017	3838	3	-1	-1	-1	0
3840	4018	3839	3	-1	-1	-1	0
3957	3783	3958	9	-1	-1	-1	0
3959	3960	3779	8	-1	-1	-1	0
3961	3958	3783	9	-1	-1	-1	0
3960	3961	3782	8	-1	-1	-1	0
3841	3843	4020	1	-1	-1	-1	0
3923	3981	3800	8	-1	-1	-1	0
4021	3843	3842	0	-1	-1	-1	0
3962	3784	3963	8	-1	-1	-1	0
4023	3844	3845	8	-1	-1	-1	0
3787	3964	3965	8	-1	-1	-1	0
3965	3966	3788	8	-1	-1	-1	0
3847	4026	3846	8	-1	-1	-1	0
4021	3842	3857	0	-1	-1	-1	0
4025	3845	3850	8	-1	-1	-1	0
3846	4028	3848	8	-1	-1	-1	0
3906	3907	3909	7	-1	-1	-1	0
3908	3906	3909	7	-1	-1	-1	0
3968	3967	3789	8	-1	-1	-1	0
3967	3969	3789	8	-1	-1	-1	0
3791	3972	3963	8	-1	-1	-1	0
4030	3847	3849	8	-1	-1	-1	0
4028	3850	3848	8	-1	-1	-1	0
3971	3790	3966	8	-1	-1	-1	0
3968	3790	3970	8	-1	-1	-1	0
3844	4024	3861	8	-1	-1	-1	0
4030	3849	3851	8	-1	-1	-1	0
3790	3971	3970	8	-1	-1	-1	0
3796	3974	3964	8	-1	-1	-1	0
3969	3973	3792	8	-1	-1	-1	0
3852	4033	3851	8	-1	-1	-1	0
3972	3792	3973	8	-1	-1	-1	0
3853	4034	3852	8	-1	-1	-1	0
3853	3854	4036	8	-1	-1	-1	0
3794	3975	3976	8	-1	-1	-1	0
3807	3990	3949	8	-1	-1	-1	0
3795	3978	3974	8	-1	-1	-1	0
3795	3976	3977	8	-1	-1	-1	0
4038	3856	3855	8	-1	-1	-1	0
3977	3978	3795	8	-1	-1	-1	0
3858	4038	3855	8	-1	-1	-1	0
3979	3975	3797	8	-1	-1	-1	0
3856	4039	3857	8	-1	-1	-1	0
4037	3854	3862	8	-1	-1	-1	0
3979	3798	3980	8	-1	-1	-1	0
3859	4042	3858	8	-1	-1	-1	0
3799	3982	3980	8	-1	-1	-1	0
3981	3982	3799	8	-1	-1	-1	0
3860	4043	3859	8	-1	-1	-1	0
3862	3863	4037	8	-1	-1	-1	0
3861	4045	3860	8	-1	-1	-1	0
3802	3983	3984	3	-1	-1	-1	0
3985	3983	3803	4	-1	-1	-1	0
3864	4047	3863	8	-1	-1	-1	0
3986	3985	3804	5	-1	-1	-1	0
3987	3805	3984	3	-1	-1	-1	0
3864	3865	4047	8	-1	-1	-1	0
4049	3865	3868	8	-1	-1	-1	0
3867	4050	3866	8	-1	-1	-1	0
3988	3989	3806	8	-1	-1	-1	0
3866	4050	3870	8	-1	-1	-1	0
3807	3989	3991	8	-1	-1	-1	0
3990	3807	3991	8	-1	-1	-1	0
3869	4052	3868	8	-1	-1	-1	0
4051	3867	3872	8	-1	-1	-1	0
3869	3870	4052	8	-1	-1	-1	0
3988	3811	3994	0	-1	-1	-1	0
3930	3928	3936	8	-1	-1	-1	0
3810	3992	3993	1	-1	-1	-1	0
4051	3872	3874	8	-1	-1	-1	0
3871	4054	3873	8	-1	-1	-1	0
3993	3995	3812	1	-1	-1	-1	0
3998	3815	3987	3	-1	-1	-1	0
3812	3995	3994	1	-1	-1	-1	0
3874	3873	4055	8	-1	-1	-1	0
3997	3992	3814	2	-1	-1	-1	0
3997	3814	3996	2	-1	-1	-1	0
3876	4057	3875	8	-1	-1	-1	0
3877	3875	4059	8	-1	-1	-1	0
3816	3998	3999	3	-1	-1	-1	0
3822	4005	3986	6	-1	-1	-1	0
3996	3817	4000	3	-1	-1	-1	0
3817	3999	4000	3	-1	-1	-1	0
3877	4060	3879	8	-1	-1	-1	0
3878	3879	4061	8	-1	-1	-1	0
3878	4061	3882	8	-1	-1	-1	0
3820	4001	4002	6	-1	0	-1	0
3881	3880	4064	7	-1	-1	-1	0
4003	3820	4002	6	-1	-1	0	0
4004	3821	4003	6	-1	-1	0	0
3885	4063	3880	7	-1	-1	-1	0
4066	3883	3882	7	-1	-1	-1	0
4004	4005	3822	6	0	-1	-1	0
3876	3899	4057	8	-1	-1	-1	0
4067	3884	3883	7	-1	-1	-1	0
4067	3886	3884	7	-1	-1	-1	0
3885	3886	4068	7	-1	-1	-1	0
3830	4008	4006	6	-1	0	-1	0
4007	4009	3830	6	-1	-1	-1	0
4009	4008	3830	6	0	-1	-1	0
3888	3887	4072	8	-1	-1	-1	0
4007	3831	4010	5	-1	-1	-1	0
3888	4074	3889	8	-1	-1	-1	0
3890	3889	4075	8	-1	-1	-1	0
4012	4011	3832	4	-1	-1	-1	0
3881	4065	3910	7	-1	-1	-1	0
3834	4013	4010	5	-1	-1	-1	0
3890	4076	3891	8	-1	-1	-1	0
4013	3834	4011	5	-1	-1	-1	0
4072	3887	3904	8	-1	-1	-1	0
3892	4078	3893	8	-1	-1	-1	0
3894	4078	3892	8	-1	-1	-1	0
4077	3897	3891	8	-1	-1	-1	0
4014	3837	4016	2	-1	-1	-1	0
3838	4017	4012	3	-1	-1	-1	0
4015	4016	3837	2	-1	-1	-1	0
3894	3896	4081	8	-1	-1	-1	0
4019	3840	4014	3	-1	-1	-1	0
3893	4079	3901	8	-1	-1	-1	0
4082	3896	3895	8	-1	-1	-1	0
4018	4017	3839	3	-1	-1	-1	0
4083	3895	3898	8	-1	-1	-1	0
3841	4020	4015	1	-1	-1	-1	0
4018	3840	4019	3	-1	-1	-1	0
3958	3961	3959	9	-1	-1	-1	0
3959	3961	3960	9	-1	-1	-1	0
4085	3898	3897	8	-1	-1	-1	0
3843	4022	4020	1	-1	-1	-1	0
4021	4022	3843	1	-1	-1	-1	0
4054	3871	3962	8	-1	-1	-1	0
3899	3900	4088	8	-1	-1	-1	0
3844	4023	4024	8	-1	-1	-1	0
3900	3902	4089	8	-1	-1	-1	0
4025	4023	3845	8	-1	-1	-1	0
4090	3902	3901	8	-1	-1	-1	0
3846	4026	4027	8	-1	-1	-1	0
3903	4094	3904	8	-1	-1	-1	0
3846	4027	4028	8	-1	-1	-1	0
3847	4029	4026	8	-1	-1	-1	0
4030	4029	3847	8	-1	-1	-1	0
3850	4031	4025	8	-1	-1	-1	0
4031	3850	4028	8	-1	-1	-1	0
4032	4030	3851	8	-1	-1	-1	0
3851	4033	4032	8	-1	-1	-1	0
3910	4096	3911	7	-1	-1	-1	0
3857	4040	4021	0	-1	-1	-1	0
3911	4096	3912	7	-1	-1	-1	0
3852	4034	4033	8	-1	-1	-1	0
4096	3913	3912	7	-1	-1	-1	0
4035	4034	3853	8	-1	-1	-1	0
4036	4035	3853	8	-1	-1	-1	0
4093	3903	3929	8	-1	-1	-1	0
4037	4036	3854	8	-1	-1	-1	0
4097	3917	3913	7	-1	-1	-1	0
3915	4100	3914	7	-1	-1	-1	0
4045	3861	4024	8	-1	-1	-1	0
3915	3916	4101	7	-1	-1	-1	0
3856	4038	4039	8	-1	-1	-1	0
3914	4099	3922	7	-1	-1	-1	0
3916	3917	4102	7	-1	-1	-1	0
4040	3857	4039	0	-1	-1	-1	0
3858	4041	4038	8	-1	-1	-1	0
3858	4042	4041	8	-1	-1	-1	0
3918	3919	4104	7	-1	-1	-1	0
4105	3919	3920	7	-1	-1	-1	0
4044	4042	3859	8	-1	-1	-1	0
4046	4037	3863	8	-1	-1	-1	0
3859	4043	4044	8	-1	-1	-1	0
4105	3920	3921	7	-1	-1	-1	0
4043	3860	4045	8	-1	-1	-1	0
3918	4104	3927	7	-1	-1	-1	0
3922	4107	3921	7	-1	-1	-1	0
4047	4046	3863	8	-1	-1	-1	0
3923	3925	4111	8	-1	-1	-1	0
3865	4048	4047	8	-1	-1	-1	0
4112	3925	3924	8	-1	-1	-1	0
3926	4112	3924	8	-1	-1	-1	0
4049	4048	3865	8	-1	-1	-1	0
3926	3927	4114	7	-1	-1	-1	0
4051	4050	3867	8	-1	-1	-1	0
4052	4049	3868	8	-1	-1	-1	0
4050	4053	3870	8	-1	-1	-1	0
4116	3929	3930	8	-1	-1	-1	0
4053	4052	3870	8	-1	-1	-1	0
4117	3932	3931	8	-1	-1	-1	0
4051	3874	4056	8	-1	-1	-1	0
3873	4054	4055	8	-1	-1	-1	0
4117	3931	3934	8	-1	-1	-1	0
3936	4116	3930	8	-1	-1	-1	0
4055	4056	3874	8	-1	-1	-1	0
3936	3932	4118	8	-1	-1	-1	0
4120	3935	3933	8	-1	-1	-1	0
4058	3875	4057	8	-1	-1	-1	0
4122	3934	3935	8	-1	-1	-1	0
3875	4058	4059	8	-1	-1	-1	0
4060	3877	4059	8	-1	-1	-1	0
4062	3879	4060	8	-1	-1	-1	0
3937	4124	3940	8	-1	-1	-1	0
3879	4062	4061	8	-1	-1	-1	0
3939	4125	3938	8	-1	-1	-1	0
3943	4124	3937	8	-1	-1	-1	0
4127	3939	3940	8	-1	-1	-1	0
3933	3952	4121	8	-1	-1	-1	0
4064	3880	4063	7	-1	-1	-1	0
4061	4066	3882	7	-1	-1	-1	0
4064	4065	3881	7	-1	-1	-1	0
4129	3941	3942	8	-1	-1	-1	0
4125	3950	3938	8	-1	-1	-1	0
4110	3981	3923	8	-1	-1	-1	0
3885	4068	4063	7	-1	-1	-1	0
3883	4066	4067	7	-1	-1	-1	0
3947	3941	4129	8	-1	-1	-1	0
4131	3943	3945	8	-1	-1	-1	0
4130	3942	3948	8	-1	-1	-1	0
4133	3945	3944	8	-1	-1	-1	0
4070	4068	3886	7	-1	-1	-1	0
3946	4134	3944	8	-1	-1	-1	0
3886	4067	4071	7	-1	-1	-1	0
4070	3886	4069	7	-1	-1	-1	0
3886	4071	4069	7	-1	-1	-1	0
4136	3946	3947	8	-1	-1	-1	0
3950	4125	3954	8	-1	-1	-1	0
3888	4072	4073	8	-1	-1	-1	0
4138	3948	3949	8	-1	-1	-1	0
3888	4073	4074	8	-1	-1	-1	0
4075	3889	4074	8	-1	-1	-1	0
4075	4076	3890	8	-1	-1	-1	0
4141	3952	3951	8	-1	-1	-1	0
4088	4057	3899	8	-1	-1	-1	0
4076	4077	3891	8	-1	-1	-1	0
3953	4141	3951	8	-1	-1	-1	0
4079	3893	4078	8	-1	-1	-1	0
3955	4142	3953	8	-1	-1	-1	0
3894	4080	4078	8	-1	-1	-1	0
3954	4144	3956	8	-1	-1	-1	0
4080	3894	4081	8	-1	-1	-1	0
3956	4145	3955	8	-1	-1	-1	0
4085	3897	4077	8	-1	-1	-1	0
4083	4082	3895	8	-1	-1	-1	0
3896	4084	4081	8	-1	-1	-1	0
4084	3896	4082	8	-1	-1	-1	0
4083	3898	4087	8	-1	-1	-1	0
3898	4085	4086	8	-1	-1	-1	0
3910	4065	4096	7	-1	-1	-1	0
4079	4091	3901	8	-1	-1	-1	0
4072	3904	4095	8	-1	-1	-1	0
3898	4086	4087	8	-1	-1	-1	0
3962	3963	4147	8	-1	-1	-1	0
3982	3981	4110	8	-1	-1	-1	0
3990	4138	3949	8	-1	-1	-1	0
4088	3900	4089	8	-1	-1	-1	0
4149	3965	3964	8	-1	-1	-1	0
3965	4150	3966	8	-1	-1	-1	0
4090	3901	4091	8	-1	-1	-1	0
3972	4148	3963	8	-1	-1	-1	0
3902	4092	4089	8	-1	-1	-1	0
4092	3902	4090	8	-1	-1	-1	0
4150	3971	3966	8	-1	-1	-1	0
3969	3967	4151	8	-1	-1	-1	0
4152	3967	3968	8	-1	-1	-1	0
3974	4149	3964	8	-1	-1	-1	0
4094	3903	4093	8	-1	-1	-1	0
3970	4153	3968	8	-1	-1	-1	0
4094	4095	3904	8	-1	-1	-1	0
4155	3973	3969	8	-1	-1	-1	0
3971	4156	3970	8	-1	-1	-1	0
3972	3973	4158	8	-1	-1	-1	0
4098	3913	4096	7	-1	-1	-1	0
4097	3913	4098	7	-1	-1	-1	0
3978	4161	3974	8	-1	-1	-1	0
4099	3914	4100	7	-1	-1	-1	0
3976	3975	4162	8	-1	-1	-1	0
4162	3975	3979	8	-1	-1	-1	0
3976	4163	3977	8	-1	-1	-1	0
3915	4101	4100	7	-1	-1	-1	0
4097	4103	3917	7	-1	-1	-1	0
4039	4038	4041	8	-1	-1	-1	0
3916	4102	4101	7	-1	-1	-1	0
4164	3978	3977	8	-1	-1	-1	0
4102	3917	4103	7	-1	-1	-1	0
4105	4104	3919	7	-1	-1	-1	0
3980	4169	3979	8	-1	-1	-1	0
3922	4099	4108	7	-1	-1	-1	0
4106	4105	3921	7	-1	-1	-1	0
4170	3980	3982	8	-1	-1	-1	0
3921	4107	4106	7	-1	-1	-1	0
3929	4115	4093	8	-1	-1	-1	0
3922	4109	4107	7	-1	-1	-1	0
3983	4172	3984	4	-1	-1	-1	0
4108	4109	3922	7	-1	-1	-1	0
3985	4172	3983	4	-1	-1	-1	0
3984	4173	3987	4	-1	-1	-1	0
4111	4110	3923	8	-1	-1	-1	0
4104	4114	3927	7	-1	-1	-1	0
3986	4174	3985	5	-1	-1	-1	0
3925	4113	4111	8	-1	-1	-1	0
4112	4113	3925	8	-1	-1	-1	0
4114	4112	3926	7	-1	-1	-1	0
4176	3989	3988	0	-1	-1	-1	0
4177	3991	3989	0	-1	-1	-1	0
3988	3994	4176	0	-1	-1	-1	0
3991	4178	3990	8	-1	-1	-1	0
3998	3987	4175	4	-1	-1	-1	0
3929	4116	4115	8	-1	-1	-1	0
4054	3962	4147	8	-1	-1	-1	0
4180	3993	3992	2	-1	-1	-1	0
4117	4119	3932	8	-1	-1	-1	0
4005	4174	3986	6	-1	-1	-1	0
3997	4180	3992	2	-1	-1	-1	0
3932	4119	4118	8	-1	-1	-1	0
3993	4181	3995	2	-1	-1	-1	0
4182	3994	3995	1	-1	-1	-1	0
4122	4117	3934	8	-1	-1	-1	0
4121	4120	3933	8	-1	-1	-1	0
3936	4123	4116	8	-1	-1	-1	0
3996	4184	3997	3	-1	-1	-1	0
4122	3935	4120	8	-1	-1	-1	0
3936	4118	4123	8	-1	-1	-1	0
4184	3996	4000	3	-1	-1	-1	0
4186	3999	3998	4	-1	-1	-1	0
3999	4187	4000	4	-1	-1	-1	0
4125	3939	4126	8	-1	-1	-1	0
4127	4126	3939	8	-1	-1	-1	0
4124	4128	3940	8	-1	-1	-1	0
4127	3940	4128	8	-1	-1	-1	0
3942	4130	4129	8	-1	-1	-1	0
4132	4124	3943	8	-1	-1	-1	0
4007	4190	4009	6	-1	0	-1	0
4058	4057	4088	8	-1	-1	-1	0
4131	4132	3943	8	-1	-1	-1	0
4007	4010	4190	6	-1	-1	-1	0
4133	3944	4134	8	-1	-1	-1	0
4135	4131	3945	8	-1	-1	-1	0
3945	4133	4135	8	-1	-1	-1	0
4137	3947	4129	8	-1	-1	-1	0
4010	4013	4191	6	-1	-1	-1	0
4121	3952	4141	8	-1	-1	-1	0
4011	4012	4193	4	-1	-1	-1	0
4134	3946	4136	8	-1	-1	-1	0
4013	4011	4192	5	-1	-1	-1	0
3948	4140	4130	8	-1	-1	-1	0
4136	3947	4137	8	-1	-1	-1	0
4193	4012	4017	4	-1	-1	-1	0
4144	3954	4125	8	-1	-1	-1	0
4195	4014	4016	3	-1	-1	-1	0
4139	3948	4138	8	-1	-1	-1	0
4016	4015	4196	2	-1	-1	-1	0
3948	4139	4140	8	-1	-1	-1	0
4014	4195	4019	3	-1	-1	-1	0
4196	4015	4020	2	-1	-1	-1	0
4017	4018	4198	4	-1	-1	-1	0
4019	4199	4018	4	-1	-1	-1	0
4079	4078	4080	8	-1	-1	-1	0
4141	3953	4143	8	-1	-1	-1	0
4143	3953	4142	8	-1	-1	-1	0
4145	4142	3955	8	-1	-1	-1	0
4022	4201	4020	2	-1	-1	-1	0
4021	4202	4022	1	-1	-1	-1	0
4146	3956	4144	8	-1	-1	-1	0
3956	4146	4145	8	-1	-1	-1	0
4024	4023	4204	8	-1	-1	-1	0
4023	4025	4205	8	-1	-1	-1	0
3963	4148	4147	8	-1	-1	-1	0
4208	4027	4026	8	-1	-1	-1	0
4021	4040	4202	1	-1	-1	-1	0
4110	4171	3982	8	-1	-1	-1	0
4208	4026	4029	8	-1	-1	-1	0
4207	4025	4031	8	-1	-1	-1	0
4027	4209	4028	8	-1	-1	-1	0
4150	3965	4149	8	-1	-1	-1	0
4031	4028	4210	8	-1	-1	-1	0
4030	4211	4029	8	-1	-1	-1	0
4151	3967	4152	8	-1	-1	-1	0
4152	3968	4153	8	-1	-1	-1	0
4151	4154	3969	8	-1	-1	-1	0
4030	4032	4212	8	-1	-1	-1	0
4045	4024	4206	8	-1	-1	-1	0
4150	4157	3971	8	-1	-1	-1	0
4154	4155	3969	8	-1	-1	-1	0
4148	3972	4158	8	-1	-1	-1	0
4153	3970	4156	8	-1	-1	-1	0
4033	4215	4032	8	-1	-1	-1	0
4034	4216	4033	8	-1	-1	-1	0
3974	4161	4149	8	-1	-1	-1	0
3971	4157	4156	8	-1	-1	-1	0
4034	4035	4217	8	-1	-1	-1	0
3973	4155	4160	8	-1	-1	-1	0
4035	4036	4218	8	-1	-1	-1	0
3973	4159	4158	8	-1	-1	-1	0
4219	4036	4037	8	-1	-1	-1	0
4159	3973	4160	8	-1	-1	-1	0
4221	4040	4039	0	-1	-1	-1	0
4041	4221	4039	0	-1	-1	-1	0
4163	3976	4162	8	-1	-1	-1	0
4046	4219	4037	8	-1	-1	-1	0
4165	3977	4163	8	-1	-1	-1	0
4223	4041	4042	0	-1	-1	-1	0
4138	3990	4178	8	-1	-1	-1	0
4165	4164	3977	8	-1	-1	-1	0
4161	3978	4168	8	-1	-1	-1	0
3978	4164	4166	8	-1	-1	-1	0
4044	4224	4042	0	-1	-1	-1	0
4162	3979	4169	8	-1	-1	-1	0
3978	4166	4167	8	-1	-1	-1	0
4044	4043	4226	8	-1	-1	-1	0
3978	4167	4168	8	-1	-1	-1	0
4045	4225	4043	8	-1	-1	-1	0
3980	4170	4169	8	-1	-1	-1	0
4046	4047	4228	8	-1	-1	-1	0
4171	4170	3982	8	-1	-1	-1	0
4230	4047	4048	8	-1	-1	-1	0
4173	3984	4172	4	-1	-1	-1	0
4232	4048	4049	8	-1	-1	-1	0
4174	4172	3985	5	-1	-1	-1	0
4049	4052	4233	8	-1	-1	-1	0
4173	4175	3987	4	-1	-1	-1	0
4051	4235	4050	8	-1	-1	-1	0
4234	4053	4050	8	-1	-1	-1	0
4053	4233	4052	8	-1	-1	-1	0
3989	4176	4177	0	-1	-1	-1	0
4056	4236	4051	8	-1	-1	-1	0
4177	4179	3991	0	-1	-1	-1	0
4179	4178	3991	0	-1	-1	-1	0
4240	4055	4054	8	-1	-1	-1	0
4176	3994	4182	1	-1	-1	-1	0
4241	4056	4055	8	-1	-1	-1	0
3993	4180	4181	2	-1	-1	-1	0
4119	4117	4122	8	-1	-1	-1	0
4183	3995	4181	2	-1	-1	-1	0
3998	4175	4186	4	-1	-1	-1	0
4182	3995	4183	2	-1	-1	-1	0
4185	4180	3997	3	-1	-1	-1	0
4059	4058	4244	8	-1	-1	-1	0
4245	4060	4059	8	-1	-1	-1	0
3997	4184	4185	3	-1	-1	-1	0
4174	4005	4189	6	-1	0	-1	0
4060	4247	4062	8	-1	-1	-1	0
4186	4187	3999	4	-1	-1	-1	0
4188	4184	4000	4	-1	-1	-1	0
4062	4248	4061	7	-1	-1	-1	0
4000	4187	4188	4	-1	-1	-1	0
4248	4066	4061	7	-1	-1	-1	0
4063	4251	4064	7	-1	-1	-1	0
4064	4252	4065	7	-1	-1	-1	0
4248	4067	4066	7	-1	-1	-1	0
4068	4251	4063	7	-1	-1	-1	0
4128	4124	4132	8	-1	-1	-1	0
4243	4058	4088	8	-1	-1	-1	0
4191	4190	4010	6	0	-1	-1	0
4071	4067	4254	7	-1	-1	-1	0
4068	4070	4256	7	-1	-1	-1	0
4070	4069	4257	7	-1	-1	-1	0
4193	4192	4011	5	-1	-1	-1	0
4013	4194	4191	6	-1	0	-1	0
4258	4069	4071	7	-1	-1	-1	0
4013	4192	4194	6	-1	-1	-1	0
4262	4073	4072	8	-1	-1	-1	0
4197	4195	4016	3	-1	-1	-1	0
4193	4017	4198	4	-1	-1	-1	0
4263	4075	4074	8	-1	-1	-1	0
4016	4196	4197	3	-1	-1	-1	0
4253	4096	4065	7	-1	-1	-1	0
4074	4073	4263	8	-1	-1	-1	0
4019	4195	4200	4	-1	-1	-1	0
4018	4199	4198	4	-1	-1	-1	0
4264	4076	4075	8	-1	-1	-1	0
4201	4196	4020	2	-1	-1	-1	0
4019	4200	4199	4	-1	-1	-1	0
4076	4266	4077	8	-1	-1	-1	0
4088	4089	4243	8	-1	-1	-1	0
4201	4022	4203	2	-1	-1	-1	0
4202	4203	4022	2	-1	-1	-1	0
4079	4080	4268	8	-1	-1	-1	0
4267	4085	4077	8	-1	-1	-1	0
4095	4262	4072	8	-1	-1	-1	0
4081	4269	4080	8	-1	-1	-1	0
4204	4023	4205	8	-1	-1	-1	0
4204	4206	4024	8	-1	-1	-1	0
4081	4084	4271	8	-1	-1	-1	0
4025	4207	4205	8	-1	-1	-1	0
4082	4083	4273	8	-1	-1	-1	0
4091	4079	4268	8	-1	-1	-1	0
4272	4084	4082	8	-1	-1	-1	0
4054	4147	4239	8	-1	-1	-1	0
4087	4274	4083	8	-1	-1	-1	0
4209	4027	4208	8	-1	-1	-1	0
4086	4085	4275	8	-1	-1	-1	0
4098	4096	4253	7	-1	-1	-1	0
4210	4028	4209	8	-1	-1	-1	0
4208	4029	4211	8	-1	-1	-1	0
4087	4086	4277	8	-1	-1	-1	0
4214	4207	4031	8	-1	-1	-1	0
4211	4030	4212	8	-1	-1	-1	0
4031	4210	4213	8	-1	-1	-1	0
4138	4178	4139	8	-1	-1	-1	0
4214	4031	4213	8	-1	-1	-1	0
4215	4212	4032	8	-1	-1	-1	0
4281	4089	4092	8	-1	-1	-1	0
4282	4090	4091	8	-1	-1	-1	0
4222	4202	4040	1	-1	-1	-1	0
4282	4092	4090	8	-1	-1	-1	0
4215	4033	4216	8	-1	-1	-1	0
4216	4034	4217	8	-1	-1	-1	0
4217	4035	4218	8	-1	-1	-1	0
4286	4094	4093	8	-1	-1	-1	0
4220	4218	4036	8	-1	-1	-1	0
4036	4219	4220	8	-1	-1	-1	0
4094	4286	4095	8	-1	-1	-1	0
4045	4206	4225	8	-1	-1	-1	0
4221	4222	4040	1	-1	-1	-1	0
4097	4098	4289	7	-1	-1	-1	0
4223	4221	4041	0	-1	-1	-1	0
4224	4223	4042	0	-1	-1	-1	0
4097	4290	4103	7	-1	-1	-1	0
4100	4292	4099	7	-1	-1	-1	0
4219	4046	4228	8	-1	-1	-1	0
4043	4225	4226	8	-1	-1	-1	0
4286	4093	4115	8	-1	-1	-1	0
4227	4224	4044	0	-1	-1	-1	0
4296	4100	4101	7	-1	-1	-1	0
4226	4227	4044	0	-1	-1	-1	0
4101	4102	4296	7	-1	-1	-1	0
4099	4293	4108	7	-1	-1	-1	0
4102	4103	4296	7	-1	-1	-1	0
4229	4228	4047	8	-1	-1	-1	0
4229	4047	4230	8	-1	-1	-1	0
4104	4105	4299	7	-1	-1	-1	0
4048	4231	4230	8	-1	-1	-1	0
4106	4299	4105	7	-1	-1	-1	0
4231	4048	4232	8	-1	-1	-1	0
4301	4106	4107	7	-1	-1	-1	0
4049	4233	4232	8	-1	-1	-1	0
4104	4300	4114	7	-1	-1	-1	0
4050	4235	4234	8	-1	-1	-1	0
4109	4303	4107	7	-1	-1	-1	0
4109	4108	4304	7	-1	-1	-1	0
4051	4236	4235	8	-1	-1	-1	0
4053	4237	4233	8	-1	-1	-1	0
4234	4238	4053	8	-1	-1	-1	0
4307	4110	4111	8	-1	-1	-1	0
4238	4237	4053	8	-1	-1	-1	0
4054	4239	4240	8	-1	-1	-1	0
4111	4113	4309	8	-1	-1	-1	0
4147	4148	4239	8	-1	-1	-1	0
4056	4242	4236	8	-1	-1	-1	0
4310	4113	4112	7	-1	-1	-1	0
4112	4114	4310	7	-1	-1	-1	0
4241	4055	4240	8	-1	-1	-1	0
4056	4241	4242	8	-1	-1	-1	0
4116	4313	4115	8	-1	-1	-1	0
4058	4243	4244	8	-1	-1	-1	0
4059	4244	4245	8	-1	-1	-1	0
4245	4246	4060	8	-1	-1	-1	0
4246	4247	4060	8	-1	-1	-1	0
4116	4123	4315	8	-1	-1	-1	0
4317	4118	4119	8	-1	-1	-1	0
4123	4118	4317	8	-1	-1	-1	0
4250	4062	4247	7	-1	-1	-1	0
4122	4318	4119	8	-1	-1	-1	0
4249	4248	4062	7	-1	-1	-1	0
4320	4120	4121	8	-1	-1	-1	0
4062	4250	4249	7	-1	-1	-1	0
4120	4319	4122	8	-1	-1	-1	0
4252	4064	4251	7	-1	-1	-1	0
4253	4065	4252	7	-1	-1	-1	0
4255	4067	4248	7	-1	-1	-1	0
4251	4068	4256	7	-1	-1	-1	0
4324	4125	4126	8	-1	-1	-1	0
4254	4067	4255	7	-1	-1	-1	0
4126	4127	4325	8	-1	-1	-1	0
4127	4128	4326	8	-1	-1	-1	0
4141	4321	4121	8	-1	-1	-1	0
4258	4257	4069	7	-1	-1	-1	0
4070	4259	4256	7	-1	-1	-1	0
4132	4326	4128	8	-1	-1	-1	0
4071	4254	4261	7	-1	-1	-1	0
4129	4130	4327	8	-1	-1	-1	0
4070	4257	4259	7	-1	-1	-1	0
4171	4110	4307	8	-1	-1	-1	0
4071	4260	4258	7	-1	-1	-1	0
4131	4329	4132	8	-1	-1	-1	0
4260	4071	4261	7	-1	-1	-1	0
4324	4144	4125	8	-1	-1	-1	0
4137	4129	4328	8	-1	-1	-1	0
4329	4131	4135	8	-1	-1	-1	0
4140	4327	4130	8	-1	-1	-1	0
4263	4073	4262	8	-1	-1	-1	0
4134	4331	4133	8	-1	-1	-1	0
4133	4332	4135	8	-1	-1	-1	0
4333	4134	4136	8	-1	-1	-1	0
4265	4075	4263	8	-1	-1	-1	0
4264	4075	4265	8	-1	-1	-1	0
4143	4321	4141	8	-1	-1	-1	0
4264	4266	4076	8	-1	-1	-1	0
4267	4077	4266	8	-1	-1	-1	0
4136	4137	4337	8	-1	-1	-1	0
4089	4281	4243	8	-1	-1	-1	0
4268	4080	4269	8	-1	-1	-1	0
4340	4140	4139	0	-1	-1	-1	0
4157	4306	4156	8	-1	-1	-1	0
4269	4081	4270	8	-1	-1	-1	0
4270	4081	4271	8	-1	-1	-1	0
4272	4082	4273	8	-1	-1	-1	0
4084	4272	4271	8	-1	-1	-1	0
4343	4143	4142	8	-1	-1	-1	0
4267	4276	4085	8	-1	-1	-1	0
4145	4342	4142	8	-1	-1	-1	0
4083	4274	4273	8	-1	-1	-1	0
4146	4144	4345	8	-1	-1	-1	0
4275	4085	4276	8	-1	-1	-1	0
4146	4346	4145	8	-1	-1	-1	0
4278	4086	4275	8	-1	-1	-1	0
4087	4279	4274	8	-1	-1	-1	0
4278	4277	4086	8	-1	-1	-1	0
4091	4268	4283	8	-1	-1	-1	0
4291	4098	4253	7	-1	-1	-1	0
4087	4277	4280	8	-1	-1	-1	0
4095	4288	4262	8	-1	-1	-1	0
4279	4087	4280	8	-1	-1	-1	0
4149	4350	4150	8	-1	-1	-1	0
4148	4158	4348	8	-1	-1	-1	0
4152	4352	4151	8	-1	-1	-1	0
4351	4154	4151	8	-1	-1	-1	0
4339	4139	4178	0	-1	-1	-1	0
4157	4150	4350	8	-1	-1	-1	0
4282	4091	4284	8	-1	-1	-1	0
4281	4092	4285	8	-1	-1	-1	0
4091	4283	4284	8	-1	-1	-1	0
4153	4353	4152	8	-1	-1	-1	0
4282	4285	4092	8	-1	-1	-1	0
4161	4350	4149	8	-1	-1	-1	0
4156	4354	4153	8	-1	-1	-1	0
4154	4356	4155	8	-1	-1	-1	0
4220	4219	4228	8	-1	-1	-1	0
4095	4286	4287	8	-1	-1	-1	0
4288	4095	4287	8	-1	-1	-1	0
4160	4155	4358	8	-1	-1	-1	0
4097	4289	4290	7	-1	-1	-1	0
4098	4291	4289	7	-1	-1	-1	0
4159	4362	4158	8	-1	-1	-1	0
4159	4160	4364	8	-1	-1	-1	0
4292	4294	4099	7	-1	-1	-1	0
4294	4293	4099	7	-1	-1	-1	0
4295	4292	4100	7	-1	-1	-1	0
4360	4161	4168	8	-1	-1	-1	0
4290	4297	4103	7	-1	-1	-1	0
4295	4100	4296	7	-1	-1	-1	0
4162	4367	4163	8	-1	-1	-1	0
4368	4165	4163	8	-1	-1	-1	0
4179	4339	4178	0	-1	-1	-1	0
4296	4103	4297	7	-1	-1	-1	0
4367	4162	4169	8	-1	-1	-1	0
4370	4164	4165	8	-1	-1	-1	0
4166	4164	4369	8	-1	-1	-1	0
4299	4298	4104	7	-1	-1	-1	0
4300	4104	4298	7	-1	-1	-1	0
4108	4293	4305	7	-1	-1	-1	0
4166	4373	4167	8	-1	-1	-1	0
4234	4235	4238	8	-1	-1	-1	0
4299	4106	4302	7	-1	-1	-1	0
4106	4301	4302	7	-1	-1	-1	0
4374	4168	4167	8	-1	-1	-1	0
4303	4301	4107	7	-1	-1	-1	0
4169	4170	4376	8	-1	-1	-1	0
4314	4286	4115	8	-1	-1	-1	0
4305	4304	4108	7	-1	-1	-1	0
4109	4306	4303	7	-1	-1	-1	0
4171	4377	4170	8	-1	-1	-1	0
4109	4304	4306	7	-1	-1	-1	0
4379	4173	4172	5	-1	-1	-1	0
4172	4174	4379	5	-1	-1	-1	0
4308	4307	4111	8	-1	-1	-1	0
4114	4300	4312	7	-1	-1	-1	0
4380	4175	4173	5	-1	-1	-1	0
4309	4308	4111	8	-1	-1	-1	0
4311	4309	4113	7	-1	-1	-1	0
4310	4311	4113	7	-1	-1	-1	0
4382	4177	4176	1	-1	-1	-1	0
4148	4349	4239	8	-1	-1	-1	0
4114	4312	4310	7	-1	-1	-1	0
4383	4179	4177	1	-1	-1	-1	0
4182	4382	4176	1	-1	-1	-1	0
4379	4174	4189	6	-1	-1	-1	0
4381	4186	4175	5	-1	-1	-1	0
4314	4115	4313	8	-1	-1	-1	0
4313	4116	4316	8	-1	-1	-1	0
4385	4181	4180	3	-1	-1	-1	0
4315	4316	4116	8	-1	-1	-1	0
4386	4183	4181	3	-1	-1	-1	0
4180	4185	4385	3	-1	-1	-1	0
4183	4387	4182	2	-1	-1	-1	0
4248	4249	4255	7	-1	-1	-1	0
4317	4119	4318	8	-1	-1	-1	0
4389	4185	4184	4	-1	-1	-1	0
4256	4252	4251	7	-1	-1	-1	0
4318	4122	4319	8	-1	-1	-1	0
4120	4320	4319	8	-1	-1	-1	0
4184	4188	4389	4	-1	-1	-1	0
4323	4315	4123	8	-1	-1	-1	0
4121	4322	4320	8	-1	-1	-1	0
4317	4323	4123	8	-1	-1	-1	0
4391	4187	4186	5	-1	-1	-1	0
4121	4321	4322	8	-1	-1	-1	0
4392	4188	4187	5	-1	-1	-1	0
4324	4126	4325	8	-1	-1	-1	0
4127	4326	4325	8	-1	-1	-1	0
4395	4194	4192	6	0	-1	-1	0
4193	4396	4192	5	-1	-1	-1	0
4327	4328	4129	8	-1	-1	-1	0
4257	4270	4259	8	-1	-1	-1	0
4193	4198	4396	5	-1	-1	-1	0
4132	4330	4326	8	-1	-1	-1	0
4195	4197	4397	4	-1	-1	-1	0
4330	4132	4329	8	-1	-1	-1	0
4398	4197	4196	3	-1	-1	-1	0
4195	4397	4200	4	-1	-1	-1	0
4196	4201	4398	3	-1	-1	-1	0
4133	4331	4332	8	-1	-1	-1	0
4199	4400	4198	5	-1	-1	-1	0
4134	4334	4331	8	-1	-1	-1	0
4259	4270	4271	8	-1	-1	-1	0
4199	4200	4401	5	-1	-1	-1	0
4336	4329	4135	8	-1	-1	-1	0
4335	4134	4333	8	-1	-1	-1	0
4334	4134	4335	8	-1	-1	-1	0
4135	4332	4336	8	-1	-1	-1	0
4328	4338	4137	8	-1	-1	-1	0
4136	4337	4333	8	-1	-1	-1	0
4203	4403	4201	3	-1	-1	-1	0
4140	4341	4327	0	-1	-1	-1	0
4344	4321	4143	8	-1	-1	-1	0
4404	4203	4202	2	-1	-1	-1	0
4338	4337	4137	8	-1	-1	-1	0
4144	4324	4345	8	-1	-1	-1	0
4204	4406	4206	8	-1	-1	-1	0
4407	4204	4205	8	-1	-1	-1	0
4340	4139	4339	0	-1	-1	-1	0
4205	4207	4408	8	-1	-1	-1	0
4341	4140	4340	0	-1	-1	-1	0
4156	4306	4359	8	-1	-1	-1	0
4157	4361	4306	8	-1	-1	-1	0
4342	4343	4142	8	-1	-1	-1	0
4209	4208	4411	8	-1	-1	-1	0
4349	4240	4239	8	-1	-1	-1	0
4404	4202	4222	2	-1	-1	-1	0
4408	4207	4214	8	-1	-1	-1	0
4343	4344	4143	8	-1	-1	-1	0
4211	4411	4208	8	-1	-1	-1	0
4209	4412	4210	8	-1	-1	-1	0
4145	4346	4342	8	-1	-1	-1	0
4345	4346	4146	8	-1	-1	-1	0
4415	4213	4210	8	-1	-1	-1	0
4291	4273	4274	8	-1	-1	-1	0
4206	4409	4225	8	-1	-1	-1	0
4212	4417	4211	8	-1	-1	-1	0
4289	4274	4279	8	-1	-1	-1	0
4347	4148	4348	8	-1	-1	-1	0
4212	4215	4417	8	-1	-1	-1	0
4148	4347	4349	8	-1	-1	-1	0
4419	4214	4213	8	-1	-1	-1	0
4289	4291	4274	8	-1	-1	-1	0
4352	4351	4151	8	-1	-1	-1	0
4423	4215	4216	8	-1	-1	-1	0
4216	4217	4423	8	-1	-1	-1	0
4307	4378	4171	8	-1	-1	-1	0
4353	4352	4152	8	-1	-1	-1	0
4279	4290	4289	8	-1	-1	-1	0
4226	4225	4409	8	-1	-1	-1	0
4425	4217	4218	8	-1	-1	-1	0
4353	4153	4355	8	-1	-1	-1	0
4351	4357	4154	8	-1	-1	-1	0
4355	4153	4354	8	-1	-1	-1	0
4220	4426	4218	8	-1	-1	-1	0
4356	4154	4357	8	-1	-1	-1	0
4360	4157	4350	8	-1	-1	-1	0
4348	4158	4362	8	-1	-1	-1	0
4358	4155	4356	8	-1	-1	-1	0
4359	4354	4156	8	-1	-1	-1	0
4222	4221	4428	1	-1	-1	-1	0
4350	4161	4360	8	-1	-1	-1	0
4428	4221	4223	1	-1	-1	-1	0
4228	4427	4220	8	-1	-1	-1	0
4224	4430	4223	1	-1	-1	-1	0
4361	4157	4360	8	-1	-1	-1	0
4431	4224	4227	1	-1	-1	-1	0
4160	4358	4365	8	-1	-1	-1	0
4427	4228	4229	8	-1	-1	-1	0
4159	4363	4362	8	-1	-1	-1	0
4227	4226	4432	0	-1	-1	-1	0
4159	4364	4363	8	-1	-1	-1	0
4286	4314	4287	8	-1	-1	-1	0
4160	4366	4364	8	-1	-1	-1	0
4160	4365	4366	8	-1	-1	-1	0
4434	4229	4230	8	-1	-1	-1	0
4436	4230	4231	8	-1	-1	-1	0
4163	4367	4368	8	-1	-1	-1	0
4232	4437	4231	8	-1	-1	-1	0
4360	4168	4375	8	-1	-1	-1	0
4339	4179	4384	1	-1	-1	-1	0
4164	4370	4369	8	-1	-1	-1	0
4368	4371	4165	8	-1	-1	-1	0
4232	4233	4440	8	-1	-1	-1	0
4165	4372	4370	8	-1	-1	-1	0
4166	4369	4373	8	-1	-1	-1	0
4371	4372	4165	8	-1	-1	-1	0
4233	4237	4440	8	-1	-1	-1	0
4376	4367	4169	8	-1	-1	-1	0
4441	4235	4236	8	-1	-1	-1	0
4373	4374	4167	8	-1	-1	-1	0
4235	4441	4238	8	-1	-1	-1	0
4168	4374	4375	8	-1	-1	-1	0
4237	4238	4444	8	-1	-1	-1	0
4236	4242	4443	8	-1	-1	-1	0
4377	4376	4170	8	-1	-1	-1	0
4378	4377	4171	8	-1	-1	-1	0
4446	4241	4240	8	-1	-1	-1	0
4242	4241	4446	8	-1	-1	-1	0
4380	4173	4379	5	-1	-1	-1	0
4448	4244	4243	8	-1	-1	-1	0
4381	4175	4380	5	-1	-1	-1	0
4245	4244	4449	8	-1	-1	-1	0
4450	4246	4245	8	-1	-1	-1	0
4383	4177	4382	1	-1	-1	-1	0
4451	4247	4246	8	-1	-1	-1	0
4383	4384	4179	1	-1	-1	-1	0
4247	4452	4250	7	-1	-1	-1	0
4387	4382	4182	2	-1	-1	-1	0
4386	4181	4385	3	-1	-1	-1	0
4249	4250	4453	7	-1	-1	-1	0
4388	4183	4386	3	-1	-1	-1	0
4249	4453	4255	7	-1	-1	-1	0
4183	4388	4387	3	-1	-1	-1	0
4381	4391	4186	5	-1	-1	-1	0
4385	4185	4390	4	-1	-1	-1	0
4253	4252	4456	7	-1	-1	-1	0
4189	4394	4379	6	0	-1	-1	0
4252	4256	4455	7	-1	-1	-1	0
4361	4302	4301	7	-1	-1	-1	0
4185	4389	4390	4	-1	-1	-1	0
4361	4301	4303	7	-1	-1	-1	0
4254	4255	4457	7	-1	-1	-1	0
4304	4305	4359	7	-1	-1	-1	0
4306	4304	4359	7	-1	-1	-1	0
4188	4393	4389	5	-1	-1	-1	0
4361	4303	4306	7	-1	-1	-1	0
4256	4259	4455	7	-1	-1	-1	0
4187	4391	4392	5	-1	-1	-1	0
4457	4261	4254	7	-1	-1	-1	0
4243	4281	4448	8	-1	-1	-1	0
4257	4258	4458	8	-1	-1	-1	0
4188	4392	4393	5	-1	-1	-1	0
4258	4260	4459	8	-1	-1	-1	0
4261	4460	4260	7	-1	-1	-1	0
4396	4395	4192	6	-1	-1	-1	0
4259	4271	4455	8	-1	-1	-1	0
4257	4458	4270	8	-1	-1	-1	0
4322	4321	4344	8	-1	-1	-1	0
4262	4462	4263	8	-1	-1	-1	0
4263	4463	4265	8	-1	-1	-1	0
4399	4397	4197	4	-1	-1	-1	0
4265	4464	4264	8	-1	-1	-1	0
4399	4197	4398	4	-1	-1	-1	0
4400	4396	4198	5	-1	-1	-1	0
4266	4264	4464	8	-1	-1	-1	0
4329	4336	4330	8	-1	-1	-1	0
4458	4268	4269	8	-1	-1	-1	0
4269	4270	4458	8	-1	-1	-1	0
4455	4271	4272	8	-1	-1	-1	0
4266	4466	4267	8	-1	-1	-1	0
4402	4200	4397	5	-1	-1	-1	0
4291	4253	4456	7	-1	-1	-1	0
4400	4199	4401	5	-1	-1	-1	0
4273	4456	4272	8	-1	-1	-1	0
4283	4459	4260	8	-1	-1	-1	0
4403	4398	4201	3	-1	-1	-1	0
4401	4200	4402	5	-1	-1	-1	0
4260	4460	4283	8	-1	-1	-1	0
4283	4268	4459	8	-1	-1	-1	0
4267	4467	4276	8	-1	-1	-1	0
4405	4403	4203	3	-1	-1	-1	0
4404	4405	4203	3	-1	-1	-1	0
4262	4288	4462	8	-1	-1	-1	0
4204	4407	4406	8	-1	-1	-1	0
4276	4468	4275	8	-1	-1	-1	0
4273	4291	4456	8	-1	-1	-1	0
4407	4205	4408	8	-1	-1	-1	0
4468	4278	4275	8	-1	-1	-1	0
4410	4206	4406	8	-1	-1	-1	0
4277	4278	4470	8	-1	-1	-1	0
4409	4206	4410	8	-1	-1	-1	0
4283	4460	4284	8	-1	-1	-1	0
4280	4277	4471	8	-1	-1	-1	0
4280	4474	4279	8	-1	-1	-1	0
4209	4411	4413	8	-1	-1	-1	0
4240	4349	4445	8	-1	-1	-1	0
4412	4209	4414	8	-1	-1	-1	0
4414	4209	4413	8	-1	-1	-1	0
4412	4415	4210	8	-1	-1	-1	0
4211	4416	4411	8	-1	-1	-1	0
4361	4375	4302	7	-1	-1	-1	0
4420	4408	4214	8	-1	-1	-1	0
4476	4281	4285	8	-1	-1	-1	0
4477	4282	4284	8	-1	-1	-1	0
4279	4474	4290	8	-1	-1	-1	0
4285	4282	4477	8	-1	-1	-1	0
4418	4416	4211	8	-1	-1	-1	0
4211	4417	4418	8	-1	-1	-1	0
4213	4415	4419	8	-1	-1	-1	0
4214	4419	4420	8	-1	-1	-1	0
4422	4417	4215	8	-1	-1	-1	0
4222	4429	4404	2	-1	-1	-1	0
4288	4287	4481	8	-1	-1	-1	0
4422	4215	4421	8	-1	-1	-1	0
4423	4421	4215	8	-1	-1	-1	0
4290	4474	4297	8	-1	-1	-1	0
4217	4424	4423	8	-1	-1	-1	0
4424	4217	4425	8	-1	-1	-1	0
4409	4432	4226	0	-1	-1	-1	0
4425	4218	4426	8	-1	-1	-1	0
4294	4292	4485	7	-1	-1	-1	0
4295	4485	4292	7	-1	-1	-1	0
4427	4426	4220	8	-1	-1	-1	0
4294	4486	4293	7	-1	-1	-1	0
4429	4222	4428	2	-1	-1	-1	0
4223	4430	4428	1	-1	-1	-1	0
4491	4295	4296	7	-1	-1	-1	0
4314	4482	4287	8	-1	-1	-1	0
4296	4297	4491	7	-1	-1	-1	0
4305	4293	4487	7	-1	-1	-1	0
4431	4430	4224	1	-1	-1	-1	0
4493	4298	4299	7	-1	-1	-1	0
4300	4298	4492	7	-1	-1	-1	0
4227	4433	4431	1	-1	-1	-1	0
4427	4229	4435	8	-1	-1	-1	0
4432	4433	4227	1	-1	-1	-1	0
4302	4493	4299	7	-1	-1	-1	0
4360	4375	4361	8	-1	-1	-1	0
4435	4229	4434	8	-1	-1	-1	0
4434	4230	4436	8	-1	-1	-1	0
4436	4231	4437	8	-1	-1	-1	0
4437	4232	4438	8	-1	-1	-1	0
4312	4300	4495	7	-1	-1	-1	0
4438	4232	4439	8	-1	-1	-1	0
4439	4232	4440	8	-1	-1	-1	0
4499	4307	4308	8	-1	-1	-1	0
4500	4308	4309	8	-1	-1	-1	0
4441	4236	4442	8	-1	-1	-1	0
4444	4440	4237	8	-1	-1	-1	0
4501	4309	4311	7	-1	-1	-1	0
4443	4442	4236	8	-1	-1	-1	0
4310	4502	4311	7	-1	-1	-1	0
4441	4444	4238	8	-1	-1	-1	0
4502	4310	4312	7	-1	-1	-1	0
4240	4445	4446	8	-1	-1	-1	0
4313	4504	4314	8	-1	-1	-1	0
4443	4242	4447	8	-1	-1	-1	0
4316	4504	4313	8	-1	-1	-1	0
4242	4446	4447	8	-1	-1	-1	0
4506	4316	4315	8	-1	-1	-1	0
4449	4244	4448	8	-1	-1	-1	0
4315	4323	4506	8	-1	-1	-1	0
4317	4318	4509	8	-1	-1	-1	0
4449	4450	4245	8	-1	-1	-1	0
4318	4319	4509	8	-1	-1	-1	0
4246	4450	4451	8	-1	-1	-1	0
4317	4508	4323	8	-1	-1	-1	0
4510	4319	4320	8	-1	-1	-1	0
4451	4452	4247	7	-1	-1	-1	0
4380	4379	4394	6	-1	-1	-1	0
4511	4320	4322	8	-1	-1	-1	0
4452	4454	4250	7	-1	-1	-1	0
4453	4250	4454	7	-1	-1	-1	0
4498	4359	4305	7	-1	-1	-1	0
4455	4456	4252	7	-1	-1	-1	0
4325	4516	4324	8	-1	-1	-1	0
4453	4457	4255	7	-1	-1	-1	0
4517	4325	4326	8	-1	-1	-1	0
4375	4493	4302	7	-1	-1	-1	0
4327	4519	4328	0	-1	-1	-1	0
4330	4518	4326	8	-1	-1	-1	0
4458	4258	4459	8	-1	-1	-1	0
4261	4457	4461	7	-1	-1	-1	0
4513	4322	4344	8	-1	-1	-1	0
4261	4461	4460	7	-1	-1	-1	0
4455	4272	4456	8	-1	-1	-1	0
4378	4307	4499	8	-1	-1	-1	0
4458	4459	4268	8	-1	-1	-1	0
4324	4516	4345	8	-1	-1	-1	0
4520	4338	4328	0	-1	-1	-1	0
4331	4523	4332	8	-1	-1	-1	0
4341	4519	4327	0	-1	-1	-1	0
4522	4330	4336	8	-1	-1	-1	0
4523	4331	4334	8	-1	-1	-1	0
4463	4263	4462	8	-1	-1	-1	0
4332	4524	4336	8	-1	-1	-1	0
4265	4463	4465	8	-1	-1	-1	0
4464	4265	4465	8	-1	-1	-1	0
4333	4526	4335	8	-1	-1	-1	0
4335	4527	4334	0	-1	-1	-1	0
4526	4333	4337	8	-1	-1	-1	0
4266	4464	4466	8	-1	-1	-1	0
4466	4467	4267	8	-1	-1	-1	0
4338	4526	4337	8	-1	-1	-1	0
4365	4472	4366	8	-1	-1	-1	0
4476	4448	4281	8	-1	-1	-1	0
4355	4354	4498	8	-1	-1	-1	0
4532	4340	4339	1	-1	-1	-1	0
4354	4359	4498	8	-1	-1	-1	0
4276	4467	4469	8	-1	-1	-1	0
4469	4468	4276	8	-1	-1	-1	0
4533	4341	4340	1	-1	-1	-1	0
4277	4470	4471	8	-1	-1	-1	0
4278	4468	4473	8	-1	-1	-1	0
4472	4470	4278	8	-1	-1	-1	0
4343	4342	4536	8	-1	-1	-1	0
4284	4460	4479	8	-1	-1	-1	0
4472	4278	4473	8	-1	-1	-1	0
4342	4346	4535	8	-1	-1	-1	0
4344	4343	4537	8	-1	-1	-1	0
4471	4475	4280	8	-1	-1	-1	0
4280	4475	4474	8	-1	-1	-1	0
4346	4345	4539	8	-1	-1	-1	0
4483	4462	4288	8	-1	-1	-1	0
4370	4496	4369	7	-1	-1	-1	0
4347	4348	4540	8	-1	-1	-1	0
4369	4494	4373	7	-1	-1	-1	0
4349	4347	4541	8	-1	-1	-1	0
4373	4492	4374	7	-1	-1	-1	0
4284	4478	4477	8	-1	-1	-1	0
4285	4480	4476	8	-1	-1	-1	0
4478	4284	4479	8	-1	-1	-1	0
4480	4285	4477	8	-1	-1	-1	0
4375	4374	4493	7	-1	-1	-1	0
4475	4297	4474	8	-1	-1	-1	0
4352	4546	4351	8	-1	-1	-1	0
4482	4481	4287	8	-1	-1	-1	0
4352	4353	4547	8	-1	-1	-1	0
4348	4362	4542	8	-1	-1	-1	0
4545	4357	4351	8	-1	-1	-1	0
4484	4288	4481	8	-1	-1	-1	0
4339	4384	4532	1	-1	-1	-1	0
4484	4483	4288	8	-1	-1	-1	0
4548	4353	4355	8	-1	-1	-1	0
4422	4418	4417	8	-1	-1	-1	0
4475	4491	4297	8	-1	-1	-1	0
4356	4357	4552	8	-1	-1	-1	0
4487	4293	4486	7	-1	-1	-1	0
4485	4488	4294	7	-1	-1	-1	0
4362	4363	4542	8	-1	-1	-1	0
4553	4358	4356	8	-1	-1	-1	0
4489	4486	4294	7	-1	-1	-1	0
4490	4485	4295	7	-1	-1	-1	0
4488	4489	4294	7	-1	-1	-1	0
4490	4295	4491	7	-1	-1	-1	0
4365	4358	4553	8	-1	-1	-1	0
4493	4492	4298	7	-1	-1	-1	0
4556	4363	4364	8	-1	-1	-1	0
4492	4494	4300	7	-1	-1	-1	0
4364	4366	4558	8	-1	-1	-1	0
4426	4427	4435	8	-1	-1	-1	0
4305	4487	4497	7	-1	-1	-1	0
4496	4300	4494	7	-1	-1	-1	0
4495	4300	4496	7	-1	-1	-1	0
4368	4367	4561	8	-1	-1	-1	0
4497	4498	4305	7	-1	-1	-1	0
4505	4482	4314	8	-1	-1	-1	0
4562	4371	4368	8	-1	-1	-1	0
4367	4376	4561	8	-1	-1	-1	0
4564	4370	4372	7	-1	-1	-1	0
4365	4470	4472	8	-1	-1	-1	0
4499	4308	4500	8	-1	-1	-1	0
4565	4372	4371	8	-1	-1	-1	0
4312	4495	4502	7	-1	-1	-1	0
4309	4501	4500	7	-1	-1	-1	0
4366	4472	4473	8	-1	-1	-1	0
4503	4501	4311	7	-1	-1	-1	0
4502	4503	4311	7	-1	-1	-1	0
4377	4567	4376	8	-1	-1	-1	0
4504	4505	4314	8	-1	-1	-1	0
4377	4378	4569	8	-1	-1	-1	0
4316	4507	4504	8	-1	-1	-1	0
4507	4316	4506	8	-1	-1	-1	0
4380	4571	4381	6	-1	-1	-1	0
4508	4317	4509	8	-1	-1	-1	0
4319	4510	4509	8	-1	-1	-1	0
4349	4544	4445	8	-1	-1	-1	0
4383	4382	4573	2	-1	-1	-1	0
4384	4383	4574	2	-1	-1	-1	0
4387	4573	4382	2	-1	-1	-1	0
4512	4510	4320	8	-1	-1	-1	0
4320	4511	4512	8	-1	-1	-1	0
4323	4514	4506	8	-1	-1	-1	0
4572	4391	4381	6	-1	-1	-1	0
4571	4380	4394	6	-1	-1	0	0
4515	4323	4508	8	-1	-1	-1	0
4513	4511	4322	8	-1	-1	-1	0
4386	4385	4576	4	-1	-1	-1	0
4577	4388	4386	4	-1	-1	-1	0
4390	4576	4385	4	-1	-1	-1	0
4515	4514	4323	8	-1	-1	-1	0
4578	4387	4388	3	-1	-1	-1	0
4516	4325	4517	8	-1	-1	-1	0
4496	4494	4369	7	-1	-1	-1	0
4580	4390	4389	5	-1	-1	-1	0
4374	4492	4493	7	-1	-1	-1	0
4494	4492	4373	7	-1	-1	-1	0
4326	4518	4517	8	-1	-1	-1	0
4580	4389	4393	5	-1	-1	-1	0
4392	4391	4582	6	-1	-1	-1	0
4519	4520	4328	0	-1	-1	-1	0
4393	4392	4583	6	-1	-1	-1	0
4518	4330	4521	8	-1	-1	-1	0
4396	4585	4395	6	-1	0	-1	0
4330	4522	4521	8	-1	-1	-1	0
4523	4525	4332	8	-1	-1	-1	0
4585	4396	4400	6	-1	-1	-1	0
4524	4332	4525	8	-1	-1	-1	0
4399	4586	4397	5	-1	-1	-1	0
4398	4587	4399	4	-1	-1	-1	0
4397	4586	4402	5	-1	-1	-1	0
4523	4334	4528	0	-1	-1	-1	0
4522	4336	4530	8	-1	-1	-1	0
4403	4587	4398	4	-1	-1	-1	0
4531	4338	4520	0	-1	-1	-1	0
4334	4527	4528	0	-1	-1	-1	0
4524	4530	4336	8	-1	-1	-1	0
4589	4400	4401	6	-1	-1	-1	0
4335	4526	4529	0	-1	-1	-1	0
4335	4529	4527	0	-1	-1	-1	0
4402	4590	4401	6	-1	-1	-1	0
4519	4341	4534	1	-1	-1	-1	0
4344	4537	4513	8	-1	-1	-1	0
4470	4365	4559	8	-1	-1	-1	0
4526	4338	4531	0	-1	-1	-1	0
4560	4366	4473	8	-1	-1	-1	0
4345	4516	4538	8	-1	-1	-1	0
4405	4592	4403	4	-1	-1	-1	0
4461	4479	4460	7	-1	-1	-1	0
4593	4405	4404	3	-1	-1	-1	0
4498	4551	4355	8	-1	-1	-1	0
4532	4533	4340	1	-1	-1	-1	0
4534	4341	4533	1	-1	-1	-1	0
4407	4595	4406	8	-1	-1	-1	0
4595	4410	4406	8	-1	-1	-1	0
4407	4408	4596	8	-1	-1	-1	0
4535	4536	4342	8	-1	-1	-1	0
4536	4537	4343	8	-1	-1	-1	0
4410	4599	4409	0	-1	-1	-1	0
4535	4346	4539	8	-1	-1	-1	0
4539	4345	4538	8	-1	-1	-1	0
4411	4601	4413	8	-1	-1	-1	0
4404	4429	4593	3	-1	-1	-1	0
4598	4408	4420	8	-1	-1	-1	0
4540	4541	4347	8	-1	-1	-1	0
4416	4602	4411	8	-1	-1	-1	0
4603	4412	4414	8	-1	-1	-1	0
4563	4496	4370	7	-1	-1	-1	0
4603	4415	4412	8	-1	-1	-1	0
4540	4348	4543	8	-1	-1	-1	0
4413	4605	4414	8	-1	-1	-1	0
4542	4543	4348	8	-1	-1	-1	0
4544	4349	4541	8	-1	-1	-1	0
4599	4432	4409	0	-1	-1	-1	0
4415	4607	4419	8	-1	-1	-1	0
4608	4416	4418	8	-1	-1	-1	0
4545	4351	4546	8	-1	-1	-1	0
4352	4547	4546	8	-1	-1	-1	0
4481	4482	4484	8	-1	-1	-1	0
4378	4499	4570	8	-1	-1	-1	0
4419	4611	4420	8	-1	-1	-1	0
4418	4422	4610	8	-1	-1	-1	0
4353	4550	4547	8	-1	-1	-1	0
4549	4353	4548	8	-1	-1	-1	0
4353	4549	4550	8	-1	-1	-1	0
4548	4355	4551	8	-1	-1	-1	0
4357	4545	4554	8	-1	-1	-1	0
4423	4614	4421	8	-1	-1	-1	0
4422	4421	4615	8	-1	-1	-1	0
4552	4553	4356	8	-1	-1	-1	0
4542	4363	4557	8	-1	-1	-1	0
4616	4423	4424	8	-1	-1	-1	0
4357	4555	4552	8	-1	-1	-1	0
4357	4554	4555	8	-1	-1	-1	0
4618	4424	4425	8	-1	-1	-1	0
4619	4425	4426	8	-1	-1	-1	0
4505	4484	4482	8	-1	-1	-1	0
4556	4557	4363	8	-1	-1	-1	0
4365	4553	4559	8	-1	-1	-1	0
4620	4429	4428	2	-1	-1	-1	0
4558	4556	4364	8	-1	-1	-1	0
4428	4430	4620	2	-1	-1	-1	0
4619	4426	4435	8	-1	-1	-1	0
4431	4622	4430	2	-1	-1	-1	0
4366	4560	4558	8	-1	-1	-1	0
4433	4623	4431	2	-1	-1	-1	0
4624	4433	4432	1	-1	-1	-1	0
4561	4562	4368	8	-1	-1	-1	0
4532	4384	4575	2	-1	-1	-1	0
4435	4434	4626	8	-1	-1	-1	0
4468	4469	4560	8	-1	-1	-1	0
4434	4436	4627	8	-1	-1	-1	0
4370	4564	4563	7	-1	-1	-1	0
4371	4562	4565	8	-1	-1	-1	0
4627	4436	4437	8	-1	-1	-1	0
4470	4559	4471	8	-1	-1	-1	0
4473	4468	4560	8	-1	-1	-1	0
4372	4566	4564	7	-1	-1	-1	0
4565	4566	4372	7	-1	-1	-1	0
4568	4561	4376	8	-1	-1	-1	0
4630	4437	4438	8	-1	-1	-1	0
4439	4631	4438	8	-1	-1	-1	0
4439	4440	4632	8	-1	-1	-1	0
4567	4568	4376	8	-1	-1	-1	0
4569	4567	4377	8	-1	-1	-1	0
4440	4444	4632	8	-1	-1	-1	0
4570	4569	4378	8	-1	-1	-1	0
4442	4634	4441	8	-1	-1	-1	0
4441	4635	4444	8	-1	-1	-1	0
4442	4443	4636	8	-1	-1	-1	0
4381	4571	4572	6	-1	0	-1	0
4637	4443	4447	8	-1	-1	-1	0
4445	4638	4446	8	-1	-1	-1	0
4574	4383	4573	2	-1	-1	-1	0
4447	4446	4638	8	-1	-1	-1	0
4574	4575	4384	2	-1	-1	-1	0
4641	4449	4448	8	-1	-1	-1	0
4578	4573	4387	3	-1	-1	-1	0
4386	4576	4577	4	-1	-1	-1	0
4449	4642	4450	8	-1	-1	-1	0
4577	4579	4388	4	-1	-1	-1	0
4451	4450	4643	8	-1	-1	-1	0
4388	4579	4578	4	-1	-1	-1	0
4391	4572	4582	6	-1	0	-1	0
4498	4497	4551	7	-1	-1	-1	0
4581	4576	4390	5	-1	-1	-1	0
4451	4644	4452	7	-1	-1	-1	0
4645	4454	4452	7	-1	-1	-1	0
4580	4581	4390	5	-1	-1	-1	0
4646	4453	4454	7	-1	-1	-1	0
4496	4563	4495	7	-1	-1	-1	0
4453	4646	4457	7	-1	-1	-1	0
4392	4582	4583	6	-1	0	-1	0
4393	4584	4580	6	-1	-1	-1	0
4584	4393	4583	6	-1	-1	0	0
4640	4448	4476	8	-1	-1	-1	0
4457	4646	4461	7	-1	-1	-1	0
4462	4648	4463	8	-1	-1	-1	0
4588	4586	4399	5	-1	-1	-1	0
4588	4399	4587	5	-1	-1	-1	0
4400	4589	4585	6	-1	0	-1	0
4463	4649	4465	8	-1	-1	-1	0
4650	4464	4465	8	-1	-1	-1	0
4586	4591	4402	6	-1	-1	-1	0
4589	4401	4590	6	-1	-1	0	0
4466	4464	4650	8	-1	-1	-1	0
4403	4592	4587	4	-1	-1	-1	0
4591	4590	4402	6	0	-1	-1	0
4466	4653	4467	8	-1	-1	-1	0
4529	4526	4531	0	-1	-1	-1	0
4647	4479	4461	7	-1	-1	-1	0
4469	4467	4654	8	-1	-1	-1	0
4405	4594	4592	4	-1	-1	-1	0
4594	4405	4593	4	-1	-1	-1	0
4483	4648	4462	8	-1	-1	-1	0
4407	4597	4595	8	-1	-1	-1	0
4597	4407	4596	8	-1	-1	-1	0
4471	4656	4475	8	-1	-1	-1	0
4596	4408	4598	8	-1	-1	-1	0
4600	4410	4595	0	-1	-1	-1	0
4600	4599	4410	0	-1	-1	-1	0
4476	4480	4658	8	-1	-1	-1	0
4601	4411	4602	8	-1	-1	-1	0
4659	4477	4478	8	-1	-1	-1	0
4480	4477	4659	8	-1	-1	-1	0
4660	4478	4479	8	-1	-1	-1	0
4604	4413	4601	8	-1	-1	-1	0
4656	4491	4475	8	-1	-1	-1	0
4413	4604	4605	8	-1	-1	-1	0
4603	4414	4606	8	-1	-1	-1	0
4603	4607	4415	8	-1	-1	-1	0
4606	4414	4605	8	-1	-1	-1	0
4608	4602	4416	8	-1	-1	-1	0
4445	4544	4638	8	-1	-1	-1	0
4484	4663	4483	8	-1	-1	-1	0
4613	4598	4420	8	-1	-1	-1	0
4609	4608	4418	8	-1	-1	-1	0
4611	4419	4607	8	-1	-1	-1	0
4491	4656	4490	8	-1	-1	-1	0
4609	4418	4610	8	-1	-1	-1	0
4488	4485	4667	7	-1	-1	-1	0
4487	4486	4668	7	-1	-1	-1	0
4667	4485	4490	7	-1	-1	-1	0
4489	4668	4486	7	-1	-1	-1	0
4621	4593	4429	3	-1	-1	-1	0
4611	4612	4420	8	-1	-1	-1	0
4613	4420	4612	8	-1	-1	-1	0
4670	4489	4488	7	-1	-1	-1	0
4610	4422	4615	8	-1	-1	-1	0
4615	4421	4614	8	-1	-1	-1	0
4669	4497	4487	7	-1	-1	-1	0
4423	4616	4614	8	-1	-1	-1	0
4665	4484	4505	8	-1	-1	-1	0
4599	4624	4432	1	-1	-1	-1	0
4617	4616	4424	8	-1	-1	-1	0
4617	4424	4618	8	-1	-1	-1	0
4619	4618	4425	8	-1	-1	-1	0
4620	4621	4429	3	-1	-1	-1	0
4558	4557	4556	8	-1	-1	-1	0
4622	4620	4430	2	-1	-1	-1	0
4675	4502	4495	7	-1	-1	-1	0
4676	4499	4500	8	-1	-1	-1	0
4431	4623	4622	2	-1	-1	-1	0
4677	4500	4501	7	-1	-1	-1	0
4675	4503	4502	7	-1	-1	-1	0
4625	4623	4433	2	-1	-1	-1	0
4624	4625	4433	2	-1	-1	-1	0
4619	4435	4628	8	-1	-1	-1	0
4501	4503	4678	7	-1	-1	-1	0
4655	4560	4469	8	-1	-1	-1	0
4626	4434	4627	8	-1	-1	-1	0
4559	4657	4471	8	-1	-1	-1	0
4626	4628	4435	8	-1	-1	-1	0
4681	4505	4504	8	-1	-1	-1	0
4504	4507	4680	8	-1	-1	-1	0
4437	4629	4627	8	-1	-1	-1	0
4682	4507	4506	8	-1	-1	-1	0
4437	4630	4629	8	-1	-1	-1	0
4631	4630	4438	8	-1	-1	-1	0
4439	4632	4631	8	-1	-1	-1	0
4508	4509	4685	8	-1	-1	-1	0
4506	4514	4682	8	-1	-1	-1	0
4685	4509	4510	8	-1	-1	-1	0
4515	4508	4684	8	-1	-1	-1	0
4441	4634	4633	8	-1	-1	-1	0
4512	4686	4510	8	-1	-1	-1	0
4635	4441	4633	8	-1	-1	-1	0
4632	4444	4635	8	-1	-1	-1	0
4511	4688	4512	8	-1	-1	-1	0
4513	4687	4511	8	-1	-1	-1	0
4636	4634	4442	8	-1	-1	-1	0
4636	4443	4637	8	-1	-1	-1	0
4669	4551	4497	7	-1	-1	-1	0
4515	4692	4514	8	-1	-1	-1	0
4639	4637	4447	8	-1	-1	-1	0
4638	4639	4447	8	-1	-1	-1	0
4517	4695	4516	8	-1	-1	-1	0
4640	4641	4448	8	-1	-1	-1	0
4641	4642	4449	8	-1	-1	-1	0
4517	4518	4698	8	-1	-1	-1	0
4563	4675	4495	7	-1	-1	-1	0
4450	4642	4643	8	-1	-1	-1	0
4644	4451	4643	7	-1	-1	-1	0
4699	4518	4521	8	-1	-1	-1	0
4520	4519	4700	1	-1	-1	-1	0
4452	4644	4645	7	-1	-1	-1	0
4537	4691	4513	8	-1	-1	-1	0
4499	4676	4570	8	-1	-1	-1	0
4645	4646	4454	7	-1	-1	-1	0
4522	4702	4521	8	-1	-1	-1	0
4696	4538	4516	8	-1	-1	-1	0
4701	4531	4520	1	-1	-1	-1	0
4519	4534	4700	1	-1	-1	-1	0
4705	4525	4523	0	-1	-1	-1	0
4646	4647	4461	7	-1	-1	-1	0
4706	4524	4525	8	-1	-1	-1	0
4704	4522	4530	8	-1	-1	-1	0
4705	4523	4528	0	-1	-1	-1	0
4648	4649	4463	8	-1	-1	-1	0
4706	4530	4524	8	-1	-1	-1	0
4708	4528	4527	1	-1	-1	-1	0
4527	4529	4709	1	-1	-1	-1	0
4649	4651	4465	8	-1	-1	-1	0
4588	4591	4586	6	-1	-1	-1	0
4651	4650	4465	8	-1	-1	-1	0
4650	4652	4466	8	-1	-1	-1	0
4553	4657	4559	8	-1	-1	-1	0
4529	4531	4711	1	-1	-1	-1	0
4652	4653	4466	8	-1	-1	-1	0
4655	4558	4560	8	-1	-1	-1	0
4640	4476	4658	8	-1	-1	-1	0
4467	4653	4654	8	-1	-1	-1	0
4712	4533	4532	2	-1	-1	-1	0
4655	4469	4654	8	-1	-1	-1	0
4534	4533	4713	2	-1	-1	-1	0
4657	4656	4471	8	-1	-1	-1	0
4479	4647	4660	7	-1	-1	-1	0
4535	4716	4536	8	-1	-1	-1	0
4535	4539	4715	8	-1	-1	-1	0
4536	4717	4537	8	-1	-1	-1	0
4648	4483	4664	8	-1	-1	-1	0
4538	4718	4539	8	-1	-1	-1	0
4659	4478	4660	8	-1	-1	-1	0
4658	4480	4661	8	-1	-1	-1	0
4659	4661	4480	8	-1	-1	-1	0
4563	4564	4675	7	-1	-1	-1	0
4540	4721	4541	8	-1	-1	-1	0
4722	4540	4543	8	-1	-1	-1	0
4723	4544	4541	8	-1	-1	-1	0
4483	4663	4662	8	-1	-1	-1	0
4543	4542	4724	8	-1	-1	-1	0
4664	4483	4662	8	-1	-1	-1	0
4566	4679	4564	7	-1	-1	-1	0
4663	4484	4666	8	-1	-1	-1	0
4484	4665	4666	8	-1	-1	-1	0
4545	4546	4727	8	-1	-1	-1	0
4712	4532	4575	2	-1	-1	-1	0
4674	4490	4656	8	-1	-1	-1	0
4728	4546	4547	8	-1	-1	-1	0
4724	4542	4557	8	-1	-1	-1	0
4669	4487	4668	7	-1	-1	-1	0
4729	4547	4550	8	-1	-1	-1	0
4545	4727	4554	8	-1	-1	-1	0
4671	4488	4667	7	-1	-1	-1	0
4548	4730	4549	8	-1	-1	-1	0
4488	4671	4670	7	-1	-1	-1	0
4551	4730	4548	8	-1	-1	-1	0
4672	4668	4489	7	-1	-1	-1	0
4731	4550	4549	8	-1	-1	-1	0
4674	4667	4490	8	-1	-1	-1	0
4489	4670	4673	7	-1	-1	-1	0
4673	4672	4489	7	-1	-1	-1	0
4553	4552	4733	8	-1	-1	-1	0
4734	4552	4555	8	-1	-1	-1	0
4554	4736	4555	8	-1	-1	-1	0
4505	4681	4665	8	-1	-1	-1	0
4677	4676	4500	7	-1	-1	-1	0
4738	4557	4558	8	-1	-1	-1	0
4677	4501	4678	7	-1	-1	-1	0
4503	4675	4679	7	-1	-1	-1	0
4678	4503	4679	7	-1	-1	-1	0
4561	4740	4562	8	-1	-1	-1	0
4504	4680	4681	8	-1	-1	-1	0
4565	4562	4741	8	-1	-1	-1	0
4740	4561	4568	8	-1	-1	-1	0
4507	4683	4680	8	-1	-1	-1	0
4683	4507	4682	8	-1	-1	-1	0
4565	4742	4566	7	-1	-1	-1	0
4685	4684	4508	8	-1	-1	-1	0
4567	4743	4568	8	-1	-1	-1	0
4567	4569	4743	8	-1	-1	-1	0
4686	4685	4510	8	-1	-1	-1	0
4569	4570	4745	8	-1	-1	-1	0
4687	4688	4511	8	-1	-1	-1	0
4689	4686	4512	8	-1	-1	-1	0
4682	4514	4692	8	-1	-1	-1	0
4689	4512	4688	8	-1	-1	-1	0
4513	4690	4687	8	-1	-1	-1	0
4515	4684	4694	8	-1	-1	-1	0
4574	4573	4746	3	-1	-1	-1	0
4691	4690	4513	8	-1	-1	-1	0
4575	4574	4747	3	-1	-1	-1	0
4578	4746	4573	3	-1	-1	-1	0
4515	4693	4692	8	-1	-1	-1	0
4693	4515	4694	8	-1	-1	-1	0
4577	4576	4749	5	-1	-1	-1	0
4577	4750	4579	5	-1	-1	-1	0
4576	4581	4749	5	-1	-1	-1	0
4695	4696	4516	8	-1	-1	-1	0
4544	4726	4638	8	-1	-1	-1	0
4578	4579	4751	4	-1	-1	-1	0
4697	4695	4517	8	-1	-1	-1	0
4697	4517	4698	8	-1	-1	-1	0
4753	4581	4580	6	-1	-1	-1	0
4518	4699	4698	8	-1	-1	-1	0
4580	4584	4753	6	-1	0	-1	0
4520	4700	4701	1	-1	-1	-1	0
4675	4564	4679	7	-1	-1	-1	0
4521	4702	4699	8	-1	-1	-1	0
4678	4679	4566	7	-1	-1	-1	0
4522	4703	4702	8	-1	-1	-1	0
4704	4703	4522	8	-1	-1	-1	0
4587	4755	4588	5	-1	-1	-1	0
4755	4587	4592	5	-1	-1	-1	0
4591	4588	4756	6	-1	-1	0	0
4705	4707	4525	0	-1	-1	-1	0
4647	4646	4645	7	-1	-1	-1	0
4525	4707	4706	0	-1	-1	-1	0
4530	4706	4704	8	-1	-1	-1	0
4553	4733	4657	8	-1	-1	-1	0
4711	4531	4701	1	-1	-1	-1	0
4705	4528	4710	1	-1	-1	-1	0
4708	4527	4709	1	-1	-1	-1	0
4594	4758	4592	5	-1	-1	-1	0
4537	4717	4691	8	-1	-1	-1	0
4759	4594	4593	4	-1	-1	-1	0
4708	4710	4528	1	-1	-1	-1	0
4700	4534	4714	2	-1	-1	-1	0
4711	4709	4529	1	-1	-1	-1	0
4730	4551	4669	7	-1	-1	-1	0
4738	4558	4655	8	-1	-1	-1	0
4719	4538	4696	8	-1	-1	-1	0
4597	4761	4595	0	-1	-1	-1	0
4597	4596	4762	8	-1	-1	-1	0
4761	4600	4595	0	-1	-1	-1	0
4598	4762	4596	8	-1	-1	-1	0
4533	4712	4713	2	-1	-1	-1	0
4649	4648	4664	8	-1	-1	-1	0
4713	4714	4534	2	-1	-1	-1	0
4599	4600	4764	1	-1	-1	-1	0
4535	4715	4716	8	-1	-1	-1	0
4716	4717	4536	8	-1	-1	-1	0
4601	4602	4767	8	-1	-1	-1	0
4766	4604	4601	8	-1	-1	-1	0
4593	4621	4759	4	-1	-1	-1	0
4762	4598	4613	8	-1	-1	-1	0
4720	4715	4539	8	-1	-1	-1	0
4718	4538	4719	8	-1	-1	-1	0
4718	4720	4539	8	-1	-1	-1	0
4769	4603	4606	8	-1	-1	-1	0
4768	4602	4608	8	-1	-1	-1	0
4605	4604	4770	8	-1	-1	-1	0
4603	4769	4607	8	-1	-1	-1	0
4605	4771	4606	8	-1	-1	-1	0
4540	4722	4721	8	-1	-1	-1	0
4723	4541	4721	8	-1	-1	-1	0
4566	4742	4678	7	-1	-1	-1	0
4674	4656	4657	8	-1	-1	-1	0
4624	4599	4764	1	-1	-1	-1	0
4543	4725	4722	8	-1	-1	-1	0
4676	4745	4570	8	-1	-1	-1	0
4775	4608	4609	8	-1	-1	-1	0
4724	4725	4543	8	-1	-1	-1	0
4607	4774	4611	8	-1	-1	-1	0
4723	4726	4544	8	-1	-1	-1	0
4610	4777	4609	8	-1	-1	-1	0
4546	4728	4727	8	-1	-1	-1	0
4726	4639	4638	8	-1	-1	-1	0
4781	4612	4611	8	-1	-1	-1	0
4547	4729	4728	8	-1	-1	-1	0
4615	4779	4610	8	-1	-1	-1	0
4613	4612	4782	0	-1	-1	-1	0
4730	4731	4549	8	-1	-1	-1	0
4732	4729	4550	8	-1	-1	-1	0
4732	4550	4731	8	-1	-1	-1	0
4785	4615	4614	8	-1	-1	-1	0
4785	4614	4616	8	-1	-1	-1	0
4727	4735	4554	8	-1	-1	-1	0
4785	4616	4617	8	-1	-1	-1	0
4733	4552	4734	8	-1	-1	-1	0
4739	4724	4557	8	-1	-1	-1	0
4617	4618	4788	8	-1	-1	-1	0
4735	4736	4554	8	-1	-1	-1	0
4619	4789	4618	8	-1	-1	-1	0
4734	4555	4737	8	-1	-1	-1	0
4555	4736	4737	8	-1	-1	-1	0
4620	4790	4621	3	-1	-1	-1	0
4790	4620	4622	3	-1	-1	-1	0
4739	4557	4738	8	-1	-1	-1	0
4712	4575	4748	3	-1	-1	-1	0
4789	4619	4628	8	-1	-1	-1	0
4623	4792	4622	3	-1	-1	-1	0
4623	4625	4793	3	-1	-1	-1	0
4625	4624	4794	2	-1	-1	-1	0
4562	4740	4741	8	-1	-1	-1	0
4742	4565	4741	7	-1	-1	-1	0
4627	4796	4626	8	-1	-1	-1	0
4628	4626	4796	8	-1	-1	-1	0
4740	4568	4744	8	-1	-1	-1	0
4629	4797	4627	8	-1	-1	-1	0
4743	4744	4568	8	-1	-1	-1	0
4745	4743	4569	8	-1	-1	-1	0
4630	4799	4629	8	-1	-1	-1	0
4801	4630	4631	8	-1	-1	-1	0
4632	4803	4631	8	-1	-1	-1	0
4747	4574	4746	3	-1	-1	-1	0
4575	4747	4748	3	-1	-1	-1	0
4632	4635	4803	8	-1	-1	-1	0
4634	4804	4633	8	-1	-1	-1	0
4635	4633	4805	8	-1	-1	-1	0
4746	4578	4751	4	-1	-1	-1	0
4750	4577	4749	5	-1	-1	-1	0
4634	4636	4806	8	-1	-1	-1	0
4750	4752	4579	5	-1	-1	-1	0
4636	4637	4809	8	-1	-1	-1	0
4751	4579	4752	5	-1	-1	-1	0
4749	4581	4754	6	-1	-1	-1	0
4639	4809	4637	8	-1	-1	-1	0
4581	4753	4754	6	-1	0	-1	0
4641	4640	4811	8	-1	-1	-1	0
4642	4641	4812	8	-1	-1	-1	0
4677	4678	4742	7	-1	-1	-1	0
4812	4643	4642	8	-1	-1	-1	0
4757	4588	4755	6	-1	-1	-1	0
4643	4813	4644	7	-1	-1	-1	0
4756	4588	4757	6	-1	-1	0	0
4814	4645	4644	7	-1	-1	-1	0
4758	4755	4592	5	-1	-1	-1	0
4814	4647	4645	7	-1	-1	-1	0
4811	4640	4658	8	-1	-1	-1	0
4760	4758	4594	5	-1	-1	-1	0
4760	4594	4759	5	-1	-1	-1	0
4649	4816	4651	8	-1	-1	-1	0
4651	4817	4650	8	-1	-1	-1	0
4817	4652	4650	8	-1	-1	-1	0
4763	4761	4597	0	-1	-1	-1	0
4814	4660	4647	7	-1	-1	-1	0
4762	4763	4597	0	-1	-1	-1	0
4653	4652	4819	8	-1	-1	-1	0
4761	4765	4600	1	-1	-1	-1	0
4654	4653	4820	8	-1	-1	-1	0
4649	4664	4815	8	-1	-1	-1	0
4765	4764	4600	1	-1	-1	-1	0
4655	4654	4820	8	-1	-1	-1	0
4767	4766	4601	8	-1	-1	-1	0
4602	4768	4767	8	-1	-1	-1	0
4604	4766	4770	8	-1	-1	-1	0
4658	4661	4824	8	-1	-1	-1	0
4825	4659	4660	8	-1	-1	-1	0
4659	4825	4661	8	-1	-1	-1	0
4605	4770	4771	8	-1	-1	-1	0
4769	4606	4773	8	-1	-1	-1	0
4771	4772	4606	8	-1	-1	-1	0
4607	4769	4774	8	-1	-1	-1	0
4606	4772	4773	8	-1	-1	-1	0
4664	4662	4826	8	-1	-1	-1	0
4608	4776	4768	8	-1	-1	-1	0
4663	4827	4662	8	-1	-1	-1	0
4674	4657	4822	8	-1	-1	-1	0
4828	4663	4666	8	-1	-1	-1	0
4775	4776	4608	8	-1	-1	-1	0
4613	4784	4762	0	-1	-1	-1	0
4822	4671	4667	8	-1	-1	-1	0
4829	4666	4665	8	-1	-1	-1	0
4775	4609	4778	8	-1	-1	-1	0
4822	4667	4674	8	-1	-1	-1	0
4609	4777	4778	8	-1	-1	-1	0
4774	4781	4611	8	-1	-1	-1	0
4777	4610	4780	8	-1	-1	-1	0
4669	4668	4831	7	-1	-1	-1	0
4610	4779	4780	8	-1	-1	-1	0
4791	4759	4621	4	-1	-1	-1	0
4831	4668	4672	7	-1	-1	-1	0
4671	4833	4670	7	-1	-1	-1	0
4639	4726	4810	8	-1	-1	-1	0
4673	4670	4832	7	-1	-1	-1	0
4829	4665	4681	8	-1	-1	-1	0
4781	4783	4612	0	-1	-1	-1	0
4782	4612	4783	0	-1	-1	-1	0
4613	4782	4784	0	-1	-1	-1	0
4615	4786	4779	8	-1	-1	-1	0
4673	4835	4672	7	-1	-1	-1	0
4624	4764	4794	2	-1	-1	-1	0
4785	4786	4615	8	-1	-1	-1	0
4739	4725	4724	8	-1	-1	-1	0
4785	4617	4787	8	-1	-1	-1	0
4677	4839	4676	7	-1	-1	-1	0
4787	4617	4788	8	-1	-1	-1	0
4788	4618	4789	8	-1	-1	-1	0
4621	4790	4791	4	-1	-1	-1	0
4681	4680	4841	8	-1	-1	-1	0
4680	4683	4840	8	-1	-1	-1	0
4792	4790	4622	3	-1	-1	-1	0
4683	4682	4842	8	-1	-1	-1	0
4793	4792	4623	3	-1	-1	-1	0
4733	4823	4657	8	-1	-1	-1	0
4625	4795	4793	3	-1	-1	-1	0
4685	4845	4684	8	-1	-1	-1	0
4625	4794	4795	3	-1	-1	-1	0
4655	4821	4738	8	-1	-1	-1	0
4798	4789	4628	8	-1	-1	-1	0
4692	4842	4682	8	-1	-1	-1	0
4685	4686	4846	8	-1	-1	-1	0
4627	4797	4796	8	-1	-1	-1	0
4689	4846	4686	8	-1	-1	-1	0
4687	4847	4688	8	-1	-1	-1	0
4628	4796	4798	8	-1	-1	-1	0
4694	4684	4845	8	-1	-1	-1	0
4687	4690	4847	8	-1	-1	-1	0
4744	4741	4740	8	-1	-1	-1	0
4629	4799	4797	8	-1	-1	-1	0
4848	4689	4688	8	-1	-1	-1	0
4630	4800	4799	8	-1	-1	-1	0
4849	4690	4691	8	-1	-1	-1	0
4730	4669	4831	7	-1	-1	-1	0
4801	4800	4630	8	-1	-1	-1	0
4743	4745	4744	7	-1	-1	-1	0
4802	4801	4631	8	-1	-1	-1	0
4803	4802	4631	8	-1	-1	-1	0
4693	4853	4692	8	-1	-1	-1	0
4694	4854	4693	8	-1	-1	-1	0
4805	4633	4804	8	-1	-1	-1	0
4804	4634	4806	8	-1	-1	-1	0
4635	4807	4803	8	-1	-1	-1	0
4805	4807	4635	8	-1	-1	-1	0
4857	4696	4695	8	-1	-1	-1	0
4808	4806	4636	8	-1	-1	-1	0
4697	4858	4695	8	-1	-1	-1	0
4808	4636	4809	8	-1	-1	-1	0
4698	4861	4697	8	-1	-1	-1	0
4809	4639	4810	8	-1	-1	-1	0
4742	4839	4677	7	-1	-1	-1	0
4691	4717	4851	8	-1	-1	-1	0
4699	4862	4698	8	-1	-1	-1	0
4676	4839	4745	7	-1	-1	-1	0
4811	4812	4641	8	-1	-1	-1	0
4863	4699	4702	8	-1	-1	-1	0
4865	4701	4700	2	-1	-1	-1	0
4643	4812	4813	7	-1	-1	-1	0
4863	4702	4703	8	-1	-1	-1	0
4757	4755	4758	6	-1	-1	-1	0
4644	4813	4814	7	-1	-1	-1	0
4859	4719	4696	8	-1	-1	-1	0
4703	4704	4868	0	-1	-1	-1	0
4866	4711	4701	2	-1	-1	-1	0
4700	4714	4865	2	-1	-1	-1	0
4706	4869	4704	0	-1	-1	-1	0
4649	4815	4816	8	-1	-1	-1	0
4869	4706	4707	0	-1	-1	-1	0
4870	4707	4705	1	-1	-1	-1	0
4716	4851	4717	8	-1	-1	-1	0
4816	4818	4651	8	-1	-1	-1	0
4705	4710	4870	1	-1	-1	-1	0
4817	4651	4818	8	-1	-1	-1	0
4819	4652	4817	8	-1	-1	-1	0
4709	4872	4708	2	-1	-1	-1	0
4733	4734	4823	8	-1	-1	-1	0
4873	4710	4708	2	-1	-1	-1	0
4820	4653	4819	8	-1	-1	-1	0
4824	4811	4658	8	-1	-1	-1	0
4709	4711	4874	2	-1	-1	-1	0
4655	4820	4821	8	-1	-1	-1	0
4814	4825	4660	7	-1	-1	-1	0
4713	4712	4876	3	-1	-1	-1	0
4822	4657	4823	8	-1	-1	-1	0
4713	4877	4714	3	-1	-1	-1	0
4826	4815	4664	8	-1	-1	-1	0
4763	4762	4784	0	-1	-1	-1	0
4825	4824	4661	8	-1	-1	-1	0
4715	4879	4716	8	-1	-1	-1	0
4720	4879	4715	8	-1	-1	-1	0
4826	4662	4827	8	-1	-1	-1	0
4828	4827	4663	8	-1	-1	-1	0
4718	4719	4881	8	-1	-1	-1	0
4718	4881	4720	8	-1	-1	-1	0
4741	4839	4742	7	-1	-1	-1	0
4666	4830	4828	8	-1	-1	-1	0
4741	4744	4839	7	-1	-1	-1	0
4829	4830	4666	8	-1	-1	-1	0
4671	4822	4834	8	-1	-1	-1	0
4722	4885	4721	8	-1	-1	-1	0
4745	4839	4744	7	-1	-1	-1	0
4884	4723	4721	8	-1	-1	-1	0
4725	4887	4722	8	-1	-1	-1	0
4832	4670	4833	7	-1	-1	-1	0
4712	4748	4876	3	-1	-1	-1	0
4723	4888	4726	8	-1	-1	-1	0
4835	4831	4672	7	-1	-1	-1	0
4671	4834	4833	8	-1	-1	-1	0
4838	4673	4832	7	-1	-1	-1	0
4836	4835	4673	7	-1	-1	-1	0
4889	4727	4728	8	-1	-1	-1	0
4837	4836	4673	7	-1	-1	-1	0
4890	4728	4729	8	-1	-1	-1	0
4889	4735	4727	8	-1	-1	-1	0
4837	4673	4838	7	-1	-1	-1	0
4887	4725	4739	8	-1	-1	-1	0
4829	4681	4841	8	-1	-1	-1	0
4729	4732	4892	8	-1	-1	-1	0
4730	4893	4731	7	-1	-1	-1	0
4894	4732	4731	7	-1	-1	-1	0
4840	4841	4680	8	-1	-1	-1	0
4896	4734	4737	8	-1	-1	-1	0
4683	4844	4840	8	-1	-1	-1	0
4897	4736	4735	8	-1	-1	-1	0
4843	4683	4842	8	-1	-1	-1	0
4683	4843	4844	8	-1	-1	-1	0
4898	4737	4736	8	-1	-1	-1	0
4685	4846	4845	8	-1	-1	-1	0
4738	4901	4739	8	-1	-1	-1	0
4848	4688	4847	8	-1	-1	-1	0
4848	4846	4689	8	-1	-1	-1	0
4850	4847	4690	8	-1	-1	-1	0
4842	4692	4853	8	-1	-1	-1	0
4850	4690	4849	8	-1	-1	-1	0
4691	4852	4849	8	-1	-1	-1	0
4691	4851	4852	8	-1	-1	-1	0
4694	4845	4855	8	-1	-1	-1	0
4746	4903	4747	4	-1	-1	-1	0
4747	4904	4748	4	-1	-1	-1	0
4751	4903	4746	4	-1	-1	-1	0
4853	4693	4854	8	-1	-1	-1	0
4856	4854	4694	8	-1	-1	-1	0
4856	4694	4855	8	-1	-1	-1	0
4750	4749	4906	6	-1	-1	-1	0
4907	4752	4750	6	-1	-1	-1	0
4754	4906	4749	6	0	-1	-1	0
4858	4857	4695	8	-1	-1	-1	0
4908	4751	4752	5	-1	-1	-1	0
4807	4802	4803	8	-1	-1	-1	0
4857	4860	4696	8	-1	-1	-1	0
4859	4696	4860	8	-1	-1	-1	0
4858	4697	4861	8	-1	-1	-1	0
4861	4698	4862	8	-1	-1	-1	0
4810	4726	4888	8	-1	-1	-1	0
4699	4864	4862	8	-1	-1	-1	0
4757	4758	4910	6	-1	-1	0	0
4863	4864	4699	8	-1	-1	-1	0
4760	4910	4758	6	-1	-1	-1	0
4759	4911	4760	5	-1	-1	-1	0
4866	4701	4865	2	-1	-1	-1	0
4863	4703	4867	0	-1	-1	-1	0
4913	4761	4763	1	-1	-1	-1	0
4868	4867	4703	0	-1	-1	-1	0
4761	4913	4765	1	-1	-1	-1	0
4704	4869	4868	0	-1	-1	-1	0
4764	4765	4915	2	-1	-1	-1	0
4716	4880	4851	8	-1	-1	-1	0
4707	4871	4869	1	-1	-1	-1	0
4824	4812	4811	7	-1	-1	-1	0
4707	4870	4871	1	-1	-1	-1	0
4824	4813	4812	7	-1	-1	-1	0
4767	4917	4766	8	-1	-1	-1	0
4874	4711	4866	2	-1	-1	-1	0
4814	4813	4825	7	-1	-1	-1	0
4918	4767	4768	8	-1	-1	-1	0
4896	4823	4734	8	-1	-1	-1	0
4872	4873	4708	2	-1	-1	-1	0
4917	4770	4766	8	-1	-1	-1	0
4893	4730	4831	7	-1	-1	-1	0
4710	4875	4870	2	-1	-1	-1	0
4709	4874	4872	2	-1	-1	-1	0
4865	4714	4878	3	-1	-1	-1	0
4710	4873	4875	2	-1	-1	-1	0
4859	4881	4719	8	-1	-1	-1	0
4901	4738	4821	8	-1	-1	-1	0
4911	4759	4791	5	-1	-1	-1	0
4763	4784	4914	1	-1	-1	-1	0
4768	4776	4918	8	-1	-1	-1	0
4769	4773	4920	8	-1	-1	-1	0
4825	4813	4824	7	-1	-1	-1	0
4769	4920	4774	8	-1	-1	-1	0
4922	4771	4770	8	-1	-1	-1	0
4876	4877	4713	3	-1	-1	-1	0
4771	4923	4772	8	-1	-1	-1	0
4877	4878	4714	3	-1	-1	-1	0
4924	4773	4772	0	-1	-1	-1	0
4915	4794	4764	2	-1	-1	-1	0
4781	4774	4920	8	-1	-1	-1	0
4880	4716	4879	8	-1	-1	-1	0
4927	4776	4775	8	-1	-1	-1	0
4823	4834	4822	8	-1	-1	-1	0
4927	4775	4778	8	-1	-1	-1	0
4720	4882	4879	8	-1	-1	-1	0
4720	4881	4883	8	-1	-1	-1	0
4929	4778	4777	8	-1	-1	-1	0
4720	4883	4882	8	-1	-1	-1	0
4930	4777	4780	8	-1	-1	-1	0
4721	4885	4884	8	-1	-1	-1	0
4932	4780	4779	8	-1	-1	-1	0
4885	4722	4886	8	-1	-1	-1	0
4887	4886	4722	8	-1	-1	-1	0
4723	4884	4888	8	-1	-1	-1	0
4933	4779	4786	8	-1	-1	-1	0
4936	4783	4781	0	-1	-1	-1	0
4783	4937	4782	1	-1	-1	-1	0
4938	4784	4782	1	-1	-1	-1	0
4889	4728	4890	8	-1	-1	-1	0
4729	4891	4890	8	-1	-1	-1	0
4786	4785	4940	8	-1	-1	-1	0
4787	4940	4785	8	-1	-1	-1	0
4729	4892	4891	8	-1	-1	-1	0
4941	4787	4788	8	-1	-1	-1	0
4893	4894	4731	7	-1	-1	-1	0
4732	4895	4892	7	-1	-1	-1	0
4789	4943	4788	8	-1	-1	-1	0
4894	4895	4732	7	-1	-1	-1	0
4889	4897	4735	8	-1	-1	-1	0
4791	4790	4944	4	-1	-1	-1	0
4944	4790	4792	4	-1	-1	-1	0
4902	4887	4739	8	-1	-1	-1	0
4876	4748	4905	4	-1	-1	-1	0
4789	4798	4943	8	-1	-1	-1	0
4736	4897	4898	8	-1	-1	-1	0
4793	4946	4792	4	-1	-1	-1	0
4896	4737	4900	8	-1	-1	-1	0
4737	4898	4899	8	-1	-1	-1	0
4795	4947	4793	4	-1	-1	-1	0
4899	4900	4737	8	-1	-1	-1	0
4794	4948	4795	3	-1	-1	-1	0
4842	4853	4843	8	-1	-1	-1	0
4901	4902	4739	8	-1	-1	-1	0
4950	4796	4797	8	-1	-1	-1	0
4798	4796	4950	8	-1	-1	-1	0
4850	4848	4847	8	-1	-1	-1	0
4855	4845	4846	8	-1	-1	-1	0
4799	4952	4797	8	-1	-1	-1	0
4952	4799	4800	8	-1	-1	-1	0
4953	4800	4801	8	-1	-1	-1	0
4903	4904	4747	4	-1	-1	-1	0
4904	4905	4748	4	-1	-1	-1	0
4801	4802	4955	8	-1	-1	-1	0
4835	4893	4831	7	-1	-1	-1	0
4908	4903	4751	5	-1	-1	-1	0
4750	4906	4907	6	-1	0	-1	0
4955	4802	4807	8	-1	-1	-1	0
4804	4956	4805	8	-1	-1	-1	0
4836	4894	4835	7	-1	-1	-1	0
4957	4804	4806	8	-1	-1	-1	0
4752	4907	4909	6	-1	0	-1	0
4908	4752	4909	6	-1	-1	-1	0
4807	4805	4958	8	-1	-1	-1	0
4959	4806	4808	8	-1	-1	-1	0
4809	4961	4808	8	-1	-1	-1	0
4809	4810	4962	8	-1	-1	-1	0
4912	4910	4760	6	0	-1	-1	0
4912	4760	4911	6	-1	-1	-1	0
4880	4852	4851	8	-1	-1	-1	0
4763	4914	4913	1	-1	-1	-1	0
4765	4913	4916	2	-1	-1	-1	0
4815	4964	4816	8	-1	-1	-1	0
4765	4916	4915	2	-1	-1	-1	0
4816	4966	4818	8	-1	-1	-1	0
4967	4817	4818	8	-1	-1	-1	0
4919	4917	4767	8	-1	-1	-1	0
4817	4968	4819	8	-1	-1	-1	0
4767	4918	4919	8	-1	-1	-1	0
4826	4964	4815	8	-1	-1	-1	0
4770	4917	4921	8	-1	-1	-1	0
4820	4819	4970	8	-1	-1	-1	0
4971	4821	4820	8	-1	-1	-1	0
4770	4921	4922	8	-1	-1	-1	0
4923	4771	4922	8	-1	-1	-1	0
4926	4920	4773	0	-1	-1	-1	0
4772	4923	4925	0	-1	-1	-1	0
4924	4772	4925	0	-1	-1	-1	0
4894	4893	4835	7	-1	-1	-1	0
4776	4928	4918	8	-1	-1	-1	0
4926	4773	4924	0	-1	-1	-1	0
4827	4974	4826	8	-1	-1	-1	0
4827	4828	4975	8	-1	-1	-1	0
4823	4973	4834	8	-1	-1	-1	0
4928	4776	4927	8	-1	-1	-1	0
4830	4976	4828	8	-1	-1	-1	0
4927	4778	4931	8	-1	-1	-1	0
4829	4977	4830	8	-1	-1	-1	0
4784	4938	4914	1	-1	-1	-1	0
4777	4930	4929	8	-1	-1	-1	0
4936	4781	4920	0	-1	-1	-1	0
4929	4931	4778	8	-1	-1	-1	0
4973	4833	4834	8	-1	-1	-1	0
4779	4933	4932	8	-1	-1	-1	0
4934	4930	4780	8	-1	-1	-1	0
4979	4832	4833	7	-1	-1	-1	0
4945	4911	4791	5	-1	-1	-1	0
4841	4977	4829	8	-1	-1	-1	0
4935	4780	4932	8	-1	-1	-1	0
4780	4935	4934	8	-1	-1	-1	0
4979	4838	4832	7	-1	-1	-1	0
4836	4837	4980	7	-1	-1	-1	0
4981	4837	4838	7	-1	-1	-1	0
4938	4782	4937	1	-1	-1	-1	0
4948	4794	4915	3	-1	-1	-1	0
4936	4939	4783	1	-1	-1	-1	0
4786	4940	4933	8	-1	-1	-1	0
4937	4783	4939	1	-1	-1	-1	0
4963	4810	4888	8	-1	-1	-1	0
4841	4840	4984	8	-1	-1	-1	0
4787	4941	4940	8	-1	-1	-1	0
4984	4840	4844	8	-1	-1	-1	0
4941	4788	4942	8	-1	-1	-1	0
4788	4943	4942	8	-1	-1	-1	0
4987	4844	4843	8	-1	-1	-1	0
4791	4944	4945	5	-1	-1	-1	0
4946	4944	4792	4	-1	-1	-1	0
4853	4986	4843	8	-1	-1	-1	0
4848	4989	4846	8	-1	-1	-1	0
4946	4793	4947	4	-1	-1	-1	0
4848	4850	4990	8	-1	-1	-1	0
4991	4850	4849	8	-1	-1	-1	0
4846	4989	4855	8	-1	-1	-1	0
4949	4947	4795	4	-1	-1	-1	0
4943	4798	4950	8	-1	-1	-1	0
4948	4949	4795	4	-1	-1	-1	0
4973	4823	4896	8	-1	-1	-1	0
4852	4992	4849	8	-1	-1	-1	0
4901	4821	4971	8	-1	-1	-1	0
4797	4951	4950	8	-1	-1	-1	0
4952	4951	4797	8	-1	-1	-1	0
4854	4995	4853	8	-1	-1	-1	0
4952	4800	4953	8	-1	-1	-1	0
4854	4856	4997	8	-1	-1	-1	0
4953	4801	4954	8	-1	-1	-1	0
4855	4998	4856	8	-1	-1	-1	0
4980	4894	4836	7	-1	-1	-1	0
4801	4955	4954	8	-1	-1	-1	0
4857	4858	5000	8	-1	-1	-1	0
4857	5000	4860	8	-1	-1	-1	0
4804	4957	4956	8	-1	-1	-1	0
4958	4805	4956	8	-1	-1	-1	0
5001	4858	4861	8	-1	-1	-1	0
4955	4807	4960	8	-1	-1	-1	0
4957	4806	4959	8	-1	-1	-1	0
5005	4859	4860	8	-1	-1	-1	0
4807	4958	4960	8	-1	-1	-1	0
4880	4994	4852	8	-1	-1	-1	0
4959	4808	4961	8	-1	-1	-1	0
4862	5009	4861	8	-1	-1	-1	0
4961	4809	4962	8	-1	-1	-1	0
4884	4963	4888	8	-1	-1	-1	0
4810	4963	4962	8	-1	-1	-1	0
4862	4864	5010	8	-1	-1	-1	0
5011	4864	4863	0	-1	-1	-1	0
4867	5011	4863	0	-1	-1	-1	0
5013	4866	4865	3	-1	-1	-1	0
5006	4881	4859	8	-1	-1	-1	0
4816	4964	4965	8	-1	-1	-1	0
4816	4965	4966	8	-1	-1	-1	0
4867	4868	5016	1	-1	-1	-1	0
4817	4967	4968	8	-1	-1	-1	0
4966	4969	4818	8	-1	-1	-1	0
4874	4866	5014	3	-1	-1	-1	0
4868	4869	5017	1	-1	-1	-1	0
4818	4969	4967	8	-1	-1	-1	0
5013	4865	4878	3	-1	-1	-1	0
4869	4871	5017	1	-1	-1	-1	0
4970	4819	4968	8	-1	-1	-1	0
5018	4871	4870	2	-1	-1	-1	0
4820	4970	4972	8	-1	-1	-1	0
5018	4870	4875	2	-1	-1	-1	0
4971	4820	4972	8	-1	-1	-1	0
4974	4964	4826	8	-1	-1	-1	0
5020	4873	4872	3	-1	-1	-1	0
4874	5021	4872	3	-1	-1	-1	0
4894	4980	4895	7	-1	-1	-1	0
4881	5006	4883	8	-1	-1	-1	0
5022	4875	4873	3	-1	-1	-1	0
4827	4975	4974	8	-1	-1	-1	0
4877	4876	5024	4	-1	-1	-1	0
4900	4983	4896	8	-1	-1	-1	0
4976	4975	4828	8	-1	-1	-1	0
4877	5025	4878	4	-1	-1	-1	0
4920	4926	4936	0	-1	-1	-1	0
4978	4976	4830	8	-1	-1	-1	0
4973	4979	4833	8	-1	-1	-1	0
4977	4978	4830	8	-1	-1	-1	0
5029	4880	4879	8	-1	-1	-1	0
5028	4879	4882	8	-1	-1	-1	0
5031	4882	4883	8	-1	-1	-1	0
4982	4980	4837	7	-1	-1	-1	0
4983	4838	4979	7	-1	-1	-1	0
4982	4837	4981	7	-1	-1	-1	0
4981	4838	4983	7	-1	-1	-1	0
5033	4884	4885	8	-1	-1	-1	0
4977	4841	4985	8	-1	-1	-1	0
5024	4876	4905	4	-1	-1	-1	0
4886	5035	4885	8	-1	-1	-1	0
5036	4886	4887	8	-1	-1	-1	0
4841	4984	4985	8	-1	-1	-1	0
4986	4987	4843	8	-1	-1	-1	0
4984	4844	4988	8	-1	-1	-1	0
5038	4889	4890	8	-1	-1	-1	0
4844	4987	4988	8	-1	-1	-1	0
5040	4890	4891	8	-1	-1	-1	0
5041	4891	4892	8	-1	-1	-1	0
4889	5039	4897	8	-1	-1	-1	0
4887	4902	5037	8	-1	-1	-1	0
4990	4989	4848	8	-1	-1	-1	0
4895	5042	4892	7	-1	-1	-1	0
4991	4849	4992	8	-1	-1	-1	0
4850	4993	4990	8	-1	-1	-1	0
4850	4991	4993	8	-1	-1	-1	0
4853	4995	4986	8	-1	-1	-1	0
4992	4852	4994	8	-1	-1	-1	0
4898	4897	5044	8	-1	-1	-1	0
4899	4898	5045	8	-1	-1	-1	0
4989	4998	4855	8	-1	-1	-1	0
4996	4995	4854	8	-1	-1	-1	0
4899	5046	4900	8	-1	-1	-1	0
4996	4854	4997	8	-1	-1	-1	0
4973	4896	4979	8	-1	-1	-1	0
4999	4997	4856	8	-1	-1	-1	0
4901	5050	4902	8	-1	-1	-1	0
4999	4856	4998	8	-1	-1	-1	0
5051	4904	4903	5	-1	-1	-1	0
4896	4983	4979	8	-1	-1	-1	0
5002	4858	5001	8	-1	-1	-1	0
4905	4904	5052	5	-1	-1	-1	0
4858	5003	5000	8	-1	-1	-1	0
4903	4908	5051	5	-1	-1	-1	0
4858	5002	5003	8	-1	-1	-1	0
5007	4860	5000	8	-1	-1	-1	0
5005	5004	4859	8	-1	-1	-1	0
5006	4859	5004	8	-1	-1	-1	0
5054	4908	4909	6	-1	-1	0	0
4861	5009	5001	8	-1	-1	-1	0
5005	4860	5008	8	-1	-1	-1	0
4860	5007	5008	8	-1	-1	-1	0
5055	4912	4911	6	0	-1	-1	0
4884	5033	4963	8	-1	-1	-1	0
4862	5010	5009	8	-1	-1	-1	0
4914	5056	4913	2	-1	-1	-1	0
4913	5056	4916	2	-1	-1	-1	0
5010	4864	5012	0	-1	-1	-1	0
5011	5012	4864	0	-1	-1	-1	0
4916	5058	4915	3	-1	-1	-1	0
5015	5011	4867	1	-1	-1	-1	0
4866	5013	5014	3	-1	-1	-1	0
4919	5060	4917	8	-1	-1	-1	0
5015	4867	5016	1	-1	-1	-1	0
4921	4917	5061	8	-1	-1	-1	0
4918	5062	4919	8	-1	-1	-1	0
5017	5016	4868	1	-1	-1	-1	0
4880	5030	4994	8	-1	-1	-1	0
5064	4922	4921	8	-1	-1	-1	0
5017	4871	5019	2	-1	-1	-1	0
5019	4871	5018	2	-1	-1	-1	0
5062	4918	4928	8	-1	-1	-1	0
4922	5064	4923	8	-1	-1	-1	0
4914	4938	5057	2	-1	-1	-1	0
5014	5021	4874	3	-1	-1	-1	0
4968	4972	4970	8	-1	-1	-1	0
4945	5055	4911	6	-1	-1	-1	0
4925	4923	5065	0	-1	-1	-1	0
5020	4872	5021	3	-1	-1	-1	0
5020	5022	4873	3	-1	-1	-1	0
4925	5067	4924	1	-1	-1	-1	0
4926	4924	5066	1	-1	-1	-1	0
5023	5018	4875	3	-1	-1	-1	0
5013	4878	5026	4	-1	-1	-1	0
4980	5043	4895	7	-1	-1	-1	0
5022	5023	4875	3	-1	-1	-1	0
5006	5032	4883	8	-1	-1	-1	0
5049	4901	4971	8	-1	-1	-1	0
4915	5058	4948	3	-1	-1	-1	0
5070	4928	4927	8	-1	-1	-1	0
4877	5024	5025	4	-1	-1	-1	0
4927	4931	5070	8	-1	-1	-1	0
4878	5025	5026	4	-1	-1	-1	0
4900	5048	4983	8	-1	-1	-1	0
5072	4929	4930	8	-1	-1	-1	0
5069	4936	4926	1	-1	-1	-1	0
5072	4931	4929	8	-1	-1	-1	0
5027	4879	5028	8	-1	-1	-1	0
5027	5029	4879	8	-1	-1	-1	0
5073	4930	4934	8	-1	-1	-1	0
4880	5029	5030	8	-1	-1	-1	0
4933	5074	4932	8	-1	-1	-1	0
4985	4978	4977	8	-1	-1	-1	0
5074	4935	4932	8	-1	-1	-1	0
5028	4882	5031	8	-1	-1	-1	0
4936	5069	4939	1	-1	-1	-1	0
4883	5032	5031	8	-1	-1	-1	0
4934	4935	5078	8	-1	-1	-1	0
4940	5075	4933	8	-1	-1	-1	0
5034	5033	4885	8	-1	-1	-1	0
5035	5034	4885	8	-1	-1	-1	0
4939	5080	4937	2	-1	-1	-1	0
4937	5081	4938	2	-1	-1	-1	0
5035	4886	5036	8	-1	-1	-1	0
4887	5037	5036	8	-1	-1	-1	0
5083	4940	4941	8	-1	-1	-1	0
4889	5038	5039	8	-1	-1	-1	0
5085	4941	4942	8	-1	-1	-1	0
5038	4890	5040	8	-1	-1	-1	0
4943	5085	4942	8	-1	-1	-1	0
5040	4891	5041	8	-1	-1	-1	0
4892	5042	5041	7	-1	-1	-1	0
4945	4944	5087	5	-1	-1	-1	0
4946	5087	4944	5	-1	-1	-1	0
4950	5086	4943	8	-1	-1	-1	0
5042	4895	5043	7	-1	-1	-1	0
5044	4897	5039	8	-1	-1	-1	0
5053	5024	4905	5	-1	-1	-1	0
4946	4947	5090	5	-1	-1	-1	0
5044	5045	4898	8	-1	-1	-1	0
4947	4949	5091	5	-1	-1	-1	0
4949	4948	5092	4	-1	-1	-1	0
5037	4902	5050	8	-1	-1	-1	0
5045	5047	4899	8	-1	-1	-1	0
5047	5046	4899	8	-1	-1	-1	0
5046	5048	4900	8	-1	-1	-1	0
4950	4951	5094	8	-1	-1	-1	0
4952	5095	4951	8	-1	-1	-1	0
4901	5049	5050	8	-1	-1	-1	0
4953	4954	5098	8	-1	-1	-1	0
4952	4953	5097	8	-1	-1	-1	0
4980	4982	5043	7	-1	-1	-1	0
5052	4904	5051	5	-1	-1	-1	0
5100	4954	4955	8	-1	-1	-1	0
4905	5052	5053	5	-1	-1	-1	0
5003	5007	5000	8	-1	-1	-1	0
5051	4908	5054	6	-1	-1	-1	0
5101	4956	4957	8	-1	-1	-1	0
4955	4960	5100	8	-1	-1	-1	0
5101	4958	4956	8	-1	-1	-1	0
4959	5102	4957	8	-1	-1	-1	0
5103	4960	4958	8	-1	-1	-1	0
4961	5105	4959	8	-1	-1	-1	0
5057	5056	4914	2	-1	-1	-1	0
4961	4962	5107	8	-1	-1	-1	0
5059	4916	5056	3	-1	-1	-1	0
4916	5059	5058	3	-1	-1	-1	0
4962	4963	5108	8	-1	-1	-1	0
4917	5060	5061	8	-1	-1	-1	0
4964	5110	4965	8	-1	-1	-1	0
5063	5060	4919	8	-1	-1	-1	0
4966	4965	5111	8	-1	-1	-1	0
5063	4919	5062	8	-1	-1	-1	0
4921	5061	5064	8	-1	-1	-1	0
4966	5112	4969	8	-1	-1	-1	0
4974	5109	4964	8	-1	-1	-1	0
5114	4968	4967	8	-1	-1	-1	0
5114	4967	4969	8	-1	-1	-1	0
4923	5064	5065	0	-1	-1	-1	0
4968	5115	4972	8	-1	-1	-1	0
5066	4924	5067	1	-1	-1	-1	0
5068	4925	5065	1	-1	-1	-1	0
4925	5068	5067	1	-1	-1	-1	0
4971	4972	5117	8	-1	-1	-1	0
4928	5071	5062	8	-1	-1	-1	0
4926	5066	5069	1	-1	-1	-1	0
4974	4975	5118	8	-1	-1	-1	0
4928	5070	5071	8	-1	-1	-1	0
4976	5119	4975	8	-1	-1	-1	0
5070	4931	5072	8	-1	-1	-1	0
4978	5120	4976	8	-1	-1	-1	0
5073	5072	4930	8	-1	-1	-1	0
4938	5081	5057	2	-1	-1	-1	0
5076	5074	4933	8	-1	-1	-1	0
4978	4985	5121	8	-1	-1	-1	0
4934	5077	5073	8	-1	-1	-1	0
5076	4933	5075	8	-1	-1	-1	0
5123	4982	4981	7	-1	-1	-1	0
4983	5123	4981	7	-1	-1	-1	0
5079	4935	5074	8	-1	-1	-1	0
5088	5055	4945	6	0	-1	-1	0
5078	5077	4934	8	-1	-1	-1	0
4939	5069	5082	2	-1	-1	-1	0
5079	5078	4935	8	-1	-1	-1	0
4984	5125	4985	8	-1	-1	-1	0
4984	4988	5125	8	-1	-1	-1	0
5083	5075	4940	8	-1	-1	-1	0
5058	5092	4948	4	-1	-1	-1	0
5081	4937	5080	2	-1	-1	-1	0
4987	4986	5126	8	-1	-1	-1	0
5082	5080	4939	2	-1	-1	-1	0
4988	4987	5129	8	-1	-1	-1	0
4963	5033	5108	8	-1	-1	-1	0
5126	4986	4995	8	-1	-1	-1	0
5083	4941	5084	8	-1	-1	-1	0
4990	5130	4989	8	-1	-1	-1	0
4941	5085	5084	8	-1	-1	-1	0
4993	5130	4990	8	-1	-1	-1	0
5086	5085	4943	8	-1	-1	-1	0
4991	4992	5131	8	-1	-1	-1	0
4991	5131	4993	8	-1	-1	-1	0
4998	4989	5130	8	-1	-1	-1	0
5132	4992	4994	8	-1	-1	-1	0
4945	5087	5089	6	-1	-1	-1	0
4945	5089	5088	6	-1	0	-1	0
4946	5090	5087	5	-1	-1	-1	0
4996	5136	4995	8	-1	-1	-1	0
4947	5091	5090	5	-1	-1	-1	0
5137	4996	4997	8	-1	-1	-1	0
5086	4950	5094	8	-1	-1	-1	0
5091	4949	5093	5	-1	-1	-1	0
4999	5138	4997	8	-1	-1	-1	0
5092	5093	4949	5	-1	-1	-1	0
4998	5139	4999	8	-1	-1	-1	0
4971	5117	5049	8	-1	-1	-1	0
5094	4951	5095	8	-1	-1	-1	0
5001	5140	5002	8	-1	-1	-1	0
4952	5096	5095	8	-1	-1	-1	0
5096	4952	5097	8	-1	-1	-1	0
5003	5002	5142	0	-1	-1	-1	0
4953	5098	5097	8	-1	-1	-1	0
5043	4982	5124	7	-1	-1	-1	0
5140	5001	5009	8	-1	-1	-1	0
5099	5098	4954	8	-1	-1	-1	0
5007	5003	5143	0	-1	-1	-1	0
5004	5005	5144	8	-1	-1	-1	0
5100	5099	4954	8	-1	-1	-1	0
5123	4983	5048	7	-1	-1	-1	0
5145	5006	5004	8	-1	-1	-1	0
5144	5005	5008	8	-1	-1	-1	0
5135	4994	5030	8	-1	-1	-1	0
5140	5009	5010	8	-1	-1	-1	0
5102	5101	4957	8	-1	-1	-1	0
5101	5103	4958	8	-1	-1	-1	0
5008	5007	5147	0	-1	-1	-1	0
5104	5102	4959	8	-1	-1	-1	0
5100	4960	5106	8	-1	-1	-1	0
5105	5104	4959	8	-1	-1	-1	0
4960	5103	5106	8	-1	-1	-1	0
5149	5010	5012	0	-1	-1	-1	0
5105	4961	5107	8	-1	-1	-1	0
5011	5150	5012	1	-1	-1	-1	0
5011	5015	5150	1	-1	-1	-1	0
5108	5107	4962	8	-1	-1	-1	0
5152	5014	5013	4	-1	-1	-1	0
5110	4964	5109	8	-1	-1	-1	0
5006	5146	5032	8	-1	-1	-1	0
5111	4965	5110	8	-1	-1	-1	0
5015	5016	5155	2	-1	-1	-1	0
5153	5021	5014	4	-1	-1	-1	0
5156	5016	5017	2	-1	-1	-1	0
4966	5111	5113	8	-1	-1	-1	0
5152	5013	5026	4	-1	-1	-1	0
5112	4966	5113	8	-1	-1	-1	0
5017	5019	5156	2	-1	-1	-1	0
5018	5157	5019	3	-1	-1	-1	0
5114	5115	4968	8	-1	-1	-1	0
5116	4969	5112	8	-1	-1	-1	0
5023	5157	5018	3	-1	-1	-1	0
4969	5116	5114	8	-1	-1	-1	0
5118	5109	4974	8	-1	-1	-1	0
5022	5020	5159	4	-1	-1	-1	0
5021	5160	5020	4	-1	-1	-1	0
5115	5117	4972	8	-1	-1	-1	0
5022	5161	5023	4	-1	-1	-1	0
5119	5118	4975	8	-1	-1	-1	0
5163	5025	5024	5	-1	-1	-1	0
5164	5026	5025	5	-1	-1	-1	0
5119	4976	5120	8	-1	-1	-1	0
4978	5122	5120	8	-1	-1	-1	0
5028	5166	5027	8	-1	-1	-1	0
5121	5122	4978	8	-1	-1	-1	0
5027	5167	5029	8	-1	-1	-1	0
5028	5031	5168	8	-1	-1	-1	0
5169	5030	5029	8	-1	-1	-1	0
5124	4982	5123	7	-1	-1	-1	0
5121	4985	5125	8	-1	-1	-1	0
5032	5172	5031	8	-1	-1	-1	0
5053	5163	5024	5	-1	-1	-1	0
5174	5033	5034	8	-1	-1	-1	0
4987	5126	5128	8	-1	-1	-1	0
5129	5125	4988	8	-1	-1	-1	0
4987	5128	5127	8	-1	-1	-1	0
5129	4987	5127	8	-1	-1	-1	0
5035	5175	5034	8	-1	-1	-1	0
5176	5035	5036	8	-1	-1	-1	0
5176	5036	5037	8	-1	-1	-1	0
5131	4992	5133	8	-1	-1	-1	0
5136	5126	4995	8	-1	-1	-1	0
5040	5179	5038	8	-1	-1	-1	0
5133	4992	5132	8	-1	-1	-1	0
5130	4993	5134	8	-1	-1	-1	0
5039	5038	5180	8	-1	-1	-1	0
4993	5131	5134	8	-1	-1	-1	0
4994	5135	5132	8	-1	-1	-1	0
5182	5040	5041	8	-1	-1	-1	0
5050	5177	5037	8	-1	-1	-1	0
5044	5039	5181	8	-1	-1	-1	0
5087	5090	5089	6	-1	-1	-1	0
5183	5041	5042	7	-1	-1	-1	0
4998	5130	5139	8	-1	-1	-1	0
5042	5043	5184	7	-1	-1	-1	0
5136	4996	5137	8	-1	-1	-1	0
5138	5137	4997	8	-1	-1	-1	0
5185	5045	5044	8	-1	-1	-1	0
4999	5139	5138	8	-1	-1	-1	0
5045	5186	5047	8	-1	-1	-1	0
5046	5047	5187	8	-1	-1	-1	0
5187	5048	5046	8	-1	-1	-1	0
5140	5141	5002	0	-1	-1	-1	0
5142	5002	5141	0	-1	-1	-1	0
5143	5003	5142	0	-1	-1	-1	0
5049	5190	5050	8	-1	-1	-1	0
5004	5144	5145	8	-1	-1	-1	0
5052	5051	5191	6	-1	-1	-1	0
5051	5054	5191	6	-1	0	-1	0
5143	5147	5007	0	-1	-1	-1	0
5052	5192	5053	6	-1	-1	-1	0
5146	5006	5145	8	-1	-1	-1	0
5140	5010	5149	0	-1	-1	-1	0
5148	5144	5008	0	-1	-1	-1	0
5148	5008	5147	0	-1	-1	-1	0
5057	5194	5056	3	-1	-1	-1	0
5059	5056	5194	3	-1	-1	-1	0
5151	5149	5012	1	-1	-1	-1	0
5058	5059	5196	4	-1	-1	-1	0
5151	5012	5150	1	-1	-1	-1	0
5033	5174	5108	8	-1	-1	-1	0
5150	5015	5154	2	-1	-1	-1	0
5152	5153	5014	4	-1	-1	-1	0
5199	5061	5060	0	-1	-1	-1	0
5198	5060	5063	0	-1	-1	-1	0
5155	5154	5015	2	-1	-1	-1	0
5061	5200	5064	0	-1	-1	-1	0
5063	5062	5201	8	-1	-1	-1	0
5016	5156	5155	2	-1	-1	-1	0
5065	5064	5200	0	-1	-1	-1	0
5081	5195	5057	3	-1	-1	-1	0
5019	5158	5156	3	-1	-1	-1	0
5201	5062	5071	8	-1	-1	-1	0
5157	5158	5019	3	-1	-1	-1	0
5021	5153	5160	4	-1	-1	-1	0
5170	5135	5030	8	-1	-1	-1	0
5065	5203	5068	1	-1	-1	-1	0
5066	5067	5205	2	-1	-1	-1	0
5160	5159	5020	4	-1	-1	-1	0
5069	5066	5204	2	-1	-1	-1	0
5206	5067	5068	2	-1	-1	-1	0
5162	5157	5023	4	-1	-1	-1	0
5159	5161	5022	4	-1	-1	-1	0
5152	5026	5165	5	-1	-1	-1	0
5196	5092	5058	4	-1	-1	-1	0
5023	5161	5162	4	-1	-1	-1	0
5032	5146	5172	8	-1	-1	-1	0
5070	5072	5208	8	-1	-1	-1	0
5070	5209	5071	8	-1	-1	-1	0
5184	5043	5124	7	-1	-1	-1	0
5164	5025	5163	5	-1	-1	-1	0
5026	5164	5165	5	-1	-1	-1	0
5082	5069	5204	2	-1	-1	-1	0
5211	5072	5073	8	-1	-1	-1	0
5190	5049	5117	8	-1	-1	-1	0
5167	5027	5166	8	-1	-1	-1	0
5048	5189	5123	7	-1	-1	-1	0
5166	5028	5168	8	-1	-1	-1	0
5077	5212	5073	8	-1	-1	-1	0
5074	5076	5215	8	-1	-1	-1	0
5167	5169	5029	8	-1	-1	-1	0
5076	5075	5216	8	-1	-1	-1	0
5074	5214	5079	8	-1	-1	-1	0
5169	5171	5030	8	-1	-1	-1	0
5170	5030	5171	8	-1	-1	-1	0
5031	5173	5168	8	-1	-1	-1	0
5078	5218	5077	8	-1	-1	-1	0
5216	5075	5083	8	-1	-1	-1	0
5172	5173	5031	8	-1	-1	-1	0
5078	5079	5221	8	-1	-1	-1	0
5175	5174	5034	8	-1	-1	-1	0
5081	5080	5223	3	-1	-1	-1	0
5082	5222	5080	3	-1	-1	-1	0
5176	5175	5035	8	-1	-1	-1	0
5037	5178	5176	8	-1	-1	-1	0
5084	5225	5083	8	-1	-1	-1	0
5177	5178	5037	8	-1	-1	-1	0
5226	5084	5085	8	-1	-1	-1	0
5038	5179	5180	8	-1	-1	-1	0
5228	5085	5086	8	-1	-1	-1	0
5180	5181	5039	8	-1	-1	-1	0
5040	5182	5179	8	-1	-1	-1	0
5041	5183	5182	7	-1	-1	-1	0
5229	5089	5090	6	0	-1	-1	0
5228	5086	5094	8	-1	-1	-1	0
5163	5053	5193	6	-1	-1	-1	0
5184	5183	5042	7	-1	-1	-1	0
5181	5185	5044	8	-1	-1	-1	0
5230	5090	5091	6	-1	-1	-1	0
5093	5231	5091	6	-1	-1	-1	0
5045	5185	5186	8	-1	-1	-1	0
5190	5177	5050	8	-1	-1	-1	0
5232	5093	5092	5	-1	-1	-1	0
5047	5186	5188	8	-1	-1	-1	0
5187	5047	5188	8	-1	-1	-1	0
5094	5095	5235	8	-1	-1	-1	0
5048	5187	5189	7	-1	-1	-1	0
5096	5235	5095	8	-1	-1	-1	0
5236	5096	5097	8	-1	-1	-1	0
5141	5140	5149	0	-1	-1	-1	0
5097	5098	5237	8	-1	-1	-1	0
5099	5237	5098	8	-1	-1	-1	0
5052	5191	5192	6	-1	0	-1	0
5189	5124	5123	7	-1	-1	-1	0
5100	5238	5099	8	-1	-1	-1	0
5192	5193	5053	6	0	-1	-1	0
5102	5241	5101	8	-1	-1	-1	0
5101	5240	5103	8	-1	-1	-1	0
5238	5100	5106	8	-1	-1	-1	0
5194	5057	5195	3	-1	-1	-1	0
5242	5102	5104	8	-1	-1	-1	0
5240	5106	5103	8	-1	-1	-1	0
5059	5194	5197	4	-1	-1	-1	0
5059	5197	5196	4	-1	-1	-1	0
5105	5243	5104	8	-1	-1	-1	0
5060	5198	5199	0	-1	-1	-1	0
5107	5246	5105	8	-1	-1	-1	0
5200	5061	5199	0	-1	-1	-1	0
5108	5246	5107	8	-1	-1	-1	0
5063	5202	5198	0	-1	-1	-1	0
5063	5201	5202	0	-1	-1	-1	0
5065	5200	5203	1	-1	-1	-1	0
5250	5110	5109	8	-1	-1	-1	0
5110	5251	5111	8	-1	-1	-1	0
5204	5066	5205	2	-1	-1	-1	0
5252	5113	5111	8	-1	-1	-1	0
5118	5250	5109	8	-1	-1	-1	0
5253	5112	5113	8	-1	-1	-1	0
5207	5068	5203	2	-1	-1	-1	0
5206	5205	5067	2	-1	-1	-1	0
5068	5207	5206	2	-1	-1	-1	0
5116	5112	5253	8	-1	-1	-1	0
5201	5071	5209	8	-1	-1	-1	0
5115	5114	5255	8	-1	-1	-1	0
5255	5114	5116	8	-1	-1	-1	0
5256	5117	5115	8	-1	-1	-1	0
5210	5070	5208	8	-1	-1	-1	0
5209	5070	5210	8	-1	-1	-1	0
5211	5208	5072	8	-1	-1	-1	0
5259	5118	5119	8	-1	-1	-1	0
5211	5073	5213	8	-1	-1	-1	0
5189	5184	5124	7	-1	-1	-1	0
5073	5212	5213	8	-1	-1	-1	0
5120	5259	5119	8	-1	-1	-1	0
5081	5223	5195	3	-1	-1	-1	0
5120	5122	5260	8	-1	-1	-1	0
5074	5215	5214	8	-1	-1	-1	0
5121	5261	5122	8	-1	-1	-1	0
5218	5212	5077	8	-1	-1	-1	0
5121	5125	5262	8	-1	-1	-1	0
5215	5076	5217	8	-1	-1	-1	0
5076	5216	5217	8	-1	-1	-1	0
5204	5224	5082	3	-1	-1	-1	0
5079	5214	5221	8	-1	-1	-1	0
5125	5129	5262	8	-1	-1	-1	0
5078	5220	5218	8	-1	-1	-1	0
5220	5078	5219	8	-1	-1	-1	0
5219	5078	5221	8	-1	-1	-1	0
5126	5265	5128	8	-1	-1	-1	0
5092	5196	5232	5	-1	-1	-1	0
5127	5128	5267	8	-1	-1	-1	0
5127	5266	5129	8	-1	-1	-1	0
5216	5083	5225	8	-1	-1	-1	0
5080	5222	5223	3	-1	-1	-1	0
5136	5264	5126	8	-1	-1	-1	0
5224	5222	5082	3	-1	-1	-1	0
5249	5108	5174	8	-1	-1	-1	0
5130	5134	5270	8	-1	-1	-1	0
5271	5131	5133	8	-1	-1	-1	0
5134	5131	5271	8	-1	-1	-1	0
5225	5084	5227	8	-1	-1	-1	0
5084	5226	5227	8	-1	-1	-1	0
5272	5133	5132	8	-1	-1	-1	0
5228	5226	5085	8	-1	-1	-1	0
5270	5139	5130	8	-1	-1	-1	0
5135	5272	5132	8	-1	-1	-1	0
5276	5136	5137	8	-1	-1	-1	0
5090	5230	5229	6	-1	0	-1	0
5137	5138	5277	8	-1	-1	-1	0
5230	5091	5231	6	-1	-1	0	0
5228	5094	5234	8	-1	-1	-1	0
5280	5138	5139	8	-1	-1	-1	0
5231	5093	5233	6	-1	-1	0	0
5232	5233	5093	6	-1	-1	-1	0
5094	5235	5234	8	-1	-1	-1	0
5256	5190	5117	8	-1	-1	-1	0
5141	5281	5142	1	-1	-1	-1	0
5236	5235	5096	8	-1	-1	-1	0
5143	5142	5283	1	-1	-1	-1	0
5237	5236	5097	8	-1	-1	-1	0
5282	5141	5149	1	-1	-1	-1	0
5284	5147	5143	1	-1	-1	-1	0
5144	5285	5145	0	-1	-1	-1	0
5099	5239	5237	8	-1	-1	-1	0
5099	5238	5239	8	-1	-1	-1	0
5272	5135	5170	8	-1	-1	-1	0
5144	5148	5285	0	-1	-1	-1	0
5145	5286	5146	0	-1	-1	-1	0
5149	5151	5282	1	-1	-1	-1	0
5101	5241	5240	8	-1	-1	-1	0
5147	5288	5148	1	-1	-1	-1	0
5242	5241	5102	8	-1	-1	-1	0
5242	5104	5244	8	-1	-1	-1	0
5290	5151	5150	2	-1	-1	-1	0
5238	5106	5247	8	-1	-1	-1	0
5244	5104	5243	8	-1	-1	-1	0
5105	5245	5243	8	-1	-1	-1	0
5290	5150	5154	2	-1	-1	-1	0
5106	5240	5248	8	-1	-1	-1	0
5245	5105	5246	8	-1	-1	-1	0
5152	5292	5153	5	-1	-1	-1	0
5248	5247	5106	8	-1	-1	-1	0
5246	5108	5249	8	-1	-1	-1	0
5155	5294	5154	3	-1	-1	-1	0
5172	5146	5287	0	-1	-1	-1	0
5160	5153	5293	5	-1	-1	-1	0
5155	5156	5296	3	-1	-1	-1	0
5292	5152	5165	5	-1	-1	-1	0
5158	5296	5156	3	-1	-1	-1	0
5251	5110	5250	8	-1	-1	-1	0
5297	5158	5157	4	-1	-1	-1	0
5111	5251	5252	8	-1	-1	-1	0
5157	5162	5297	4	-1	-1	-1	0
5161	5159	5299	5	-1	-1	-1	0
5252	5254	5113	8	-1	-1	-1	0
5160	5300	5159	5	-1	-1	-1	0
5253	5113	5254	8	-1	-1	-1	0
5301	5162	5161	5	-1	-1	-1	0
5250	5118	5258	8	-1	-1	-1	0
5256	5115	5255	8	-1	-1	-1	0
5257	5116	5253	8	-1	-1	-1	0
5257	5255	5116	8	-1	-1	-1	0
5164	5163	5303	6	-1	-1	-1	0
5165	5164	5304	6	-1	-1	-1	0
5118	5259	5258	8	-1	-1	-1	0
5259	5120	5260	8	-1	-1	-1	0
5168	5306	5166	8	-1	-1	-1	0
5307	5167	5166	8	-1	-1	-1	0
5169	5167	5308	8	-1	-1	-1	0
5121	5262	5261	8	-1	-1	-1	0
5263	5260	5122	8	-1	-1	-1	0
5263	5122	5261	8	-1	-1	-1	0
5169	5308	5171	8	-1	-1	-1	0
5168	5173	5311	8	-1	-1	-1	0
5170	5171	5313	8	-1	-1	-1	0
5265	5126	5264	8	-1	-1	-1	0
5303	5163	5193	6	-1	-1	0	0
5267	5266	5127	8	-1	-1	-1	0
5129	5269	5262	8	-1	-1	-1	0
5265	5268	5128	8	-1	-1	-1	0
5173	5172	5317	0	-1	-1	-1	0
5267	5128	5268	8	-1	-1	-1	0
5266	5269	5129	8	-1	-1	-1	0
5174	5175	5319	8	-1	-1	-1	0
5176	5320	5175	8	-1	-1	-1	0
5264	5136	5276	8	-1	-1	-1	0
5273	5271	5133	8	-1	-1	-1	0
5176	5178	5323	8	-1	-1	-1	0
5133	5272	5274	8	-1	-1	-1	0
5177	5324	5178	8	-1	-1	-1	0
5275	5270	5134	8	-1	-1	-1	0
5134	5271	5275	8	-1	-1	-1	0
5274	5273	5133	8	-1	-1	-1	0
5180	5179	5326	8	-1	-1	-1	0
5182	5326	5179	8	-1	-1	-1	0
5180	5327	5181	8	-1	-1	-1	0
5139	5270	5280	8	-1	-1	-1	0
5190	5324	5177	8	-1	-1	-1	0
5137	5278	5276	8	-1	-1	-1	0
5278	5137	5277	8	-1	-1	-1	0
5181	5327	5185	8	-1	-1	-1	0
5182	5183	5328	7	-1	-1	-1	0
5277	5138	5279	8	-1	-1	-1	0
5329	5183	5184	7	-1	-1	-1	0
5279	5138	5280	8	-1	-1	-1	0
5186	5185	5330	8	-1	-1	-1	0
5189	5329	5184	7	-1	-1	-1	0
5330	5188	5186	8	-1	-1	-1	0
5187	5188	5329	7	-1	-1	-1	0
5282	5281	5141	1	-1	-1	-1	0
5187	5329	5189	7	-1	-1	-1	0
5283	5142	5281	1	-1	-1	-1	0
5284	5143	5283	1	-1	-1	-1	0
5145	5285	5286	0	-1	-1	-1	0
5287	5146	5286	0	-1	-1	-1	0
5284	5288	5147	1	-1	-1	-1	0
5332	5194	5195	4	-1	-1	-1	0
5289	5285	5148	1	-1	-1	-1	0
5194	5332	5197	4	-1	-1	-1	0
5282	5151	5291	2	-1	-1	-1	0
5238	5247	5239	8	-1	-1	-1	0
5289	5148	5288	1	-1	-1	-1	0
5197	5334	5196	5	-1	-1	-1	0
5291	5151	5290	2	-1	-1	-1	0
5198	5336	5199	1	-1	-1	-1	0
5200	5199	5338	1	-1	-1	-1	0
5202	5337	5198	1	-1	-1	-1	0
5293	5153	5292	5	-1	-1	-1	0
5290	5154	5295	3	-1	-1	-1	0
5338	5203	5200	1	-1	-1	-1	0
5201	5339	5202	0	-1	-1	-1	0
5249	5174	5319	8	-1	-1	-1	0
5154	5294	5295	3	-1	-1	-1	0
5294	5155	5296	3	-1	-1	-1	0
5339	5201	5209	0	-1	-1	-1	0
5207	5203	5341	2	-1	-1	-1	0
5342	5204	5205	3	-1	-1	-1	0
5195	5223	5333	4	-1	-1	-1	0
5298	5296	5158	4	-1	-1	-1	0
5297	5298	5158	4	-1	-1	-1	0
5293	5300	5160	5	-1	-1	-1	0
5205	5206	5343	3	-1	-1	-1	0
5314	5272	5170	8	-1	-1	-1	0
5206	5207	5344	3	-1	-1	-1	0
5159	5300	5299	5	-1	-1	-1	0
5299	5301	5161	5	-1	-1	-1	0
5297	5162	5302	5	-1	-1	-1	0
5334	5232	5196	5	-1	-1	-1	0
5292	5165	5305	6	-1	-1	-1	0
5208	5346	5210	8	-1	-1	-1	0
5346	5208	5211	8	-1	-1	-1	0
5301	5302	5162	5	-1	-1	-1	0
5210	5347	5209	0	-1	-1	-1	0
5342	5224	5204	3	-1	-1	-1	0
5211	5213	5346	8	-1	-1	-1	0
5164	5303	5304	6	-1	0	-1	0
5213	5212	5349	0	-1	-1	-1	0
5165	5304	5305	6	-1	0	-1	0
5317	5172	5287	0	-1	-1	-1	0
5190	5256	5331	8	-1	-1	-1	0
5166	5306	5307	8	-1	-1	-1	0
5212	5218	5350	0	-1	-1	-1	0
5352	5214	5215	8	-1	-1	-1	0
5309	5167	5307	8	-1	-1	-1	0
5306	5168	5311	8	-1	-1	-1	0
5167	5310	5308	8	-1	-1	-1	0
5167	5309	5310	8	-1	-1	-1	0
5215	5217	5354	8	-1	-1	-1	0
5221	5214	5352	8	-1	-1	-1	0
5216	5355	5217	8	-1	-1	-1	0
5171	5308	5315	8	-1	-1	-1	0
5313	5312	5170	8	-1	-1	-1	0
5220	5357	5218	0	-1	-1	-1	0
5314	5170	5312	8	-1	-1	-1	0
5216	5225	5356	8	-1	-1	-1	0
5219	5359	5220	8	-1	-1	-1	0
5358	5219	5221	8	-1	-1	-1	0
5313	5171	5316	8	-1	-1	-1	0
5318	5311	5173	0	-1	-1	-1	0
5171	5315	5316	8	-1	-1	-1	0
5222	5362	5223	4	-1	-1	-1	0
5224	5361	5222	4	-1	-1	-1	0
5318	5173	5317	0	-1	-1	-1	0
5319	5175	5321	8	-1	-1	-1	0
5364	5225	5227	8	-1	-1	-1	0
5175	5320	5322	8	-1	-1	-1	0
5227	5226	5365	8	-1	-1	-1	0
5175	5322	5321	8	-1	-1	-1	0
5176	5323	5320	8	-1	-1	-1	0
5226	5228	5365	8	-1	-1	-1	0
5323	5178	5325	8	-1	-1	-1	0
5325	5178	5324	8	-1	-1	-1	0
5368	5228	5234	8	-1	-1	-1	0
5326	5327	5180	8	-1	-1	-1	0
5369	5233	5232	6	0	-1	-1	0
5328	5326	5182	7	-1	-1	-1	0
5370	5234	5235	8	-1	-1	-1	0
5183	5329	5328	7	-1	-1	-1	0
5327	5330	5185	8	-1	-1	-1	0
5371	5235	5236	8	-1	-1	-1	0
5237	5372	5236	8	-1	-1	-1	0
5329	5188	5328	7	-1	-1	-1	0
5190	5331	5324	8	-1	-1	-1	0
5330	5328	5188	7	-1	-1	-1	0
5237	5239	5373	8	-1	-1	-1	0
5241	5377	5240	8	-1	-1	-1	0
5272	5314	5274	8	-1	-1	-1	0
5195	5333	5332	4	-1	-1	-1	0
5378	5241	5242	8	-1	-1	-1	0
5239	5247	5376	8	-1	-1	-1	0
5197	5332	5335	5	-1	-1	-1	0
5377	5248	5240	8	-1	-1	-1	0
5242	5244	5379	8	-1	-1	-1	0
5334	5197	5335	5	-1	-1	-1	0
5244	5243	5380	8	-1	-1	-1	0
5381	5243	5245	8	-1	-1	-1	0
5336	5198	5337	1	-1	-1	-1	0
5199	5336	5338	1	-1	-1	-1	0
5383	5245	5246	8	-1	-1	-1	0
5249	5383	5246	8	-1	-1	-1	0
5202	5340	5337	1	-1	-1	-1	0
5384	5247	5248	8	-1	-1	-1	0
5340	5202	5339	1	-1	-1	-1	0
5341	5203	5338	2	-1	-1	-1	0
5250	5388	5251	8	-1	-1	-1	0
5343	5342	5205	3	-1	-1	-1	0
5252	5251	5389	8	-1	-1	-1	0
5341	5345	5207	3	-1	-1	-1	0
5206	5344	5343	3	-1	-1	-1	0
5347	5339	5209	0	-1	-1	-1	0
5250	5258	5388	8	-1	-1	-1	0
5344	5207	5345	3	-1	-1	-1	0
5254	5252	5390	8	-1	-1	-1	0
5254	5391	5253	8	-1	-1	-1	0
5253	5391	5257	8	-1	-1	-1	0
5346	5348	5210	0	-1	-1	-1	0
5255	5393	5256	8	-1	-1	-1	0
5348	5347	5210	0	-1	-1	-1	0
5394	5255	5257	8	-1	-1	-1	0
5351	5346	5213	0	-1	-1	-1	0
5349	5212	5350	0	-1	-1	-1	0
5351	5213	5349	0	-1	-1	-1	0
5258	5259	5397	8	-1	-1	-1	0
5399	5259	5260	8	-1	-1	-1	0
5362	5333	5223	4	-1	-1	-1	0
5353	5352	5215	8	-1	-1	-1	0
5353	5215	5354	8	-1	-1	-1	0
5400	5260	5263	8	-1	-1	-1	0
5401	5261	5262	8	-1	-1	-1	0
5218	5357	5350	0	-1	-1	-1	0
5355	5354	5217	8	-1	-1	-1	0
5402	5263	5261	8	-1	-1	-1	0
5356	5355	5216	8	-1	-1	-1	0
5363	5224	5342	4	-1	-1	-1	0
5358	5221	5352	8	-1	-1	-1	0
5310	5315	5308	8	-1	-1	-1	0
5265	5264	5405	8	-1	-1	-1	0
5262	5269	5403	8	-1	-1	-1	0
5334	5369	5232	6	-1	-1	-1	0
5219	5358	5359	8	-1	-1	-1	0
5360	5357	5220	0	-1	-1	-1	0
5359	5360	5220	0	-1	-1	-1	0
5406	5268	5265	8	-1	-1	-1	0
5266	5267	5407	8	-1	-1	-1	0
5408	5269	5266	8	-1	-1	-1	0
5267	5268	5409	8	-1	-1	-1	0
5222	5361	5362	4	-1	-1	-1	0
5356	5225	5364	8	-1	-1	-1	0
5276	5405	5264	8	-1	-1	-1	0
5363	5361	5224	4	-1	-1	-1	0
5410	5270	5275	8	-1	-1	-1	0
5273	5411	5271	8	-1	-1	-1	0
5387	5249	5319	8	-1	-1	-1	0
5366	5364	5227	8	-1	-1	-1	0
5271	5412	5275	8	-1	-1	-1	0
5227	5365	5367	8	-1	-1	-1	0
5270	5410	5280	8	-1	-1	-1	0
5367	5366	5227	8	-1	-1	-1	0
5273	5274	5413	8	-1	-1	-1	0
5228	5368	5365	8	-1	-1	-1	0
5368	5234	5370	8	-1	-1	-1	0
5278	5418	5276	8	-1	-1	-1	0
5277	5419	5278	8	-1	-1	-1	0
5419	5277	5279	8	-1	-1	-1	0
5370	5235	5371	8	-1	-1	-1	0
5236	5372	5371	8	-1	-1	-1	0
5393	5331	5256	8	-1	-1	-1	0
5280	5421	5279	8	-1	-1	-1	0
5373	5372	5237	8	-1	-1	-1	0
5326	5330	5327	7	-1	-1	-1	0
5328	5330	5326	7	-1	-1	-1	0
5282	5422	5281	2	-1	-1	-1	0
5239	5374	5373	8	-1	-1	-1	0
5423	5283	5281	2	-1	-1	-1	0
5375	5374	5239	8	-1	-1	-1	0
5375	5239	5376	8	-1	-1	-1	0
5284	5283	5424	2	-1	-1	-1	0
5422	5282	5291	2	-1	-1	-1	0
5377	5241	5378	8	-1	-1	-1	0
5286	5285	5426	1	-1	-1	-1	0
5288	5284	5425	2	-1	-1	-1	0
5242	5379	5378	8	-1	-1	-1	0
5289	5426	5285	1	-1	-1	-1	0
5286	5427	5287	1	-1	-1	-1	0
5314	5414	5274	8	-1	-1	-1	0
5380	5243	5381	8	-1	-1	-1	0
5244	5382	5379	8	-1	-1	-1	0
5382	5244	5380	8	-1	-1	-1	0
5429	5289	5288	2	-1	-1	-1	0
5376	5247	5384	8	-1	-1	-1	0
5245	5383	5381	8	-1	-1	-1	0
5377	5385	5248	8	-1	-1	-1	0
5431	5291	5290	3	-1	-1	-1	0
5290	5295	5431	3	-1	-1	-1	0
5293	5292	5433	6	-1	-1	-1	0
5384	5248	5386	8	-1	-1	-1	0
5249	5387	5383	8	-1	-1	-1	0
5386	5248	5385	8	-1	-1	-1	0
5294	5436	5295	4	-1	-1	-1	0
5294	5296	5435	4	-1	-1	-1	0
5300	5293	5434	6	-1	-1	-1	0
5389	5251	5388	8	-1	-1	-1	0
5298	5435	5296	4	-1	-1	-1	0
5305	5433	5292	6	0	-1	-1	0
5390	5252	5389	8	-1	-1	-1	0
5287	5428	5317	1	-1	-1	-1	0
5438	5298	5297	5	-1	-1	-1	0
5390	5392	5254	8	-1	-1	-1	0
5391	5254	5392	8	-1	-1	-1	0
5302	5438	5297	5	-1	-1	-1	0
5299	5300	5441	6	-1	-1	-1	0
5301	5299	5440	6	-1	-1	-1	0
5393	5255	5394	8	-1	-1	-1	0
5257	5391	5395	8	-1	-1	-1	0
5398	5388	5258	8	-1	-1	-1	0
5301	5442	5302	6	-1	-1	-1	0
5348	5346	5351	0	-1	-1	-1	0
5396	5394	5257	8	-1	-1	-1	0
5395	5396	5257	8	-1	-1	-1	0
5258	5397	5398	8	-1	-1	-1	0
5259	5399	5397	8	-1	-1	-1	0
5444	5307	5306	8	-1	-1	-1	0
5400	5399	5260	8	-1	-1	-1	0
5307	5444	5309	8	-1	-1	-1	0
5444	5306	5311	8	-1	-1	-1	0
5402	5261	5401	8	-1	-1	-1	0
5310	5309	5446	0	-1	-1	-1	0
5403	5401	5262	8	-1	-1	-1	0
5263	5404	5400	8	-1	-1	-1	0
5402	5404	5263	8	-1	-1	-1	0
5447	5315	5310	0	-1	-1	-1	0
5313	5449	5312	8	-1	-1	-1	0
5450	5314	5312	8	-1	-1	-1	0
5406	5265	5405	8	-1	-1	-1	0
5318	5448	5311	0	-1	-1	-1	0
5313	5316	5449	8	-1	-1	-1	0
5403	5269	5408	8	-1	-1	-1	0
5266	5407	5408	8	-1	-1	-1	0
5407	5267	5409	8	-1	-1	-1	0
5316	5315	5452	0	-1	-1	-1	0
5406	5409	5268	8	-1	-1	-1	0
5318	5317	5454	1	-1	-1	-1	0
5411	5412	5271	8	-1	-1	-1	0
5456	5319	5321	8	-1	-1	-1	0
5411	5273	5413	8	-1	-1	-1	0
5405	5276	5417	8	-1	-1	-1	0
5320	5457	5322	8	-1	-1	-1	0
5320	5323	5457	8	-1	-1	-1	0
5321	5322	5458	8	-1	-1	-1	0
5274	5414	5413	8	-1	-1	-1	0
5416	5410	5275	8	-1	-1	-1	0
5275	5412	5415	8	-1	-1	-1	0
5275	5415	5416	8	-1	-1	-1	0
5323	5325	5460	8	-1	-1	-1	0
5461	5325	5324	8	-1	-1	-1	0
5418	5417	5276	8	-1	-1	-1	0
5280	5410	5421	8	-1	-1	-1	0
5461	5324	5331	8	-1	-1	-1	0
5420	5418	5278	8	-1	-1	-1	0
5278	5419	5420	8	-1	-1	-1	0
5421	5419	5279	8	-1	-1	-1	0
5422	5423	5281	2	-1	-1	-1	0
5332	5333	5464	5	-1	-1	-1	0
5423	5424	5283	2	-1	-1	-1	0
5335	5332	5464	5	-1	-1	-1	0
5424	5425	5284	2	-1	-1	-1	0
5335	5466	5334	6	-1	-1	-1	0
5426	5427	5286	1	-1	-1	-1	0
5336	5337	5468	2	-1	-1	-1	0
5427	5428	5287	1	-1	-1	-1	0
5429	5288	5425	2	-1	-1	-1	0
5336	5469	5338	2	-1	-1	-1	0
5430	5426	5289	2	-1	-1	-1	0
5422	5291	5432	3	-1	-1	-1	0
5340	5470	5337	2	-1	-1	-1	0
5430	5289	5429	2	-1	-1	-1	0
5341	5338	5469	2	-1	-1	-1	0
5339	5471	5340	1	-1	-1	-1	0
5432	5291	5431	3	-1	-1	-1	0
5347	5471	5339	1	-1	-1	-1	0
5345	5341	5473	3	-1	-1	-1	0
5342	5343	5474	4	-1	-1	-1	0
5465	5333	5362	5	-1	-1	-1	0
5434	5293	5433	6	-1	-1	0	0
5343	5344	5475	4	-1	-1	-1	0
5319	5456	5387	8	-1	-1	-1	0
5294	5435	5436	4	-1	-1	-1	0
5431	5295	5437	4	-1	-1	-1	0
5344	5345	5476	4	-1	-1	-1	0
5437	5295	5436	4	-1	-1	-1	0
5334	5466	5369	6	-1	0	-1	0
5435	5298	5439	5	-1	-1	-1	0
5348	5478	5347	1	-1	-1	-1	0
5388	5398	5389	8	-1	-1	-1	0
5438	5439	5298	5	-1	-1	-1	0
5300	5434	5441	6	-1	0	-1	0
5479	5348	5351	1	-1	-1	-1	0
5314	5451	5414	8	-1	-1	-1	0
5350	5480	5349	1	-1	-1	-1	0
5474	5363	5342	4	-1	-1	-1	0
5299	5441	5440	6	-1	0	-1	0
5349	5481	5351	1	-1	-1	-1	0
5438	5302	5443	6	-1	-1	-1	0
5440	5442	5301	6	0	-1	-1	0
5302	5442	5443	6	-1	0	-1	0
5463	5331	5393	8	-1	-1	-1	0
5353	5483	5352	8	-1	-1	-1	0
5350	5357	5482	1	-1	-1	-1	0
5354	5486	5353	8	-1	-1	-1	0
5358	5352	5484	8	-1	-1	-1	0
5355	5487	5354	8	-1	-1	-1	0
5445	5309	5444	0	-1	-1	-1	0
5317	5428	5454	1	-1	-1	-1	0
5355	5356	5488	8	-1	-1	-1	0
5445	5446	5309	0	-1	-1	-1	0
5484	5359	5358	8	-1	-1	-1	0
5444	5311	5448	0	-1	-1	-1	0
5446	5447	5310	0	-1	-1	-1	0
5357	5360	5490	1	-1	-1	-1	0
5356	5364	5489	8	-1	-1	-1	0
5360	5359	5491	0	-1	-1	-1	0
5312	5449	5450	8	-1	-1	-1	0
5452	5315	5447	0	-1	-1	-1	0
5314	5450	5451	8	-1	-1	-1	0
5493	5362	5361	5	-1	-1	-1	0
5449	5316	5453	0	-1	-1	-1	0
5361	5363	5494	5	-1	-1	-1	0
5452	5453	5316	0	-1	-1	-1	0
5448	5318	5455	1	-1	-1	-1	0
5364	5366	5496	8	-1	-1	-1	0
5454	5455	5318	1	-1	-1	-1	0
5406	5405	5417	8	-1	-1	-1	0
5497	5367	5365	8	-1	-1	-1	0
5368	5497	5365	8	-1	-1	-1	0
5499	5366	5367	8	-1	-1	-1	0
5456	5321	5458	8	-1	-1	-1	0
5457	5459	5322	8	-1	-1	-1	0
5322	5459	5458	8	-1	-1	-1	0
5457	5323	5460	8	-1	-1	-1	0
5370	5504	5368	8	-1	-1	-1	0
5325	5462	5460	8	-1	-1	-1	0
5416	5421	5410	8	-1	-1	-1	0
5371	5506	5370	8	-1	-1	-1	0
5461	5462	5325	8	-1	-1	-1	0
5371	5372	5506	8	-1	-1	-1	0
5463	5393	5394	8	-1	-1	-1	0
5507	5372	5373	8	-1	-1	-1	0
5463	5394	5396	8	-1	-1	-1	0
5507	5373	5374	8	-1	-1	-1	0
5461	5331	5463	8	-1	-1	-1	0
5374	5375	5509	8	-1	-1	-1	0
5376	5511	5375	8	-1	-1	-1	0
5464	5333	5465	5	-1	-1	-1	0
5464	5467	5335	6	-1	-1	-1	0
5466	5335	5467	6	-1	-1	0	0
5378	5513	5377	8	-1	-1	-1	0
5384	5512	5376	8	-1	-1	-1	0
5515	5378	5379	8	-1	-1	-1	0
5336	5468	5469	2	-1	-1	-1	0
5337	5470	5468	2	-1	-1	-1	0
5377	5514	5385	8	-1	-1	-1	0
5516	5379	5382	8	-1	-1	-1	0
5380	5381	5518	8	-1	-1	-1	0
5382	5380	5517	8	-1	-1	-1	0
5472	5470	5340	2	-1	-1	-1	0
5512	5384	5386	8	-1	-1	-1	0
5519	5381	5383	8	-1	-1	-1	0
5471	5472	5340	2	-1	-1	-1	0
5469	5473	5341	3	-1	-1	-1	0
5519	5383	5387	8	-1	-1	-1	0
5521	5386	5385	8	-1	-1	-1	0
5343	5475	5474	4	-1	-1	-1	0
5345	5473	5477	4	-1	-1	-1	0
5476	5475	5344	4	-1	-1	-1	0
5478	5471	5347	1	-1	-1	-1	0
5476	5345	5477	4	-1	-1	-1	0
5390	5389	5525	8	-1	-1	-1	0
5478	5348	5479	1	-1	-1	-1	0
5390	5526	5392	8	-1	-1	-1	0
5349	5480	5481	1	-1	-1	-1	0
5527	5391	5392	8	-1	-1	-1	0
5389	5398	5524	8	-1	-1	-1	0
5479	5351	5481	1	-1	-1	-1	0
5350	5482	5480	1	-1	-1	-1	0
5527	5395	5391	8	-1	-1	-1	0
5352	5483	5484	8	-1	-1	-1	0
5529	5396	5395	8	-1	-1	-1	0
5362	5493	5465	5	-1	-1	-1	0
5485	5483	5353	8	-1	-1	-1	0
5486	5485	5353	8	-1	-1	-1	0
5486	5354	5487	8	-1	-1	-1	0
5398	5397	5533	8	-1	-1	-1	0
5397	5399	5532	8	-1	-1	-1	0
5482	5357	5490	1	-1	-1	-1	0
5487	5355	5488	8	-1	-1	-1	0
5399	5400	5532	8	-1	-1	-1	0
5474	5495	5363	5	-1	-1	-1	0
5489	5488	5356	8	-1	-1	-1	0
5484	5491	5359	0	-1	-1	-1	0
5444	5448	5445	0	-1	-1	-1	0
5535	5402	5401	8	-1	-1	-1	0
5404	5534	5400	8	-1	-1	-1	0
5535	5401	5403	8	-1	-1	-1	0
5492	5490	5360	1	-1	-1	-1	0
5404	5402	5536	8	-1	-1	-1	0
5492	5360	5491	1	-1	-1	-1	0
5493	5361	5494	5	-1	-1	-1	0
5364	5496	5489	8	-1	-1	-1	0
5408	5538	5403	8	-1	-1	-1	0
5363	5495	5494	5	-1	-1	-1	0
5406	5541	5409	8	-1	-1	-1	0
5542	5407	5409	8	-1	-1	-1	0
5408	5407	5543	8	-1	-1	-1	0
5456	5519	5387	8	-1	-1	-1	0
5496	5366	5500	8	-1	-1	-1	0
5498	5366	5499	8	-1	-1	-1	0
5417	5541	5406	8	-1	-1	-1	0
5498	5500	5366	8	-1	-1	-1	0
5503	5367	5497	8	-1	-1	-1	0
5502	5499	5367	8	-1	-1	-1	0
5497	5368	5504	8	-1	-1	-1	0
5501	5502	5367	8	-1	-1	-1	0
5411	5547	5412	8	-1	-1	-1	0
5411	5413	5546	8	-1	-1	-1	0
5367	5503	5501	8	-1	-1	-1	0
5412	5548	5415	8	-1	-1	-1	0
5551	5413	5414	8	-1	-1	-1	0
5504	5370	5505	8	-1	-1	-1	0
5506	5505	5370	8	-1	-1	-1	0
5415	5552	5416	8	-1	-1	-1	0
5507	5506	5372	8	-1	-1	-1	0
5374	5508	5507	8	-1	-1	-1	0
5531	5463	5396	8	-1	-1	-1	0
5416	5553	5421	8	-1	-1	-1	0
5418	5555	5417	8	-1	-1	-1	0
5509	5508	5374	8	-1	-1	-1	0
5509	5375	5510	8	-1	-1	-1	0
5418	5420	5557	8	-1	-1	-1	0
5375	5511	5510	8	-1	-1	-1	0
5558	5420	5419	8	-1	-1	-1	0
5376	5512	5511	8	-1	-1	-1	0
5419	5421	5559	8	-1	-1	-1	0
5514	5377	5513	8	-1	-1	-1	0
5515	5513	5378	8	-1	-1	-1	0
5561	5423	5422	3	-1	-1	-1	0
5562	5424	5423	3	-1	-1	-1	0
5516	5515	5379	8	-1	-1	-1	0
5425	5424	5563	3	-1	-1	-1	0
5422	5432	5561	3	-1	-1	-1	0
5518	5517	5380	8	-1	-1	-1	0
5382	5517	5516	8	-1	-1	-1	0
5551	5414	5451	8	-1	-1	-1	0
5429	5425	5564	3	-1	-1	-1	0
5426	5565	5427	2	-1	-1	-1	0
5381	5520	5518	8	-1	-1	-1	0
5522	5512	5386	8	-1	-1	-1	0
5521	5385	5514	8	-1	-1	-1	0
5520	5381	5519	8	-1	-1	-1	0
5430	5565	5426	2	-1	-1	-1	0
5566	5428	5427	2	-1	-1	-1	0
5568	5430	5429	3	-1	-1	-1	0
5523	5386	5521	8	-1	-1	-1	0
5386	5523	5522	8	-1	-1	-1	0
5431	5570	5432	4	-1	-1	-1	0
5431	5437	5570	4	-1	-1	-1	0
5525	5389	5524	8	-1	-1	-1	0
5526	5390	5525	8	-1	-1	-1	0
5435	5572	5436	5	-1	-1	-1	0
5435	5439	5572	5	-1	-1	-1	0
5526	5528	5392	8	-1	-1	-1	0
5436	5573	5437	5	-1	-1	-1	0
5527	5392	5528	8	-1	-1	-1	0
5567	5454	5428	2	-1	-1	-1	0
5395	5527	5529	8	-1	-1	-1	0
5575	5439	5438	6	-1	-1	-1	0
5524	5398	5533	8	-1	-1	-1	0
5396	5529	5530	8	-1	-1	-1	0
5438	5443	5575	6	-1	0	-1	0
5396	5530	5531	8	-1	-1	-1	0
5533	5397	5532	8	-1	-1	-1	0
5532	5400	5534	8	-1	-1	-1	0
5445	5579	5446	1	-1	-1	-1	0
5445	5448	5578	1	-1	-1	-1	0
5580	5447	5446	1	-1	-1	-1	0
5402	5535	5537	8	-1	-1	-1	0
5402	5537	5536	8	-1	-1	-1	0
5403	5538	5535	8	-1	-1	-1	0
5404	5539	5534	8	-1	-1	-1	0
5540	5404	5536	8	-1	-1	-1	0
5447	5581	5452	1	-1	-1	-1	0
5448	5455	5578	1	-1	-1	-1	0
5582	5450	5449	0	-1	-1	-1	0
5540	5539	5404	8	-1	-1	-1	0
5582	5449	5453	0	-1	-1	-1	0
5450	5583	5451	0	-1	-1	-1	0
5585	5453	5452	1	-1	-1	-1	0
5538	5408	5544	8	-1	-1	-1	0
5542	5543	5407	8	-1	-1	-1	0
5409	5541	5545	8	-1	-1	-1	0
5544	5408	5543	8	-1	-1	-1	0
5545	5542	5409	8	-1	-1	-1	0
5587	5455	5454	2	-1	-1	-1	0
5456	5458	5589	8	-1	-1	-1	0
5547	5411	5546	8	-1	-1	-1	0
5457	5460	5590	8	-1	-1	-1	0
5459	5457	5591	8	-1	-1	-1	0
5412	5547	5549	8	-1	-1	-1	0
5413	5550	5546	8	-1	-1	-1	0
5549	5548	5412	8	-1	-1	-1	0
5458	5459	5592	8	-1	-1	-1	0
5555	5541	5417	8	-1	-1	-1	0
5551	5550	5413	8	-1	-1	-1	0
5552	5415	5548	8	-1	-1	-1	0
5460	5462	5594	8	-1	-1	-1	0
5462	5461	5595	8	-1	-1	-1	0
5595	5461	5463	8	-1	-1	-1	0
5554	5416	5552	8	-1	-1	-1	0
5554	5553	5416	8	-1	-1	-1	0
5465	5596	5464	6	-1	-1	-1	0
5467	5464	5596	6	-1	-1	0	0
5556	5555	5418	8	-1	-1	-1	0
5418	5557	5556	8	-1	-1	-1	0
5559	5421	5553	8	-1	-1	-1	0
5559	5558	5419	8	-1	-1	-1	0
5469	5468	5599	3	-1	-1	-1	0
5468	5470	5598	3	-1	-1	-1	0
5557	5420	5560	8	-1	-1	-1	0
5420	5558	5560	8	-1	-1	-1	0
5599	5473	5469	3	-1	-1	-1	0
5600	5470	5472	3	-1	-1	-1	0
5472	5471	5601	2	-1	-1	-1	0
5512	5522	5511	8	-1	-1	-1	0
5423	5561	5562	3	-1	-1	-1	0
5424	5562	5563	3	-1	-1	-1	0
5478	5601	5471	2	-1	-1	-1	0
5563	5564	5425	3	-1	-1	-1	0
5473	5603	5477	4	-1	-1	-1	0
5474	5475	5604	5	-1	-1	-1	0
5465	5493	5597	6	-1	-1	-1	0
5476	5605	5475	5	-1	-1	-1	0
5565	5566	5427	2	-1	-1	-1	0
5606	5476	5477	5	-1	-1	-1	0
5568	5429	5564	3	-1	-1	-1	0
5567	5428	5566	2	-1	-1	-1	0
5456	5589	5519	8	-1	-1	-1	0
5569	5565	5430	3	-1	-1	-1	0
5432	5571	5561	4	-1	-1	-1	0
5479	5608	5478	2	-1	-1	-1	0
5568	5569	5430	3	-1	-1	-1	0
5481	5609	5479	2	-1	-1	-1	0
5610	5481	5480	2	-1	-1	-1	0
5474	5604	5495	5	-1	-1	-1	0
5571	5432	5570	4	-1	-1	-1	0
5611	5480	5482	2	-1	-1	-1	0
5484	5483	5613	0	-1	-1	-1	0
5573	5436	5572	5	-1	-1	-1	0
5570	5437	5574	5	-1	-1	-1	0
5485	5614	5483	0	-1	-1	-1	0
5612	5482	5490	2	-1	-1	-1	0
5574	5437	5573	5	-1	-1	-1	0
5451	5584	5551	0	-1	-1	-1	0
5616	5485	5486	8	-1	-1	-1	0
5484	5613	5491	0	-1	-1	-1	0
5577	5572	5439	6	-1	-1	-1	0
5595	5463	5531	8	-1	-1	-1	0
5575	5576	5439	6	0	-1	-1	0
5487	5617	5486	8	-1	-1	-1	0
5576	5577	5439	6	0	-1	-1	0
5487	5488	5618	8	-1	-1	-1	0
5618	5488	5489	8	-1	-1	-1	0
5533	5532	5534	8	-1	-1	-1	0
5492	5620	5490	2	-1	-1	-1	0
5578	5579	5445	1	-1	-1	-1	0
5621	5492	5491	1	-1	-1	-1	0
5489	5496	5619	8	-1	-1	-1	0
5580	5446	5579	1	-1	-1	-1	0
5454	5567	5587	2	-1	-1	-1	0
5580	5581	5447	1	-1	-1	-1	0
5493	5494	5623	6	-1	-1	-1	0
5495	5624	5494	6	-1	-1	-1	0
5450	5582	5583	0	-1	-1	-1	0
5452	5581	5585	1	-1	-1	-1	0
5451	5583	5584	0	-1	-1	-1	0
5588	5578	5455	2	-1	-1	-1	0
5586	5582	5453	1	-1	-1	-1	0
5626	5496	5500	8	-1	-1	-1	0
5453	5585	5586	1	-1	-1	-1	0
5628	5498	5499	8	-1	-1	-1	0
5497	5627	5503	8	-1	-1	-1	0
5498	5629	5500	8	-1	-1	-1	0
5520	5519	5589	8	-1	-1	-1	0
5627	5497	5504	8	-1	-1	-1	0
5502	5628	5499	8	-1	-1	-1	0
5588	5455	5587	2	-1	-1	-1	0
5501	5632	5502	8	-1	-1	-1	0
5503	5631	5501	8	-1	-1	-1	0
5505	5627	5504	8	-1	-1	-1	0
5457	5590	5591	8	-1	-1	-1	0
5593	5589	5458	8	-1	-1	-1	0
5591	5592	5459	8	-1	-1	-1	0
5458	5592	5593	8	-1	-1	-1	0
5594	5590	5460	8	-1	-1	-1	0
5636	5505	5506	8	-1	-1	-1	0
5636	5506	5507	8	-1	-1	-1	0
5594	5462	5595	8	-1	-1	-1	0
5636	5507	5508	8	-1	-1	-1	0
5637	5508	5509	8	-1	-1	-1	0
5510	5638	5509	8	-1	-1	-1	0
5597	5596	5465	6	0	-1	-1	0
5640	5510	5511	8	-1	-1	-1	0
5599	5468	5598	3	-1	-1	-1	0
5470	5600	5598	3	-1	-1	-1	0
5514	5513	5642	8	-1	-1	-1	0
5513	5515	5641	8	-1	-1	-1	0
5640	5511	5522	8	-1	-1	-1	0
5472	5602	5600	3	-1	-1	-1	0
5602	5472	5601	3	-1	-1	-1	0
5473	5599	5603	4	-1	-1	-1	0
5645	5515	5516	8	-1	-1	-1	0
5516	5517	5646	8	-1	-1	-1	0
5514	5644	5521	8	-1	-1	-1	0
5518	5647	5517	8	-1	-1	-1	0
5475	5605	5604	5	-1	-1	-1	0
5523	5640	5522	8	-1	-1	-1	0
5518	5520	5648	8	-1	-1	-1	0
5601	5478	5608	2	-1	-1	-1	0
5603	5607	5477	5	-1	-1	-1	0
5606	5605	5476	5	-1	-1	-1	0
5606	5477	5607	5	-1	-1	-1	0
5523	5521	5650	8	-1	-1	-1	0
5479	5609	5608	2	-1	-1	-1	0
5609	5481	5610	2	-1	-1	-1	0
5610	5480	5611	2	-1	-1	-1	0
5589	5593	5520	8	-1	-1	-1	0
5525	5524	5654	8	-1	-1	-1	0
5612	5611	5482	2	-1	-1	-1	0
5525	5656	5526	8	-1	-1	-1	0
5524	5533	5653	8	-1	-1	-1	0
5613	5483	5614	0	-1	-1	-1	0
5526	5657	5528	8	-1	-1	-1	0
5528	5658	5527	8	-1	-1	-1	0
5493	5623	5597	6	-1	0	-1	0
5527	5658	5529	8	-1	-1	-1	0
5614	5485	5615	0	-1	-1	-1	0
5616	5615	5485	0	-1	-1	-1	0
5530	5529	5660	8	-1	-1	-1	0
5617	5616	5486	8	-1	-1	-1	0
5572	5577	5573	6	-1	-1	-1	0
5620	5612	5490	2	-1	-1	-1	0
5661	5531	5530	8	-1	-1	-1	0
5487	5618	5617	8	-1	-1	-1	0
5495	5604	5625	6	-1	-1	-1	0
5613	5621	5491	1	-1	-1	-1	0
5619	5618	5489	8	-1	-1	-1	0
5663	5533	5534	8	-1	-1	-1	0
5492	5622	5620	2	-1	-1	-1	0
5621	5622	5492	2	-1	-1	-1	0
5539	5663	5534	8	-1	-1	-1	0
5664	5537	5535	8	-1	-1	-1	0
5538	5664	5535	8	-1	-1	-1	0
5665	5536	5537	8	-1	-1	-1	0
5496	5626	5619	8	-1	-1	-1	0
5536	5665	5540	8	-1	-1	-1	0
5624	5623	5494	6	0	-1	-1	0
5625	5624	5495	6	0	-1	-1	0
5588	5579	5578	2	-1	-1	-1	0
5668	5539	5540	8	-1	-1	-1	0
5538	5544	5667	8	-1	-1	-1	0
5498	5628	5629	8	-1	-1	-1	0
5500	5630	5626	8	-1	-1	-1	0
5545	5541	5670	8	-1	-1	-1	0
5671	5543	5542	8	-1	-1	-1	0
5671	5542	5545	8	-1	-1	-1	0
5543	5672	5544	8	-1	-1	-1	0
5629	5630	5500	8	-1	-1	-1	0
5593	5649	5520	8	-1	-1	-1	0
5502	5633	5628	8	-1	-1	-1	0
5632	5501	5631	8	-1	-1	-1	0
5634	5503	5627	8	-1	-1	-1	0
5670	5541	5555	8	-1	-1	-1	0
5505	5635	5627	8	-1	-1	-1	0
5632	5633	5502	8	-1	-1	-1	0
5503	5634	5631	8	-1	-1	-1	0
5546	5676	5547	8	-1	-1	-1	0
5546	5550	5677	8	-1	-1	-1	0
5678	5549	5547	8	-1	-1	-1	0
5548	5549	5679	8	-1	-1	-1	0
5635	5505	5636	8	-1	-1	-1	0
5552	5548	5680	8	-1	-1	-1	0
5637	5636	5508	8	-1	-1	-1	0
5550	5551	5683	0	-1	-1	-1	0
5639	5637	5509	8	-1	-1	-1	0
5639	5509	5638	8	-1	-1	-1	0
5680	5554	5552	8	-1	-1	-1	0
5531	5662	5595	8	-1	-1	-1	0
5640	5638	5510	8	-1	-1	-1	0
5554	5685	5553	8	-1	-1	-1	0
5641	5642	5513	8	-1	-1	-1	0
5553	5685	5559	8	-1	-1	-1	0
5556	5688	5555	8	-1	-1	-1	0
5642	5643	5514	8	-1	-1	-1	0
5514	5643	5644	8	-1	-1	-1	0
5515	5645	5641	8	-1	-1	-1	0
5689	5556	5557	8	-1	-1	-1	0
5645	5516	5646	8	-1	-1	-1	0
5690	5557	5560	8	-1	-1	-1	0
5692	5558	5559	8	-1	-1	-1	0
5646	5517	5647	8	-1	-1	-1	0
5693	5560	5558	8	-1	-1	-1	0
5518	5648	5647	8	-1	-1	-1	0
5651	5640	5523	8	-1	-1	-1	0
5521	5644	5650	8	-1	-1	-1	0
5648	5520	5649	8	-1	-1	-1	0
5683	5551	5584	0	-1	-1	-1	0
5561	5696	5562	4	-1	-1	-1	0
5563	5562	5697	4	-1	-1	-1	0
5652	5523	5650	8	-1	-1	-1	0
5564	5563	5698	4	-1	-1	-1	0
5651	5523	5652	8	-1	-1	-1	0
5696	5561	5571	4	-1	-1	-1	0
5568	5564	5699	4	-1	-1	-1	0
5565	5700	5566	3	-1	-1	-1	0
5653	5654	5524	8	-1	-1	-1	0
5525	5654	5655	8	-1	-1	-1	0
5567	5566	5701	3	-1	-1	-1	0
5565	5569	5700	3	-1	-1	-1	0
5655	5656	5525	8	-1	-1	-1	0
5526	5656	5657	8	-1	-1	-1	0
5703	5569	5568	4	-1	-1	-1	0
5528	5657	5659	8	-1	-1	-1	0
5528	5659	5658	8	-1	-1	-1	0
5570	5705	5571	5	-1	-1	-1	0
5529	5658	5660	8	-1	-1	-1	0
5574	5705	5570	5	-1	-1	-1	0
5533	5663	5653	8	-1	-1	-1	0
5595	5662	5594	8	-1	-1	-1	0
5660	5661	5530	8	-1	-1	-1	0
5531	5661	5662	8	-1	-1	-1	0
5573	5708	5574	6	-1	-1	-1	0
5587	5567	5702	3	-1	-1	-1	0
5577	5707	5573	6	0	-1	-1	0
5664	5666	5537	8	-1	-1	-1	0
5537	5666	5665	8	-1	-1	-1	0
5580	5579	5710	2	-1	-1	-1	0
5663	5539	5668	8	-1	-1	-1	0
5664	5538	5667	8	-1	-1	-1	0
5711	5581	5580	2	-1	-1	-1	0
5669	5540	5665	8	-1	-1	-1	0
5710	5579	5588	2	-1	-1	-1	0
5668	5540	5669	8	-1	-1	-1	0
5712	5585	5581	2	-1	-1	-1	0
5713	5583	5582	1	-1	-1	-1	0
5713	5582	5586	1	-1	-1	-1	0
5714	5584	5583	1	-1	-1	-1	0
5667	5544	5673	8	-1	-1	-1	0
5671	5672	5543	8	-1	-1	-1	0
5586	5585	5716	2	-1	-1	-1	0
5672	5673	5544	8	-1	-1	-1	0
5545	5670	5674	8	-1	-1	-1	0
5675	5671	5545	8	-1	-1	-1	0
5674	5675	5545	8	-1	-1	-1	0
5719	5588	5587	3	-1	-1	-1	0
5676	5546	5677	8	-1	-1	-1	0
5547	5676	5678	8	-1	-1	-1	0
5591	5590	5721	8	-1	-1	-1	0
5721	5590	5594	8	-1	-1	-1	0
5591	5722	5592	8	-1	-1	-1	0
5548	5679	5680	8	-1	-1	-1	0
5723	5593	5592	8	-1	-1	-1	0
5682	5549	5678	8	-1	-1	-1	0
5679	5549	5681	8	-1	-1	-1	0
5550	5684	5677	0	-1	-1	-1	0
5549	5682	5681	8	-1	-1	-1	0
5555	5687	5670	8	-1	-1	-1	0
5684	5550	5683	0	-1	-1	-1	0
5686	5554	5680	8	-1	-1	-1	0
5554	5686	5685	8	-1	-1	-1	0
5598	5600	5728	4	-1	-1	-1	0
5599	5598	5729	4	-1	-1	-1	0
5638	5640	5651	8	-1	-1	-1	0
5688	5687	5555	8	-1	-1	-1	0
5603	5599	5729	4	-1	-1	-1	0
5730	5600	5602	4	-1	-1	-1	0
5689	5688	5556	8	-1	-1	-1	0
5602	5601	5731	3	-1	-1	-1	0
5557	5691	5689	8	-1	-1	-1	0
5694	5559	5685	8	-1	-1	-1	0
5557	5690	5691	8	-1	-1	-1	0
5608	5731	5601	3	-1	-1	-1	0
5558	5692	5693	8	-1	-1	-1	0
5603	5733	5607	5	-1	-1	-1	0
5605	5734	5604	6	-1	-1	-1	0
5559	5694	5692	8	-1	-1	-1	0
5690	5560	5695	8	-1	-1	-1	0
5735	5605	5606	6	-1	-1	-1	0
5693	5695	5560	8	-1	-1	-1	0
5607	5736	5606	6	-1	-1	-1	0
5696	5697	5562	4	-1	-1	-1	0
5738	5608	5609	3	-1	-1	-1	0
5697	5698	5563	4	-1	-1	-1	0
5739	5609	5610	3	-1	-1	-1	0
5699	5564	5698	4	-1	-1	-1	0
5740	5610	5611	3	-1	-1	-1	0
5734	5625	5604	6	0	-1	-1	0
5612	5741	5611	3	-1	-1	-1	0
5700	5701	5566	3	-1	-1	-1	0
5649	5593	5725	8	-1	-1	-1	0
5701	5702	5567	3	-1	-1	-1	0
5568	5699	5703	4	-1	-1	-1	0
5614	5743	5613	1	-1	-1	-1	0
5696	5571	5706	5	-1	-1	-1	0
5704	5700	5569	4	-1	-1	-1	0
5744	5614	5615	1	-1	-1	-1	0
5620	5742	5612	3	-1	-1	-1	0
5704	5569	5703	4	-1	-1	-1	0
5613	5743	5621	1	-1	-1	-1	0
5746	5615	5616	0	-1	-1	-1	0
5616	5617	5747	8	-1	-1	-1	0
5571	5705	5706	5	-1	-1	-1	0
5662	5726	5594	8	-1	-1	-1	0
5618	5747	5617	8	-1	-1	-1	0
5683	5584	5715	1	-1	-1	-1	0
5748	5618	5619	8	-1	-1	-1	0
5708	5573	5707	6	-1	-1	0	0
5705	5574	5709	6	-1	-1	-1	0
5574	5708	5709	6	-1	0	-1	0
5750	5620	5622	3	-1	-1	-1	0
5622	5621	5751	2	-1	-1	-1	0
5749	5619	5626	8	-1	-1	-1	0
5664	5667	5666	8	-1	-1	-1	0
5580	5710	5711	2	-1	-1	-1	0
5712	5581	5711	2	-1	-1	-1	0
5719	5587	5702	3	-1	-1	-1	0
5753	5626	5630	8	-1	-1	-1	0
5583	5713	5714	1	-1	-1	-1	0
5628	5755	5629	8	-1	-1	-1	0
5715	5584	5714	1	-1	-1	-1	0
5712	5716	5585	2	-1	-1	-1	0
5627	5754	5634	8	-1	-1	-1	0
5629	5757	5630	8	-1	-1	-1	0
5754	5627	5635	8	-1	-1	-1	0
5755	5628	5633	8	-1	-1	-1	0
5586	5718	5713	2	-1	-1	-1	0
5720	5710	5588	3	-1	-1	-1	0
5717	5586	5716	2	-1	-1	-1	0
5758	5632	5631	8	-1	-1	-1	0
5717	5718	5586	2	-1	-1	-1	0
5758	5631	5634	8	-1	-1	-1	0
5632	5759	5633	8	-1	-1	-1	0
5720	5588	5719	3	-1	-1	-1	0
5591	5721	5722	8	-1	-1	-1	0
5636	5763	5635	8	-1	-1	-1	0
5636	5637	5765	8	-1	-1	-1	0
5724	5592	5722	8	-1	-1	-1	0
5592	5724	5723	8	-1	-1	-1	0
5637	5639	5765	8	-1	-1	-1	0
5593	5723	5725	8	-1	-1	-1	0
5594	5727	5721	8	-1	-1	-1	0
5639	5638	5766	8	-1	-1	-1	0
5594	5726	5727	8	-1	-1	-1	0
5770	5642	5641	8	-1	-1	-1	0
5598	5728	5729	4	-1	-1	-1	0
5651	5766	5638	8	-1	-1	-1	0
5770	5641	5645	8	-1	-1	-1	0
5772	5643	5642	8	-1	-1	-1	0
5730	5728	5600	4	-1	-1	-1	0
5644	5643	5772	8	-1	-1	-1	0
5730	5602	5732	4	-1	-1	-1	0
5731	5732	5602	4	-1	-1	-1	0
5603	5729	5733	5	-1	-1	-1	0
5646	5774	5645	8	-1	-1	-1	0
5773	5650	5644	8	-1	-1	-1	0
5647	5775	5646	8	-1	-1	-1	0
5648	5775	5647	8	-1	-1	-1	0
5776	5648	5649	8	-1	-1	-1	0
5605	5735	5734	6	-1	0	-1	0
5735	5606	5736	6	-1	-1	0	0
5607	5733	5737	6	-1	-1	-1	0
5731	5608	5738	3	-1	-1	-1	0
5650	5778	5652	8	-1	-1	-1	0
5737	5736	5607	6	0	-1	-1	0
5779	5651	5652	8	-1	-1	-1	0
5738	5609	5739	3	-1	-1	-1	0
5781	5654	5653	8	-1	-1	-1	0
5740	5739	5610	3	-1	-1	-1	0
5740	5611	5741	3	-1	-1	-1	0
5785	5655	5654	8	-1	-1	-1	0
5742	5741	5612	3	-1	-1	-1	0
5656	5655	5786	8	-1	-1	-1	0
5653	5663	5782	8	-1	-1	-1	0
5787	5657	5656	8	-1	-1	-1	0
5743	5614	5744	1	-1	-1	-1	0
5657	5787	5659	8	-1	-1	-1	0
5745	5744	5615	1	-1	-1	-1	0
5658	5788	5660	8	-1	-1	-1	0
5659	5789	5658	8	-1	-1	-1	0
5746	5745	5615	1	-1	-1	-1	0
5747	5746	5616	0	-1	-1	-1	0
5750	5742	5620	3	-1	-1	-1	0
5748	5747	5618	8	-1	-1	-1	0
5782	5663	5668	8	-1	-1	-1	0
5661	5660	5792	8	-1	-1	-1	0
5792	5662	5661	8	-1	-1	-1	0
5751	5621	5743	2	-1	-1	-1	0
5619	5749	5748	8	-1	-1	-1	0
5622	5752	5750	3	-1	-1	-1	0
5752	5622	5751	3	-1	-1	-1	0
5794	5665	5666	8	-1	-1	-1	0
5626	5753	5749	8	-1	-1	-1	0
5667	5796	5666	8	-1	-1	-1	0
5665	5795	5669	8	-1	-1	-1	0
5668	5669	5798	8	-1	-1	-1	0
5673	5797	5667	8	-1	-1	-1	0
5753	5630	5757	8	-1	-1	-1	0
5756	5629	5755	8	-1	-1	-1	0
5756	5757	5629	8	-1	-1	-1	0
5713	5718	5714	2	-1	-1	-1	0
5670	5801	5674	8	-1	-1	-1	0
5671	5803	5672	8	-1	-1	-1	0
5802	5671	5675	8	-1	-1	-1	0
5633	5760	5755	8	-1	-1	-1	0
5803	5673	5672	8	-1	-1	-1	0
5759	5632	5758	8	-1	-1	-1	0
5762	5634	5754	8	-1	-1	-1	0
5776	5649	5725	8	-1	-1	-1	0
5759	5760	5633	8	-1	-1	-1	0
5758	5634	5761	8	-1	-1	-1	0
5635	5764	5754	8	-1	-1	-1	0
5675	5674	5806	8	-1	-1	-1	0
5762	5761	5634	8	-1	-1	-1	0
5800	5670	5687	8	-1	-1	-1	0
5809	5676	5677	8	-1	-1	-1	0
5764	5635	5763	8	-1	-1	-1	0
5809	5678	5676	8	-1	-1	-1	0
5765	5763	5636	8	-1	-1	-1	0
5678	5809	5682	8	-1	-1	-1	0
5721	5727	5722	8	-1	-1	-1	0
5811	5680	5679	8	-1	-1	-1	0
5810	5677	5684	0	-1	-1	-1	0
5811	5679	5681	8	-1	-1	-1	0
5765	5639	5768	8	-1	-1	-1	0
5766	5769	5639	8	-1	-1	-1	0
5639	5767	5768	8	-1	-1	-1	0
5769	5767	5639	8	-1	-1	-1	0
5681	5682	5814	0	-1	-1	-1	0
5686	5680	5812	8	-1	-1	-1	0
5793	5726	5662	8	-1	-1	-1	0
5642	5770	5771	8	-1	-1	-1	0
5684	5683	5816	1	-1	-1	-1	0
5772	5642	5771	8	-1	-1	-1	0
5686	5818	5685	8	-1	-1	-1	0
5773	5644	5772	8	-1	-1	-1	0
5770	5645	5774	8	-1	-1	-1	0
5775	5774	5646	8	-1	-1	-1	0
5687	5688	5820	8	-1	-1	-1	0
5779	5766	5651	8	-1	-1	-1	0
5694	5685	5818	8	-1	-1	-1	0
5821	5688	5689	8	-1	-1	-1	0
5777	5775	5648	8	-1	-1	-1	0
5778	5650	5773	8	-1	-1	-1	0
5776	5777	5648	8	-1	-1	-1	0
5689	5691	5821	8	-1	-1	-1	0
5823	5691	5690	8	-1	-1	-1	0
5690	5695	5822	8	-1	-1	-1	0
5778	5780	5652	8	-1	-1	-1	0
5780	5779	5652	8	-1	-1	-1	0
5692	5827	5693	8	-1	-1	-1	0
5694	5827	5692	8	-1	-1	-1	0
5715	5816	5683	1	-1	-1	-1	0
5828	5695	5693	8	-1	-1	-1	0
5782	5781	5653	8	-1	-1	-1	0
5654	5781	5783	8	-1	-1	-1	0
5784	5654	5783	8	-1	-1	-1	0
5785	5654	5784	8	-1	-1	-1	0
5833	5697	5696	5	-1	-1	-1	0
5785	5786	5655	8	-1	-1	-1	0
5834	5698	5697	5	-1	-1	-1	0
5787	5656	5786	8	-1	-1	-1	0
5835	5699	5698	5	-1	-1	-1	0
5789	5788	5658	8	-1	-1	-1	0
5833	5696	5706	5	-1	-1	-1	0
5790	5659	5787	8	-1	-1	-1	0
5701	5700	5837	4	-1	-1	-1	0
5790	5789	5659	8	-1	-1	-1	0
5836	5703	5699	5	-1	-1	-1	0
5788	5791	5660	8	-1	-1	-1	0
5701	5838	5702	4	-1	-1	-1	0
5837	5700	5704	4	-1	-1	-1	0
5792	5660	5791	8	-1	-1	-1	0
5793	5662	5792	8	-1	-1	-1	0
5840	5704	5703	5	-1	-1	-1	0
5798	5782	5668	8	-1	-1	-1	0
5705	5842	5706	6	-1	-1	-1	0
5665	5794	5795	8	-1	-1	-1	0
5666	5796	5794	8	-1	-1	-1	0
5709	5842	5705	6	0	-1	-1	0
5702	5839	5719	4	-1	-1	-1	0
5796	5667	5797	8	-1	-1	-1	0
5795	5799	5669	8	-1	-1	-1	0
5711	5710	5844	3	-1	-1	-1	0
5799	5798	5669	8	-1	-1	-1	0
5711	5845	5712	3	-1	-1	-1	0
5801	5670	5800	8	-1	-1	-1	0
5846	5716	5712	3	-1	-1	-1	0
5720	5844	5710	3	-1	-1	-1	0
5673	5805	5797	8	-1	-1	-1	0
5802	5803	5671	8	-1	-1	-1	0
5714	5847	5715	2	-1	-1	-1	0
5718	5847	5714	2	-1	-1	-1	0
5804	5673	5803	8	-1	-1	-1	0
5801	5806	5674	8	-1	-1	-1	0
5849	5717	5716	3	-1	-1	-1	0
5675	5807	5802	8	-1	-1	-1	0
5673	5804	5805	8	-1	-1	-1	0
5718	5717	5850	3	-1	-1	-1	0
5675	5806	5808	8	-1	-1	-1	0
5808	5807	5675	8	-1	-1	-1	0
5852	5720	5719	4	-1	-1	-1	0
5810	5809	5677	0	-1	-1	-1	0
5854	5724	5722	8	-1	-1	-1	0
5724	5856	5723	8	-1	-1	-1	0
5811	5812	5680	8	-1	-1	-1	0
5856	5725	5723	8	-1	-1	-1	0
5855	5722	5727	8	-1	-1	-1	0
5813	5811	5681	0	-1	-1	-1	0
5682	5809	5815	0	-1	-1	-1	0
5820	5800	5687	8	-1	-1	-1	0
5813	5681	5814	0	-1	-1	-1	0
5682	5815	5814	0	-1	-1	-1	0
5684	5817	5810	1	-1	-1	-1	0
5859	5727	5726	8	-1	-1	-1	0
5817	5684	5816	1	-1	-1	-1	0
5819	5686	5812	8	-1	-1	-1	0
5728	5860	5729	5	-1	-1	-1	0
5730	5861	5728	5	-1	-1	-1	0
5729	5860	5733	5	-1	-1	-1	0
5686	5819	5818	8	-1	-1	-1	0
5732	5862	5730	5	-1	-1	-1	0
5732	5731	5863	4	-1	-1	-1	0
5777	5774	5775	8	-1	-1	-1	0
5688	5821	5820	8	-1	-1	-1	0
5738	5863	5731	4	-1	-1	-1	0
5690	5822	5823	8	-1	-1	-1	0
5737	5733	5865	6	-1	-1	0	0
5821	5691	5824	8	-1	-1	-1	0
5826	5691	5823	8	-1	-1	-1	0
5691	5825	5824	8	-1	-1	-1	0
5826	5825	5691	8	-1	-1	-1	0
5739	5866	5738	4	-1	-1	-1	0
5831	5694	5818	8	-1	-1	-1	0
5867	5739	5740	4	-1	-1	-1	0
5695	5832	5822	8	-1	-1	-1	0
5829	5693	5827	8	-1	-1	-1	0
5741	5868	5740	4	-1	-1	-1	0
5829	5828	5693	8	-1	-1	-1	0
5694	5830	5827	8	-1	-1	-1	0
5742	5869	5741	4	-1	-1	-1	0
5831	5830	5694	8	-1	-1	-1	0
5695	5828	5832	8	-1	-1	-1	0
5744	5871	5743	2	-1	-1	-1	0
5858	5776	5725	8	-1	-1	-1	0
5872	5744	5745	2	-1	-1	-1	0
5870	5742	5750	4	-1	-1	-1	0
5873	5745	5746	1	-1	-1	-1	0
5834	5697	5833	5	-1	-1	-1	0
5751	5743	5871	2	-1	-1	-1	0
5835	5698	5834	5	-1	-1	-1	0
5747	5875	5746	0	-1	-1	-1	0
5748	5875	5747	0	-1	-1	-1	0
5699	5835	5836	5	-1	-1	-1	0
5749	5876	5748	0	-1	-1	-1	0
5838	5701	5837	4	-1	-1	-1	0
5726	5793	5859	8	-1	-1	-1	0
5848	5816	5715	2	-1	-1	-1	0
5836	5840	5703	5	-1	-1	-1	0
5749	5753	5877	0	-1	-1	-1	0
5702	5838	5839	4	-1	-1	-1	0
5878	5750	5752	4	-1	-1	-1	0
5843	5833	5706	6	-1	-1	-1	0
5837	5704	5841	5	-1	-1	-1	0
5879	5752	5751	3	-1	-1	-1	0
5841	5704	5840	5	-1	-1	-1	0
5753	5757	5881	0	-1	-1	-1	0
5843	5706	5842	6	-1	-1	0	0
5883	5756	5755	8	-1	-1	-1	0
5756	5885	5757	0	-1	-1	-1	0
5754	5882	5762	8	-1	-1	-1	0
5883	5755	5760	8	-1	-1	-1	0
5845	5711	5844	3	-1	-1	-1	0
5754	5764	5882	8	-1	-1	-1	0
5845	5846	5712	3	-1	-1	-1	0
5759	5758	5887	8	-1	-1	-1	0
5886	5758	5761	8	-1	-1	-1	0
5759	5889	5760	8	-1	-1	-1	0
5839	5852	5719	4	-1	-1	-1	0
5715	5847	5848	2	-1	-1	-1	0
5716	5846	5849	3	-1	-1	-1	0
5762	5890	5761	8	-1	-1	-1	0
5850	5717	5849	3	-1	-1	-1	0
5847	5718	5851	3	-1	-1	-1	0
5844	5720	5853	4	-1	-1	-1	0
5851	5718	5850	3	-1	-1	-1	0
5763	5892	5764	8	-1	-1	-1	0
5763	5765	5892	8	-1	-1	-1	0
5853	5720	5852	4	-1	-1	-1	0
5895	5765	5768	8	-1	-1	-1	0
5766	5896	5769	8	-1	-1	-1	0
5855	5854	5722	8	-1	-1	-1	0
5767	5897	5768	8	-1	-1	-1	0
5769	5898	5767	8	-1	-1	-1	0
5815	5809	5810	0	-1	-1	-1	0
5854	5857	5724	8	-1	-1	-1	0
5857	5856	5724	8	-1	-1	-1	0
5725	5856	5858	8	-1	-1	-1	0
5727	5859	5855	8	-1	-1	-1	0
5779	5896	5766	8	-1	-1	-1	0
5770	5903	5771	8	-1	-1	-1	0
5772	5771	5904	8	-1	-1	-1	0
5774	5903	5770	8	-1	-1	-1	0
5861	5860	5728	5	-1	-1	-1	0
5772	5906	5773	8	-1	-1	-1	0
5861	5730	5862	5	-1	-1	-1	0
5773	5907	5778	8	-1	-1	-1	0
5862	5732	5864	5	-1	-1	-1	0
5733	5860	5865	6	-1	-1	-1	0
5863	5864	5732	5	-1	-1	-1	0
5777	5908	5774	8	-1	-1	-1	0
5777	5776	5909	8	-1	-1	-1	0
5866	5863	5738	4	-1	-1	-1	0
5818	5819	5831	8	-1	-1	-1	0
5778	5911	5780	8	-1	-1	-1	0
5780	5912	5779	8	-1	-1	-1	0
5867	5866	5739	4	-1	-1	-1	0
5740	5868	5867	4	-1	-1	-1	0
5741	5869	5868	4	-1	-1	-1	0
5781	5782	5917	8	-1	-1	-1	0
5869	5742	5870	4	-1	-1	-1	0
5918	5783	5781	8	-1	-1	-1	0
5918	5784	5783	8	-1	-1	-1	0
5830	5829	5827	8	-1	-1	-1	0
5872	5871	5744	2	-1	-1	-1	0
5920	5785	5784	8	-1	-1	-1	0
5874	5872	5745	2	-1	-1	-1	0
5873	5874	5745	2	-1	-1	-1	0
5786	5785	5921	8	-1	-1	-1	0
5873	5746	5875	1	-1	-1	-1	0
5787	5786	5921	8	-1	-1	-1	0
5798	5917	5782	8	-1	-1	-1	0
5870	5750	5878	4	-1	-1	-1	0
5922	5790	5787	8	-1	-1	-1	0
5748	5876	5875	0	-1	-1	-1	0
5788	5789	5924	8	-1	-1	-1	0
5871	5879	5751	3	-1	-1	-1	0
5788	5923	5791	8	-1	-1	-1	0
5877	5876	5749	0	-1	-1	-1	0
5790	5925	5789	8	-1	-1	-1	0
5791	5926	5792	8	-1	-1	-1	0
5834	5833	5843	6	-1	-1	-1	0
5752	5880	5878	4	-1	-1	-1	0
5877	5753	5881	0	-1	-1	-1	0
5879	5880	5752	4	-1	-1	-1	0
5793	5792	5927	8	-1	-1	-1	0
5928	5795	5794	8	-1	-1	-1	0
5794	5796	5928	8	-1	-1	-1	0
5756	5883	5884	0	-1	-1	-1	0
5930	5796	5797	8	-1	-1	-1	0
5885	5881	5757	0	-1	-1	-1	0
5799	5795	5929	8	-1	-1	-1	0
5756	5884	5885	0	-1	-1	-1	0
5798	5799	5934	8	-1	-1	-1	0
5886	5888	5758	8	-1	-1	-1	0
5760	5889	5883	8	-1	-1	-1	0
5888	5887	5758	8	-1	-1	-1	0
5805	5932	5797	8	-1	-1	-1	0
5882	5891	5762	8	-1	-1	-1	0
5887	5889	5759	8	-1	-1	-1	0
5800	5935	5801	8	-1	-1	-1	0
5890	5886	5761	8	-1	-1	-1	0
5882	5764	5894	8	-1	-1	-1	0
5802	5937	5803	8	-1	-1	-1	0
5936	5806	5801	8	-1	-1	-1	0
5776	5858	5909	8	-1	-1	-1	0
5890	5762	5891	8	-1	-1	-1	0
5939	5804	5803	8	-1	-1	-1	0
5938	5802	5807	8	-1	-1	-1	0
5940	5805	5804	8	-1	-1	-1	0
5893	5764	5892	8	-1	-1	-1	0
5894	5764	5893	8	-1	-1	-1	0
5895	5892	5765	8	-1	-1	-1	0
5935	5800	5820	8	-1	-1	-1	0
5808	5806	5945	8	-1	-1	-1	0
5808	5946	5807	8	-1	-1	-1	0
5897	5767	5898	8	-1	-1	-1	0
5899	5895	5768	8	-1	-1	-1	0
5899	5768	5897	8	-1	-1	-1	0
5769	5896	5901	8	-1	-1	-1	0
5902	5898	5769	8	-1	-1	-1	0
5900	5769	5901	8	-1	-1	-1	0
5769	5900	5902	8	-1	-1	-1	0
5812	5811	5950	0	-1	-1	-1	0
5811	5813	5950	0	-1	-1	-1	0
5810	5949	5815	1	-1	-1	-1	0
5949	5810	5817	1	-1	-1	-1	0
5859	5793	5927	8	-1	-1	-1	0
5905	5771	5903	8	-1	-1	-1	0
5904	5771	5905	8	-1	-1	-1	0
5814	5953	5813	1	-1	-1	-1	0
5819	5812	5951	0	-1	-1	-1	0
5906	5772	5904	8	-1	-1	-1	0
5814	5815	5954	1	-1	-1	-1	0
5903	5774	5908	8	-1	-1	-1	0
5773	5906	5907	8	-1	-1	-1	0
5779	5912	5896	8	-1	-1	-1	0
5817	5816	5956	2	-1	-1	-1	0
5777	5910	5908	8	-1	-1	-1	0
5907	5911	5778	8	-1	-1	-1	0
5910	5777	5909	8	-1	-1	-1	0
5959	5820	5821	8	-1	-1	-1	0
5821	5824	5959	8	-1	-1	-1	0
5822	5960	5823	8	-1	-1	-1	0
5912	5780	5913	8	-1	-1	-1	0
5780	5911	5914	8	-1	-1	-1	0
5958	5831	5819	0	-1	-1	-1	0
5914	5915	5780	8	-1	-1	-1	0
5913	5780	5916	8	-1	-1	-1	0
5823	5960	5826	8	-1	-1	-1	0
5961	5824	5825	8	-1	-1	-1	0
5780	5915	5916	8	-1	-1	-1	0
5825	5826	5962	0	-1	-1	-1	0
5960	5822	5832	8	-1	-1	-1	0
5918	5781	5917	8	-1	-1	-1	0
5848	5955	5816	2	-1	-1	-1	0
5918	5919	5784	8	-1	-1	-1	0
5919	5920	5784	8	-1	-1	-1	0
5829	5966	5828	0	-1	-1	-1	0
5832	5828	5965	0	-1	-1	-1	0
5785	5920	5921	8	-1	-1	-1	0
5829	5830	5967	0	-1	-1	-1	0
5831	5968	5830	0	-1	-1	-1	0
5921	5922	5787	8	-1	-1	-1	0
5923	5788	5924	8	-1	-1	-1	0
5790	5922	5925	8	-1	-1	-1	0
5925	5924	5789	8	-1	-1	-1	0
5971	5835	5834	6	-1	-1	-1	0
5923	5926	5791	8	-1	-1	-1	0
5836	5835	5971	6	-1	-1	-1	0
5792	5926	5927	8	-1	-1	-1	0
5970	5834	5843	6	-1	-1	0	0
5837	5973	5838	5	-1	-1	-1	0
5840	5836	5972	6	-1	-1	-1	0
5917	5798	5933	8	-1	-1	-1	0
5841	5973	5837	5	-1	-1	-1	0
5974	5839	5838	5	-1	-1	-1	0
5929	5795	5928	8	-1	-1	-1	0
5841	5840	5976	6	-1	-1	-1	0
5928	5796	5931	8	-1	-1	-1	0
5930	5931	5796	8	-1	-1	-1	0
5930	5797	5932	8	-1	-1	-1	0
5929	5934	5799	8	-1	-1	-1	0
5933	5798	5934	8	-1	-1	-1	0
5975	5852	5839	5	-1	-1	-1	0
5978	5845	5844	4	-1	-1	-1	0
5845	5979	5846	4	-1	-1	-1	0
5936	5801	5935	8	-1	-1	-1	0
5980	5849	5846	4	-1	-1	-1	0
5978	5844	5853	4	-1	-1	-1	0
5848	5847	5981	3	-1	-1	-1	0
5938	5937	5802	8	-1	-1	-1	0
5942	5932	5805	8	-1	-1	-1	0
5981	5847	5851	3	-1	-1	-1	0
5939	5803	5937	8	-1	-1	-1	0
5983	5850	5849	4	-1	-1	-1	0
5939	5941	5804	8	-1	-1	-1	0
5851	5850	5984	4	-1	-1	-1	0
5941	5940	5804	8	-1	-1	-1	0
5936	5944	5806	8	-1	-1	-1	0
5940	5943	5805	8	-1	-1	-1	0
5942	5805	5943	8	-1	-1	-1	0
5986	5853	5852	5	-1	-1	-1	0
5807	5946	5938	8	-1	-1	-1	0
5806	5944	5945	8	-1	-1	-1	0
5988	5854	5855	8	-1	-1	-1	0
5988	5857	5854	8	-1	-1	-1	0
5947	5808	5945	8	-1	-1	-1	0
5946	5808	5948	8	-1	-1	-1	0
5808	5947	5948	8	-1	-1	-1	0
5856	5857	5990	8	-1	-1	-1	0
5989	5855	5859	8	-1	-1	-1	0
5992	5858	5856	8	-1	-1	-1	0
5896	5912	5901	8	-1	-1	-1	0
5951	5812	5950	0	-1	-1	-1	0
5820	5959	5935	8	-1	-1	-1	0
5952	5950	5813	1	-1	-1	-1	0
5995	5860	5861	6	-1	-1	-1	0
5952	5813	5953	1	-1	-1	-1	0
5954	5815	5949	1	-1	-1	-1	0
5996	5861	5862	6	-1	-1	-1	0
5860	5995	5865	6	-1	0	-1	0
5954	5953	5814	1	-1	-1	-1	0
5817	5957	5949	2	-1	-1	-1	0
5864	5997	5862	6	-1	-1	-1	0
5863	5998	5864	5	-1	-1	-1	0
5956	5816	5955	2	-1	-1	-1	0
5866	5998	5863	5	-1	-1	-1	0
5819	5951	5958	0	-1	-1	-1	0
5956	5957	5817	2	-1	-1	-1	0
6000	5866	5867	5	-1	-1	-1	0
6001	5867	5868	5	-1	-1	-1	0
5869	6002	5868	5	-1	-1	-1	0
5869	5870	6003	5	-1	-1	-1	0
5961	5959	5824	8	-1	-1	-1	0
5872	6005	5871	3	-1	-1	-1	0
5963	5961	5825	0	-1	-1	-1	0
5826	5960	5964	0	-1	-1	-1	0
5825	5962	5963	0	-1	-1	-1	0
6006	5872	5874	3	-1	-1	-1	0
5870	5878	6004	5	-1	-1	-1	0
5874	5873	6007	2	-1	-1	-1	0
5964	5962	5826	0	-1	-1	-1	0
6005	5879	5871	3	-1	-1	-1	0
5875	6008	5873	1	-1	-1	-1	0
5968	5831	5958	0	-1	-1	-1	0
5858	5992	5909	8	-1	-1	-1	0
5875	5876	6008	1	-1	-1	-1	0
5828	5966	5965	0	-1	-1	-1	0
5832	5969	5960	0	-1	-1	-1	0
5829	5967	5966	0	-1	-1	-1	0
6010	5876	5877	1	-1	-1	-1	0
5967	5830	5968	0	-1	-1	-1	0
5969	5832	5965	0	-1	-1	-1	0
5918	5917	5933	8	-1	-1	-1	0
5881	6011	5877	1	-1	-1	-1	0
5880	6012	5878	5	-1	-1	-1	0
5880	5879	6013	4	-1	-1	-1	0
5971	5834	5970	6	-1	-1	0	0
5971	5972	5836	6	0	-1	-1	0
5859	5927	5993	8	-1	-1	-1	0
5885	6015	5881	1	-1	-1	-1	0
5883	6017	5884	0	-1	-1	-1	0
5838	5973	5974	5	-1	-1	-1	0
5982	5955	5848	3	-1	-1	-1	0
6018	5885	5884	1	-1	-1	-1	0
5974	5975	5839	5	-1	-1	-1	0
5976	5840	5972	6	-1	-1	0	0
6017	5883	5889	0	-1	-1	-1	0
5882	6016	5891	8	-1	-1	-1	0
5973	5841	5977	6	-1	-1	-1	0
5882	5894	6016	8	-1	-1	-1	0
5977	5841	5976	6	-1	-1	0	0
5886	6020	5888	8	-1	-1	-1	0
6020	5886	5890	8	-1	-1	-1	0
6021	5887	5888	0	-1	-1	-1	0
6022	5889	5887	0	-1	-1	-1	0
5979	5845	5978	4	-1	-1	-1	0
6024	5890	5891	8	-1	-1	-1	0
5979	5980	5846	4	-1	-1	-1	0
5982	5848	5981	3	-1	-1	-1	0
5892	6027	5893	8	-1	-1	-1	0
5983	5849	5980	4	-1	-1	-1	0
5986	5852	5975	5	-1	-1	-1	0
6026	5892	5895	8	-1	-1	-1	0
5893	6028	5894	8	-1	-1	-1	0
5985	5981	5851	4	-1	-1	-1	0
5984	5850	5983	4	-1	-1	-1	0
5853	5987	5978	5	-1	-1	-1	0
5985	5851	5984	4	-1	-1	-1	0
5899	6026	5895	8	-1	-1	-1	0
5897	5898	6031	8	-1	-1	-1	0
5853	5986	5987	5	-1	-1	-1	0
6031	5899	5897	8	-1	-1	-1	0
5898	5902	6032	8	-1	-1	-1	0
5988	5855	5989	8	-1	-1	-1	0
5990	5857	5988	8	-1	-1	-1	0
5991	5856	5990	8	-1	-1	-1	0
6035	5902	5900	8	-1	-1	-1	0
5900	5901	6036	8	-1	-1	-1	0
5856	5991	5992	8	-1	-1	-1	0
5994	5989	5859	8	-1	-1	-1	0
5859	5993	5994	8	-1	-1	-1	0
5903	6040	5905	8	-1	-1	-1	0
6041	5904	5905	8	-1	-1	-1	0
6037	5901	5912	8	-1	-1	-1	0
5908	6040	5903	8	-1	-1	-1	0
5904	6042	5906	8	-1	-1	-1	0
5996	5995	5861	6	0	-1	-1	0
5907	5906	6042	8	-1	-1	-1	0
5996	5862	5997	6	-1	-1	0	0
5997	5864	5999	6	-1	-1	0	0
5999	5864	5998	6	-1	-1	-1	0
5911	5907	6044	8	-1	-1	-1	0
5912	5913	6037	8	-1	-1	-1	0
6045	5908	5910	8	-1	-1	-1	0
5998	5866	6000	5	-1	-1	-1	0
6046	5910	5909	8	-1	-1	-1	0
6000	5867	6001	5	-1	-1	-1	0
6001	5868	6002	5	-1	-1	-1	0
6047	5914	5911	8	-1	-1	-1	0
6002	5869	6003	5	-1	-1	-1	0
5913	5916	6048	8	-1	-1	-1	0
6004	6003	5870	5	-1	-1	-1	0
5915	5914	6049	8	-1	-1	-1	0
5872	6006	6005	3	-1	-1	-1	0
6052	5916	5915	8	-1	-1	-1	0
6006	5874	6009	3	-1	-1	-1	0
6007	5873	6008	2	-1	-1	-1	0
6009	5874	6007	3	-1	-1	-1	0
5960	5969	5964	0	-1	-1	-1	0
5918	6056	5919	8	-1	-1	-1	0
6008	5876	6010	1	-1	-1	-1	0
6004	5878	6012	5	-1	-1	-1	0
6005	6013	5879	4	-1	-1	-1	0
6058	5920	5919	8	-1	-1	-1	0
6010	5877	6011	1	-1	-1	-1	0
5921	5920	6059	8	-1	-1	-1	0
5922	5921	6059	8	-1	-1	-1	0
6012	5880	6014	5	-1	-1	-1	0
5918	5933	6055	8	-1	-1	-1	0
5922	6060	5925	8	-1	-1	-1	0
6013	6014	5880	5	-1	-1	-1	0
6015	6011	5881	1	-1	-1	-1	0
6062	5923	5924	8	-1	-1	-1	0
6060	5924	5925	8	-1	-1	-1	0
6063	5926	5923	8	-1	-1	-1	0
5926	6064	5927	8	-1	-1	-1	0
6018	6015	5885	1	-1	-1	-1	0
5884	6017	6019	1	-1	-1	-1	0
6019	6018	5884	1	-1	-1	-1	0
6065	5929	5928	8	-1	-1	-1	0
5931	6065	5928	8	-1	-1	-1	0
5931	5930	6067	8	-1	-1	-1	0
6022	6017	5889	0	-1	-1	-1	0
5932	6067	5930	8	-1	-1	-1	0
6066	5934	5929	8	-1	-1	-1	0
5887	6021	6022	0	-1	-1	-1	0
6020	6023	5888	0	-1	-1	-1	0
5891	6016	6025	8	-1	-1	-1	0
6021	5888	6023	0	-1	-1	-1	0
5890	6024	6020	8	-1	-1	-1	0
6070	5933	5934	8	-1	-1	-1	0
6030	6016	5894	8	-1	-1	-1	0
6024	5891	6025	8	-1	-1	-1	0
5932	5942	6067	8	-1	-1	-1	0
5935	6072	5936	8	-1	-1	-1	0
6027	5892	6026	8	-1	-1	-1	0
6046	5909	5992	8	-1	-1	-1	0
6027	6028	5893	8	-1	-1	-1	0
6074	5937	5938	8	-1	-1	-1	0
5937	6075	5939	8	-1	-1	-1	0
6029	5894	6028	8	-1	-1	-1	0
6029	6030	5894	8	-1	-1	-1	0
5936	6073	5944	8	-1	-1	-1	0
5941	5939	6075	8	-1	-1	-1	0
5899	6033	6026	8	-1	-1	-1	0
5940	5941	6078	8	-1	-1	-1	0
6077	5938	5946	8	-1	-1	-1	0
5940	6078	5943	8	-1	-1	-1	0
5898	6032	6031	8	-1	-1	-1	0
6033	5899	6031	8	-1	-1	-1	0
5935	5959	6071	8	-1	-1	-1	0
6083	5942	5943	8	-1	-1	-1	0
5900	6034	6035	8	-1	-1	-1	0
6036	6034	5900	8	-1	-1	-1	0
5948	6077	5946	8	-1	-1	-1	0
6038	6032	5902	8	-1	-1	-1	0
6037	6036	5901	8	-1	-1	-1	0
6039	5902	6035	8	-1	-1	-1	0
5944	6087	5945	8	-1	-1	-1	0
5902	6039	6038	8	-1	-1	-1	0
6087	5947	5945	8	-1	-1	-1	0
6089	5948	5947	0	-1	-1	-1	0
5993	5927	6064	8	-1	-1	-1	0
6042	5904	6041	8	-1	-1	-1	0
5905	6040	6043	8	-1	-1	-1	0
5905	6043	6041	8	-1	-1	-1	0
5961	6071	5959	8	-1	-1	-1	0
6040	5908	6045	8	-1	-1	-1	0
5950	6092	5951	1	-1	-1	-1	0
6044	5907	6042	8	-1	-1	-1	0
6091	5954	5949	2	-1	-1	-1	0
5952	6092	5950	1	-1	-1	-1	0
6091	5949	5957	2	-1	-1	-1	0
6091	5953	5954	2	-1	-1	-1	0
5913	6048	6037	8	-1	-1	-1	0
5952	5953	6094	2	-1	-1	-1	0
5910	6046	6045	8	-1	-1	-1	0
6093	5958	5951	1	-1	-1	-1	0
6047	5911	6044	8	-1	-1	-1	0
5955	6096	5956	3	-1	-1	-1	0
5957	5956	6097	3	-1	-1	-1	0
6050	5914	6047	8	-1	-1	-1	0
6050	6049	5914	8	-1	-1	-1	0
5915	6049	6051	8	-1	-1	-1	0
6048	5916	6053	8	-1	-1	-1	0
5915	6051	6052	8	-1	-1	-1	0
6054	5916	6052	8	-1	-1	-1	0
5916	6054	6053	8	-1	-1	-1	0
5961	5963	6100	0	-1	-1	-1	0
6099	5968	5958	1	-1	-1	-1	0
6101	5963	5962	1	-1	-1	-1	0
5962	5964	6102	1	-1	-1	-1	0
6056	5918	6055	8	-1	-1	-1	0
5919	6056	6057	8	-1	-1	-1	0
6096	5955	5982	3	-1	-1	-1	0
5919	6057	6058	8	-1	-1	-1	0
5920	6058	6059	8	-1	-1	-1	0
5965	5966	6106	1	-1	-1	-1	0
5964	5969	6104	1	-1	-1	-1	0
6105	5969	5965	1	-1	-1	-1	0
5967	6107	5966	1	-1	-1	-1	0
5922	6059	6061	8	-1	-1	-1	0
5967	5968	6108	1	-1	-1	-1	0
6060	5922	6061	8	-1	-1	-1	0
6062	5924	6060	8	-1	-1	-1	0
6063	5923	6062	8	-1	-1	-1	0
6064	5926	6063	8	-1	-1	-1	0
6109	5974	5973	6	-1	-1	-1	0
5933	6070	6055	8	-1	-1	-1	0
5974	6110	5975	6	-1	-1	-1	0
5973	5977	6109	6	-1	0	-1	0
5929	6065	6066	8	-1	-1	-1	0
5931	6068	6065	8	-1	-1	-1	0
5931	6067	6069	8	-1	-1	-1	0
5931	6069	6068	8	-1	-1	-1	0
6112	5979	5978	5	-1	-1	-1	0
6066	6070	5934	8	-1	-1	-1	0
6016	6030	6025	8	-1	-1	-1	0
6113	5980	5979	5	-1	-1	-1	0
6111	5986	5975	6	-1	-1	-1	0
5983	5980	6114	5	-1	-1	-1	0
5978	5987	6112	5	-1	-1	-1	0
6071	6072	5935	8	-1	-1	-1	0
5981	6115	5982	4	-1	-1	-1	0
5985	6115	5981	4	-1	-1	-1	0
5936	6072	6073	8	-1	-1	-1	0
5984	5983	6117	5	-1	-1	-1	0
6075	5937	6074	8	-1	-1	-1	0
5985	5984	6118	5	-1	-1	-1	0
5938	6076	6074	8	-1	-1	-1	0
6077	6076	5938	8	-1	-1	-1	0
5986	6120	5987	6	-1	-1	-1	0
6084	6067	5942	8	-1	-1	-1	0
6079	5941	6075	8	-1	-1	-1	0
6122	5988	5989	8	-1	-1	-1	0
6080	5941	6079	8	-1	-1	-1	0
5941	6081	6078	8	-1	-1	-1	0
5988	6123	5990	8	-1	-1	-1	0
5941	6080	6081	8	-1	-1	-1	0
5991	5990	6123	8	-1	-1	-1	0
6087	5944	6073	8	-1	-1	-1	0
6122	5989	5994	8	-1	-1	-1	0
6085	5943	6078	8	-1	-1	-1	0
6083	6082	5942	8	-1	-1	-1	0
6084	5942	6082	8	-1	-1	-1	0
6125	5992	5991	8	-1	-1	-1	0
6083	5943	6086	8	-1	-1	-1	0
6127	5994	5993	8	-1	-1	-1	0
5943	6085	6086	8	-1	-1	-1	0
6077	5948	6090	0	-1	-1	-1	0
6087	6088	5947	0	-1	-1	-1	0
5947	6088	6089	0	-1	-1	-1	0
5999	5998	6129	6	-1	-1	0	0
6089	6090	5948	0	-1	-1	-1	0
6129	5998	6000	6	-1	-1	-1	0
6130	6000	6001	6	-1	-1	-1	0
6071	5961	6100	0	-1	-1	-1	0
6001	6002	6131	6	-1	-1	-1	0
6093	5951	6092	1	-1	-1	-1	0
6002	6003	6132	6	-1	-1	-1	0
6094	5953	6091	2	-1	-1	-1	0
6095	6092	5952	2	-1	-1	-1	0
6003	6004	6133	6	-1	-1	-1	0
6095	5952	6094	2	-1	-1	-1	0
6091	5957	6098	3	-1	-1	-1	0
6135	6005	6006	4	-1	-1	-1	0
6096	6097	5956	3	-1	-1	-1	0
6099	5958	6093	1	-1	-1	-1	0
6134	6004	6012	6	-1	-1	-1	0
6006	6009	6136	4	-1	-1	-1	0
5957	6097	6098	3	-1	-1	-1	0
6135	6013	6005	4	-1	-1	-1	0
6138	6007	6008	2	-1	-1	-1	0
6137	6009	6007	3	-1	-1	-1	0
6010	6138	6008	2	-1	-1	-1	0
6140	6010	6011	2	-1	-1	-1	0
6126	6046	5992	8	-1	-1	-1	0
6102	6101	5962	1	-1	-1	-1	0
6103	6100	5963	1	-1	-1	-1	0
6015	6141	6011	2	-1	-1	-1	0
6103	5963	6101	1	-1	-1	-1	0
6014	6142	6012	6	-1	-1	-1	0
5964	6104	6102	1	-1	-1	-1	0
6013	6143	6014	5	-1	-1	-1	0
6108	5968	6099	1	-1	-1	-1	0
5965	6106	6105	1	-1	-1	-1	0
6144	6015	6018	2	-1	-1	-1	0
6104	5969	6105	1	-1	-1	-1	0
6107	6106	5966	1	-1	-1	-1	0
6145	6019	6017	1	-1	-1	-1	0
6108	6107	5967	1	-1	-1	-1	0
6018	6019	6146	2	-1	-1	-1	0
5993	6064	6127	8	-1	-1	-1	0
6145	6017	6022	1	-1	-1	-1	0
6148	6023	6020	0	-1	-1	-1	0
6021	6149	6022	1	-1	-1	-1	0
6148	6020	6024	0	-1	-1	-1	0
5974	6109	6110	6	-1	0	-1	0
6021	6023	6150	1	-1	-1	-1	0
6096	5982	6116	4	-1	-1	-1	0
6111	5975	6110	6	-1	-1	0	0
6024	6025	6152	0	-1	-1	-1	0
6112	6113	5979	5	-1	-1	-1	0
6027	6026	6154	8	-1	-1	-1	0
6113	6114	5980	5	-1	-1	-1	0
6153	6025	6030	0	-1	-1	-1	0
6027	6156	6028	8	-1	-1	-1	0
6033	6154	6026	8	-1	-1	-1	0
6156	6029	6028	8	-1	-1	-1	0
6115	6116	5982	4	-1	-1	-1	0
6114	6117	5983	5	-1	-1	-1	0
6157	6030	6029	0	-1	-1	-1	0
6111	6120	5986	6	0	-1	-1	0
6118	5984	6117	5	-1	-1	-1	0
5985	6119	6115	5	-1	-1	-1	0
6067	6084	6069	8	-1	-1	-1	0
6112	5987	6121	6	-1	-1	-1	0
6119	5985	6118	5	-1	-1	-1	0
6033	6031	6159	8	-1	-1	-1	0
6160	6031	6032	8	-1	-1	-1	0
6121	5987	6120	6	-1	-1	0	0
6160	6032	6038	8	-1	-1	-1	0
6162	6035	6034	8	-1	-1	-1	0
5988	6122	6123	8	-1	-1	-1	0
6163	6034	6036	8	-1	-1	-1	0
6035	6162	6039	8	-1	-1	-1	0
6164	6036	6037	8	-1	-1	-1	0
5991	6123	6124	8	-1	-1	-1	0
6125	5991	6124	8	-1	-1	-1	0
6125	6126	5992	8	-1	-1	-1	0
6081	6085	6078	8	-1	-1	-1	0
5994	6128	6122	8	-1	-1	-1	0
6127	6128	5994	8	-1	-1	-1	0
6167	6038	6039	0	-1	-1	-1	0
6165	6037	6048	8	-1	-1	-1	0
6040	6169	6043	8	-1	-1	-1	0
6170	6042	6041	8	-1	-1	-1	0
6045	6169	6040	8	-1	-1	-1	0
6171	6041	6043	8	-1	-1	-1	0
6044	6042	6172	8	-1	-1	-1	0
6129	6000	6130	6	-1	-1	0	0
6130	6001	6131	6	-1	-1	0	0
6131	6002	6132	6	-1	-1	0	0
6044	6174	6047	8	-1	-1	-1	0
6165	6048	6053	8	-1	-1	-1	0
6046	6176	6045	8	-1	-1	-1	0
6133	6132	6003	6	0	-1	-1	0
6134	6133	6004	6	0	-1	-1	0
6050	6047	6174	8	-1	-1	-1	0
6049	6050	6177	8	-1	-1	-1	0
6136	6135	6006	4	-1	-1	-1	0
6049	6178	6051	8	-1	-1	-1	0
6138	6137	6007	3	-1	-1	-1	0
6181	6052	6051	8	-1	-1	-1	0
6139	6136	6009	4	-1	-1	-1	0
6009	6137	6139	4	-1	-1	-1	0
6052	6181	6054	8	-1	-1	-1	0
6140	6138	6010	2	-1	-1	-1	0
6134	6012	6142	6	-1	-1	0	0
6183	6053	6054	0	-1	-1	-1	0
6135	6143	6013	5	-1	-1	-1	0
6011	6141	6140	2	-1	-1	-1	0
6056	6055	6185	8	-1	-1	-1	0
6143	6142	6014	6	-1	-1	-1	0
6141	6015	6144	2	-1	-1	-1	0
6057	6056	6187	8	-1	-1	-1	0
6057	6188	6058	8	-1	-1	-1	0
6058	6190	6059	8	-1	-1	-1	0
6018	6146	6144	2	-1	-1	-1	0
6070	6185	6055	8	-1	-1	-1	0
6059	6190	6061	8	-1	-1	-1	0
6145	6147	6019	2	-1	-1	-1	0
6147	6146	6019	2	-1	-1	-1	0
6061	6191	6060	8	-1	-1	-1	0
6191	6062	6060	8	-1	-1	-1	0
6062	6191	6063	8	-1	-1	-1	0
6022	6149	6145	1	-1	-1	-1	0
6150	6149	6021	1	-1	-1	-1	0
6151	6023	6148	1	-1	-1	-1	0
6195	6064	6063	8	-1	-1	-1	0
6152	6148	6024	0	-1	-1	-1	0
6151	6150	6023	1	-1	-1	-1	0
6197	6066	6065	8	-1	-1	-1	0
6153	6152	6025	0	-1	-1	-1	0
6065	6068	6198	8	-1	-1	-1	0
6070	6066	6199	8	-1	-1	-1	0
6155	6027	6154	8	-1	-1	-1	0
6068	6069	6200	8	-1	-1	-1	0
6027	6155	6156	8	-1	-1	-1	0
6030	6157	6153	0	-1	-1	-1	0
6029	6156	6158	0	-1	-1	-1	0
6157	6029	6158	0	-1	-1	-1	0
6071	6203	6072	0	-1	-1	-1	0
6046	6126	6176	8	-1	-1	-1	0
6154	6033	6161	8	-1	-1	-1	0
6204	6073	6072	0	-1	-1	-1	0
6159	6031	6160	8	-1	-1	-1	0
6033	6159	6161	8	-1	-1	-1	0
6084	6201	6069	8	-1	-1	-1	0
6074	6206	6075	8	-1	-1	-1	0
6074	6076	6207	8	-1	-1	-1	0
6162	6034	6163	8	-1	-1	-1	0
6075	6206	6079	8	-1	-1	-1	0
6209	6076	6077	0	-1	-1	-1	0
6163	6036	6164	8	-1	-1	-1	0
6166	6160	6038	0	-1	-1	-1	0
6087	6073	6205	0	-1	-1	-1	0
6164	6037	6165	8	-1	-1	-1	0
6079	6210	6080	8	-1	-1	-1	0
6162	6168	6039	0	-1	-1	-1	0
6166	6038	6167	0	-1	-1	-1	0
6081	6080	6211	0	-1	-1	-1	0
6039	6168	6167	0	-1	-1	-1	0
6203	6071	6100	0	-1	-1	-1	0
6209	6077	6090	0	-1	-1	-1	0
6081	6213	6085	0	-1	-1	-1	0
6082	6083	6214	8	-1	-1	-1	0
6088	6087	6205	0	-1	-1	-1	0
6215	6084	6082	8	-1	-1	-1	0
6171	6170	6041	8	-1	-1	-1	0
6214	6083	6086	8	-1	-1	-1	0
6170	6172	6042	8	-1	-1	-1	0
6169	6173	6043	8	-1	-1	-1	0
6127	6064	6195	8	-1	-1	-1	0
6171	6043	6173	8	-1	-1	-1	0
6217	6086	6085	0	-1	-1	-1	0
6169	6045	6176	8	-1	-1	-1	0
6172	6175	6044	8	-1	-1	-1	0
6044	6175	6174	8	-1	-1	-1	0
6089	6088	6220	1	-1	-1	-1	0
6053	6182	6165	0	-1	-1	-1	0
6221	6090	6089	1	-1	-1	-1	0
6174	6179	6050	8	-1	-1	-1	0
6049	6177	6178	8	-1	-1	-1	0
6180	6177	6050	8	-1	-1	-1	0
6223	6094	6091	3	-1	-1	-1	0
6180	6050	6179	8	-1	-1	-1	0
6093	6092	6224	2	-1	-1	-1	0
6181	6051	6178	8	-1	-1	-1	0
6224	6092	6095	2	-1	-1	-1	0
6091	6098	6223	3	-1	-1	-1	0
6094	6226	6095	3	-1	-1	-1	0
6225	6099	6093	2	-1	-1	-1	0
6053	6183	6182	0	-1	-1	-1	0
6181	6184	6054	0	-1	-1	-1	0
6183	6054	6184	0	-1	-1	-1	0
6228	6097	6096	4	-1	-1	-1	0
6098	6097	6229	4	-1	-1	-1	0
6185	6186	6056	8	-1	-1	-1	0
6056	6186	6187	8	-1	-1	-1	0
6187	6189	6057	8	-1	-1	-1	0
6188	6057	6189	8	-1	-1	-1	0
6232	6100	6103	1	-1	-1	-1	0
6188	6190	6058	8	-1	-1	-1	0
6102	6234	6101	2	-1	-1	-1	0
6233	6103	6101	2	-1	-1	-1	0
6099	6231	6108	2	-1	-1	-1	0
6228	6096	6116	4	-1	-1	-1	0
6102	6104	6235	2	-1	-1	-1	0
6190	6192	6061	8	-1	-1	-1	0
6061	6193	6191	8	-1	-1	-1	0
6237	6104	6105	2	-1	-1	-1	0
6193	6061	6192	8	-1	-1	-1	0
6193	6063	6191	8	-1	-1	-1	0
6238	6105	6106	2	-1	-1	-1	0
6194	6063	6193	8	-1	-1	-1	0
6106	6107	6239	2	-1	-1	-1	0
6195	6063	6194	8	-1	-1	-1	0
6108	6240	6107	2	-1	-1	-1	0
6070	6202	6185	8	-1	-1	-1	0
6065	6196	6197	8	-1	-1	-1	0
6196	6065	6198	8	-1	-1	-1	0
6199	6066	6197	8	-1	-1	-1	0
6200	6198	6068	8	-1	-1	-1	0
6242	6113	6112	6	-1	-1	-1	0
6069	6201	6200	8	-1	-1	-1	0
6154	6161	6155	8	-1	-1	-1	0
6113	6243	6114	6	-1	-1	-1	0
6199	6202	6070	8	-1	-1	-1	0
6112	6121	6241	6	-1	0	-1	0
6244	6117	6114	6	-1	-1	-1	0
6115	6245	6116	5	-1	-1	-1	0
6115	6119	6245	5	-1	-1	-1	0
6072	6203	6204	0	-1	-1	-1	0
6205	6073	6204	0	-1	-1	-1	0
6118	6117	6247	6	-1	-1	-1	0
6118	6248	6119	6	-1	-1	-1	0
6074	6207	6206	8	-1	-1	-1	0
6208	6207	6076	0	-1	-1	-1	0
6209	6208	6076	0	-1	-1	-1	0
6123	6122	6249	8	-1	-1	-1	0
6210	6079	6206	8	-1	-1	-1	0
6123	6250	6124	8	-1	-1	-1	0
6128	6249	6122	8	-1	-1	-1	0
6125	6124	6252	8	-1	-1	-1	0
6084	6216	6201	8	-1	-1	-1	0
6210	6212	6080	0	-1	-1	-1	0
6080	6212	6211	0	-1	-1	-1	0
6081	6211	6213	0	-1	-1	-1	0
6126	6125	6254	8	-1	-1	-1	0
6128	6127	6256	8	-1	-1	-1	0
6082	6214	6215	8	-1	-1	-1	0
6088	6205	6219	1	-1	-1	-1	0
6216	6084	6215	8	-1	-1	-1	0
6085	6213	6217	0	-1	-1	-1	0
6086	6218	6214	0	-1	-1	-1	0
6209	6090	6222	1	-1	-1	-1	0
6086	6217	6218	0	-1	-1	-1	0
6219	6220	6088	1	-1	-1	-1	0
6258	6135	6136	5	-1	-1	-1	0
6220	6221	6089	1	-1	-1	-1	0
6221	6222	6090	1	-1	-1	-1	0
6259	6136	6139	5	-1	-1	-1	0
6137	6138	6260	3	-1	-1	-1	0
6232	6203	6100	1	-1	-1	-1	0
6143	6135	6258	5	-1	-1	-1	0
6139	6137	6261	4	-1	-1	-1	0
6140	6260	6138	3	-1	-1	-1	0
6224	6225	6093	2	-1	-1	-1	0
6226	6094	6223	3	-1	-1	-1	0
6263	6140	6141	3	-1	-1	-1	0
6227	6224	6095	3	-1	-1	-1	0
6095	6226	6227	3	-1	-1	-1	0
6264	6141	6144	3	-1	-1	-1	0
6265	6142	6143	6	0	-1	-1	0
6223	6098	6230	4	-1	-1	-1	0
6229	6097	6228	4	-1	-1	-1	0
6231	6099	6225	2	-1	-1	-1	0
6254	6176	6126	8	-1	-1	-1	0
6144	6146	6266	3	-1	-1	-1	0
6230	6098	6229	4	-1	-1	-1	0
6267	6147	6145	2	-1	-1	-1	0
6149	6267	6145	2	-1	-1	-1	0
6147	6268	6146	3	-1	-1	-1	0
6101	6234	6233	2	-1	-1	-1	0
6151	6148	6270	1	-1	-1	-1	0
6152	6270	6148	1	-1	-1	-1	0
6271	6149	6150	2	-1	-1	-1	0
6235	6234	6102	2	-1	-1	-1	0
6103	6236	6232	2	-1	-1	-1	0
6236	6103	6233	2	-1	-1	-1	0
6151	6272	6150	2	-1	-1	-1	0
6202	6186	6185	8	-1	-1	-1	0
6237	6235	6104	2	-1	-1	-1	0
6127	6195	6255	8	-1	-1	-1	0
6152	6153	6274	1	-1	-1	-1	0
6108	6231	6240	2	-1	-1	-1	0
6237	6105	6238	2	-1	-1	-1	0
6239	6238	6106	2	-1	-1	-1	0
6153	6157	6275	1	-1	-1	-1	0
6240	6239	6107	2	-1	-1	-1	0
6276	6156	6155	0	-1	-1	-1	0
6228	6116	6246	5	-1	-1	-1	0
6276	6158	6156	0	-1	-1	-1	0
6158	6278	6157	1	-1	-1	-1	0
6155	6161	6277	0	-1	-1	-1	0
6242	6112	6241	6	-1	-1	0	0
6113	6242	6243	6	-1	0	-1	0
6280	6161	6159	0	-1	-1	-1	0
6281	6159	6160	0	-1	-1	-1	0
6243	6244	6114	6	0	-1	-1	0
6245	6246	6116	5	-1	-1	-1	0
6160	6166	6281	0	-1	-1	-1	0
6282	6162	6163	0	-1	-1	-1	0
6117	6244	6247	6	-1	0	-1	0
6283	6163	6164	0	-1	-1	-1	0
6162	6282	6168	0	-1	-1	-1	0
6245	6119	6248	6	-1	-1	-1	0
6248	6118	6247	6	-1	-1	0	0
6165	6284	6164	0	-1	-1	-1	0
6167	6286	6166	1	-1	-1	-1	0
6287	6167	6168	1	-1	-1	-1	0
6206	6207	6210	8	-1	-1	-1	0
6123	6249	6251	8	-1	-1	-1	0
6251	6250	6123	8	-1	-1	-1	0
6253	6124	6250	8	-1	-1	-1	0
6252	6124	6253	8	-1	-1	-1	0
6173	6169	6289	8	-1	-1	-1	0
6125	6252	6254	8	-1	-1	-1	0
6182	6284	6165	0	-1	-1	-1	0
6171	6291	6170	8	-1	-1	-1	0
6290	6172	6170	8	-1	-1	-1	0
6257	6249	6128	8	-1	-1	-1	0
6169	6176	6289	8	-1	-1	-1	0
6290	6175	6172	8	-1	-1	-1	0
6171	6173	6293	8	-1	-1	-1	0
6255	6256	6127	8	-1	-1	-1	0
6128	6256	6257	8	-1	-1	-1	0
6175	6295	6174	8	-1	-1	-1	0
6295	6179	6174	8	-1	-1	-1	0
6177	6298	6178	0	-1	-1	-1	0
6259	6258	6136	5	-1	-1	-1	0
6180	6299	6177	0	-1	-1	-1	0
6261	6137	6260	4	-1	-1	-1	0
6181	6178	6300	0	-1	-1	-1	0
6139	6262	6259	5	-1	-1	-1	0
6179	6301	6180	8	-1	-1	-1	0
6261	6262	6139	5	-1	-1	-1	0
6140	6263	6260	3	-1	-1	-1	0
6300	6184	6181	0	-1	-1	-1	0
6143	6258	6265	6	-1	-1	-1	0
6263	6141	6264	3	-1	-1	-1	0
6182	6183	6304	1	-1	-1	-1	0
6183	6184	6305	1	-1	-1	-1	0
6144	6266	6264	3	-1	-1	-1	0
6266	6146	6268	3	-1	-1	-1	0
6186	6308	6187	8	-1	-1	-1	0
6147	6267	6269	3	-1	-1	-1	0
6269	6268	6147	3	-1	-1	-1	0
6311	6189	6187	8	-1	-1	-1	0
6149	6271	6267	2	-1	-1	-1	0
6312	6188	6189	8	-1	-1	-1	0
6190	6188	6312	8	-1	-1	-1	0
6150	6272	6271	2	-1	-1	-1	0
6270	6273	6151	2	-1	-1	-1	0
6272	6151	6273	2	-1	-1	-1	0
6274	6270	6152	1	-1	-1	-1	0
6190	6316	6192	8	-1	-1	-1	0
6186	6202	6309	8	-1	-1	-1	0
6192	6316	6193	8	-1	-1	-1	0
6153	6275	6274	1	-1	-1	-1	0
6318	6194	6193	8	-1	-1	-1	0
6195	6194	6318	8	-1	-1	-1	0
6155	6277	6276	0	-1	-1	-1	0
6278	6275	6157	1	-1	-1	-1	0
6309	6202	6199	8	-1	-1	-1	0
6276	6279	6158	1	-1	-1	-1	0
6197	6196	6320	8	-1	-1	-1	0
6196	6198	6321	8	-1	-1	-1	0
6278	6158	6279	1	-1	-1	-1	0
6280	6277	6161	0	-1	-1	-1	0
6197	6322	6199	8	-1	-1	-1	0
6159	6281	6280	0	-1	-1	-1	0
6323	6198	6200	8	-1	-1	-1	0
6326	6200	6201	8	-1	-1	-1	0
6297	6176	6254	8	-1	-1	-1	0
6163	6283	6282	0	-1	-1	-1	0
6283	6164	6284	0	-1	-1	-1	0
6166	6285	6281	1	-1	-1	-1	0
6204	6203	6327	1	-1	-1	-1	0
6286	6285	6166	1	-1	-1	-1	0
6328	6205	6204	1	-1	-1	-1	0
6288	6168	6282	1	-1	-1	-1	0
6167	6287	6286	1	-1	-1	-1	0
6201	6216	6326	8	-1	-1	-1	0
6287	6168	6288	1	-1	-1	-1	0
6207	6208	6329	0	-1	-1	-1	0
6207	6329	6210	0	-1	-1	-1	0
6209	6331	6208	1	-1	-1	-1	0
6291	6290	6170	8	-1	-1	-1	0
6210	6329	6212	0	-1	-1	-1	0
6219	6205	6328	1	-1	-1	-1	0
6291	6171	6292	8	-1	-1	-1	0
6211	6212	6332	1	-1	-1	-1	0
6292	6171	6293	8	-1	-1	-1	0
6289	6294	6173	8	-1	-1	-1	0
6333	6213	6211	1	-1	-1	-1	0
6293	6173	6294	8	-1	-1	-1	0
6175	6290	6296	8	-1	-1	-1	0
6327	6203	6232	1	-1	-1	-1	0
6297	6289	6176	8	-1	-1	-1	0
6209	6222	6331	1	-1	-1	-1	0
6217	6213	6335	1	-1	-1	-1	0
6214	6336	6215	0	-1	-1	-1	0
6295	6175	6296	8	-1	-1	-1	0
6337	6216	6215	0	-1	-1	-1	0
6214	6218	6336	0	-1	-1	-1	0
6319	6255	6195	8	-1	-1	-1	0
6303	6284	6182	1	-1	-1	-1	0
6298	6177	6299	0	-1	-1	-1	0
6218	6217	6339	1	-1	-1	-1	0
6301	6179	6295	8	-1	-1	-1	0
6298	6300	6178	0	-1	-1	-1	0
6341	6220	6219	2	-1	-1	-1	0
6299	6180	6302	0	-1	-1	-1	0
6180	6301	6302	0	-1	-1	-1	0
6343	6221	6220	2	-1	-1	-1	0
6221	6344	6222	2	-1	-1	-1	0
6303	6182	6304	1	-1	-1	-1	0
6306	6184	6300	1	-1	-1	-1	0
6304	6183	6305	1	-1	-1	-1	0
6346	6226	6223	4	-1	-1	-1	0
6306	6305	6184	1	-1	-1	-1	0
6224	6347	6225	3	-1	-1	-1	0
6224	6227	6347	3	-1	-1	-1	0
6230	6346	6223	4	-1	-1	-1	0
6186	6307	6308	8	-1	-1	-1	0
6227	6226	6349	4	-1	-1	-1	0
6186	6309	6307	8	-1	-1	-1	0
6225	6348	6231	3	-1	-1	-1	0
6187	6308	6310	8	-1	-1	-1	0
6310	6311	6187	8	-1	-1	-1	0
6351	6229	6228	5	-1	-1	-1	0
6352	6230	6229	5	-1	-1	-1	0
6311	6313	6189	8	-1	-1	-1	0
6312	6189	6314	8	-1	-1	-1	0
6189	6313	6314	8	-1	-1	-1	0
6315	6190	6312	8	-1	-1	-1	0
6190	6315	6316	8	-1	-1	-1	0
6356	6233	6234	3	-1	-1	-1	0
6232	6236	6355	2	-1	-1	-1	0
6246	6351	6228	5	-1	-1	-1	0
6240	6231	6354	3	-1	-1	-1	0
6357	6236	6233	3	-1	-1	-1	0
6317	6193	6316	8	-1	-1	-1	0
6235	6358	6234	3	-1	-1	-1	0
6317	6318	6193	8	-1	-1	-1	0
6359	6235	6237	3	-1	-1	-1	0
6309	6199	6324	8	-1	-1	-1	0
6318	6319	6195	8	-1	-1	-1	0
6237	6238	6361	3	-1	-1	-1	0
6320	6196	6321	8	-1	-1	-1	0
6362	6238	6239	3	-1	-1	-1	0
6322	6197	6320	8	-1	-1	-1	0
6363	6239	6240	3	-1	-1	-1	0
6323	6321	6198	8	-1	-1	-1	0
6324	6199	6322	8	-1	-1	-1	0
6323	6200	6325	8	-1	-1	-1	0
6326	6325	6200	8	-1	-1	-1	0
6246	6245	6364	6	-1	-1	-1	0
6364	6245	6248	6	-1	-1	0	0
6328	6204	6327	1	-1	-1	-1	0
6249	6366	6251	8	-1	-1	-1	0
6329	6208	6330	1	-1	-1	-1	0
6250	6251	6367	8	-1	-1	-1	0
6330	6208	6331	1	-1	-1	-1	0
6250	6367	6253	8	-1	-1	-1	0
6249	6257	6366	8	-1	-1	-1	0
6253	6368	6252	8	-1	-1	-1	0
6212	6329	6334	1	-1	-1	-1	0
6254	6252	6369	8	-1	-1	-1	0
6211	6332	6333	1	-1	-1	-1	0
6296	6290	6291	8	-1	-1	-1	0
6332	6212	6334	1	-1	-1	-1	0
6289	6297	6294	8	-1	-1	-1	0
6216	6338	6326	0	-1	-1	-1	0
6213	6333	6335	1	-1	-1	-1	0
6255	6371	6256	8	-1	-1	-1	0
6257	6256	6372	8	-1	-1	-1	0
6336	6337	6215	0	-1	-1	-1	0
6328	6342	6219	2	-1	-1	-1	0
6338	6216	6337	0	-1	-1	-1	0
6217	6335	6339	1	-1	-1	-1	0
6374	6258	6259	6	-1	-1	-1	0
6340	6336	6218	1	-1	-1	-1	0
6262	6376	6259	6	-1	-1	-1	0
6218	6339	6340	1	-1	-1	-1	0
6265	6258	6374	6	-1	-1	0	0
6345	6331	6222	2	-1	-1	-1	0
6377	6261	6260	4	-1	-1	-1	0
6263	6377	6260	4	-1	-1	-1	0
6262	6261	6378	5	-1	-1	-1	0
6341	6219	6342	2	-1	-1	-1	0
6341	6343	6220	2	-1	-1	-1	0
6380	6263	6264	4	-1	-1	-1	0
6344	6221	6343	2	-1	-1	-1	0
6222	6344	6345	2	-1	-1	-1	0
6381	6264	6266	4	-1	-1	-1	0
6232	6355	6327	2	-1	-1	-1	0
6268	6382	6266	4	-1	-1	-1	0
6383	6269	6267	3	-1	-1	-1	0
6297	6254	6369	8	-1	-1	-1	0
6225	6347	6348	3	-1	-1	-1	0
6349	6226	6346	4	-1	-1	-1	0
6383	6267	6271	3	-1	-1	-1	0
6384	6268	6269	4	-1	-1	-1	0
6227	6350	6347	4	-1	-1	-1	0
6349	6350	6227	4	-1	-1	-1	0
6346	6230	6353	5	-1	-1	-1	0
6386	6273	6270	2	-1	-1	-1	0
6386	6270	6274	2	-1	-1	-1	0
6271	6272	6387	3	-1	-1	-1	0
6229	6351	6352	5	-1	-1	-1	0
6388	6272	6273	3	-1	-1	-1	0
6354	6231	6348	3	-1	-1	-1	0
6353	6230	6352	5	-1	-1	-1	0
6390	6274	6275	2	-1	-1	-1	0
6278	6391	6275	2	-1	-1	-1	0
6277	6392	6276	1	-1	-1	-1	0
6255	6319	6371	8	-1	-1	-1	0
6356	6357	6233	3	-1	-1	-1	0
6392	6279	6276	1	-1	-1	-1	0
6356	6234	6358	3	-1	-1	-1	0
6280	6393	6277	1	-1	-1	-1	0
6394	6278	6279	2	-1	-1	-1	0
6355	6236	6360	3	-1	-1	-1	0
6235	6359	6358	3	-1	-1	-1	0
6360	6236	6357	3	-1	-1	-1	0
6354	6363	6240	3	-1	-1	-1	0
6359	6237	6361	3	-1	-1	-1	0
6280	6281	6396	1	-1	-1	-1	0
6238	6362	6361	3	-1	-1	-1	0
6285	6396	6281	1	-1	-1	-1	0
6351	6246	6365	6	-1	-1	-1	0
6397	6282	6283	1	-1	-1	-1	0
6239	6363	6362	3	-1	-1	-1	0
6283	6284	6398	1	-1	-1	-1	0
6397	6288	6282	1	-1	-1	-1	0
6286	6400	6285	2	-1	-1	-1	0
6401	6286	6287	2	-1	-1	-1	0
6365	6246	6364	6	-1	-1	0	0
6402	6287	6288	2	-1	-1	-1	0
6251	6366	6367	8	-1	-1	-1	0
6303	6398	6284	1	-1	-1	-1	0
6404	6291	6292	8	-1	-1	-1	0
6252	6368	6369	8	-1	-1	-1	0
6253	6367	6370	8	-1	-1	-1	0
6406	6292	6293	8	-1	-1	-1	0
6253	6370	6368	8	-1	-1	-1	0
6405	6296	6291	8	-1	-1	-1	0
6329	6330	6334	1	-1	-1	-1	0
6293	6294	6408	8	-1	-1	-1	0
6366	6257	6373	8	-1	-1	-1	0
6256	6371	6372	8	-1	-1	-1	0
6294	6297	6411	8	-1	-1	-1	0
6373	6257	6372	8	-1	-1	-1	0
6295	6296	6413	8	-1	-1	-1	0
6412	6301	6295	8	-1	-1	-1	0
6259	6375	6374	6	-1	0	-1	0
6259	6376	6375	6	-1	0	-1	0
6298	6299	6416	1	-1	-1	-1	0
6298	6415	6300	1	-1	-1	-1	0
6378	6261	6377	5	-1	-1	-1	0
6376	6262	6379	6	-1	-1	0	0
6417	6299	6302	1	-1	-1	-1	0
6378	6379	6262	6	-1	-1	-1	0
6377	6263	6380	4	-1	-1	-1	0
6418	6302	6301	0	-1	-1	-1	0
6300	6415	6306	1	-1	-1	-1	0
6381	6380	6264	4	-1	-1	-1	0
6303	6304	6421	2	-1	-1	-1	0
6382	6381	6266	4	-1	-1	-1	0
6422	6304	6305	2	-1	-1	-1	0
6382	6268	6384	4	-1	-1	-1	0
6306	6423	6305	2	-1	-1	-1	0
6383	6385	6269	4	-1	-1	-1	0
6385	6384	6269	4	-1	-1	-1	0
6308	6307	6425	8	-1	-1	-1	0
6387	6383	6271	3	-1	-1	-1	0
6426	6307	6309	8	-1	-1	-1	0
6310	6308	6427	8	-1	-1	-1	0
6387	6272	6388	3	-1	-1	-1	0
6273	6386	6389	3	-1	-1	-1	0
6273	6389	6388	3	-1	-1	-1	0
6386	6274	6390	2	-1	-1	-1	0
6311	6310	6430	8	-1	-1	-1	0
6311	6431	6313	8	-1	-1	-1	0
6390	6275	6391	2	-1	-1	-1	0
6314	6432	6312	8	-1	-1	-1	0
6432	6315	6312	8	-1	-1	-1	0
6433	6314	6313	8	-1	-1	-1	0
6309	6324	6429	8	-1	-1	-1	0
6392	6277	6393	1	-1	-1	-1	0
6394	6391	6278	2	-1	-1	-1	0
6395	6279	6392	2	-1	-1	-1	0
6436	6316	6315	8	-1	-1	-1	0
6395	6394	6279	2	-1	-1	-1	0
6393	6280	6396	1	-1	-1	-1	0
6317	6316	6436	8	-1	-1	-1	0
6317	6437	6318	8	-1	-1	-1	0
6318	6437	6319	8	-1	-1	-1	0
6411	6297	6369	8	-1	-1	-1	0
6283	6398	6397	1	-1	-1	-1	0
6285	6399	6396	2	-1	-1	-1	0
6320	6321	6441	8	-1	-1	-1	0
6399	6285	6400	2	-1	-1	-1	0
6442	6322	6320	8	-1	-1	-1	0
6321	6323	6443	8	-1	-1	-1	0
6286	6401	6400	2	-1	-1	-1	0
6288	6397	6403	2	-1	-1	-1	0
6402	6401	6287	2	-1	-1	-1	0
6322	6446	6324	8	-1	-1	-1	0
6403	6402	6288	2	-1	-1	-1	0
6323	6325	6447	8	-1	-1	-1	0
6325	6326	6448	0	-1	-1	-1	0
6404	6405	6291	8	-1	-1	-1	0
6407	6404	6292	8	-1	-1	-1	0
6406	6407	6292	8	-1	-1	-1	0
6328	6327	6450	2	-1	-1	-1	0
6406	6293	6409	8	-1	-1	-1	0
6293	6408	6409	8	-1	-1	-1	0
6448	6326	6338	0	-1	-1	-1	0
6294	6410	6408	8	-1	-1	-1	0
6330	6331	6451	2	-1	-1	-1	0
6410	6294	6411	8	-1	-1	-1	0
6414	6296	6405	8	-1	-1	-1	0
6452	6334	6330	2	-1	-1	-1	0
6453	6333	6332	2	-1	-1	-1	0
6450	6342	6328	2	-1	-1	-1	0
6412	6295	6413	8	-1	-1	-1	0
6454	6332	6334	2	-1	-1	-1	0
6398	6303	6420	2	-1	-1	-1	0
6414	6413	6296	8	-1	-1	-1	0
6455	6335	6333	2	-1	-1	-1	0
6451	6331	6345	2	-1	-1	-1	0
6298	6416	6415	1	-1	-1	-1	0
6319	6439	6371	8	-1	-1	-1	0
6336	6457	6337	1	-1	-1	-1	0
6456	6339	6335	2	-1	-1	-1	0
6301	6412	6418	0	-1	-1	-1	0
6299	6417	6416	1	-1	-1	-1	0
6450	6327	6355	2	-1	-1	-1	0
6336	6340	6457	1	-1	-1	-1	0
6338	6337	6458	1	-1	-1	-1	0
6419	6417	6302	1	-1	-1	-1	0
6460	6340	6339	2	-1	-1	-1	0
6418	6419	6302	1	-1	-1	-1	0
6303	6421	6420	2	-1	-1	-1	0
6306	6415	6424	2	-1	-1	-1	0
6341	6342	6462	3	-1	-1	-1	0
6341	6463	6343	3	-1	-1	-1	0
6421	6304	6422	2	-1	-1	-1	0
6423	6422	6305	2	-1	-1	-1	0
6423	6306	6424	2	-1	-1	-1	0
6344	6343	6466	3	-1	-1	-1	0
6345	6344	6467	3	-1	-1	-1	0
6426	6425	6307	8	-1	-1	-1	0
6428	6308	6425	8	-1	-1	-1	0
6428	6427	6308	8	-1	-1	-1	0
6309	6429	6426	8	-1	-1	-1	0
6469	6349	6346	5	-1	-1	-1	0
6470	6348	6347	4	-1	-1	-1	0
6470	6347	6350	4	-1	-1	-1	0
6430	6310	6427	8	-1	-1	-1	0
6346	6353	6469	5	-1	-1	-1	0
6472	6350	6349	5	-1	-1	-1	0
6431	6311	6430	8	-1	-1	-1	0
6348	6471	6354	4	-1	-1	-1	0
6352	6351	6474	6	-1	-1	-1	0
6431	6433	6313	8	-1	-1	-1	0
6352	6475	6353	6	-1	-1	-1	0
6314	6433	6434	8	-1	-1	-1	0
6432	6314	6435	8	-1	-1	-1	0
6435	6314	6434	8	-1	-1	-1	0
6436	6315	6432	8	-1	-1	-1	0
6351	6365	6474	6	-1	0	-1	0
6317	6436	6438	8	-1	-1	-1	0
6438	6437	6317	8	-1	-1	-1	0
6357	6356	6479	4	-1	-1	-1	0
6360	6478	6355	3	-1	-1	-1	0
6354	6477	6363	4	-1	-1	-1	0
6480	6356	6358	4	-1	-1	-1	0
6319	6437	6440	8	-1	-1	-1	0
6481	6360	6357	4	-1	-1	-1	0
6319	6440	6439	8	-1	-1	-1	0
6446	6429	6324	8	-1	-1	-1	0
6358	6359	6482	4	-1	-1	-1	0
6361	6483	6359	4	-1	-1	-1	0
6320	6441	6442	8	-1	-1	-1	0
6444	6441	6321	8	-1	-1	-1	0
6321	6443	6444	8	-1	-1	-1	0
6486	6361	6362	4	-1	-1	-1	0
6445	6322	6442	8	-1	-1	-1	0
6363	6487	6362	4	-1	-1	-1	0
6322	6445	6446	8	-1	-1	-1	0
6443	6323	6447	8	-1	-1	-1	0
6366	6488	6367	8	-1	-1	-1	0
6447	6325	6449	0	-1	-1	-1	0
6449	6325	6448	0	-1	-1	-1	0
6367	6489	6370	8	-1	-1	-1	0
6373	6488	6366	8	-1	-1	-1	0
6368	6370	6490	8	-1	-1	-1	0
6491	6369	6368	8	-1	-1	-1	0
6452	6330	6451	2	-1	-1	-1	0
6492	6372	6371	8	-1	-1	-1	0
6372	6492	6373	8	-1	-1	-1	0
6454	6453	6332	2	-1	-1	-1	0
6454	6334	6452	2	-1	-1	-1	0
6453	6455	6333	2	-1	-1	-1	0
6459	6448	6338	1	-1	-1	-1	0
6335	6455	6456	2	-1	-1	-1	0
6377	6495	6378	5	-1	-1	-1	0
6337	6457	6458	1	-1	-1	-1	0
6495	6379	6378	6	-1	-1	-1	0
6377	6380	6495	5	-1	-1	-1	0
6456	6460	6339	2	-1	-1	-1	0
6459	6338	6458	1	-1	-1	-1	0
6342	6450	6464	3	-1	-1	-1	0
6381	6497	6380	5	-1	-1	-1	0
6457	6340	6461	2	-1	-1	-1	0
6382	6498	6381	5	-1	-1	-1	0
6461	6340	6460	2	-1	-1	-1	0
6468	6451	6345	3	-1	-1	-1	0
6499	6382	6384	5	-1	-1	-1	0
6463	6341	6462	3	-1	-1	-1	0
6462	6342	6464	3	-1	-1	-1	0
6500	6385	6383	4	-1	-1	-1	0
6500	6383	6387	4	-1	-1	-1	0
6385	6501	6384	5	-1	-1	-1	0
6465	6343	6463	3	-1	-1	-1	0
6369	6491	6411	8	-1	-1	-1	0
6466	6343	6465	3	-1	-1	-1	0
6344	6466	6467	3	-1	-1	-1	0
6389	6386	6503	3	-1	-1	-1	0
6504	6387	6388	4	-1	-1	-1	0
6503	6386	6390	3	-1	-1	-1	0
6467	6468	6345	3	-1	-1	-1	0
6388	6389	6505	4	-1	-1	-1	0
6355	6478	6450	3	-1	-1	-1	0
6507	6390	6391	3	-1	-1	-1	0
6471	6348	6470	4	-1	-1	-1	0
6349	6469	6472	5	-1	-1	-1	0
6391	6394	6508	3	-1	-1	-1	0
6350	6473	6470	5	-1	-1	-1	0
6509	6392	6393	2	-1	-1	-1	0
6472	6473	6350	5	-1	-1	-1	0
6392	6509	6395	2	-1	-1	-1	0
6469	6353	6476	6	-1	-1	-1	0
6511	6393	6396	2	-1	-1	-1	0
6474	6475	6352	6	0	-1	-1	0
6394	6395	6512	3	-1	-1	-1	0
6354	6471	6477	4	-1	-1	-1	0
6371	6439	6492	8	-1	-1	-1	0
6353	6475	6476	6	-1	0	-1	0
6396	6399	6511	2	-1	-1	-1	0
6514	6397	6398	2	-1	-1	-1	0
6403	6397	6514	2	-1	-1	-1	0
6399	6400	6516	3	-1	-1	-1	0
6479	6356	6480	4	-1	-1	-1	0
6357	6479	6481	4	-1	-1	-1	0
6400	6401	6517	3	-1	-1	-1	0
6358	6482	6480	4	-1	-1	-1	0
6402	6518	6401	3	-1	-1	-1	0
6478	6360	6484	4	-1	-1	-1	0
6482	6359	6483	4	-1	-1	-1	0
6519	6402	6403	3	-1	-1	-1	0
6481	6484	6360	4	-1	-1	-1	0
6477	6487	6363	4	-1	-1	-1	0
6483	6361	6485	4	-1	-1	-1	0
6404	6521	6405	8	-1	-1	-1	0
6398	6420	6514	2	-1	-1	-1	0
6521	6404	6407	8	-1	-1	-1	0
6361	6486	6485	4	-1	-1	-1	0
6362	6487	6486	4	-1	-1	-1	0
6407	6406	6524	8	-1	-1	-1	0
6409	6524	6406	8	-1	-1	-1	0
6414	6405	6523	8	-1	-1	-1	0
6367	6488	6489	8	-1	-1	-1	0
6408	6410	6528	8	-1	-1	-1	0
6529	6409	6408	8	-1	-1	-1	0
6490	6370	6489	8	-1	-1	-1	0
6368	6490	6491	8	-1	-1	-1	0
6531	6410	6411	8	-1	-1	-1	0
6488	6373	6494	8	-1	-1	-1	0
6492	6493	6373	8	-1	-1	-1	0
6493	6494	6373	8	-1	-1	-1	0
6413	6535	6412	8	-1	-1	-1	0
6413	6414	6535	8	-1	-1	-1	0
6535	6418	6412	0	-1	-1	-1	0
6536	6415	6416	2	-1	-1	-1	0
6496	6379	6495	6	0	-1	-1	0
6417	6537	6416	2	-1	-1	-1	0
6451	6468	6452	3	-1	-1	-1	0
6497	6495	6380	5	-1	-1	-1	0
6419	6538	6417	2	-1	-1	-1	0
6536	6424	6415	2	-1	-1	-1	0
6381	6498	6497	5	-1	-1	-1	0
6418	6540	6419	1	-1	-1	-1	0
6498	6382	6499	5	-1	-1	-1	0
6420	6421	6543	3	-1	-1	-1	0
6384	6501	6499	5	-1	-1	-1	0
6500	6502	6385	5	-1	-1	-1	0
6422	6544	6421	3	-1	-1	-1	0
6502	6501	6385	5	-1	-1	-1	0
6423	6545	6422	3	-1	-1	-1	0
6387	6504	6500	4	-1	-1	-1	0
6478	6464	6450	3	-1	-1	-1	0
6424	6546	6423	3	-1	-1	-1	0
6388	6505	6504	4	-1	-1	-1	0
6389	6503	6506	4	-1	-1	-1	0
6425	6426	6548	8	-1	-1	-1	0
6503	6390	6507	3	-1	-1	-1	0
6505	6389	6506	4	-1	-1	-1	0
6428	6425	6547	8	-1	-1	-1	0
6426	6429	6549	8	-1	-1	-1	0
6428	6550	6427	8	-1	-1	-1	0
6391	6508	6507	3	-1	-1	-1	0
6427	6551	6430	8	-1	-1	-1	0
6509	6393	6510	2	-1	-1	-1	0
6393	6511	6510	2	-1	-1	-1	0
6508	6394	6512	3	-1	-1	-1	0
6554	6431	6430	8	-1	-1	-1	0
6395	6509	6513	3	-1	-1	-1	0
6431	6555	6433	8	-1	-1	-1	0
6513	6512	6395	3	-1	-1	-1	0
6555	6434	6433	8	-1	-1	-1	0
6549	6429	6446	8	-1	-1	-1	0
6436	6432	6556	8	-1	-1	-1	0
6557	6432	6435	8	-1	-1	-1	0
6399	6515	6511	3	-1	-1	-1	0
6559	6435	6434	8	-1	-1	-1	0
6399	6516	6515	3	-1	-1	-1	0
6438	6436	6556	8	-1	-1	-1	0
6517	6516	6400	3	-1	-1	-1	0
6401	6518	6517	3	-1	-1	-1	0
6534	6411	6491	8	-1	-1	-1	0
6437	6438	6561	8	-1	-1	-1	0
6403	6514	6520	3	-1	-1	-1	0
6437	6561	6440	8	-1	-1	-1	0
6519	6518	6402	3	-1	-1	-1	0
6563	6439	6440	8	-1	-1	-1	0
6403	6520	6519	3	-1	-1	-1	0
6521	6522	6405	8	-1	-1	-1	0
6441	6567	6442	8	-1	-1	-1	0
6405	6522	6523	8	-1	-1	-1	0
6566	6441	6444	8	-1	-1	-1	0
6407	6527	6521	8	-1	-1	-1	0
6445	6442	6568	8	-1	-1	-1	0
6569	6444	6443	8	-1	-1	-1	0
6525	6407	6524	8	-1	-1	-1	0
6526	6407	6525	8	-1	-1	-1	0
6447	6569	6443	8	-1	-1	-1	0
6407	6526	6527	8	-1	-1	-1	0
6570	6446	6445	8	-1	-1	-1	0
6524	6409	6530	8	-1	-1	-1	0
6408	6528	6529	8	-1	-1	-1	0
6409	6529	6530	8	-1	-1	-1	0
6449	6573	6447	0	-1	-1	-1	0
6449	6448	6574	1	-1	-1	-1	0
6494	6489	6488	8	-1	-1	-1	0
6410	6533	6528	8	-1	-1	-1	0
6414	6523	6535	8	-1	-1	-1	0
6410	6531	6532	8	-1	-1	-1	0
6533	6410	6532	8	-1	-1	-1	0
6542	6514	6420	3	-1	-1	-1	0
6411	6534	6531	8	-1	-1	-1	0
6459	6574	6448	1	-1	-1	-1	0
6454	6452	6577	3	-1	-1	-1	0
6455	6453	6578	3	-1	-1	-1	0
6579	6453	6454	3	-1	-1	-1	0
6495	6497	6496	6	-1	-1	-1	0
6416	6537	6536	2	-1	-1	-1	0
6455	6580	6456	3	-1	-1	-1	0
6539	6418	6535	0	-1	-1	-1	0
6537	6417	6538	2	-1	-1	-1	0
6492	6439	6563	8	-1	-1	-1	0
6576	6452	6468	3	-1	-1	-1	0
6582	6458	6457	2	-1	-1	-1	0
6539	6540	6418	1	-1	-1	-1	0
6460	6456	6581	3	-1	-1	-1	0
6541	6538	6419	2	-1	-1	-1	0
6459	6458	6583	2	-1	-1	-1	0
6461	6582	6457	2	-1	-1	-1	0
6541	6419	6540	2	-1	-1	-1	0
6543	6542	6420	3	-1	-1	-1	0
6460	6585	6461	3	-1	-1	-1	0
6424	6536	6546	3	-1	-1	-1	0
6543	6421	6544	3	-1	-1	-1	0
6422	6545	6544	3	-1	-1	-1	0
6462	6587	6463	4	-1	-1	-1	0
6464	6587	6462	4	-1	-1	-1	0
6423	6546	6545	3	-1	-1	-1	0
6588	6465	6463	4	-1	-1	-1	0
6547	6425	6548	8	-1	-1	-1	0
6590	6466	6465	4	-1	-1	-1	0
6548	6426	6549	8	-1	-1	-1	0
6591	6467	6466	4	-1	-1	-1	0
6552	6428	6547	8	-1	-1	-1	0
6592	6468	6467	4	-1	-1	-1	0
6427	6550	6551	8	-1	-1	-1	0
6550	6428	6553	8	-1	-1	-1	0
6464	6478	6589	4	-1	-1	-1	0
6428	6552	6553	8	-1	-1	-1	0
6472	6469	6594	6	-1	-1	-1	0
6554	6430	6551	8	-1	-1	-1	0
6595	6471	6470	5	-1	-1	-1	0
6595	6470	6473	5	-1	-1	-1	0
6476	6594	6469	6	0	-1	-1	0
6431	6554	6555	8	-1	-1	-1	0
6597	6473	6472	6	-1	-1	-1	0
6471	6596	6477	5	-1	-1	-1	0
6432	6557	6556	8	-1	-1	-1	0
6434	6555	6558	8	-1	-1	-1	0
6492	6563	6493	8	-1	-1	-1	0
6558	6559	6434	8	-1	-1	-1	0
6478	6484	6589	4	-1	-1	-1	0
6435	6560	6557	8	-1	-1	-1	0
6560	6435	6559	8	-1	-1	-1	0
6562	6438	6556	8	-1	-1	-1	0
6600	6481	6479	5	-1	-1	-1	0
6480	6601	6479	5	-1	-1	-1	0
6438	6562	6561	8	-1	-1	-1	0
6477	6599	6487	5	-1	-1	-1	0
6480	6482	6602	5	-1	-1	-1	0
6440	6561	6565	8	-1	-1	-1	0
6564	6563	6440	8	-1	-1	-1	0
6549	6446	6572	8	-1	-1	-1	0
6603	6484	6481	5	-1	-1	-1	0
6604	6482	6483	5	-1	-1	-1	0
6565	6564	6440	8	-1	-1	-1	0
6527	6522	6521	8	-1	-1	-1	0
6483	6485	6605	5	-1	-1	-1	0
6441	6566	6567	8	-1	-1	-1	0
6542	6520	6514	3	-1	-1	-1	0
6567	6568	6442	8	-1	-1	-1	0
6486	6607	6485	5	-1	-1	-1	0
6444	6569	6566	8	-1	-1	-1	0
6487	6608	6486	5	-1	-1	-1	0
6571	6445	6568	8	-1	-1	-1	0
6570	6445	6571	8	-1	-1	-1	0
6446	6570	6572	8	-1	-1	-1	0
6609	6490	6489	8	-1	-1	-1	0
6573	6569	6447	0	-1	-1	-1	0
6491	6490	6612	8	-1	-1	-1	0
6494	6610	6489	8	-1	-1	-1	0
6539	6535	6523	0	-1	-1	-1	0
6573	6449	6575	1	-1	-1	-1	0
6449	6574	6575	1	-1	-1	-1	0
6494	6493	6615	8	-1	-1	-1	0
6576	6577	6452	3	-1	-1	-1	0
6577	6579	6454	3	-1	-1	-1	0
6578	6453	6579	3	-1	-1	-1	0
6497	6618	6496	6	-1	0	-1	0
6578	6580	6455	3	-1	-1	-1	0
6619	6497	6498	6	-1	-1	-1	0
6498	6499	6620	6	-1	-1	-1	0
6456	6580	6581	3	-1	-1	-1	0
6584	6574	6459	2	-1	-1	-1	0
6501	6621	6499	6	-1	-1	-1	0
6458	6582	6583	2	-1	-1	-1	0
6622	6502	6500	5	-1	-1	-1	0
6501	6502	6621	6	-1	-1	-1	0
6459	6583	6584	2	-1	-1	-1	0
6504	6622	6500	5	-1	-1	-1	0
6585	6460	6581	3	-1	-1	-1	0
6586	6582	6461	3	-1	-1	-1	0
6461	6585	6586	3	-1	-1	-1	0
6503	6624	6506	4	-1	-1	-1	0
6624	6503	6507	4	-1	-1	-1	0
6625	6504	6505	5	-1	-1	-1	0
6468	6593	6576	4	-1	-1	-1	0
6626	6505	6506	5	-1	-1	-1	0
6491	6613	6534	8	-1	-1	-1	0
6588	6463	6587	4	-1	-1	-1	0
6589	6587	6464	4	-1	-1	-1	0
6508	6628	6507	4	-1	-1	-1	0
6588	6590	6465	4	-1	-1	-1	0
6466	6590	6591	4	-1	-1	-1	0
6508	6512	6629	4	-1	-1	-1	0
6510	6630	6509	3	-1	-1	-1	0
6591	6592	6467	4	-1	-1	-1	0
6630	6513	6509	3	-1	-1	-1	0
6631	6510	6511	3	-1	-1	-1	0
6593	6468	6592	4	-1	-1	-1	0
6632	6512	6513	4	-1	-1	-1	0
6511	6515	6631	3	-1	-1	-1	0
6471	6595	6596	5	-1	-1	-1	0
6472	6594	6597	6	-1	0	-1	0
6635	6515	6516	4	-1	-1	-1	0
6595	6473	6598	6	-1	-1	-1	0
6473	6597	6598	6	-1	0	-1	0
6636	6516	6517	4	-1	-1	-1	0
6477	6596	6599	5	-1	-1	-1	0
6493	6563	6616	8	-1	-1	-1	0
6637	6517	6518	4	-1	-1	-1	0
6519	6638	6518	4	-1	-1	-1	0
6520	6639	6519	4	-1	-1	-1	0
6484	6606	6589	5	-1	-1	-1	0
6601	6600	6479	5	-1	-1	-1	0
6480	6602	6601	5	-1	-1	-1	0
6600	6603	6481	5	-1	-1	-1	0
6641	6523	6522	0	-1	-1	-1	0
6604	6602	6482	5	-1	-1	-1	0
6642	6522	6527	0	-1	-1	-1	0
6483	6605	6604	5	-1	-1	-1	0
6524	6643	6525	8	-1	-1	-1	0
6484	6603	6606	5	-1	-1	-1	0
6599	6608	6487	5	-1	-1	-1	0
6525	6644	6526	8	-1	-1	-1	0
6530	6643	6524	8	-1	-1	-1	0
6605	6485	6607	5	-1	-1	-1	0
6526	6645	6527	0	-1	-1	-1	0
6486	6608	6607	5	-1	-1	-1	0
6542	6640	6520	4	-1	-1	-1	0
6523	6641	6539	0	-1	-1	-1	0
6528	6647	6529	8	-1	-1	-1	0
6529	6649	6530	8	-1	-1	-1	0
6609	6489	6610	8	-1	-1	-1	0
6533	6647	6528	8	-1	-1	-1	0
6490	6609	6611	8	-1	-1	-1	0
6490	6611	6612	8	-1	-1	-1	0
6651	6532	6531	8	-1	-1	-1	0
6613	6491	6612	8	-1	-1	-1	0
6651	6531	6534	8	-1	-1	-1	0
6533	6532	6652	8	-1	-1	-1	0
6617	6610	6494	8	-1	-1	-1	0
6493	6614	6615	8	-1	-1	-1	0
6493	6616	6614	8	-1	-1	-1	0
6494	6615	6617	8	-1	-1	-1	0
6536	6537	6657	3	-1	-1	-1	0
6537	6538	6658	3	-1	-1	-1	0
6619	6618	6497	6	0	-1	-1	0
6620	6619	6498	6	0	-1	-1	0
6657	6546	6536	3	-1	-1	-1	0
6538	6541	6660	3	-1	-1	-1	0
6540	6539	6661	1	-1	-1	-1	0
6621	6620	6499	6	0	-1	-1	0
6541	6540	6662	2	-1	-1	-1	0
6502	6623	6621	6	-1	0	-1	0
6502	6622	6623	6	-1	-1	-1	0
6542	6543	6664	4	-1	-1	-1	0
6625	6622	6504	5	-1	-1	-1	0
6665	6543	6544	4	-1	-1	-1	0
6545	6666	6544	4	-1	-1	-1	0
6626	6625	6505	5	-1	-1	-1	0
6624	6627	6506	5	-1	-1	-1	0
6545	6546	6667	4	-1	-1	-1	0
6626	6506	6627	5	-1	-1	-1	0
6624	6507	6628	4	-1	-1	-1	0
6548	6669	6547	8	-1	-1	-1	0
6508	6629	6628	4	-1	-1	-1	0
6670	6548	6549	8	-1	-1	-1	0
6552	6547	6669	8	-1	-1	-1	0
6510	6631	6630	3	-1	-1	-1	0
6672	6551	6550	8	-1	-1	-1	0
6629	6512	6632	4	-1	-1	-1	0
6550	6553	6672	8	-1	-1	-1	0
6630	6633	6513	4	-1	-1	-1	0
6633	6632	6513	4	-1	-1	-1	0
6554	6551	6673	8	-1	-1	-1	0
6515	6634	6631	4	-1	-1	-1	0
6675	6553	6552	0	-1	-1	-1	0
6515	6635	6634	4	-1	-1	-1	0
6636	6635	6516	4	-1	-1	-1	0
6679	6555	6554	8	-1	-1	-1	0
6517	6637	6636	4	-1	-1	-1	0
6555	6679	6558	8	-1	-1	-1	0
6549	6572	6671	8	-1	-1	-1	0
6637	6518	6638	4	-1	-1	-1	0
6556	6557	6680	8	-1	-1	-1	0
6639	6638	6519	4	-1	-1	-1	0
6556	6680	6562	8	-1	-1	-1	0
6557	6560	6682	8	-1	-1	-1	0
6520	6640	6639	4	-1	-1	-1	0
6558	6683	6559	8	-1	-1	-1	0
6613	6656	6534	8	-1	-1	-1	0
6559	6685	6560	8	-1	-1	-1	0
6522	6642	6641	0	-1	-1	-1	0
6561	6562	6688	8	-1	-1	-1	0
6644	6525	6643	8	-1	-1	-1	0
6642	6527	6645	0	-1	-1	-1	0
6565	6561	6688	8	-1	-1	-1	0
6646	6526	6644	0	-1	-1	-1	0
6646	6645	6526	0	-1	-1	-1	0
6563	6564	6691	8	-1	-1	-1	0
6564	6565	6692	8	-1	-1	-1	0
6650	6643	6530	8	-1	-1	-1	0
6647	6648	6529	8	-1	-1	-1	0
6648	6649	6529	8	-1	-1	-1	0
6530	6649	6650	8	-1	-1	-1	0
6567	6566	6697	0	-1	-1	-1	0
6566	6569	6696	0	-1	-1	-1	0
6567	6698	6568	0	-1	-1	-1	0
6533	6655	6647	8	-1	-1	-1	0
6651	6653	6532	8	-1	-1	-1	0
6653	6652	6532	8	-1	-1	-1	0
6696	6569	6573	0	-1	-1	-1	0
6571	6568	6699	0	-1	-1	-1	0
6654	6533	6652	8	-1	-1	-1	0
6661	6539	6641	1	-1	-1	-1	0
6570	6571	6700	8	-1	-1	-1	0
6651	6534	6656	8	-1	-1	-1	0
6700	6572	6570	8	-1	-1	-1	0
6533	6654	6655	8	-1	-1	-1	0
6542	6664	6640	4	-1	-1	-1	0
6575	6702	6573	1	-1	-1	-1	0
6658	6657	6537	3	-1	-1	-1	0
6703	6575	6574	2	-1	-1	-1	0
6658	6538	6659	3	-1	-1	-1	0
6660	6659	6538	3	-1	-1	-1	0
6705	6577	6576	4	-1	-1	-1	0
6574	6584	6703	2	-1	-1	-1	0
6579	6577	6706	4	-1	-1	-1	0
6662	6540	6661	2	-1	-1	-1	0
6663	6660	6541	3	-1	-1	-1	0
6707	6578	6579	4	-1	-1	-1	0
6578	6708	6580	4	-1	-1	-1	0
6662	6663	6541	3	-1	-1	-1	0
6563	6691	6616	8	-1	-1	-1	0
6580	6709	6581	4	-1	-1	-1	0
6668	6546	6657	4	-1	-1	-1	0
6664	6543	6665	4	-1	-1	-1	0
6593	6705	6576	4	-1	-1	-1	0
6544	6666	6665	4	-1	-1	-1	0
6583	6582	6711	3	-1	-1	-1	0
6581	6710	6585	4	-1	-1	-1	0
6667	6666	6545	4	-1	-1	-1	0
6712	6584	6583	3	-1	-1	-1	0
6711	6582	6586	3	-1	-1	-1	0
6668	6667	6546	4	-1	-1	-1	0
6585	6714	6586	4	-1	-1	-1	0
6669	6548	6670	8	-1	-1	-1	0
6671	6670	6549	8	-1	-1	-1	0
6587	6589	6716	5	-1	-1	-1	0
6587	6717	6588	5	-1	-1	-1	0
6590	6588	6718	5	-1	-1	-1	0
6674	6551	6672	8	-1	-1	-1	0
6552	6669	6676	0	-1	-1	-1	0
6551	6674	6673	8	-1	-1	-1	0
6591	6590	6719	5	-1	-1	-1	0
6720	6592	6591	5	-1	-1	-1	0
6678	6672	6553	0	-1	-1	-1	0
6675	6552	6676	0	-1	-1	-1	0
6677	6553	6675	0	-1	-1	-1	0
6593	6592	6721	5	-1	-1	-1	0
6554	6673	6679	8	-1	-1	-1	0
6677	6678	6553	0	-1	-1	-1	0
6606	6716	6589	5	-1	-1	-1	0
6596	6595	6723	6	-1	-1	-1	0
6723	6595	6598	6	-1	-1	0	0
6557	6681	6680	8	-1	-1	-1	0
6599	6596	6724	6	-1	-1	-1	0
6682	6681	6557	8	-1	-1	-1	0
6684	6558	6679	8	-1	-1	-1	0
6684	6683	6558	8	-1	-1	-1	0
6601	6727	6600	6	-1	-1	-1	0
6559	6683	6686	8	-1	-1	-1	0
6600	6726	6603	6	-1	-1	-1	0
6687	6682	6560	8	-1	-1	-1	0
6559	6686	6685	8	-1	-1	-1	0
6680	6689	6562	8	-1	-1	-1	0
6728	6601	6602	6	-1	-1	-1	0
6685	6687	6560	8	-1	-1	-1	0
6608	6599	6725	6	-1	-1	-1	0
6604	6729	6602	6	-1	-1	-1	0
6643	6650	6644	8	-1	-1	-1	0
6606	6603	6730	6	-1	-1	-1	0
6690	6688	6562	8	-1	-1	-1	0
6731	6604	6605	6	-1	-1	-1	0
6690	6562	6689	8	-1	-1	-1	0
6671	6572	6700	8	-1	-1	-1	0
6607	6732	6605	6	-1	-1	-1	0
6694	6565	6688	8	-1	-1	-1	0
6691	6564	6693	8	-1	-1	-1	0
6564	6692	6693	8	-1	-1	-1	0
6734	6607	6608	6	-1	-1	-1	0
6655	6648	6647	8	-1	-1	-1	0
6565	6695	6692	8	-1	-1	-1	0
6695	6565	6694	8	-1	-1	-1	0
6609	6610	6735	8	-1	-1	-1	0
6611	6609	6736	8	-1	-1	-1	0
6697	6566	6696	0	-1	-1	-1	0
6567	6697	6698	0	-1	-1	-1	0
6611	6740	6612	8	-1	-1	-1	0
6737	6610	6617	8	-1	-1	-1	0
6568	6698	6699	0	-1	-1	-1	0
6612	6741	6613	8	-1	-1	-1	0
6701	6571	6699	0	-1	-1	-1	0
6696	6573	6702	1	-1	-1	-1	0
6614	6743	6615	8	-1	-1	-1	0
6701	6700	6571	0	-1	-1	-1	0
6616	6744	6614	8	-1	-1	-1	0
6745	6617	6615	8	-1	-1	-1	0
6704	6702	6575	2	-1	-1	-1	0
6703	6704	6575	2	-1	-1	-1	0
6577	6705	6706	4	-1	-1	-1	0
6707	6579	6706	4	-1	-1	-1	0
6748	6623	6622	6	0	-1	-1	0
6707	6708	6578	4	-1	-1	-1	0
6748	6622	6625	6	-1	-1	-1	0
6708	6709	6580	4	-1	-1	-1	0
6581	6709	6710	4	-1	-1	-1	0
6627	6624	6749	5	-1	-1	-1	0
6584	6713	6703	3	-1	-1	-1	0
6628	6749	6624	5	-1	-1	-1	0
6626	6750	6625	6	-1	-1	-1	0
6627	6751	6626	6	-1	-1	-1	0
6712	6583	6711	3	-1	-1	-1	0
6714	6585	6710	4	-1	-1	-1	0
6712	6713	6584	3	-1	-1	-1	0
6741	6656	6613	8	-1	-1	-1	0
6753	6628	6629	5	-1	-1	-1	0
6715	6711	6586	4	-1	-1	-1	0
6632	6754	6629	5	-1	-1	-1	0
6586	6714	6715	4	-1	-1	-1	0
6630	6631	6755	4	-1	-1	-1	0
6755	6633	6630	4	-1	-1	-1	0
6716	6717	6587	5	-1	-1	-1	0
6593	6722	6705	5	-1	-1	-1	0
6755	6631	6634	4	-1	-1	-1	0
6632	6633	6756	5	-1	-1	-1	0
6717	6718	6588	5	-1	-1	-1	0
6672	6678	6674	0	-1	-1	-1	0
6719	6590	6718	5	-1	-1	-1	0
6634	6635	6759	5	-1	-1	-1	0
6591	6719	6720	5	-1	-1	-1	0
6636	6760	6635	5	-1	-1	-1	0
6592	6720	6721	5	-1	-1	-1	0
6637	6761	6636	5	-1	-1	-1	0
6721	6722	6593	5	-1	-1	-1	0
6762	6637	6638	5	-1	-1	-1	0
6638	6639	6763	5	-1	-1	-1	0
6764	6639	6640	5	-1	-1	-1	0
6596	6723	6724	6	-1	0	-1	0
6599	6724	6725	6	-1	0	-1	0
6641	6642	6767	1	-1	-1	-1	0
6681	6689	6680	8	-1	-1	-1	0
6691	6746	6616	8	-1	-1	-1	0
6727	6726	6600	6	0	-1	-1	0
6716	6606	6733	6	-1	-1	-1	0
6645	6768	6642	1	-1	-1	-1	0
6601	6728	6727	6	-1	0	-1	0
6644	6769	6646	0	-1	-1	-1	0
6728	6602	6729	6	-1	-1	0	0
6730	6603	6726	6	-1	-1	0	0
6646	6771	6645	1	-1	-1	-1	0
6604	6731	6729	6	-1	0	-1	0
6770	6644	6650	0	-1	-1	-1	0
6608	6725	6734	6	-1	0	-1	0
6731	6605	6732	6	-1	-1	0	0
6767	6661	6641	1	-1	-1	-1	0
6733	6606	6730	6	-1	-1	0	0
6766	6640	6664	5	-1	-1	-1	0
6649	6648	6773	0	-1	-1	-1	0
6690	6694	6688	8	-1	-1	-1	0
6607	6734	6732	6	-1	0	-1	0
6649	6775	6650	0	-1	-1	-1	0
6774	6648	6655	0	-1	-1	-1	0
6736	6609	6735	8	-1	-1	-1	0
6653	6651	6776	8	-1	-1	-1	0
6652	6653	6777	8	-1	-1	-1	0
6652	6777	6654	8	-1	-1	-1	0
6651	6656	6776	8	-1	-1	-1	0
6610	6738	6735	8	-1	-1	-1	0
6738	6610	6737	8	-1	-1	-1	0
6611	6736	6739	8	-1	-1	-1	0
6655	6654	6779	0	-1	-1	-1	0
6740	6611	6739	8	-1	-1	-1	0
6612	6740	6742	8	-1	-1	-1	0
6742	6741	6612	8	-1	-1	-1	0
6766	6664	6665	5	-1	-1	-1	0
6657	6658	6781	4	-1	-1	-1	0
6658	6659	6782	4	-1	-1	-1	0
6745	6737	6617	8	-1	-1	-1	0
6744	6743	6614	8	-1	-1	-1	0
6659	6660	6783	4	-1	-1	-1	0
6745	6615	6743	8	-1	-1	-1	0
6657	6781	6668	4	-1	-1	-1	0
6784	6660	6663	4	-1	-1	-1	0
6747	6744	6616	8	-1	-1	-1	0
6785	6662	6661	2	-1	-1	-1	0
6616	6746	6747	8	-1	-1	-1	0
6786	6663	6662	3	-1	-1	-1	0
6666	6789	6665	5	-1	-1	-1	0
6625	6750	6748	6	-1	0	-1	0
6666	6667	6790	5	-1	-1	-1	0
6667	6668	6791	5	-1	-1	-1	0
6750	6626	6751	6	-1	-1	0	0
6752	6627	6749	6	-1	-1	-1	0
6753	6749	6628	5	-1	-1	-1	0
6752	6751	6627	6	0	-1	-1	0
6793	6669	6670	0	-1	-1	-1	0
6670	6671	6794	0	-1	-1	-1	0
6754	6753	6629	5	-1	-1	-1	0
6793	6676	6669	0	-1	-1	-1	0
6756	6754	6632	5	-1	-1	-1	0
6796	6673	6674	8	-1	-1	-1	0
6757	6633	6755	5	-1	-1	-1	0
6633	6757	6756	5	-1	-1	-1	0
6758	6755	6634	5	-1	-1	-1	0
6673	6796	6679	8	-1	-1	-1	0
6675	6676	6798	1	-1	-1	-1	0
6797	6674	6678	0	-1	-1	-1	0
6677	6675	6799	1	-1	-1	-1	0
6758	6634	6759	5	-1	-1	-1	0
6759	6635	6760	5	-1	-1	-1	0
6678	6677	6801	1	-1	-1	-1	0
6761	6760	6636	5	-1	-1	-1	0
6679	6796	6684	8	-1	-1	-1	0
6762	6761	6637	5	-1	-1	-1	0
6763	6762	6638	5	-1	-1	-1	0
6682	6802	6681	8	-1	-1	-1	0
6639	6764	6763	5	-1	-1	-1	0
6700	6795	6671	0	-1	-1	-1	0
6764	6640	6765	5	-1	-1	-1	0
6766	6765	6640	5	-1	-1	-1	0
6656	6741	6776	8	-1	-1	-1	0
6683	6684	6806	0	-1	-1	-1	0
6681	6803	6689	8	-1	-1	-1	0
6805	6682	6687	8	-1	-1	-1	0
6686	6683	6807	0	-1	-1	-1	0
6768	6767	6642	1	-1	-1	-1	0
6686	6809	6685	8	-1	-1	-1	0
6687	6685	6809	8	-1	-1	-1	0
6689	6803	6690	8	-1	-1	-1	0
6770	6769	6644	0	-1	-1	-1	0
6771	6768	6645	1	-1	-1	-1	0
6772	6646	6769	1	-1	-1	-1	0
6772	6771	6646	1	-1	-1	-1	0
6774	6773	6648	0	-1	-1	-1	0
6694	6690	6811	8	-1	-1	-1	0
6650	6775	6770	0	-1	-1	-1	0
6691	6693	6812	8	-1	-1	-1	0
6701	6795	6700	0	-1	-1	-1	0
6773	6775	6649	0	-1	-1	-1	0
6692	6813	6693	8	-1	-1	-1	0
6695	6813	6692	8	-1	-1	-1	0
6695	6694	6816	8	-1	-1	-1	0
6653	6776	6778	8	-1	-1	-1	0
6774	6655	6779	0	-1	-1	-1	0
6777	6653	6778	8	-1	-1	-1	0
6654	6777	6780	0	-1	-1	-1	0
6697	6696	6819	1	-1	-1	-1	0
6780	6779	6654	0	-1	-1	-1	0
6661	6767	6785	2	-1	-1	-1	0
6698	6697	6820	1	-1	-1	-1	0
6696	6702	6819	1	-1	-1	-1	0
6699	6698	6821	1	-1	-1	-1	0
6766	6665	6788	5	-1	-1	-1	0
6781	6658	6782	4	-1	-1	-1	0
6701	6699	6822	1	-1	-1	-1	0
6659	6783	6782	4	-1	-1	-1	0
6783	6660	6784	4	-1	-1	-1	0
6824	6702	6704	2	-1	-1	-1	0
6704	6703	6825	3	-1	-1	-1	0
6785	6786	6662	3	-1	-1	-1	0
6784	6663	6787	4	-1	-1	-1	0
6787	6663	6786	4	-1	-1	-1	0
6706	6705	6827	5	-1	-1	-1	0
6703	6713	6825	3	-1	-1	-1	0
6706	6828	6707	5	-1	-1	-1	0
6792	6668	6781	5	-1	-1	-1	0
6789	6788	6665	5	-1	-1	-1	0
6707	6829	6708	5	-1	-1	-1	0
6789	6666	6790	5	-1	-1	-1	0
6708	6830	6709	5	-1	-1	-1	0
6790	6667	6791	5	-1	-1	-1	0
6746	6691	6812	8	-1	-1	-1	0
6710	6709	6831	5	-1	-1	-1	0
6791	6668	6792	5	-1	-1	-1	0
6705	6722	6827	5	-1	-1	-1	0
6833	6712	6711	4	-1	-1	-1	0
6832	6714	6710	5	-1	-1	-1	0
6793	6670	6794	0	-1	-1	-1	0
6834	6713	6712	4	-1	-1	-1	0
6794	6671	6795	0	-1	-1	-1	0
6711	6715	6833	4	-1	-1	-1	0
6714	6836	6715	5	-1	-1	-1	0
6797	6796	6674	0	-1	-1	-1	0
6676	6793	6800	1	-1	-1	-1	0
6758	6757	6755	5	-1	-1	-1	0
6717	6716	6838	6	-1	-1	-1	0
6798	6799	6675	1	-1	-1	-1	0
6800	6798	6676	1	-1	-1	-1	0
6839	6718	6717	6	-1	-1	-1	0
6678	6801	6797	1	-1	-1	-1	0
6677	6799	6801	1	-1	-1	-1	0
6840	6719	6718	6	-1	-1	-1	0
6841	6720	6719	6	-1	-1	-1	0
6720	6842	6721	6	-1	-1	-1	0
6681	6802	6803	8	-1	-1	-1	0
6721	6843	6722	6	-1	-1	-1	0
6716	6733	6838	6	-1	0	-1	0
6796	6808	6684	0	-1	-1	-1	0
6682	6804	6802	8	-1	-1	-1	0
6682	6805	6804	8	-1	-1	-1	0
6807	6683	6806	0	-1	-1	-1	0
6684	6808	6806	0	-1	-1	-1	0
6687	6809	6805	8	-1	-1	-1	0
6686	6807	6810	0	-1	-1	-1	0
6811	6690	6803	8	-1	-1	-1	0
6809	6686	6810	0	-1	-1	-1	0
6735	6845	6736	8	-1	-1	-1	0
6738	6845	6735	8	-1	-1	-1	0
6795	6701	6823	1	-1	-1	-1	0
6814	6812	6693	8	-1	-1	-1	0
6815	6693	6813	8	-1	-1	-1	0
6811	6816	6694	8	-1	-1	-1	0
6739	6736	6846	8	-1	-1	-1	0
6815	6814	6693	8	-1	-1	-1	0
6738	6737	6848	8	-1	-1	-1	0
6695	6818	6813	8	-1	-1	-1	0
6817	6695	6816	8	-1	-1	-1	0
6695	6817	6818	8	-1	-1	-1	0
6745	6849	6737	8	-1	-1	-1	0
6739	6852	6740	8	-1	-1	-1	0
6854	6742	6740	8	-1	-1	-1	0
6819	6820	6697	1	-1	-1	-1	0
6741	6742	6855	8	-1	-1	-1	0
6698	6820	6821	1	-1	-1	-1	0
6699	6821	6822	1	-1	-1	-1	0
6743	6744	6858	8	-1	-1	-1	0
6824	6819	6702	2	-1	-1	-1	0
6745	6743	6858	8	-1	-1	-1	0
6701	6822	6823	1	-1	-1	-1	0
6744	6747	6859	8	-1	-1	-1	0
6861	6747	6746	8	-1	-1	-1	0
6704	6826	6824	3	-1	-1	-1	0
6826	6704	6825	3	-1	-1	-1	0
6706	6827	6828	5	-1	-1	-1	0
6828	6829	6707	5	-1	-1	-1	0
6749	6864	6752	6	-1	0	-1	0
6753	6864	6749	6	-1	-1	-1	0
6829	6830	6708	5	-1	-1	-1	0
6830	6831	6709	5	-1	-1	-1	0
6741	6855	6776	8	-1	-1	-1	0
6865	6753	6754	6	-1	-1	-1	0
6832	6710	6831	5	-1	-1	-1	0
6825	6713	6835	4	-1	-1	-1	0
6866	6754	6756	6	-1	-1	-1	0
6712	6833	6834	4	-1	-1	-1	0
6867	6756	6757	6	-1	-1	-1	0
6834	6835	6713	4	-1	-1	-1	0
6714	6832	6836	5	-1	-1	-1	0
6868	6757	6758	6	-1	-1	-1	0
6837	6833	6715	5	-1	-1	-1	0
6869	6758	6759	6	-1	-1	-1	0
6715	6836	6837	5	-1	-1	-1	0
6760	6870	6759	6	-1	-1	-1	0
6871	6760	6761	6	-1	-1	-1	0
6827	6722	6844	6	-1	-1	-1	0
6838	6839	6717	6	0	-1	-1	0
6762	6872	6761	6	-1	-1	-1	0
6840	6718	6839	6	-1	-1	0	0
6763	6873	6762	6	-1	-1	-1	0
6841	6719	6840	6	-1	-1	0	0
6764	6874	6763	6	-1	-1	-1	0
6808	6796	6797	0	-1	-1	-1	0
6720	6841	6842	6	-1	0	-1	0
6765	6875	6764	6	-1	-1	-1	0
6843	6721	6842	6	-1	-1	0	0
6766	6876	6765	6	-1	-1	-1	0
6844	6722	6843	6	-1	-1	0	0
6767	6768	6878	2	-1	-1	-1	0
6812	6860	6746	8	-1	-1	-1	0
6879	6768	6771	2	-1	-1	-1	0
6769	6770	6880	1	-1	-1	-1	0
6880	6772	6769	1	-1	-1	-1	0
6772	6882	6771	2	-1	-1	-1	0
6775	6881	6770	1	-1	-1	-1	0
6845	6847	6736	8	-1	-1	-1	0
6847	6846	6736	8	-1	-1	-1	0
6878	6785	6767	2	-1	-1	-1	0
6774	6884	6773	1	-1	-1	-1	0
6788	6877	6766	6	-1	-1	-1	0
6885	6775	6773	1	-1	-1	-1	0
6738	6851	6845	8	-1	-1	-1	0
6849	6848	6737	8	-1	-1	-1	0
6850	6738	6848	8	-1	-1	-1	0
6739	6846	6853	8	-1	-1	-1	0
6886	6774	6779	1	-1	-1	-1	0
6738	6850	6851	8	-1	-1	-1	0
6776	6887	6778	8	-1	-1	-1	0
6777	6778	6888	0	-1	-1	-1	0
6852	6739	6853	8	-1	-1	-1	0
6888	6780	6777	0	-1	-1	-1	0
6740	6852	6854	8	-1	-1	-1	0
6818	6815	6813	8	-1	-1	-1	0
6890	6779	6780	1	-1	-1	-1	0
6785	6878	6786	3	-1	-1	-1	0
6849	6745	6858	8	-1	-1	-1	0
6857	6742	6854	8	-1	-1	-1	0
6856	6855	6742	8	-1	-1	-1	0
6742	6857	6856	8	-1	-1	-1	0
6781	6782	6892	5	-1	-1	-1	0
6893	6782	6783	5	-1	-1	-1	0
6784	6894	6783	5	-1	-1	-1	0
6744	6859	6858	8	-1	-1	-1	0
6781	6892	6792	5	-1	-1	-1	0
6895	6784	6787	5	-1	-1	-1	0
6746	6860	6861	8	-1	-1	-1	0
6862	6859	6747	8	-1	-1	-1	0
6786	6896	6787	4	-1	-1	-1	0
6863	6747	6861	8	-1	-1	-1	0
6747	6863	6862	8	-1	-1	-1	0
6788	6789	6899	6	-1	-1	-1	0
6790	6900	6789	6	-1	-1	-1	0
6790	6791	6901	6	-1	-1	-1	0
6865	6864	6753	6	0	-1	-1	0
6792	6902	6791	6	-1	-1	-1	0
6754	6866	6865	6	-1	0	-1	0
6756	6867	6866	6	-1	0	-1	0
6793	6794	6904	1	-1	-1	-1	0
6867	6757	6868	6	-1	-1	0	0
6794	6795	6905	1	-1	-1	-1	0
6868	6758	6869	6	-1	-1	0	0
6793	6904	6800	1	-1	-1	-1	0
6759	6870	6869	6	-1	0	-1	0
6871	6870	6760	6	0	-1	-1	0
6761	6872	6871	6	-1	0	-1	0
6907	6799	6798	2	-1	-1	-1	0
6906	6797	6801	1	-1	-1	-1	0
6800	6908	6798	2	-1	-1	-1	0
6873	6872	6762	6	0	-1	-1	0
6910	6801	6799	2	-1	-1	-1	0
6874	6873	6763	6	0	-1	-1	0
6808	6797	6906	1	-1	-1	-1	0
6875	6874	6764	6	0	-1	-1	0
6765	6876	6875	6	-1	0	-1	0
6912	6803	6802	8	-1	-1	-1	0
6887	6776	6855	8	-1	-1	-1	0
6912	6802	6804	8	-1	-1	-1	0
6877	6876	6766	6	0	-1	-1	0
6823	6905	6795	1	-1	-1	-1	0
6805	6915	6804	0	-1	-1	-1	0
6879	6878	6768	2	-1	-1	-1	0
6811	6803	6913	8	-1	-1	-1	0
6917	6807	6806	1	-1	-1	-1	0
6805	6809	6916	0	-1	-1	-1	0
6806	6808	6917	1	-1	-1	-1	0
6880	6770	6881	1	-1	-1	-1	0
6771	6882	6879	2	-1	-1	-1	0
6916	6809	6810	0	-1	-1	-1	0
6880	6883	6772	2	-1	-1	-1	0
6810	6807	6918	1	-1	-1	-1	0
6883	6882	6772	2	-1	-1	-1	0
6885	6881	6775	1	-1	-1	-1	0
6773	6884	6885	1	-1	-1	-1	0
6845	6851	6847	8	-1	-1	-1	0
6886	6884	6774	1	-1	-1	-1	0
6816	6811	6921	8	-1	-1	-1	0
6812	6814	6922	8	-1	-1	-1	0
6815	6924	6814	0	-1	-1	-1	0
6816	6921	6817	8	-1	-1	-1	0
6778	6887	6889	0	-1	-1	-1	0
6778	6889	6888	0	-1	-1	-1	0
6886	6779	6890	1	-1	-1	-1	0
6925	6815	6818	0	-1	-1	-1	0
6891	6780	6888	1	-1	-1	-1	0
6891	6890	6780	1	-1	-1	-1	0
6817	6926	6818	0	-1	-1	-1	0
6878	6897	6786	3	-1	-1	-1	0
6877	6788	6899	6	-1	-1	0	0
6892	6782	6893	5	-1	-1	-1	0
6820	6819	6928	2	-1	-1	-1	0
6820	6929	6821	2	-1	-1	-1	0
6783	6894	6893	5	-1	-1	-1	0
6928	6819	6824	2	-1	-1	-1	0
6895	6894	6784	5	-1	-1	-1	0
6822	6821	6930	2	-1	-1	-1	0
6823	6822	6931	2	-1	-1	-1	0
6897	6896	6786	4	-1	-1	-1	0
6895	6787	6898	5	-1	-1	-1	0
6896	6898	6787	5	-1	-1	-1	0
6826	6933	6824	3	-1	-1	-1	0
6934	6826	6825	4	-1	-1	-1	0
6903	6792	6892	6	-1	-1	-1	0
6789	6900	6899	6	-1	0	-1	0
6827	6936	6828	6	-1	-1	-1	0
6790	6901	6900	6	-1	0	-1	0
6835	6934	6825	4	-1	-1	-1	0
6828	6937	6829	6	-1	-1	-1	0
6922	6860	6812	8	-1	-1	-1	0
6902	6901	6791	6	0	-1	-1	0
6938	6830	6829	6	-1	-1	-1	0
6903	6902	6792	6	0	-1	-1	0
6887	6855	6856	8	-1	-1	-1	0
6830	6939	6831	6	-1	-1	-1	0
6794	6905	6904	1	-1	-1	-1	0
6940	6832	6831	6	-1	-1	-1	0
6827	6844	6936	6	-1	0	-1	0
6942	6834	6833	5	-1	-1	-1	0
6836	6832	6941	6	-1	-1	-1	0
6943	6835	6834	5	-1	-1	-1	0
6942	6833	6837	5	-1	-1	-1	0
6908	6907	6798	2	-1	-1	-1	0
6909	6799	6907	2	-1	-1	-1	0
6800	6904	6911	2	-1	-1	-1	0
6801	6910	6906	2	-1	-1	-1	0
6909	6910	6799	2	-1	-1	-1	0
6945	6837	6836	6	-1	-1	-1	0
6800	6911	6908	2	-1	-1	-1	0
6912	6913	6803	8	-1	-1	-1	0
6912	6804	6914	0	-1	-1	-1	0
6914	6804	6915	0	-1	-1	-1	0
6919	6808	6906	1	-1	-1	-1	0
6805	6916	6915	0	-1	-1	-1	0
6847	6947	6846	0	-1	-1	-1	0
6917	6918	6807	1	-1	-1	-1	0
6808	6919	6917	1	-1	-1	-1	0
6921	6811	6913	8	-1	-1	-1	0
6851	6948	6847	0	-1	-1	-1	0
6916	6810	6920	1	-1	-1	-1	0
6848	6849	6949	8	-1	-1	-1	0
6947	6853	6846	0	-1	-1	-1	0
6848	6949	6850	8	-1	-1	-1	0
6810	6918	6920	1	-1	-1	-1	0
6850	6952	6851	0	-1	-1	-1	0
6879	6897	6878	3	-1	-1	-1	0
6849	6858	6950	8	-1	-1	-1	0
6853	6953	6852	8	-1	-1	-1	0
6953	6854	6852	8	-1	-1	-1	0
6922	6814	6923	0	-1	-1	-1	0
6932	6905	6823	2	-1	-1	-1	0
6923	6814	6924	0	-1	-1	-1	0
6854	6953	6857	8	-1	-1	-1	0
6925	6924	6815	0	-1	-1	-1	0
6817	6921	6927	0	-1	-1	-1	0
6925	6818	6926	0	-1	-1	-1	0
6857	6956	6856	0	-1	-1	-1	0
6927	6926	6817	0	-1	-1	-1	0
6958	6858	6859	8	-1	-1	-1	0
6928	6929	6820	2	-1	-1	-1	0
6958	6859	6862	8	-1	-1	-1	0
6821	6929	6930	2	-1	-1	-1	0
6959	6861	6860	8	-1	-1	-1	0
6931	6822	6930	2	-1	-1	-1	0
6861	6959	6863	8	-1	-1	-1	0
6824	6933	6928	3	-1	-1	-1	0
6823	6931	6932	2	-1	-1	-1	0
6863	6961	6862	0	-1	-1	-1	0
6826	6935	6933	4	-1	-1	-1	0
6935	6826	6934	4	-1	-1	-1	0
6887	6856	6955	0	-1	-1	-1	0
6936	6937	6828	6	0	-1	-1	0
6937	6938	6829	6	0	-1	-1	0
6938	6939	6830	6	0	-1	-1	0
6940	6831	6939	6	-1	-1	0	0
6940	6941	6832	6	0	-1	-1	0
6944	6934	6835	5	-1	-1	-1	0
6943	6834	6942	5	-1	-1	-1	0
6945	6836	6941	6	-1	-1	0	0
6943	6944	6835	5	-1	-1	-1	0
6879	6882	6963	3	-1	-1	-1	0
6880	6881	6964	2	-1	-1	-1	0
6837	6946	6942	6	-1	-1	-1	0
6880	6964	6883	2	-1	-1	-1	0
6837	6945	6946	6	-1	0	-1	0
6964	6881	6885	2	-1	-1	-1	0
6955	6889	6887	0	-1	-1	-1	0
6882	6883	6966	3	-1	-1	-1	0
6884	6967	6885	2	-1	-1	-1	0
6968	6884	6886	2	-1	-1	-1	0
6963	6897	6879	3	-1	-1	-1	0
6860	6922	6959	8	-1	-1	-1	0
6948	6947	6847	0	-1	-1	-1	0
6890	6970	6886	2	-1	-1	-1	0
6888	6889	6971	1	-1	-1	-1	0
6849	6950	6949	8	-1	-1	-1	0
6850	6949	6951	0	-1	-1	-1	0
6891	6888	6971	1	-1	-1	-1	0
6948	6851	6952	0	-1	-1	-1	0
6850	6951	6952	0	-1	-1	-1	0
6947	6954	6853	0	-1	-1	-1	0
6974	6890	6891	2	-1	-1	-1	0
6853	6954	6953	0	-1	-1	-1	0
6893	6976	6892	6	-1	-1	-1	0
6921	6913	6927	0	-1	-1	-1	0
6893	6894	6977	6	-1	-1	-1	0
6958	6950	6858	8	-1	-1	-1	0
6957	6857	6953	0	-1	-1	-1	0
6895	6978	6894	6	-1	-1	-1	0
6856	6956	6955	0	-1	-1	-1	0
6956	6857	6957	0	-1	-1	-1	0
6976	6903	6892	6	0	-1	-1	0
6898	6979	6895	6	-1	-1	-1	0
6896	6897	6980	4	-1	-1	-1	0
6896	6980	6898	5	-1	-1	-1	0
6960	6958	6862	0	-1	-1	-1	0
6961	6960	6862	0	-1	-1	-1	0
6962	6863	6959	0	-1	-1	-1	0
6863	6962	6961	0	-1	-1	-1	0
6904	6905	6983	2	-1	-1	-1	0
6911	6904	6983	2	-1	-1	-1	0
6908	6985	6907	3	-1	-1	-1	0
6984	6906	6910	2	-1	-1	-1	0
6909	6907	6986	3	-1	-1	-1	0
6987	6908	6911	3	-1	-1	-1	0
6909	6988	6910	3	-1	-1	-1	0
6984	6919	6906	2	-1	-1	-1	0
6963	6882	6965	3	-1	-1	-1	0
6882	6966	6965	3	-1	-1	-1	0
6966	6883	6964	3	-1	-1	-1	0
6913	6912	6990	0	-1	-1	-1	0
6990	6912	6914	0	-1	-1	-1	0
6955	6973	6889	1	-1	-1	-1	0
6885	6969	6964	2	-1	-1	-1	0
6884	6968	6967	2	-1	-1	-1	0
6983	6905	6932	2	-1	-1	-1	0
6914	6915	6993	1	-1	-1	-1	0
6969	6885	6967	2	-1	-1	-1	0
6886	6970	6968	2	-1	-1	-1	0
6915	6916	6994	1	-1	-1	-1	0
6995	6918	6917	2	-1	-1	-1	0
6920	6994	6916	1	-1	-1	-1	0
6995	6917	6919	2	-1	-1	-1	0
6913	6991	6927	0	-1	-1	-1	0
6971	6889	6972	1	-1	-1	-1	0
6920	6918	6996	2	-1	-1	-1	0
6972	6889	6973	1	-1	-1	-1	0
6974	6970	6890	2	-1	-1	-1	0
6975	6891	6971	2	-1	-1	-1	0
6963	6980	6897	4	-1	-1	-1	0
6974	6891	6975	2	-1	-1	-1	0
6922	6923	6999	0	-1	-1	-1	0
6977	6976	6893	6	0	-1	-1	0
7001	6923	6924	1	-1	-1	-1	0
6978	6977	6894	6	0	-1	-1	0
7002	6924	6925	1	-1	-1	-1	0
6978	6895	6979	6	-1	-1	0	0
6926	7004	6925	1	-1	-1	-1	0
7004	6926	6927	1	-1	-1	-1	0
6898	6981	6979	6	-1	0	-1	0
6898	6980	6982	5	-1	-1	-1	0
6981	6898	6982	6	-1	-1	-1	0
6954	6957	6953	0	-1	-1	-1	0
7007	6929	6928	3	-1	-1	-1	0
6930	6929	7008	3	-1	-1	-1	0
7007	6928	6933	3	-1	-1	-1	0
7009	6931	6930	3	-1	-1	-1	0
7010	6932	6931	3	-1	-1	-1	0
6907	6985	6986	3	-1	-1	-1	0
6933	6935	7012	4	-1	-1	-1	0
6959	6922	6999	0	-1	-1	-1	0
6908	6987	6985	3	-1	-1	-1	0
7013	6935	6934	5	-1	-1	-1	0
6910	6988	6984	3	-1	-1	-1	0
6988	6909	6986	3	-1	-1	-1	0
6989	6911	6983	3	-1	-1	-1	0
6989	6987	6911	3	-1	-1	-1	0
7013	6934	6944	5	-1	-1	-1	0
6913	6990	6991	0	-1	-1	-1	0
6992	6990	6914	1	-1	-1	-1	0
6993	6992	6914	1	-1	-1	-1	0
6997	6919	6984	2	-1	-1	-1	0
7015	6943	6942	6	-1	-1	-1	0
6994	6993	6915	1	-1	-1	-1	0
7015	6942	6946	6	-1	-1	0	0
7016	6944	6943	6	-1	-1	-1	0
6996	6918	6995	2	-1	-1	-1	0
6919	6997	6995	2	-1	-1	-1	0
6994	6920	6998	2	-1	-1	-1	0
6947	6948	7018	1	-1	-1	-1	0
6998	6920	6996	2	-1	-1	-1	0
6947	7018	6954	1	-1	-1	-1	0
6949	6950	7021	0	-1	-1	-1	0
6999	6962	6959	0	-1	-1	-1	0
6948	6952	7020	1	-1	-1	-1	0
6949	7021	6951	0	-1	-1	-1	0
7000	6999	6923	1	-1	-1	-1	0
7006	6927	6991	1	-1	-1	-1	0
7001	7000	6923	1	-1	-1	-1	0
6983	6932	7011	3	-1	-1	-1	0
7024	6952	6951	1	-1	-1	-1	0
7001	6924	7002	1	-1	-1	-1	0
6925	7003	7002	1	-1	-1	-1	0
6958	7023	6950	0	-1	-1	-1	0
7003	6925	7004	1	-1	-1	-1	0
7005	7004	6927	1	-1	-1	-1	0
7026	6957	6954	1	-1	-1	-1	0
7027	6955	6956	1	-1	-1	-1	0
7005	6927	7006	1	-1	-1	-1	0
6960	7023	6958	0	-1	-1	-1	0
7028	6956	6957	1	-1	-1	-1	0
6929	7007	7008	3	-1	-1	-1	0
7009	6930	7008	3	-1	-1	-1	0
6960	6961	7029	1	-1	-1	-1	0
6931	7009	7010	3	-1	-1	-1	0
7012	7007	6933	4	-1	-1	-1	0
7011	6932	7010	3	-1	-1	-1	0
7030	6961	6962	1	-1	-1	-1	0
6973	6955	7027	1	-1	-1	-1	0
6965	7032	6963	4	-1	-1	-1	0
7014	7012	6935	5	-1	-1	-1	0
7013	7014	6935	5	-1	-1	-1	0
7033	6966	6964	3	-1	-1	-1	0
6965	6966	7034	4	-1	-1	-1	0
6969	7033	6964	3	-1	-1	-1	0
6967	6968	7037	3	-1	-1	-1	0
6969	6967	7036	3	-1	-1	-1	0
6943	7015	7016	6	-1	0	-1	0
7017	7013	6944	6	-1	-1	-1	0
6963	7032	6980	4	-1	-1	-1	0
6970	7038	6968	3	-1	-1	-1	0
6944	7016	7017	6	-1	0	-1	0
6989	6983	7011	3	-1	-1	-1	0
7039	6970	6974	3	-1	-1	-1	0
6971	6972	7040	2	-1	-1	-1	0
6948	7019	7018	1	-1	-1	-1	0
7041	6972	6973	2	-1	-1	-1	0
7040	6975	6971	2	-1	-1	-1	0
7020	7019	6948	1	-1	-1	-1	0
7031	6962	6999	1	-1	-1	-1	0
6974	6975	7043	3	-1	-1	-1	0
7022	7021	6950	0	-1	-1	-1	0
6982	6980	7032	5	-1	-1	-1	0
7022	6950	7023	0	-1	-1	-1	0
7020	6952	7024	1	-1	-1	-1	0
7021	7025	6951	1	-1	-1	-1	0
6954	7018	7026	1	-1	-1	-1	0
7024	6951	7025	1	-1	-1	-1	0
6981	6982	7045	6	-1	-1	0	0
7028	6957	7026	1	-1	-1	-1	0
7028	7027	6956	1	-1	-1	-1	0
7029	7023	6960	1	-1	-1	-1	0
6988	7047	6984	3	-1	-1	-1	0
6961	7030	7029	1	-1	-1	-1	0
6985	6987	7049	4	-1	-1	-1	0
6985	7050	6986	4	-1	-1	-1	0
7031	7030	6962	1	-1	-1	-1	0
7052	6988	6986	4	-1	-1	-1	0
6997	6984	7048	3	-1	-1	-1	0
6987	6989	7053	4	-1	-1	-1	0
7031	6999	7000	1	-1	-1	-1	0
6965	7034	7032	4	-1	-1	-1	0
7035	6966	7033	4	-1	-1	-1	0
7034	6966	7035	4	-1	-1	-1	0
7056	6991	6990	1	-1	-1	-1	0
7036	7033	6969	3	-1	-1	-1	0
6990	6992	7056	1	-1	-1	-1	0
7037	7036	6967	3	-1	-1	-1	0
6995	6997	7048	3	-1	-1	-1	0
7027	7042	6973	2	-1	-1	-1	0
6992	6993	7057	2	-1	-1	-1	0
7037	6968	7038	3	-1	-1	-1	0
7060	6993	6994	2	-1	-1	-1	0
6970	7039	7038	3	-1	-1	-1	0
6996	6995	7061	3	-1	-1	-1	0
6994	6998	7060	2	-1	-1	-1	0
7041	7040	6972	2	-1	-1	-1	0
7006	6991	7056	1	-1	-1	-1	0
7011	7055	6989	4	-1	-1	-1	0
7062	6998	6996	3	-1	-1	-1	0
7043	7039	6974	3	-1	-1	-1	0
6973	7042	7041	2	-1	-1	-1	0
6975	7040	7044	3	-1	-1	-1	0
7046	6982	7032	5	-1	-1	-1	0
7044	7043	6975	3	-1	-1	-1	0
7064	7000	7001	2	-1	-1	-1	0
7001	7002	7066	2	-1	-1	-1	0
7067	7002	7003	2	-1	-1	-1	0
6982	7046	7045	6	-1	-1	-1	0
7068	7003	7004	2	-1	-1	-1	0
7069	7004	7005	2	-1	-1	-1	0
7048	6984	7047	3	-1	-1	-1	0
7005	7006	7069	2	-1	-1	-1	0
6985	7049	7050	4	-1	-1	-1	0
7071	7008	7007	4	-1	-1	-1	0
7051	6986	7050	4	-1	-1	-1	0
7049	6987	7053	4	-1	-1	-1	0
7054	7047	6988	4	-1	-1	-1	0
7051	7052	6986	4	-1	-1	-1	0
7072	7009	7008	4	-1	-1	-1	0
7071	7007	7012	4	-1	-1	-1	0
7010	7009	7073	4	-1	-1	-1	0
6988	7052	7054	4	-1	-1	-1	0
7074	7011	7010	4	-1	-1	-1	0
7065	7031	7000	2	-1	-1	-1	0
7053	6989	7055	4	-1	-1	-1	0
7012	7014	7075	5	-1	-1	-1	0
7076	7014	7013	6	-1	-1	-1	0
6995	7048	7061	3	-1	-1	-1	0
7056	6992	7058	2	-1	-1	-1	0
7013	7017	7076	6	-1	0	-1	0
6992	7057	7058	2	-1	-1	-1	0
7057	6993	7059	2	-1	-1	-1	0
6993	7060	7059	2	-1	-1	-1	0
7046	7032	7034	5	-1	-1	-1	0
7019	7079	7018	2	-1	-1	-1	0
7079	7019	7020	2	-1	-1	-1	0
7061	7062	6996	3	-1	-1	-1	0
7056	7058	7006	2	-1	-1	-1	0
7063	7060	6998	3	-1	-1	-1	0
7078	7026	7018	2	-1	-1	-1	0
7063	6998	7062	3	-1	-1	-1	0
7021	7022	7081	1	-1	-1	-1	0
7080	7020	7024	2	-1	-1	-1	0
7025	7021	7081	1	-1	-1	-1	0
7082	7022	7023	1	-1	-1	-1	0
7065	7000	7064	2	-1	-1	-1	0
7066	7064	7001	2	-1	-1	-1	0
7083	7024	7025	2	-1	-1	-1	0
7023	7029	7082	1	-1	-1	-1	0
7006	7058	7070	2	-1	-1	-1	0
7002	7067	7066	2	-1	-1	-1	0
7067	7003	7068	2	-1	-1	-1	0
7028	7026	7086	2	-1	-1	-1	0
7011	7074	7055	4	-1	-1	-1	0
7069	7068	7004	2	-1	-1	-1	0
7028	7087	7027	2	-1	-1	-1	0
7070	7069	7006	2	-1	-1	-1	0
7029	7030	7089	2	-1	-1	-1	0
7054	7048	7047	4	-1	-1	-1	0
7072	7008	7071	4	-1	-1	-1	0
7031	7090	7030	2	-1	-1	-1	0
7072	7073	7009	4	-1	-1	-1	0
7087	7042	7027	2	-1	-1	-1	0
7074	7010	7073	4	-1	-1	-1	0
7012	7075	7071	5	-1	-1	-1	0
7091	7035	7033	4	-1	-1	-1	0
7091	7033	7036	4	-1	-1	-1	0
7034	7035	7092	5	-1	-1	-1	0
7075	7014	7077	6	-1	-1	-1	0
7036	7037	7094	4	-1	-1	-1	0
7077	7014	7076	6	-1	-1	0	0
7037	7038	7095	4	-1	-1	-1	0
7046	7034	7092	5	-1	-1	-1	0
7078	7018	7079	2	-1	-1	-1	0
7038	7039	7096	4	-1	-1	-1	0
7098	7040	7041	3	-1	-1	-1	0
7080	7079	7020	2	-1	-1	-1	0
7097	7039	7043	4	-1	-1	-1	0
7042	7099	7041	3	-1	-1	-1	0
7098	7044	7040	3	-1	-1	-1	0
7081	7022	7082	1	-1	-1	-1	0
7090	7031	7065	2	-1	-1	-1	0
7083	7080	7024	2	-1	-1	-1	0
7043	7044	7101	4	-1	-1	-1	0
7078	7086	7026	2	-1	-1	-1	0
7085	7025	7081	2	-1	-1	-1	0
7084	7083	7025	2	-1	-1	-1	0
7025	7085	7084	2	-1	-1	-1	0
7045	7046	7103	6	-1	-1	0	0
7082	7029	7088	2	-1	-1	-1	0
7028	7086	7087	2	-1	-1	-1	0
7050	7049	7106	5	-1	-1	-1	0
7054	7104	7048	4	-1	-1	-1	0
7029	7089	7088	2	-1	-1	-1	0
7049	7053	7105	5	-1	-1	-1	0
7051	7050	7107	5	-1	-1	-1	0
7030	7090	7089	2	-1	-1	-1	0
7108	7052	7051	5	-1	-1	-1	0
7104	7061	7048	4	-1	-1	-1	0
7052	7109	7054	5	-1	-1	-1	0
7053	7055	7110	5	-1	-1	-1	0
7093	7035	7091	5	-1	-1	-1	0
7092	7035	7093	5	-1	-1	-1	0
7094	7091	7036	4	-1	-1	-1	0
7094	7037	7095	4	-1	-1	-1	0
7112	7058	7057	3	-1	-1	-1	0
7059	7113	7057	3	-1	-1	-1	0
7096	7095	7038	4	-1	-1	-1	0
7087	7100	7042	3	-1	-1	-1	0
7096	7039	7097	4	-1	-1	-1	0
7115	7059	7060	3	-1	-1	-1	0
7099	7098	7041	3	-1	-1	-1	0
7115	7060	7063	3	-1	-1	-1	0
7062	7061	7116	4	-1	-1	-1	0
7055	7074	7111	5	-1	-1	-1	0
7103	7046	7092	6	-1	-1	-1	0
7042	7100	7099	3	-1	-1	-1	0
7097	7043	7101	4	-1	-1	-1	0
7063	7062	7117	4	-1	-1	-1	0
7114	7070	7058	3	-1	-1	-1	0
7098	7102	7044	4	-1	-1	-1	0
7102	7101	7044	4	-1	-1	-1	0
7065	7064	7119	3	-1	-1	-1	0
7064	7066	7120	3	-1	-1	-1	0
7066	7067	7122	3	-1	-1	-1	0
7068	7122	7067	3	-1	-1	-1	0
7049	7105	7106	5	-1	-1	-1	0
7123	7068	7069	3	-1	-1	-1	0
7106	7107	7050	5	-1	-1	-1	0
7070	7125	7069	3	-1	-1	-1	0
7108	7051	7107	5	-1	-1	-1	0
7109	7104	7054	5	-1	-1	-1	0
7053	7110	7105	5	-1	-1	-1	0
7072	7071	7126	5	-1	-1	-1	0
7052	7108	7109	5	-1	-1	-1	0
7075	7126	7071	5	-1	-1	-1	0
7073	7072	7127	5	-1	-1	-1	0
7074	7073	7128	5	-1	-1	-1	0
7065	7121	7090	3	-1	-1	-1	0
7111	7110	7055	5	-1	-1	-1	0
7129	7075	7077	6	-1	-1	0	0
7116	7061	7104	4	-1	-1	-1	0
7057	7113	7112	3	-1	-1	-1	0
7114	7058	7112	3	-1	-1	-1	0
7059	7115	7113	3	-1	-1	-1	0
7131	7078	7079	3	-1	-1	-1	0
7080	7132	7079	3	-1	-1	-1	0
7130	7086	7078	3	-1	-1	-1	0
7117	7062	7116	4	-1	-1	-1	0
7083	7133	7080	3	-1	-1	-1	0
7063	7118	7115	4	-1	-1	-1	0
7082	7134	7081	2	-1	-1	-1	0
7063	7117	7118	4	-1	-1	-1	0
7134	7085	7081	2	-1	-1	-1	0
7135	7083	7084	3	-1	-1	-1	0
7119	7064	7120	3	-1	-1	-1	0
7134	7082	7088	2	-1	-1	-1	0
7065	7119	7121	3	-1	-1	-1	0
7085	7137	7084	3	-1	-1	-1	0
7066	7122	7120	3	-1	-1	-1	0
7114	7125	7070	3	-1	-1	-1	0
7139	7087	7086	3	-1	-1	-1	0
7074	7128	7111	5	-1	-1	-1	0
7122	7068	7123	3	-1	-1	-1	0
7123	7069	7124	3	-1	-1	-1	0
7088	7089	7140	3	-1	-1	-1	0
7125	7124	7069	3	-1	-1	-1	0
7090	7142	7089	3	-1	-1	-1	0
7072	7126	7127	5	-1	-1	-1	0
7100	7087	7139	3	-1	-1	-1	0
7091	7143	7093	5	-1	-1	-1	0
7094	7143	7091	5	-1	-1	-1	0
7073	7127	7128	5	-1	-1	-1	0
7093	7144	7092	6	-1	-1	-1	0
7126	7075	7129	6	-1	-1	-1	0
7094	7095	7146	5	-1	-1	-1	0
7147	7095	7096	5	-1	-1	-1	0
7103	7092	7144	6	-1	-1	0	0
7130	7078	7131	3	-1	-1	-1	0
7148	7096	7097	5	-1	-1	-1	0
7079	7132	7131	3	-1	-1	-1	0
7132	7080	7133	3	-1	-1	-1	0
7101	7149	7097	5	-1	-1	-1	0
7099	7150	7098	4	-1	-1	-1	0
7098	7150	7102	4	-1	-1	-1	0
7151	7099	7100	4	-1	-1	-1	0
7133	7083	7135	3	-1	-1	-1	0
7121	7142	7090	3	-1	-1	-1	0
7084	7136	7135	3	-1	-1	-1	0
7086	7130	7139	3	-1	-1	-1	0
7137	7136	7084	3	-1	-1	-1	0
7101	7102	7154	5	-1	-1	-1	0
7134	7138	7085	3	-1	-1	-1	0
7134	7088	7138	3	-1	-1	-1	0
7085	7138	7137	3	-1	-1	-1	0
7088	7140	7138	3	-1	-1	-1	0
7109	7156	7104	5	-1	-1	-1	0
7106	7105	7158	6	-1	-1	-1	0
7141	7140	7089	3	-1	-1	-1	0
7141	7089	7142	3	-1	-1	-1	0
7106	7159	7107	6	-1	-1	-1	0
7105	7110	7157	6	-1	-1	-1	0
7156	7116	7104	5	-1	-1	-1	0
7107	7161	7108	6	-1	-1	-1	0
7108	7161	7109	6	-1	-1	-1	0
7145	7093	7143	6	-1	-1	-1	0
7144	7093	7145	6	-1	-1	0	0
7146	7143	7094	5	-1	-1	-1	0
7163	7110	7111	6	-1	-1	-1	0
7095	7147	7146	5	-1	-1	-1	0
7112	7113	7165	4	-1	-1	-1	0
7152	7100	7139	4	-1	-1	-1	0
7148	7147	7096	5	-1	-1	-1	0
7112	7166	7114	4	-1	-1	-1	0
7149	7148	7097	5	-1	-1	-1	0
7113	7115	7167	4	-1	-1	-1	0
7167	7115	7118	4	-1	-1	-1	0
7150	7099	7151	4	-1	-1	-1	0
7152	7151	7100	4	-1	-1	-1	0
7101	7153	7149	5	-1	-1	-1	0
7111	7128	7164	6	-1	-1	-1	0
7117	7116	7170	5	-1	-1	-1	0
7118	7117	7171	5	-1	-1	-1	0
7150	7155	7102	5	-1	-1	-1	0
7125	7114	7168	4	-1	-1	-1	0
7101	7154	7153	5	-1	-1	-1	0
7155	7154	7102	5	-1	-1	-1	0
7119	7120	7173	4	-1	-1	-1	0
7121	7119	7173	4	-1	-1	-1	0
7120	7122	7175	4	-1	-1	-1	0
7158	7105	7157	6	-1	-1	0	0
7122	7123	7177	4	-1	-1	-1	0
7106	7158	7159	6	-1	0	-1	0
7124	7178	7123	4	-1	-1	-1	0
7107	7159	7160	6	-1	0	-1	0
7162	7156	7109	6	-1	-1	-1	0
7161	7107	7160	6	-1	-1	0	0
7179	7124	7125	4	-1	-1	-1	0
7110	7163	7157	6	-1	0	-1	0
7161	7162	7109	6	0	-1	-1	0
7126	7180	7127	6	-1	-1	-1	0
7126	7129	7180	6	-1	0	-1	0
7128	7127	7181	6	-1	-1	-1	0
7111	7164	7163	6	-1	0	-1	0
7142	7121	7176	4	-1	-1	-1	0
7156	7169	7116	5	-1	-1	-1	0
7131	7182	7130	4	-1	-1	-1	0
7112	7165	7166	4	-1	-1	-1	0
7165	7113	7167	4	-1	-1	-1	0
7132	7184	7131	4	-1	-1	-1	0
7114	7166	7168	4	-1	-1	-1	0
7133	7185	7132	4	-1	-1	-1	0
7139	7130	7183	4	-1	-1	-1	0
7135	7186	7133	4	-1	-1	-1	0
7116	7169	7170	5	-1	-1	-1	0
7167	7118	7172	5	-1	-1	-1	0
7187	7135	7136	4	-1	-1	-1	0
7170	7171	7117	5	-1	-1	-1	0
7188	7136	7137	4	-1	-1	-1	0
7171	7172	7118	5	-1	-1	-1	0
7189	7137	7138	4	-1	-1	-1	0
7173	7120	7174	4	-1	-1	-1	0
7190	7138	7140	4	-1	-1	-1	0
7174	7120	7175	4	-1	-1	-1	0
7176	7121	7173	4	-1	-1	-1	0
7140	7141	7191	4	-1	-1	-1	0
7179	7125	7168	4	-1	-1	-1	0
7164	7128	7181	6	-1	-1	0	0
7139	7183	7152	4	-1	-1	-1	0
7122	7177	7175	4	-1	-1	-1	0
7141	7142	7192	4	-1	-1	-1	0
7177	7123	7178	4	-1	-1	-1	0
7143	7193	7145	6	-1	0	-1	0
7179	7178	7124	4	-1	-1	-1	0
7146	7193	7143	6	-1	-1	-1	0
7194	7146	7147	6	-1	-1	-1	0
7127	7180	7181	6	-1	0	-1	0
7148	7195	7147	6	-1	-1	-1	0
7196	7148	7149	6	-1	-1	-1	0
7182	7183	7130	4	-1	-1	-1	0
7184	7182	7131	4	-1	-1	-1	0
7151	7198	7150	5	-1	-1	-1	0
7153	7197	7149	6	-1	-1	-1	0
7184	7132	7185	4	-1	-1	-1	0
7151	7152	7199	5	-1	-1	-1	0
7150	7198	7155	5	-1	-1	-1	0
7133	7186	7185	4	-1	-1	-1	0
7186	7135	7187	4	-1	-1	-1	0
7153	7154	7201	6	-1	-1	-1	0
7176	7192	7142	4	-1	-1	-1	0
7188	7187	7136	4	-1	-1	-1	0
7155	7202	7154	6	-1	-1	-1	0
7188	7137	7189	4	-1	-1	-1	0
7189	7138	7190	4	-1	-1	-1	0
7190	7140	7191	4	-1	-1	-1	0
7156	7162	7204	6	-1	0	-1	0
7192	7191	7141	4	-1	-1	-1	0
7156	7204	7169	6	-1	-1	-1	0
7193	7146	7194	6	-1	-1	0	0
7183	7200	7152	5	-1	-1	-1	0
7147	7195	7194	6	-1	0	-1	0
7166	7165	7206	5	-1	-1	-1	0
7165	7167	7205	5	-1	-1	-1	0
7195	7148	7196	6	-1	-1	0	0
7168	7166	7207	5	-1	-1	-1	0
7197	7196	7149	6	0	-1	-1	0
7172	7205	7167	5	-1	-1	-1	0
7199	7198	7151	5	-1	-1	-1	0
7170	7169	7209	6	-1	-1	-1	0
7171	7170	7210	6	-1	-1	-1	0
7201	7197	7153	6	0	-1	-1	0
7199	7152	7200	5	-1	-1	-1	0
7211	7172	7171	6	-1	-1	-1	0
7179	7168	7208	5	-1	-1	-1	0
7198	7203	7155	6	-1	-1	-1	0
7202	7201	7154	6	0	-1	-1	0
7202	7155	7203	6	-1	-1	0	0
7213	7173	7174	5	-1	-1	-1	0
7214	7176	7173	5	-1	-1	-1	0
7175	7216	7174	5	-1	-1	-1	0
7178	7179	7208	5	-1	-1	-1	0
7217	7175	7177	5	-1	-1	-1	0
7219	7177	7178	5	-1	-1	-1	0
7165	7205	7206	5	-1	-1	-1	0
7166	7206	7207	5	-1	-1	-1	0
7169	7204	7209	6	-1	0	-1	0
7168	7207	7208	5	-1	-1	-1	0
7182	7220	7183	5	-1	-1	-1	0
7218	7192	7176	5	-1	-1	-1	0
7182	7184	7220	5	-1	-1	-1	0
7210	7170	7209	6	-1	-1	0	0
7205	7172	7212	6	-1	-1	-1	0
7222	7184	7185	5	-1	-1	-1	0
7171	7210	7211	6	-1	0	-1	0
7222	7185	7186	5	-1	-1	-1	0
7172	7211	7212	6	-1	0	-1	0
7187	7223	7186	5	-1	-1	-1	0
7224	7187	7188	5	-1	-1	-1	0
7218	7191	7192	5	-1	-1	-1	0
7213	7215	7173	5	-1	-1	-1	0
7215	7214	7173	5	-1	-1	-1	0
7225	7188	7189	5	-1	-1	-1	0
7213	7174	7216	5	-1	-1	-1	0
7200	7183	7220	5	-1	-1	-1	0
7190	7226	7189	5	-1	-1	-1	0
7208	7219	7178	5	-1	-1	-1	0
7227	7190	7191	5	-1	-1	-1	0
7217	7216	7175	5	-1	-1	-1	0
7218	7176	7214	5	-1	-1	-1	0
7219	7217	7177	5	-1	-1	-1	0
7220	7184	7221	5	-1	-1	-1	0
7229	7198	7199	6	-1	-1	-1	0
7184	7222	7221	5	-1	-1	-1	0
7200	7230	7199	6	-1	-1	-1	0
7229	7203	7198	6	0	-1	-1	0
7186	7223	7222	5	-1	-1	-1	0
7224	7223	7187	5	-1	-1	-1	0
7218	7228	7191	5	-1	-1	-1	0
7188	7225	7224	5	-1	-1	-1	0
7189	7226	7225	5	-1	-1	-1	0
7227	7226	7190	5	-1	-1	-1	0
7206	7205	7232	6	-1	-1	-1	0
7206	7233	7207	6	-1	-1	-1	0
7227	7191	7228	5	-1	-1	-1	0
7232	7205	7212	6	-1	-1	0	0
7208	7207	7234	6	-1	-1	-1	0
7231	7200	7220	6	-1	-1	-1	0
7230	7229	7199	6	0	-1	-1	0
7231	7230	7200	6	0	-1	-1	0
7219	7208	7236	6	-1	-1	-1	0
7237	7215	7213	6	-1	-1	-1	0
7216	7237	7213	6	-1	-1	-1	0
7215	7238	7214	6	-1	-1	-1	0
7206	7232	7233	6	-1	0	-1	0
7214	7239	7218	6	-1	-1	-1	0
7217	7241	7216	6	-1	-1	-1	0
7207	7233	7234	6	-1	0	-1	0
7235	7208	7234	6	-1	-1	0	0
7219	7242	7217	6	-1	-1	-1	0
7208	7235	7236	6	-1	0	-1	0
7220	7221	7243	6	-1	-1	-1	0
7218	7239	7228	6	-1	-1	-1	0
7244	7221	7222	6	-1	-1	-1	0
7245	7222	7223	6	-1	-1	-1	0
7239	7214	7238	6	-1	-1	0	0
7215	7237	7240	6	-1	0	-1	0
7223	7224	7246	6	-1	-1	-1	0
7240	7238	7215	6	0	-1	-1	0
7216	7241	7237	6	-1	0	-1	0
7220	7243	7231	6	-1	0	-1	0
7247	7224	7225	6	-1	-1	-1	0
7236	7242	7219	6	0	-1	-1	0
7248	7225	7226	6	-1	-1	-1	0
7241	7217	7242	6	-1	-1	0	0
7226	7227	7249	6	-1	-1	-1	0
7250	7227	7228	6	-1	-1	-1	0
7221	7244	7243	6	-1	0	-1	0
7245	7244	7222	6	0	-1	-1	0
7223	7246	7245	6	-1	0	-1	0
7224	7247	7246	6	-1	0	-1	0
7228	7239	7251	6	-1	0	-1	0
7248	7247	7225	6	0	-1	-1	0
7248	7226	7249	6	-1	-1	0	0
7227	7250	7249	6	-1	0	-1	0
7250	7228	7251	6	-1	-1	0	0
10
1	0
1	0
1	0
1	0
1	0
1	0
1	0
1	0
1	0
1	0
0
0
