time_s,capacitor_current_A,capacitor_terminal_voltage_V,coil_current_A,coil_voltage_V,bridge_current_A,bridge_voltage_V,slice_min_H_A_per_m,slice_max_H_A_per_m,slice_median_H_A_per_m,slice_average_H_A_per_m,center_H_A_per_m,storage_voltage_V
0,0,450,0,0,0,450,0,0,0,0,0,450
5.201098501e-07,0,450,0,0,0,450,0,0,0,0,0,450
1.0402197e-06,0,450,0,0,0,450,0,0,0,0,0,450
1.56032955e-06,0,450,0,0,0,450,0,0,0,0,0,450
2e-06,0,448.9100932,0,447.2700932,0,1.64,0,0,0,0,0,450
2.080439401e-06,4.274279298,448.7703116,4.274279298,447.0644877,4.274279298,1.684452505,0.4904903946,11172.93261,414.3151462,1955.500266,91.68169742,449.9997778
2.600549251e-06,28.26445011,447.8791989,28.26445011,445.8039264,28.26445011,1.933950281,1.262362474,73595.83981,1277.393094,12101.98222,655.3898982,449.9886466
3.120659101e-06,48.69637475,447.0283835,48.69637475,444.6384594,48.69637475,2.146442297,3.448091162,126153.4585,4378.721764,24544.07672,1051.841837,449.9628524
3.640768951e-06,67.23304814,446.2121019,67.23304814,443.5367129,67.23304814,2.339223701,6.341909886,173311.0656,10462.61343,38013.33901,1086.009134,449.9241197
4.160878801e-06,84.55728308,445.4203825,84.55728308,442.4782003,84.55728308,2.519395744,9.645630341,216976.4824,22420.93179,52439.88582,789.4458038,449.8734567
4.680988651e-06,101.0237982,444.6457603,101.0237982,441.4499938,101.0237982,2.690647502,1.385561881,258163.6312,36166.45525,67482.49469,219.2541631,449.8115425
5.201098501e-06,116.8447032,443.8829663,116.8447032,440.4435578,116.8447032,2.855184913,19.36960648,297486.6168,51012.75338,82976.05566,725.1453363,449.7388729
5.721208351e-06,132.1586912,443.1282243,132.1586912,439.4529804,132.1586912,3.014450389,2149.220763,335349.9664,66547.62568,98743.89581,2213.756762,449.655829
6.241318202e-06,147.0621755,442.3787575,147.0621755,438.474,147.0621755,3.169446625,4395.82094,372036.1114,82515.95597,114667.1476,4395.82094,449.5627151
6.761428052e-06,161.6252237,441.6324728,161.6252237,437.5034444,161.6252237,3.320902326,7363.993206,407750.8305,98755.31318,130696.4546,7363.993206,449.4597803
7.281537902e-06,175.9004989,440.8877586,175.9004989,436.538891,175.9004989,3.469365188,11153.27552,442649.0122,115159.7696,146797.065,11153.27552,449.3472332
7.801647752e-06,189.928633,440.1433521,189.928633,435.5784511,189.928633,3.615257784,15753.45038,476850.2555,131658.8675,162942.6313,15753.45038,449.2252516
8.321757602e-06,203.7416367,439.3982489,203.7416367,434.6206277,203.7416367,3.758913022,21123.73143,510448.8215,148391.9253,179112.7027,21123.73143,449.0939893
8.841867452e-06,217.3651568,438.6516409,217.3651568,433.6642174,217.3651568,3.900597631,27205.23557,543520.246,164708.5621,195291.0989,27205.23557,448.9535808
9.361977302e-06,230.8200261,437.9028714,230.8200261,432.708243,230.8200261,4.040528271,33930.24484,576125.8909,180028.1986,211464.8135,33930.24484,448.8041453
9.882087152e-06,244.1233583,437.1514032,244.1233583,431.7519035,244.1233583,4.178882926,41228.53048,608316.1645,195251.5204,227623.2544,41228.53048,448.6457894
1.0402197e-05,257.2893426,436.396794,257.2893426,430.7945381,257.2893426,4.315809163,49031.38391,640132.8602,210378.1816,243757.701,49031.38391,448.4786092
1.092230685e-05,270.3298312,435.6386784,270.3298312,429.835599,270.3298312,4.451430245,57273.99993,671610.8886,225409.4192,259860.9088,57273.99993,448.3026923
1.14424167e-05,283.2547857,434.8767541,283.2547857,428.8746304,283.2547857,4.585849772,65896.73187,702779.5907,240347.322,275926.8152,65896.73187,448.118119
1.196252655e-05,296.0726196,434.1107704,296.0726196,427.9112521,296.0726196,4.719155244,74845.60831,733663.7483,255194.3727,291950.316,74845.60831,447.9249633
1.24826364e-05,308.7904673,433.3405201,308.7904673,426.9451469,308.7904673,4.85142086,84072.3859,764284.3764,269953.1672,307927.0922,84072.3859,447.7232943
1.300274625e-05,321.4143977,432.5658322,321.4143977,425.9760505,321.4143977,4.982709736,93534.32493,794659.3519,284626.2473,323853.4752,93534.32493,447.5131766
1.35228561e-05,333.9495862,431.7865661,333.9495862,425.0037425,333.9495862,5.113075697,103193.8117,824803.9213,299216.0071,339726.3388,103193.8117,447.294671
1.404296595e-05,346.4004556,431.002607,346.4004556,424.02804,346.4004556,5.242564738,113017.9082,854731.1139,313940.0606,355543.0119,113017.9082,447.0678351
1.45630758e-05,358.7707909,430.213862,358.7707909,423.0487919,358.7707909,5.371216225,122977.8792,884452.0818,328664.3476,371301.2074,122977.8792,446.832724
1.508318565e-05,371.0638358,429.4202571,371.0638358,422.065874,371.0638358,5.499063892,133048.7289,913976.3825,343065.8016,386998.9644,133048.7289,446.5893902
1.56032955e-05,383.2823726,428.6217338,383.2823726,421.0791853,383.2823726,5.626136675,143208.7602,943312.2154,357758.0262,402634.5986,143208.7602,446.3378843
1.612340535e-05,395.4287901,427.8182476,395.4287901,420.0886443,395.4287901,5.752459417,153439.1716,972466.6203,372482.5129,418206.6622,153439.1716,446.0782551
1.66435152e-05,407.5051399,427.0097656,407.5051399,419.0941865,407.5051399,5.878053455,163723.6939,1001445.645,387253.208,433713.9098,163723.6939,445.8105501
1.716362505e-05,419.5131855,426.1962647,419.5131855,418.0957616,419.5131855,6.00293713,174048.2615,1030254.487,401915.5684,449155.2689,174048.2615,445.5348153
1.76837349e-05,431.4544434,425.3777305,431.4544434,417.0933321,431.4544434,6.127126211,184400.7213,1058897.618,416840.4713,464529.8157,184400.7213,445.2510958
1.820384475e-05,443.3302173,424.554156,443.3302173,416.0868707,443.3302173,6.25063426,194770.5846,1087378.882,431146.4355,479836.7543,194770.5846,444.9594357
1.87239546e-05,455.1416297,423.7255405,455.1416297,415.0763594,455.1416297,6.373472949,205148.7962,1115701.589,445771.5467,495075.3982,205148.7962,444.6598783
1.924406445e-05,466.8896462,422.8918885,466.8896462,414.061788,466.8896462,6.495652321,215527.5475,1143868.586,460191.2616,510245.156,215527.5475,444.3524661
1.97641743e-05,478.5750985,422.0532096,478.5750985,413.0431531,478.5750985,6.617181025,225900.1022,1171882.328,475137.3999,525345.5176,225900.1022,444.0372412
2.028428416e-05,490.1987029,421.209517,490.1987029,412.0204569,490.1987029,6.73806651,236260.652,1199744.926,489252.0739,540376.0431,236260.652,443.7142449
2.080439401e-05,501.7610764,420.3608275,501.7610764,410.9937069,501.7610764,6.858315195,246604.1903,1227458.2,503283.0811,555336.3535,246604.1903,443.3835185
2.132450386e-05,513.262751,419.5071608,513.262751,409.9629145,513.262751,6.977932611,256926.4002,1255023.72,518213.355,570226.1221,256926.4002,443.0451023
2.184461371e-05,524.7041857,418.6485393,524.7041857,408.9280948,524.7041857,7.096923531,267223.5608,1282442.839,532197.2254,585045.0675,267223.5608,442.6990369
2.236472356e-05,536.0857766,417.7849873,536.0857766,407.8892664,536.0857766,7.215292077,277492.4646,1309716.726,545963.6715,599792.9475,277492.4646,442.3453623
2.288483341e-05,547.4078659,416.9165313,547.4078659,406.8464501,547.4078659,7.333041806,287730.3476,1336846.388,560534.583,614469.554,287730.3476,441.9841181
2.340494326e-05,558.6707495,416.0431989,558.6707495,405.7996694,558.6707495,7.450175795,297934.8276,1363832.698,575012.1412,629074.7081,297934.8276,441.6153441
2.392505311e-05,569.8746837,415.1650197,569.8746837,404.7489496,569.8746837,7.566696711,308103.8509,1390676.41,588637.1679,643608.2566,308103.8509,441.2390795
2.444516296e-05,581.0198907,414.2820239,581.0198907,403.6943176,581.0198907,7.682606863,318235.6479,1417378.179,602194.0567,658070.0684,318235.6479,440.8553637
2.496527281e-05,592.1065636,413.3942431,592.1065636,402.635802,592.1065636,7.797908261,328328.6933,1443938.571,616326.6213,672460.0318,328328.6933,440.4642357
2.548538266e-05,603.1348705,412.5017095,603.1348705,401.5734325,603.1348705,7.912602653,338381.6727,1470358.08,630548.9149,686778.0517,338381.6727,440.0657345
2.600549251e-05,614.1049582,411.6044561,614.1049582,400.5072398,614.1049582,8.026691565,348393.4537,1496637.135,644655.3232,701024.048,348393.4537,439.6598989
2.652560236e-05,625.0169553,410.7025167,625.0169553,399.4372556,625.0169553,8.140176335,358363.0594,1522776.114,658006.8674,715197.953,358363.0594,439.2467678
2.704571221e-05,635.8709748,409.7959253,635.8709748,398.3635122,635.8709748,8.253058138,368289.6495,1548775.344,671290.2329,729299.7107,368289.6495,438.8263798
2.756582206e-05,646.6671165,408.8847165,646.6671165,397.2860429,646.6671165,8.365338011,378172.4994,1574635.116,684505.452,743329.2746,378172.4994,438.3987736
2.808593191e-05,657.4054687,407.9689254,657.4054687,396.2048811,657.4054687,8.477016875,388010.9852,1600355.686,698300.6485,757286.6071,388010.9852,437.9639877
2.860604176e-05,668.0861106,407.0485872,668.0861106,395.1200611,668.0861106,8.58809555,397804.569,1625937.28,712570.7198,771171.6782,397804.569,437.5220606
2.912615161e-05,678.709113,406.1237374,678.709113,394.0316171,678.709113,8.698574775,407552.7879,1651380.103,726547.2545,784984.4646,407552.7879,437.0730309
2.964626146e-05,689.2745399,405.194412,689.2745399,392.9395841,689.2745399,8.808455215,417255.2441,1676684.337,739560.2956,798724.9492,417255.2441,436.6169368
3.016637131e-05,699.7824496,404.2606467,699.7824496,391.843997,699.7824496,8.917737475,426911.5957,1701850.145,752504.9889,812393.1203,426911.5957,436.1538168
3.068648116e-05,710.2328957,403.3224777,710.2328957,390.7448911,710.2328957,9.026422115,436521.547,1726877.679,765381.3562,825988.9708,436521.547,435.6837092
3.120659101e-05,720.6259277,402.3799413,720.6259277,389.642302,720.6259277,9.134509648,446084.8461,1751767.077,778406.2066,839512.4981,446084.8461,435.2066523
3.172670086e-05,730.9615918,401.4330736,730.9615918,388.5362651,730.9615918,9.242000555,455601.2762,1776518.465,791683.0107,852963.7037,455601.2762,434.7226844
3.224681071e-05,741.2399318,400.4819111,741.2399318,387.4268162,741.2399318,9.34889529,465070.6508,1801131.964,804889.4802,866342.5923,465070.6508,434.2318437
3.276692056e-05,751.4609889,399.5264902,751.4609889,386.313991,751.4609889,9.455194284,474492.8115,1825607.684,818025.6176,879649.172,474492.8115,433.7341684
3.328703041e-05,761.6248028,398.5668474,761.6248028,385.1978254,761.6248028,9.560897949,483867.6228,1849945.734,831091.4282,892883.4541,483867.6228,433.2296968
3.380714026e-05,771.7314118,397.6030191,771.7314118,384.0783554,771.7314118,9.666006683,493194.9684,1874146.215,844086.9205,906045.4522,493194.9684,432.7184669
3.432725011e-05,781.7808533,396.6350418,781.7808533,382.9556167,781.7808533,9.770520874,502474.7515,1898209.225,857012.1055,919135.183,502474.7515,432.2005169
3.484735996e-05,791.7731638,395.6629521,791.7731638,381.8296453,791.7731638,9.874440903,511706.8881,1922134.861,869778.3706,932152.665,511706.8881,431.6758849
3.536746981e-05,801.7083792,394.6867863,801.7083792,380.7004772,801.7083792,9.977767144,520891.3099,1945923.214,882112.5719,945097.9193,520891.3099,431.144609
3.588757966e-05,811.5865354,393.7065809,811.5865354,379.5681483,811.5865354,10.08049997,530027.9577,1969574.379,894495.2842,957970.969,530027.9577,430.6067273
3.640768951e-05,821.407668,392.7223725,821.407668,378.4326944,821.407668,10.18263975,539116.7845,1993088.446,907492.5929,970771.8392,539116.7845,430.0622777
3.692779936e-05,831.1718126,391.7341973,831.1718126,377.2941514,831.1718126,10.28418685,548157.7504,2016465.505,919509.3243,983500.5568,548157.7504,429.5112984
3.744790921e-05,840.8790051,390.7420918,840.8790051,376.1525551,840.8790051,10.38514165,557150.8242,2039705.648,931055.273,996157.1506,557150.8242,428.9538272
3.796801906e-05,850.5292815,389.7460922,850.5292815,375.0079413,850.5292815,10.48550453,566095.9809,2062808.966,942757.3115,1008741.651,566095.9809,428.3899022
3.848812891e-05,860.1226784,388.7462349,860.1226784,373.8603457,860.1226784,10.58527585,574993.2017,2085775.551,954271.1941,1021254.09,574993.2017,427.8195612
3.900823876e-05,869.6592326,387.7425562,869.6592326,372.709804,869.6592326,10.68445602,583842.4729,2108605.494,965623.4531,1033694.502,583842.4729,427.2428423
3.952834861e-05,879.1389816,386.735092,879.1389816,371.5563517,879.1389816,10.78304541,592643.7854,2131298.889,976909.5247,1046062.921,592643.7854,426.6597832
4.004845846e-05,888.5619636,385.7238787,888.5619636,370.4000245,888.5619636,10.88104442,601397.1343,2153855.831,988129.4488,1058359.385,601397.1343,426.070422
4.056856831e-05,897.928217,384.7089523,897.928217,369.2408577,897.928217,10.97845346,610102.5183,2176276.415,999283.2661,1070583.932,610102.5183,425.4747963
4.108867816e-05,907.2377814,383.6903488,907.2377814,368.0788869,907.2377814,11.07527293,618759.9393,2198560.74,1010371.018,1082736.601,618759.9393,424.872944
4.160878801e-05,916.4906968,382.6681041,916.4906968,366.9141473,916.4906968,11.17150325,627369.4021,2220708.903,1021834.666,1094817.433,627369.4021,424.264903
4.212889786e-05,925.6870039,381.6422541,925.6870039,365.7466743,925.6870039,11.26714484,635930.9143,2242721.006,1033426.044,1106826.472,635930.9143,423.6507109
4.264900771e-05,934.8267445,380.6128348,934.8267445,364.5765029,934.8267445,11.36219814,644444.4859,2264597.152,1044330.438,1118763.761,644444.4859,423.0304055
4.316911756e-05,943.9099608,379.5798818,943.9099608,363.4036684,943.9099608,11.45666359,652910.1287,2286337.443,1055765.401,1130629.344,652910.1287,422.4040245
4.368922741e-05,952.9366962,378.5434308,952.9366962,362.2282057,952.9366962,11.55054164,661327.8572,2307941.987,1066787.588,1142423.27,661327.8572,421.7716055
4.420933726e-05,961.9069945,377.5035175,961.9069945,361.0501498,961.9069945,11.64383274,669697.6868,2329410.891,1077505.026,1154145.584,669697.6868,421.1331863
4.472944711e-05,970.8209009,376.4601774,970.8209009,359.8695356,970.8209009,11.73653737,678019.6355,2350744.266,1088156.57,1165796.337,678019.6355,420.4888045
4.524955696e-05,979.6784608,375.4134461,979.6784608,358.6863978,979.6784608,11.82865599,686293.7223,2371942.223,1098742.268,1177375.578,686293.7223,419.8384975
4.576966681e-05,988.479721,374.363359,988.479721,357.5007713,988.479721,11.9201891,694519.9678,2393004.876,1109262.172,1188883.36,694519.9678,419.1823031
4.628977666e-05,997.2247289,373.3099514,997.2247289,356.3126905,997.2247289,12.01113718,702698.3942,2413932.342,1120032.925,1200319.735,702698.3942,418.5202587
4.680988651e-05,1005.913533,372.2532586,1005.913533,355.1221902,1005.913533,12.10150074,710829.0246,2434724.738,1130805.66,1211684.757,710829.0246,417.8524017
4.732999636e-05,1014.546182,371.1933158,1014.546182,353.9293046,1014.546182,12.19128029,718911.8838,2455382.185,1141511.178,1222978.482,718911.8838,417.1787698
4.785010621e-05,1023.122726,370.1301581,1023.122726,352.7340681,1023.122726,12.28047635,726946.9973,2475904.804,1151829.949,1234200.966,726946.9973,416.4994002
4.837021606e-05,1031.643217,369.0638207,1031.643217,351.5365152,1031.643217,12.36908946,734934.3922,2496292.721,1162034.369,1245352.266,734934.3922,415.8143304
4.889032591e-05,1040.107706,367.9943385,1040.107706,350.3366799,1040.107706,12.45712014,742874.0963,2516546.061,1172286.078,1256432.443,742874.0963,415.1235978
4.941043576e-05,1048.516246,366.9217465,1048.516246,349.1345963,1048.516246,12.54456896,750766.1386,2536664.954,1183215.998,1267441.555,750766.1386,414.4272396
4.993054561e-05,1056.86889,365.8460794,1056.86889,347.9302985,1056.86889,12.63143646,758610.5492,2556649.529,1193677.96,1278379.665,758610.5492,413.7252932
5.045065546e-05,1065.165693,364.7673721,1065.165693,346.7238205,1065.165693,12.71772321,766407.3589,2576499.92,1204335.753,1289246.834,766407.3589,413.0177958
5.097076531e-05,1073.406711,363.6856593,1073.406711,345.5151959,1073.406711,12.80342979,774156.5999,2596216.261,1214572.285,1300043.127,774156.5999,412.3047847
5.149087516e-05,1081.591999,362.6009754,1081.591999,344.3044587,1081.591999,12.88855679,781858.3047,2615798.689,1224742.05,1310768.608,781858.3047,411.5862969
5.201098501e-05,1089.721615,361.5133552,1089.721615,343.0916424,1089.721615,12.97310479,789512.5074,2635247.344,1234840.129,1321423.343,789512.5074,410.8623697
5.253109486e-05,1097.795616,360.422833,1097.795616,341.8767806,1097.795616,13.05707441,797119.2426,2654562.366,1244553.008,1332007.399,797119.2426,410.1330402
5.305120471e-05,1105.814062,359.3294433,1105.814062,340.6599068,1105.814062,13.14046625,804678.5456,2673743.898,1254200.629,1342520.845,804678.5456,409.3983454
5.357131456e-05,1113.777012,358.2332203,1113.777012,339.4410543,1113.777012,13.22328093,812190.4531,2692792.087,1264248.025,1352963.75,812190.4531,408.6583223
5.409142441e-05,1121.684528,357.1341983,1121.684528,338.2202566,1121.684528,13.30551909,819655.0023,2711707.078,1274322.758,1363336.185,819655.0023,407.913008
5.461153426e-05,1129.536669,356.0324114,1129.536669,336.9975467,1129.536669,13.38718136,827072.2312,2730489.021,1284330.146,1373638.221,827072.2312,407.1624393
5.513164411e-05,1137.333499,354.9278936,1137.333499,335.7729577,1137.333499,13.46826839,834442.1788,2749138.069,1294066.21,1383869.931,834442.1788,406.4066532
5.565175396e-05,1145.075081,353.820679,1145.075081,334.5465228,1145.075081,13.54878085,841764.8848,2767654.374,1303704.133,1394031.389,841764.8848,405.6456866
5.617186381e-05,1152.761479,352.7108015,1152.761479,333.3182747,1152.761479,13.62871938,849040.3897,2786038.092,1313275.879,1404122.67,849040.3897,404.8795762
5.669197366e-05,1160.392758,351.5982949,1160.392758,332.0882464,1160.392758,13.70808468,856268.7351,2804289.38,1322781.517,1414143.851,856268.7351,404.1083588
5.721208351e-05,1167.968983,350.4831929,1167.968983,330.8564706,1167.968983,13.78687742,863449.9628,2822408.399,1332221.12,1424095.008,863449.9628,403.3320712
5.773219336e-05,1175.490221,349.3655292,1175.490221,329.6229798,1175.490221,13.8650983,870584.116,2840395.308,1341594.761,1433976.22,870584.116,402.5507501
5.825230321e-05,1182.95654,348.2453373,1182.95654,328.3878066,1182.95654,13.94274801,877671.2384,2858250.274,1350902.513,1443787.566,877671.2384,401.764432
5.877241306e-05,1190.368007,347.1226509,1190.368007,327.1509836,1190.368007,14.01982727,884711.3744,2875973.459,1360144.451,1453529.127,884711.3744,400.9731537
5.929252291e-05,1197.724692,345.9975032,1197.724692,325.9125429,1197.724692,14.09633679,891704.5693,2893565.033,1369320.652,1463200.985,891704.5693,400.1769516
5.981263277e-05,1205.026664,344.8699276,1205.026664,324.672517,1205.026664,14.17227731,898650.8692,2911025.166,1378431.191,1472803.221,898650.8692,399.3758622
6.033274262e-05,1212.273995,343.7399574,1212.273995,323.4309379,1212.273995,14.24764955,905550.3208,2928354.027,1387285.634,1482335.921,905550.3208,398.5699221
6.085285247e-05,1219.466755,342.6076256,1219.466755,322.1878376,1219.466755,14.32245426,912402.9718,2945551.791,1395999.746,1491799.168,912402.9718,397.7591676
6.137296232e-05,1226.605018,341.4729655,1226.605018,320.9432482,1226.605018,14.39669219,919208.8703,2962618.634,1404649.521,1501193.048,919208.8703,396.943635
6.189307217e-05,1233.688856,340.33601,1233.688856,319.6972016,1233.688856,14.4703641,925968.0655,2979554.733,1413235.04,1510517.649,925968.0655,396.1233608
6.241318202e-05,1240.718343,339.1967919,1240.718343,318.4497294,1240.718343,14.54347077,932680.6073,2996360.266,1421756.388,1519773.058,932680.6073,395.2983812
6.293329187e-05,1247.693555,338.0553442,1247.693555,317.2008635,1247.693555,14.61601297,939346.546,3013035.416,1430359.292,1528959.365,939346.546,394.4687323
6.345340172e-05,1254.614566,336.9116995,1254.614566,315.9506352,1254.614566,14.68799148,945965.9329,3029580.365,1439500.599,1538076.659,945965.9329,393.6344504
6.397351157e-05,1261.481453,335.7658905,1261.481453,314.6990762,1261.481453,14.75940711,952538.8203,3045995.298,1448574.932,1547125.032,952538.8203,392.7955715
6.449362142e-05,1268.294293,334.6179498,1268.294293,313.4462177,1268.294293,14.83026064,959065.2607,3062280.404,1457484.475,1556104.575,959065.2607,391.9521318
6.501373127e-05,1275.053164,333.4679098,1275.053164,312.1920911,1275.053164,14.9005529,965545.3074,3078435.868,1465942.851,1565015.382,965545.3074,391.1041672
6.553384112e-05,1281.758144,332.315803,1281.758144,310.9367275,1281.758144,14.9702847,971979.0148,3094461.884,1474336.478,1573857.547,971979.0148,390.2517137
6.605395097e-05,1288.409315,331.1616615,1288.409315,309.6801581,1288.409315,15.03945687,978366.4379,3110358.644,1482665.443,1582631.165,978366.4379,389.3948073
6.657406082e-05,1295.006754,330.0055177,1295.006754,308.4224137,1295.006754,15.10807024,984707.6319,3126126.341,1490750.495,1591336.333,984707.6319,388.5334837
6.709417067e-05,1301.550544,328.8474037,1301.550544,307.1635253,1301.550544,15.17612566,991002.6533,3141765.173,1498844.53,1599973.146,991002.6533,387.6677788
6.761428052e-05,1308.040766,327.6873514,1308.040766,305.9035236,1308.040766,15.24362397,997251.5594,3157275.337,1507265.275,1608541.705,997251.5594,386.7977283
6.813439037e-05,1314.477504,326.5253929,1314.477504,304.6424394,1314.477504,15.31056604,1003454.408,3172657.033,1515336.502,1617042.107,1003454.408,385.9233679
6.865450022e-05,1320.860839,325.3615601,1320.860839,303.3803031,1320.860839,15.37695273,1009611.256,3187910.463,1523343.526,1625474.453,1009611.256,385.0447332
6.917461007e-05,1327.190857,324.1958845,1327.190857,302.1171453,1327.190857,15.44278492,1015722.165,3203035.83,1531286.44,1633838.844,1015722.165,384.1618599
6.969471992e-05,1333.467643,323.0283981,1333.467643,300.8529964,1333.467643,15.50806348,1021787.193,3218033.341,1539165.342,1642135.382,1021787.193,383.2747834
7.021482977e-05,1339.69128,321.8591323,1339.69128,299.5878865,1339.69128,15.57278932,1027806.401,3232903.201,1546980.325,1650364.171,1027806.401,382.3835393
7.073493962e-05,1345.861857,320.6881186,1345.861857,298.321846,1345.861857,15.63696332,1033779.85,3247645.62,1554731.487,1658525.313,1033779.85,381.4881628
7.125504947e-05,1351.97946,319.5153884,1351.97946,297.0549047,1351.97946,15.70058639,1039707.602,3262260.809,1562418.928,1666618.916,1039707.602,380.5886895
7.177515932e-05,1358.044177,318.3409731,1358.044177,295.7870928,1358.044177,15.76365945,1045589.719,3276748.979,1570042.745,1674645.083,1045589.719,379.6851545
7.229526917e-05,1364.056097,317.1649039,1364.056097,294.51844,1364.056097,15.82618341,1051426.266,3291110.346,1577603.037,1682603.922,1051426.266,378.7775931
7.281537902e-05,1370.015308,315.9872119,1370.015308,293.2489762,1370.015308,15.8881592,1057217.305,3305345.126,1585099.907,1690495.541,1057217.305,377.8660405
7.333548887e-05,1375.921901,314.8079282,1375.921901,291.9787309,1375.921901,15.94958777,1062962.901,3319453.535,1592533.456,1698320.049,1062962.901,376.9505318
7.385559872e-05,1381.775966,313.6270836,1381.775966,290.7077337,1381.775966,16.01047005,1068663.119,3333435.793,1599903.785,1706077.556,1068663.119,376.0311021
7.437570857e-05,1387.577595,312.4447091,1387.577595,289.4360142,1387.577595,16.07080699,1074318.026,3347292.122,1607210.999,1713768.172,1074318.026,375.1077864
7.489581842e-05,1393.32688,311.2608354,1393.32688,288.1636015,1393.32688,16.13059955,1079927.687,3361022.744,1614455.202,1721392.009,1079927.687,374.1806194
7.541592827e-05,1399.023914,310.0754932,1399.023914,286.890525,1399.023914,16.1898487,1085492.17,3374627.883,1621469.522,1728949.178,1085492.17,373.2496363
7.593603812e-05,1404.668789,308.8887131,1404.668789,285.6168138,1404.668789,16.24855541,1091011.543,3388107.766,1628391.854,1736439.795,1091011.543,372.3148718
7.645614797e-05,1410.261602,307.7005255,1410.261602,284.3424968,1410.261602,16.30672066,1096485.874,3401462.621,1635252.297,1743863.973,1096485.874,371.3763605
7.697625782e-05,1415.802446,306.5109608,1415.802446,283.0676031,1415.802446,16.36434544,1101915.233,3414692.677,1642050.958,1751221.827,1101915.233,370.4341373
7.749636767e-05,1421.291417,305.3200494,1421.291417,281.7921616,1421.291417,16.42143073,1107299.688,3427798.165,1648787.946,1758513.473,1107299.688,369.4882367
7.801647752e-05,1426.728611,304.1278214,1426.728611,280.5162008,1426.728611,16.47797755,1112639.311,3440779.318,1655463.372,1765739.028,1112639.311,368.5386933
7.853658737e-05,1432.114125,302.9343068,1432.114125,279.2397493,1432.114125,16.5339869,1117934.172,3453636.371,1662077.347,1772898.612,1117934.172,367.5855415
7.905669722e-05,1437.448058,301.7395358,1437.448058,277.9628357,1437.448058,16.5894598,1123184.344,3466369.56,1668629.982,1779992.341,1123184.344,366.6288158
7.957680707e-05,1442.730506,300.5435383,1442.730506,276.6854885,1442.730506,16.64439726,1128389.897,3478979.121,1675184.755,1787020.336,1128389.897,365.6685506
8.009691692e-05,1447.96157,299.346344,1447.96157,275.4077359,1447.96157,16.69880032,1133550.906,3491465.295,1681937.882,1793982.718,1133550.906,364.7047802
8.061702677e-05,1453.141348,298.1479827,1453.141348,274.1296059,1453.141348,16.75267002,1138667.444,3503828.322,1688628.694,1800879.607,1138667.444,363.7375388
8.113713662e-05,1458.269943,296.9484839,1458.269943,272.8511268,1458.269943,16.8060074,1143739.584,3516068.446,1695257.302,1807711.127,1143739.584,362.7668605
8.165724647e-05,1463.347453,295.7478774,1463.347453,271.5723266,1463.347453,16.85881351,1148767.402,3528185.909,1701823.823,1814477.4,1148767.402,361.7927795
8.217735632e-05,1468.37398,294.5461924,1468.37398,270.2932331,1468.37398,16.9110894,1153750.973,3540180.957,1708328.37,1821178.55,1153750.973,360.8153297
8.269746617e-05,1473.349629,293.3434582,1473.349629,269.0138739,1473.349629,16.96283614,1158690.373,3552053.837,1714771.061,1827814.702,1158690.373,359.8345452
8.321757602e-05,1478.2745,292.1397041,1478.2745,267.7342768,1478.2745,17.0140548,1163585.679,3563804.8,1721152.012,1834385.982,1163585.679,358.8504598
8.373768587e-05,1483.148698,290.9349594,1483.148698,266.4544695,1483.148698,17.06474646,1168436.967,3575434.093,1727471.341,1840892.517,1168436.967,357.8631074
8.425779572e-05,1487.972326,289.729253,1487.972326,265.1744792,1487.972326,17.1149122,1173244.315,3586941.969,1733729.167,1847334.433,1173244.315,356.8725217
8.477790557e-05,1492.745491,288.5226138,1492.745491,263.8943332,1492.745491,17.1645531,1178007.802,3598328.682,1739925.609,1853711.859,1178007.802,355.8787364
8.529801542e-05,1497.468297,287.3150707,1497.468297,262.6140589,1497.468297,17.21367028,1182727.507,3609594.486,1746060.787,1860024.924,1182727.507,354.8817851
8.581812527e-05,1502.140849,286.1066524,1502.140849,261.3336833,1502.140849,17.26226483,1187403.509,3620739.637,1752134.822,1866273.758,1187403.509,353.8817014
8.633823512e-05,1506.763256,284.8973877,1506.763256,260.0532335,1506.763256,17.31033786,1192035.888,3631764.393,1758107.553,1872458.491,1192035.888,352.8785187
8.685834497e-05,1511.335624,283.6873049,1511.335624,258.7727363,1511.335624,17.35789049,1196624.725,3642669.014,1763933.21,1878579.255,1196624.725,351.8722705
8.737845482e-05,1515.858061,282.4764327,1515.858061,257.4922185,1515.858061,17.40492383,1201170.101,3653453.76,1769698.609,1884636.182,1201170.101,350.8629899
8.789856467e-05,1520.330676,281.2647992,1520.330676,256.2117068,1520.330676,17.45143903,1205672.099,3664118.893,1775403.872,1890629.405,1205672.099,349.8507104
8.841867452e-05,1524.753577,280.052433,1524.753577,254.9312279,1524.753577,17.49743721,1210130.799,3674664.675,1780936.223,1896559.058,1210130.799,348.8354652
8.893878437e-05,1529.126876,278.8393619,1529.126876,253.650808,1529.126876,17.54291951,1214546.285,3685091.373,1786502.369,1902425.276,1214546.285,347.8172873
8.945889422e-05,1533.450681,277.6256141,1533.450681,252.3704736,1533.450681,17.58788708,1218918.642,3695399.254,1792160.113,1908228.193,1218918.642,346.7962097
8.997900407e-05,1537.725105,276.4112175,1537.725105,251.0902509,1537.725105,17.63234109,1223247.952,3705588.585,1797626.099,1913967.948,1223247.952,345.7722654
9.049911392e-05,1541.950258,275.1962001,1541.950258,249.8101661,1541.950258,17.67628268,1227534.301,3715659.635,1803032.585,1919644.675,1227534.301,344.7454873
9.101922377e-05,1546.126252,273.9805895,1546.126252,248.5302452,1546.126252,17.71971302,1231777.773,3725612.674,1808379.699,1925258.512,1231777.773,343.7159084
9.153933362e-05,1550.2532,272.7644134,1550.2532,247.2505141,1550.2532,17.76263328,1235978.455,3735447.974,1813667.572,1930809.599,1235978.455,342.6835611
9.205944347e-05,1554.331216,271.5476993,1554.331216,245.9709986,1554.331216,17.80504465,1240136.432,3745165.811,1818896.333,1936298.075,1240136.432,341.6484783
9.257955332e-05,1558.360414,270.3304746,1558.360414,244.6917242,1558.360414,17.84694831,1244251.792,3754766.458,1824066.115,1941724.079,1244251.792,340.6106925
9.309966317e-05,1562.340907,269.1127669,1562.340907,243.4127169,1562.340907,17.88834543,1248324.622,3764250.19,1829177.048,1947087.752,1248324.622,339.5702363
9.361977302e-05,1566.27281,267.8946032,1566.27281,242.1340019,1566.27281,17.92923723,1252355.009,3773617.285,1834229.264,1952389.236,1252355.009,338.5271421
9.413988287e-05,1570.15624,266.6760107,1570.15624,240.8556046,1570.15624,17.9696249,1256343.042,3782868.022,1839222.899,1957628.672,1256343.042,337.4814422
9.465999272e-05,1573.991313,265.4570165,1573.991313,239.5775503,1573.991313,18.00950965,1260288.81,3792002.683,1844158.086,1962806.205,1260288.81,336.4331689
9.518010257e-05,1577.778144,264.2376474,1577.778144,238.2998639,1577.778144,18.0488927,1264192.402,3801021.547,1849034.958,1967921.978,1264192.402,335.3823544
9.570021242e-05,1581.516851,263.0179304,1581.516851,237.0225709,1581.516851,18.08777525,1268053.909,3809924.897,1853853.652,1972976.133,1268053.909,334.329031
9.622032227e-05,1585.207552,261.7978922,1585.207552,235.7456959,1585.207552,18.12615854,1271873.42,3818713.017,1858614.303,1977968.817,1271873.42,333.2732306
9.674043212e-05,1588.850364,260.5775593,1588.850364,234.4692637,1588.850364,18.16404379,1275651.027,3827386.194,1863317.048,1982900.176,1275651.027,332.2149851
9.726054197e-05,1592.445408,259.3569583,1592.445408,233.193299,1592.445408,18.20143225,1279386.822,3835944.714,1867962.024,1987770.356,1279386.822,331.1543265
9.778065182e-05,1595.992802,258.1361156,1595.992802,231.9178265,1595.992802,18.23832514,1283080.896,3844388.864,1872549.371,1992579.505,1283080.896,330.0912865
9.830076167e-05,1599.492666,256.9150577,1599.492666,230.6428707,1599.492666,18.27472372,1286733.342,3852718.932,1877079.225,1997327.769,1286733.342,329.0258971
9.882087152e-05,1602.945119,255.6938107,1602.945119,229.3684559,1602.945119,18.31062924,1290344.252,3860935.21,1881551.725,2002015.298,1290344.252,327.9581897
9.934098138e-05,1606.350284,254.4724006,1606.350284,228.0946063,1606.350284,18.34604295,1293913.72,3869037.99,1885967.014,2006642.241,1293913.72,326.888196
9.986109123e-05,1609.708282,253.2508535,1609.708282,226.821346,1609.708282,18.38096613,1297441.842,3877027.564,1890325.23,2011208.748,1297441.842,325.8159473
0.0001003812011,1613.019234,252.0291952,1613.019234,225.548699,1613.019234,18.41540004,1300928.71,3884904.228,1894626.516,2015714.97,1300928.71,324.7414752
0.0001009013109,1616.283262,250.8074518,1616.283262,224.2766896,1616.283262,18.44934593,1304374.419,3892668.272,1898895.991,2020161.057,1304374.419,323.6648111
0.0001014214208,1619.50049,249.5856489,1619.50049,223.0053413,1619.50049,18.4828051,1307779.065,3900319.996,1903183.601,2024547.16,1307779.065,322.5859861
0.0001019415306,1622.671041,248.3638119,1622.671041,221.7346779,1622.671041,18.51577883,1311142.745,3907859.697,1907414.3,2028873.434,1311142.745,321.5050314
0.0001024616405,1625.795039,247.1419664,1625.795039,220.4647228,1625.795039,18.54826841,1314465.554,3915287.676,1911588.232,2033140.032,1314465.554,320.4219781
0.0001029817503,1628.872609,245.9201376,1628.872609,219.1954995,1628.872609,18.58027513,1317747.59,3922604.231,1915705.54,2037347.107,1317747.59,319.336857
0.0001035018602,1631.903875,244.698351,1631.903875,217.9270313,1631.903875,18.6118003,1320988.95,3929809.664,1919766.369,2041494.814,1320988.95,318.2496992
0.00010402197,1634.888962,243.4766319,1634.888962,216.6593419,1634.888962,18.6428452,1324189.73,3936904.274,1923770.863,2045583.307,1324189.73,317.1605357
0.0001045420799,1637.827995,242.2550053,1637.827995,215.3924542,1637.827995,18.67341115,1327350.03,3943888.367,1927719.168,2049612.742,1327350.03,316.0693972
0.0001050621897,1640.721103,241.033496,1640.721103,214.126391,1640.721103,18.70349947,1330469.948,3950762.246,1931611.43,2053583.275,1330469.948,314.9763141
0.0001055822996,1643.56841,239.8121289,1643.56841,212.8611754,1643.56841,18.73311147,1333549.584,3957526.22,1935254.815,2057495.066,1333549.584,313.8813171
0.0001061024094,1646.370046,238.5909287,1646.370046,211.59683,1646.370046,18.76224848,1336589.038,3964180.594,1938817.393,2061348.27,1336589.038,312.7844367
0.0001066225193,1649.126137,237.3699201,1649.126137,210.3333776,1649.126137,18.79091182,1339588.409,3970725.675,1942621.624,2065143.046,1339588.409,311.6857033
0.0001071426291,1651.83681,236.1491278,1651.83681,209.070841,1651.83681,18.81910282,1342547.798,3977161.771,1946370.087,2068879.551,1342547.798,310.5851474
0.000107662739,1654.502194,234.9285763,1654.502194,207.8092425,1654.502194,18.84682282,1345467.304,3983489.192,1950062.934,2072557.945,1345467.304,309.4827991
0.0001081828488,1657.12242,233.7082897,1657.12242,206.5486044,1657.12242,18.87407317,1348347.031,3989708.25,1953700.312,2076178.39,1348347.031,308.3786886
0.0001087029587,1659.697616,232.4882922,1659.697616,205.2889489,1659.697616,18.90085521,1351187.08,3995819.259,1957282.374,2079741.045,1351187.08,307.2728458
0.0001092230685,1662.227912,231.2686079,1662.227912,204.0302981,1662.227912,18.92717029,1353987.553,4001822.53,1960749.765,2083246.073,1353987.553,306.1653009
0.0001097431784,1664.713439,230.0492609,1664.713439,202.7726739,1664.713439,18.95301977,1356748.554,4007718.378,1964144.329,2086693.634,1356748.554,305.0560835
0.0001102632882,1667.154326,228.8302754,1667.154326,201.5160988,1667.154326,18.97840499,1359470.183,4013507.116,1967484.344,2090083.889,1359470.183,303.9452239
0.0001107833981,1669.550705,227.6116749,1669.550705,200.2605941,1669.550705,19.00332733,1362152.545,4019189.06,1970769.965,2093417.002,1362152.545,302.8327516
0.0001113035079,1671.902708,226.3934832,1671.902708,199.0061815,1671.902708,19.02778816,1364795.745,4024764.53,1974001.345,2096693.138,1364795.745,301.7186961
0.0001118236178,1674.210467,225.1757236,1674.210467,197.7528824,1674.210467,19.05178886,1367399.886,4030233.844,1977178.638,2099912.459,1367399.886,300.6030869
0.0001123437276,1676.474114,223.9584199,1676.474114,196.5007185,1676.474114,19.07533079,1369965.074,4035597.32,1980301.997,2103075.132,1369965.074,299.4859536
0.0001128638375,1678.693783,222.7415953,1678.693783,195.249711,1678.693783,19.09841534,1372491.414,4040855.279,1983371.578,2106181.32,1372491.414,298.3673255
0.0001133839473,1680.869605,221.5252734,1680.869605,193.9998814,1680.869605,19.12104389,1374979.009,4046008.039,1986387.534,2109231.187,1374979.009,297.2472321
0.0001139040572,1683.001714,220.3094771,1683.001714,192.7512507,1683.001714,19.14321783,1377427.967,4051055.924,1989350.022,2112224.902,1377427.967,296.1257024
0.000114424167,1685.090246,219.0942295,1685.090246,191.5038397,1685.090246,19.16493856,1379838.395,4055999.257,1992259.198,2115162.63,1379838.395,295.0027656
0.0001149442769,1687.135334,217.8795534,1687.135334,190.2576692,1687.135334,19.18620747,1382210.399,4060838.364,1995115.221,2118044.54,1382210.399,293.8784505
0.0001154643867,1689.137113,216.6654718,1689.137113,189.0127602,1689.137113,19.20702598,1384544.085,4065573.567,1997918.246,2120870.799,1384544.085,292.7527861
0.0001159844966,1691.095718,215.4520073,1691.095718,187.7691332,1691.095718,19.22739547,1386839.562,4070205.194,2000668.431,2123641.575,1386839.562,291.6258013
0.0001165046064,1693.011285,214.2391829,1693.011285,186.5268091,1693.011285,19.24731736,1389096.937,4074733.568,2003365.934,2126357.035,1389096.937,290.497525
0.0001170247163,1694.883948,213.0270209,1694.883948,185.2858081,1694.883948,19.26679306,1391316.318,4079159.018,2006010.915,2129017.35,1391316.318,289.3679858
0.0001175448261,1696.713846,211.8155436,1696.713846,184.0461504,1696.713846,19.285824,1393497.814,4083481.874,2008603.532,2131622.689,1393497.814,288.237212
0.000118064936,1698.501115,210.6047733,1698.501115,182.8078562,1698.501115,19.30441159,1395641.535,4087702.464,2011108.509,2134173.224,1395641.535,287.1052322
0.0001185850458,1700.245891,209.3947324,1700.245891,181.5709456,1700.245891,19.32255726,1397747.589,4091821.119,2013411.692,2136669.123,1397747.589,285.9720748
0.0001191051557,1701.948311,208.1854427,1701.948311,180.3354387,1701.948311,19.34026244,1399816.086,4095838.17,2015663.752,2139110.56,1399816.086,284.837768
0.0001196252655,1703.608514,206.9769267,1703.608514,179.1013555,1703.608514,19.35752855,1401847.136,4099753.947,2017864.849,2141497.703,1401847.136,283.7023403
0.0001201453754,1705.226637,205.7692059,1705.226637,177.8687157,1705.226637,19.37435703,1403840.848,4103568.782,2020015.147,2143830.727,1403840.848,282.5658197
0.0001206654852,1706.80282,204.5623021,1706.80282,176.6375387,1706.80282,19.39074933,1405797.336,4107283.012,2022114.809,2146109.803,1405797.336,281.428234
0.0001211855951,1708.3372,203.3562369,1708.3372,175.407844,1708.3372,19.40670688,1407716.708,4110896.969,2024163.999,2148335.106,1407716.708,280.2896111
0.0001217057049,1709.829918,202.1510319,1709.829918,174.1796512,1709.829918,19.42223114,1409599.078,4114410.989,2026162.878,2150506.807,1409599.078,279.149979
0.0001222258148,1711.281111,200.9467086,1711.281111,172.9529795,1711.281111,19.43732356,1411444.556,4117825.408,2028111.613,2152625.082,1411444.556,278.0093653
0.0001227459246,1712.69092,199.7432885,1712.69092,171.7278484,1712.69092,19.45198557,1413253.254,4121140.559,2030010.366,2154690.104,1413253.254,276.867798
0.0001232660345,1714.059485,198.5407928,1714.059485,170.5042767,1714.059485,19.46621864,1415025.286,4124356.783,2031859.302,2156702.047,1415025.286,275.7253044
0.0001237861443,1715.386946,197.3392423,1715.386946,169.2822834,1715.386946,19.48002424,1416760.763,4127474.418,2033658.588,2158661.088,1416760.763,274.5819119
0.0001243062542,1716.673444,196.1386582,1716.673444,168.0618872,1716.673444,19.49340382,1418459.799,4130493.802,2035408.39,2160567.403,1418459.799,273.4376477
0.000124826364,1717.919121,194.9390614,1717.919121,166.843107,1717.919121,19.50635886,1420122.508,4133415.276,2037108.872,2162421.167,1420122.508,272.2925393
0.0001253464739,1719.124117,193.7404728,1719.124117,165.6259614,1719.124117,19.51889082,1421749.003,4136239.179,2038760.202,2164222.556,1421749.003,271.1466139
0.0001258665837,1720.288573,192.5429131,1720.288573,164.4104691,1720.288573,19.53100116,1423339.397,4138965.85,2040362.546,2165971.747,1423339.397,269.9998987
0.0001263866936,1721.412632,191.3464029,1721.412632,163.1966484,1721.412632,19.54269138,1424893.806,4141595.634,2041916.071,2167668.918,1424893.806,268.8524204
0.0001269068034,1722.496437,190.1509625,1722.496437,161.9845174,1722.496437,19.55396294,1426412.345,4144128.872,2043420.946,2169314.246,1426412.345,267.704206
0.0001274269133,1723.540129,188.9566123,1723.540129,160.7740943,1723.540129,19.56481734,1427895.127,4146565.909,2044877.338,2170907.91,1427895.127,266.5552822
0.0001279470231,1724.543851,187.7633726,1724.543851,159.5653973,1724.543851,19.57525605,1429342.27,4148907.087,2046285.416,2172450.089,1429342.27,265.4056758
0.000128467133,1725.507747,186.5712636,1725.507747,158.3584443,1725.507747,19.58528056,1430753.887,4151152.752,2047645.348,2173940.96,1430753.887,264.2554134
0.0001289872428,1726.431958,185.3803055,1726.431958,157.1532534,1726.431958,19.59489237,1432130.094,4153303.246,2048957.302,2175380.702,1432130.094,263.1045216
0.0001295073527,1727.31663,184.1905181,1727.31663,155.949842,1727.31663,19.60409295,1433471.009,4155358.916,2050221.448,2176769.496,1433471.009,261.9530268
0.0001300274625,1728.161906,183.0019212,1728.161906,154.7482278,1728.161906,19.61288383,1434776.747,4157320.111,2051437.958,2178107.522,1434776.747,260.8009551
0.0001305475724,1728.967931,181.8145344,1728.967931,153.5484282,1728.967931,19.62126648,1436047.425,4159187.177,2052607,2179394.96,1436047.425,259.6483328
0.0001310676822,1729.734848,180.6283774,1729.734848,152.3504607,1729.734848,19.62924242,1437283.161,4160960.461,2053728.744,2180631.99,1437283.161,258.4951861
0.0001315877921,1730.462802,179.4434698,1730.462802,151.1543427,1730.462802,19.63681315,1438484.071,4162640.311,2054803.362,2181818.794,1438484.071,257.341541
0.0001321079019,1731.151938,178.2598312,1731.151938,149.9600914,1731.151938,19.64398016,1439650.273,4164227.075,2055831.023,2182955.553,1439650.273,256.1874236
0.0001326280118,1731.802402,177.0774807,1731.802402,148.7677237,1731.802402,19.65074498,1440781.884,4165721.104,2056811.901,2184042.448,1440781.884,255.0328596
0.0001331481216,1732.414338,175.8964373,1732.414338,147.5772565,1732.414338,19.65710911,1441879.024,4167122.749,2057746.166,2185079.663,1441879.024,253.8778746
0.0001336682315,1732.987893,174.7167201,1732.987893,146.3887066,1732.987893,19.66307408,1442941.81,4168432.359,2058633.991,2186067.378,1442941.81,252.7224943
0.0001341883413,1733.523211,173.5383482,1733.523211,145.2020908,1733.523211,19.6686414,1443970.361,4169650.286,2059475.547,2187005.778,1443970.361,251.5667443
0.0001347084512,1734.02044,172.3613406,1734.02044,144.0174258,1734.02044,19.67381258,1444964.795,4170776.881,2060271.008,2187895.045,1444964.795,250.4106501
0.000135228561,1734.479725,171.1857161,1734.479725,142.8347283,1734.479725,19.67858914,1445925.232,4171812.496,2061040.674,2188735.361,1445925.232,249.2542371
0.0001357486709,1734.901213,170.0114931,1734.901213,141.6540144,1734.901213,19.68297262,1446851.792,4172757.484,2061831.893,2189526.911,1446851.792,248.0975305
0.0001362687807,1735.285052,168.8386901,1735.285052,140.4753003,1735.285052,19.68696454,1447744.593,4173612.199,2062577.175,2190269.879,1447744.593,246.9405553
0.0001367888906,1735.631387,167.6673256,1735.631387,139.2986023,1735.631387,19.69056642,1448603.756,4174376.996,2063276.694,2190964.45,1448603.756,245.7833366
0.0001373090004,1735.940366,166.497418,1735.940366,138.1239363,1735.940366,19.69377981,1449429.4,4175052.227,2063940.99,2191610.808,1449429.4,244.6258994
0.0001378291103,1736.212136,165.3289855,1736.212136,136.9513186,1736.212136,19.69660622,1450221.647,4175638.247,2064693.497,2192209.136,1450221.647,243.4682686
0.0001383492201,1736.446845,164.1620464,1736.446845,135.780765,1736.446845,19.69904719,1450980.616,4176135.412,2065171.459,2192759.621,1450980.616,242.3104692
0.00013886933,1736.644641,162.9966185,1736.644641,134.612291,1736.644641,19.70110427,1451706.428,4176544.078,2065620.6,2193262.448,1451706.428,241.1525255
0.0001393894398,1736.805672,161.8327196,1736.805672,133.4459123,1736.805672,19.70277899,1452399.205,4176864.601,2066093.907,2193717.803,1452399.205,239.9944621
0.0001399095497,1736.930086,160.6703676,1736.930086,132.2816442,1736.930086,19.7040729,1453059.067,4177097.338,2066522.495,2194125.872,1453059.067,238.8363035
0.0001404296595,1737.018031,159.5095801,1737.018031,131.1195024,1737.018031,19.70498753,1453686.137,4177242.646,2066906.54,2194486.84,1453686.137,237.678074
0.0001409497694,1737.069656,158.3503749,1737.069656,129.9595022,1737.069656,19.70552442,1454280.534,4177300.881,2067246.216,2194800.895,1454280.534,236.5197982
0.0001414698792,1737.08511,157.1927694,1737.08511,128.8016587,1737.08511,19.70568514,1454842.382,4177272.403,2067541.7,2195068.223,1454842.382,235.3615
0.0001419899891,1737.06454,156.0367808,1737.06454,127.6459869,1737.06454,19.70547122,1455371.803,4177157.569,2067793.168,2195289.01,1455371.803,234.2032035
0.0001425100989,1737.008098,154.8824264,1737.008098,126.4925017,1737.008098,19.70488422,1455868.919,4176956.74,2068000.795,2195463.445,1455868.919,233.0449326
0.0001430302088,1736.915931,153.7297235,1736.915931,125.3412182,1736.915931,19.70392568,1456333.852,4176670.272,2068089.455,2195591.715,1456333.852,231.8867113
0.0001435503186,1736.788189,152.5786891,1736.788189,124.1921509,1736.788189,19.70259717,1456766.724,4176298.527,2068124.584,2195674.006,1456766.724,230.7285634
0.0001440704285,1736.625022,151.42934,1736.625022,123.0453146,1736.625022,19.70090023,1457167.66,4175841.863,2068116.757,2195710.508,1457167.66,229.5705125
0.0001445905383,1736.42658,150.2816931,1736.42658,121.9007237,1736.42658,19.69883643,1457536.781,4175300.642,2068066.152,2195701.409,1457536.781,228.4125821
0.0001451106482,1736.193011,149.1357651,1736.193011,120.7583927,1736.193011,19.69640732,1457874.211,4174675.224,2067972.946,2195646.896,1457874.211,227.2547957
0.000145630758,1735.924467,147.9915727,1735.924467,119.6183359,1735.924467,19.69361446,1458180.073,4173965.97,2067837.317,2195547.158,1458180.073,226.0971768
0.0001461508679,1735.621098,146.8491324,1735.621098,118.4805675,1735.621098,19.69045942,1458454.492,4173173.242,2067659.443,2195402.384,1458454.492,224.9397485
0.0001466709777,1735.283053,145.7084605,1735.283053,117.3451015,1735.283053,19.68694375,1458697.59,4172297.4,2067439.502,2195212.763,1458697.59,223.7825341
0.0001471910876,1734.910483,144.5695734,1734.910483,116.211952,1734.910483,19.68306903,1458909.492,4171338.808,2067177.673,2194978.484,1458909.492,222.6255567
0.0001477111974,1734.503539,143.4324873,1734.503539,115.0811327,1734.503539,19.67883681,1459090.321,4170297.826,2066874.134,2194699.737,1459090.321,221.4688392
0.0001482313073,1734.062372,142.2972181,1734.062372,113.9526576,1734.062372,19.67424866,1459240.203,4169174.819,2066577.73,2194376.711,1459240.203,220.3124044
0.0001487514171,1733.587131,141.163782,1733.587131,112.8265402,1733.587131,19.66930616,1459359.26,4167970.148,2066432.093,2194009.595,1459359.26,219.1562751
0.000149271527,1733.077969,140.0321948,1733.077969,111.7027941,1733.077969,19.66401087,1459447.619,4166684.176,2066172.209,2193598.58,1459447.619,218.0004741
0.0001497916368,1732.535035,138.9024723,1732.535035,110.5814327,1732.535035,19.65836437,1459505.404,4165317.269,2065707.176,2193143.855,1459505.404,216.8450239
0.0001503117467,1731.958482,137.7746301,1731.958482,109.4624694,1731.958482,19.65236822,1459532.739,4163869.788,2065201.304,2192645.612,1459532.739,215.6899469
0.0001508318565,1731.348461,136.6486837,1731.348461,108.3459174,1731.348461,19.64602399,1459529.75,4162342.098,2064654.772,2192104.039,1459529.75,214.5352655
0.0001513519664,1730.705122,135.5246487,1730.705122,107.2317898,1730.705122,19.63933327,1459496.562,4160734.563,2064067.76,2191519.329,1459496.562,213.381002
0.0001518720762,1730.028618,134.4025404,1730.028618,106.1200996,1730.028618,19.63229763,1459433.299,4159047.547,2063440.447,2190891.671,1459433.299,212.2271785
0.0001523921861,1729.3191,133.282374,1729.3191,105.0108598,1729.3191,19.62491864,1459340.089,4157281.415,2062773.015,2190221.256,1459340.089,211.0738172
0.0001529122959,1728.576719,132.1641646,1728.576719,103.9040831,1728.576719,19.61719788,1459217.055,4155436.532,2062065.642,2189508.276,1459217.055,209.92094
0.0001534324058,1727.801627,131.0479273,1727.801627,102.7997822,1727.801627,19.60913692,1459064.325,4153513.264,2061318.509,2188752.921,1459064.325,208.7685686
0.0001539525156,1726.993977,129.9336771,1726.993977,101.6979698,1726.993977,19.60073736,1458882.023,4151511.974,2060531.797,2187955.383,1458882.023,207.616725
0.0001544726255,1726.153919,128.8214286,1726.153919,100.5986583,1726.153919,19.59200076,1458670.276,4149433.029,2059705.685,2187115.853,1458670.276,206.4654308
0.0001549927353,1725.281607,127.7111967,1725.281607,99.50185999,1725.281607,19.58292871,1458429.209,4147276.794,2058840.354,2186234.522,1458429.209,205.3147074
0.0001555128452,1724.377191,126.602996,1724.377191,98.40758724,1724.377191,19.57352279,1458158.95,4145043.635,2057935.985,2185311.583,1458158.95,204.1645765
0.000156032955,1723.440825,125.496841,1723.440825,97.31585228,1723.440825,19.56378458,1457859.624,4142733.918,2056992.759,2184347.227,1457859.624,203.0150593
0.0001565530649,1722.47266,124.392746,1722.47266,96.22666706,1722.47266,19.55371566,1457531.358,4140348.009,2056010.856,2183341.646,1457531.358,201.866177
0.0001570731747,1721.472848,123.2907254,1721.472848,95.14004354,1721.472848,19.54331762,1457174.278,4137886.274,2054990.457,2182295.032,1457174.278,200.7179509
0.0001575932846,1720.441543,122.1907933,1720.441543,94.05599358,1720.441543,19.53259205,1456788.511,4135349.079,2053931.744,2181207.576,1456788.511,199.570402
0.0001581133944,1719.378895,121.092964,1719.378895,92.97452902,1719.378895,19.52154051,1456374.183,4132736.792,2052923.837,2180079.472,1456374.183,198.4235512
0.0001586335043,1718.285059,119.9972513,1718.285059,91.8956614,1718.285059,19.51016461,1455931.423,4130049.778,2051919.402,2178910.911,1455931.423,197.2774195
0.0001591536141,1717.160185,118.9036691,1717.160185,90.81940225,1717.160185,19.49846592,1455460.356,4127288.405,2050876.651,2177702.085,1455460.356,196.1320274
0.000159673724,1716.004427,117.8122312,1716.004427,89.74576298,1716.004427,19.48644604,1454961.109,4124453.039,2049795.764,2176453.188,1454961.109,194.9873957
0.0001601938338,1714.817937,116.7229513,1714.817937,88.67475511,1714.817937,19.47410654,1454433.81,4121544.046,2048676.922,2175164.41,1454433.81,193.843545
0.0001607139437,1713.600867,115.6358431,1713.600867,87.60638973,1713.600867,19.46144902,1453878.586,4118561.795,2047520.305,2173835.946,1453878.586,192.7004957
0.0001612340535,1712.353371,114.5509198,1712.353371,86.54067789,1712.353371,19.44847506,1453295.564,4115506.652,2046326.095,2172467.988,1453295.564,191.558268
0.0001617541634,1711.075601,113.4681949,1711.075601,85.47763064,1711.075601,19.43518625,1452684.871,4112378.984,2045094.473,2171060.727,1452684.871,190.4168822
0.0001622742732,1709.767709,112.3876816,1709.767709,84.4172589,1709.767709,19.42158418,1452046.636,4109179.158,2043825.62,2169614.358,1452046.636,189.2763585
0.0001627943831,1708.429849,111.3093933,1708.429849,83.35957364,1708.429849,19.40767043,1451380.984,4105907.541,2042519.717,2168129.073,1451380.984,188.136717
0.0001633144929,1707.062173,110.2333429,1707.062173,82.30458545,1707.062173,19.39344659,1450688.045,4102564.502,2041176.945,2166605.064,1450688.045,186.9979775
0.0001638346028,1705.664833,109.1595433,1705.664833,81.25230486,1705.664833,19.37891426,1449967.946,4099150.406,2039731.982,2165042.524,1449967.946,185.8601599
0.0001643547126,1704.237982,108.0880073,1704.237982,80.20274241,1704.237982,19.36407502,1449220.814,4095665.621,2038190.944,2163441.647,1449220.814,184.7232838
0.0001648748225,1702.781774,107.0187478,1702.781774,79.1559085,1702.781774,19.34893045,1448446.778,4092110.515,2036614.107,2161802.626,1448446.778,183.587369
0.0001653949323,1701.296361,105.9517776,1701.296361,78.1118136,1701.296361,19.33348215,1447645.964,4088485.455,2035001.651,2160125.652,1447645.964,182.452435
0.0001659150422,1699.781895,104.887109,1699.781895,77.07046778,1699.781895,19.31773171,1446818.501,4084790.808,2033353.759,2158410.92,1446818.501,181.3185012
0.000166435152,1698.238529,103.8247544,1698.238529,76.03188105,1698.238529,19.3016807,1445964.517,4081026.941,2031670.613,2156658.622,1445964.517,180.1855868
0.0001669552619,1696.666417,102.7647263,1696.666417,74.99606346,1696.666417,19.28533073,1445084.14,4077194.222,2029952.395,2154868.951,1445084.14,179.0537112
0.0001674753717,1695.06571,101.7070368,1695.06571,73.9630249,1695.06571,19.26868338,1444177.498,4073293.018,2028199.286,2153042.101,1444177.498,177.9228933
0.0001679954816,1693.436561,100.6516984,1693.436561,72.93277532,1693.436561,19.25174024,1443244.718,4069323.696,2026411.469,2151178.264,1443244.718,176.7931524
0.0001685155914,1691.779124,99.59872281,1691.779124,71.9053243,1691.779124,19.23450289,1442285.93,4065286.623,2024589.126,2149277.634,1442285.93,175.6645073
0.0001690357013,1690.09355,98.54812202,1690.09355,70.88068134,1690.09355,19.21697292,1441301.261,4061182.166,2022732.439,2147340.403,1441301.261,174.5369767
0.0001695558111,1688.379993,97.49990789,1688.379993,69.85885599,1688.379993,19.19915193,1440290.839,4057010.692,2020841.589,2145366.764,1440290.839,173.4105794
0.000170075921,1686.638605,96.45409215,1686.638605,68.83985763,1686.638605,19.18104149,1439254.792,4052772.568,2018916.759,2143356.911,1439254.792,172.2853339
0.0001705960308,1684.869538,95.41068661,1684.869538,67.82369572,1684.869538,19.1626432,1438193.249,4048468.161,2016958.131,2141311.037,1438193.249,171.161259
0.0001711161407,1683.072946,94.36970269,1683.072946,66.81037932,1683.072946,19.14395864,1437106.338,4044097.838,2014965.886,2139229.334,1437106.338,170.0383729
0.0001716362505,1681.24898,93.33115175,1681.24898,65.79991746,1681.24898,19.12498939,1435994.188,4039661.966,2012940.206,2137111.995,1435994.188,168.9166938
0.0001721563604,1679.397793,92.29504519,1679.397793,64.79231918,1679.397793,19.10573705,1434856.926,4035160.91,2010881.274,2134959.214,1434856.926,167.79624
0.0001726764702,1677.519537,91.26139423,1677.519537,63.78759335,1677.519537,19.08620319,1433694.68,4030595.038,2008789.271,2132771.183,1433694.68,166.6770296
0.0001731965801,1675.614366,90.23021019,1675.614366,62.78574895,1675.614366,19.06638941,1432507.58,4025964.715,2006664.379,2130548.095,1432507.58,165.5590807
0.0001737166899,1673.682431,89.20150398,1673.682431,61.78679455,1673.682431,19.04629728,1431295.753,4021270.308,2004590.801,2128290.144,1431295.753,164.4424112
0.0001742367998,1671.723883,88.17528649,1671.723883,60.79073868,1671.723883,19.02592839,1430059.328,4016512.184,2002559.011,2125997.521,1430059.328,163.3270387
0.0001747569096,1669.738877,87.15156859,1669.738877,59.79758988,1669.738877,19.00528432,1428798.433,4011690.706,2000494.209,2123670.419,1428798.433,162.212981
0.0001752770195,1667.727563,86.13036095,1667.727563,58.80735647,1667.727563,18.98436666,1427513.196,4006806.243,1998396.577,2121309.031,1427513.196,161.1002556
0.0001757971293,1665.690094,85.11167455,1665.690094,57.8200471,1665.690094,18.96317698,1426203.746,4001859.158,1996266.296,2118913.55,1426203.746,159.9888802
0.0001763172392,1663.626622,84.09551979,1663.626622,56.83566981,1663.626622,18.94171687,1424870.211,3996849.819,1994103.546,2116484.169,1424870.211,158.8788722
0.000176837349,1661.537299,83.081907,1661.537299,55.85423259,1661.537299,18.91998791,1423512.718,3991778.589,1991908.508,2114021.079,1423512.718,157.7702488
0.0001773574589,1659.422276,82.0708465,1659.422276,54.87574344,1659.422276,18.89799168,1422131.398,3986645.834,1989681.363,2111524.473,1422131.398,156.6630269
0.0001778775687,1657.281706,81.06234861,1657.281706,53.90021033,1657.281706,18.87572974,1420726.377,3981451.918,1987422.292,2108994.543,1420726.377,155.5572239
0.0001783976786,1655.11574,80.05642344,1655.11574,52.92764105,1655.11574,18.85320369,1419297.784,3976197.207,1985131.475,2106431.482,1419297.784,154.4528566
0.0001789177884,1652.924529,79.05308135,1652.924529,51.9580436,1652.924529,18.8304151,1417845.748,3970882.065,1982809.093,2103835.482,1417845.748,153.3499422
0.0001794378983,1650.708226,78.05233218,1650.708226,50.9914255,1650.708226,18.80736555,1416370.395,3965506.856,1980455.327,2101206.735,1416370.395,152.2484974
0.0001799580081,1648.466982,77.05418566,1648.466982,50.02779414,1648.466982,18.78405661,1414871.856,3960071.944,1977930.235,2098545.433,1414871.856,151.1485387
0.000180478118,1646.200947,76.05865152,1646.200947,49.06715694,1646.200947,18.76048985,1413350.257,3954577.692,1975362.012,2095851.767,1413350.257,150.0500827
0.0001809982278,1643.910274,75.0657395,1643.910274,48.10952129,1643.910274,18.73666685,1411805.727,3949024.465,1972763.591,2093125.93,1411805.727,148.9531458
0.0001815183377,1641.595112,74.07545915,1641.595112,47.15489442,1641.595112,18.71258917,1410238.393,3943412.626,1970135.151,2090368.113,1410238.393,147.8577445
0.0001820384475,1639.255615,73.08782021,1639.255615,46.20328374,1639.255615,18.6882584,1408648.385,3937742.537,1967476.874,2087578.508,1408648.385,146.7638952
0.0001825585574,1636.891932,72.10283198,1636.891932,45.25469622,1636.891932,18.66367609,1407035.829,3932014.562,1964788.94,2084757.306,1407035.829,145.6716142
0.0001830786672,1634.504214,71.1205036,1634.504214,44.3091387,1634.504214,18.63884383,1405400.854,3926229.064,1962071.529,2081904.698,1405400.854,144.5809172
0.0001835987771,1632.092612,70.14084424,1632.092612,43.36661801,1632.092612,18.61376317,1403743.588,3920386.403,1959324.822,2079020.876,1403743.588,143.4918202
0.0001841188869,1629.657277,69.16386304,1629.657277,42.42714098,1629.657277,18.58843568,1402064.159,3914486.942,1956548.999,2076106.031,1402064.159,142.4043392
0.0001846389968,1627.198358,68.18956899,1627.198358,41.49071427,1627.198358,18.56286293,1400362.693,3908531.042,1953744.24,2073160.353,1400362.693,141.3184898
0.0001851591066,1624.716008,67.21797124,1624.716008,40.55734473,1624.716008,18.53704648,1398639.32,3902519.067,1950910.725,2070184.035,1398639.32,140.2342881
0.0001856792165,1622.210374,66.24907855,1622.210374,39.62703878,1622.210374,18.51098789,1396894.167,3896451.376,1948048.634,2067177.265,1396894.167,139.1517495
0.0001861993263,1619.681609,65.28289949,1619.681609,38.69980271,1619.681609,18.48468873,1395127.361,3890328.33,1945158.147,2064140.236,1395127.361,138.0708894
0.0001867194362,1617.129861,64.31944264,1617.129861,37.77564278,1617.129861,18.45815055,1393339.029,3884150.289,1942239.443,2061073.136,1393339.029,136.991723
0.000187239546,1614.55528,63.35871658,1614.55528,36.85456527,1614.55528,18.43137492,1391529.3,3877917.614,1939292.701,2057976.157,1391529.3,135.9142657
0.0001877596559,1611.958017,62.40072975,1611.958017,35.93657629,1611.958017,18.40436338,1389698.301,3871630.663,1936318.1,2054849.488,1389698.301,134.8385327
0.0001882797657,1609.338221,61.4454907,1609.338221,35.0216821,1609.338221,18.3771175,1387846.158,3865289.798,1933315.821,2051693.32,1387846.158,133.7645392
0.0001887998756,1606.696041,60.49300766,1606.696041,34.10988863,1606.696041,18.34963883,1385971.577,3858895.377,1930286.041,2048507.843,1385973.001,132.6923002
0.0001893199854,1604.031627,59.54328864,1604.031627,33.20120159,1604.031627,18.32192892,1384074.618,3852447.759,1927228.94,2045293.245,1384078.954,131.6218304
0.0001898400953,1601.345127,58.59634167,1601.345127,32.29562671,1601.345127,18.29398932,1382156.91,3845947.301,1924144.697,2042049.717,1382164.147,130.5531446
0.0001903602051,1598.636691,57.65217473,1598.636691,31.3931697,1598.636691,18.26582158,1380218.58,3839394.362,1921033.488,2038777.447,1380228.704,129.4862573
0.000190880315,1595.906467,56.71079574,1595.906467,30.49383616,1595.906467,18.23742725,1378259.754,3832789.299,1917895.494,2035476.624,1378272.755,128.4211833
0.0001914004248,1593.154604,55.77221265,1593.154604,29.59763174,1593.154604,18.20880788,1376280.561,3826132.471,1914730.892,2032147.439,1376296.425,127.3579372
0.0001919205347,1590.381252,54.83643318,1590.381252,28.70456191,1590.381252,18.17996502,1374281.126,3819424.233,1911539.86,2028790.08,1374299.841,126.2965333
0.0001924406445,1587.586557,53.90346479,1587.586557,27.81463181,1587.586557,18.15090019,1372261.576,3812664.943,1908322.576,2025404.734,1372283.13,125.2369859
0.0001929607544,1584.770669,52.97331493,1584.770669,26.92784663,1584.770669,18.12161495,1370222.038,3805854.956,1905079.218,2021991.591,1370246.418,124.1793089
0.0001934808642,1581.933734,52.04599105,1581.933734,26.04421155,1581.933734,18.09211084,1368162.638,3798994.627,1901809.962,2018550.838,1368189.832,123.1235165
0.0001940009741,1579.075902,51.12150052,1579.075902,25.16373163,1579.075902,18.06238938,1366083.503,3792084.313,1898514.986,2015082.663,1366113.499,122.0696228
0.0001945210839,1576.19732,50.19985069,1576.19732,24.28641197,1576.19732,18.03245212,1363984.759,3785124.367,1895194.467,2011587.255,1364017.544,121.0176417
0.0001950411938,1573.298135,49.2810488,1573.298135,23.41225753,1573.298135,18.0023006,1361866.532,3778115.146,1891848.583,2008064.801,1361902.093,119.9675871
0.0001955613036,1570.378495,48.36510176,1570.378495,22.54127294,1570.378495,17.97193634,1359728.949,3771057.002,1888477.509,2004515.489,1359767.274,118.9194725
0.0001960814135,1567.438546,47.45201645,1567.438546,21.67346285,1567.438546,17.94136088,1357572.134,3763950.288,1885081.422,2000939.505,1357613.211,117.8733114
0.0001966015233,1564.478436,46.5417998,1564.478436,20.80883189,1564.478436,17.91057573,1355396.214,3756795.358,1881660.498,1997337.036,1355440.03,116.8291173
0.0001971216332,1561.498311,45.63445863,1561.498311,19.94738463,1561.498311,17.87958244,1353201.315,3749592.564,1878214.914,1993708.269,1353247.858,115.7869037
0.000197641743,1558.498319,44.72999972,1558.498319,19.08912561,1558.498319,17.84838252,1350987.562,3742342.259,1874744.845,1990053.391,1351036.819,114.746684
0.0001981618529,1555.478605,43.82842982,1555.478605,18.2340593,1555.478605,17.81697749,1348755.081,3735044.796,1871250.466,1986372.589,1348807.04,113.7084714
0.0001986819628,1552.439316,42.92975528,1552.439316,17.38218981,1552.439316,17.78536889,1346503.998,3727700.524,1867731.954,1982666.047,1346558.646,112.672279
0.0001992020726,1549.380598,42.03398248,1549.380598,16.53352127,1549.380598,17.75355822,1344234.436,3720309.794,1864189.483,1978933.953,1344291.761,111.6381195
0.0001997221825,1546.302596,41.14111777,1546.302596,15.68805779,1546.302596,17.721547,1341946.522,3712872.956,1860623.228,1975176.49,1342006.511,110.606006
0.0002002422923,1543.205456,40.25116746,1543.205456,14.84580344,1543.205456,17.68933674,1339640.38,3705390.361,1857033.364,1971393.845,1339703.021,109.5759513
0.0002007624022,1540.089323,39.36413778,1540.089323,14.0067622,1540.089323,17.65692896,1337316.135,3697862.358,1853420.065,1967586.204,1337381.416,108.5479681
0.000201282512,1536.954344,38.48003497,1536.954344,13.17093807,1536.954344,17.62432518,1334973.913,3690289.296,1849783.507,1963753.75,1335041.821,107.5220693
0.0002018026219,1533.800662,37.59886487,1533.800662,12.33833467,1533.800662,17.59152689,1332613.837,3682671.523,1846123.862,1959896.67,1332684.359,106.4982671
0.0002023227317,1530.628423,36.72063331,1530.628423,11.5089556,1530.628423,17.5585356,1330236.032,3675009.386,1842558.907,1956015.145,1330309.156,105.476574
0.0002028428416,1527.437771,35.84534613,1527.437771,10.68280446,1527.437771,17.52535281,1327840.621,3667303.232,1839020.753,1952109.362,1327916.335,104.4570021
0.0002033629514,1524.228849,34.97300911,1524.228849,9.859884834,1524.228849,17.49198003,1325427.731,3659553.409,1835459.321,1948179.503,1325506.021,103.439564
0.0002038830613,1521.001804,34.10362792,1521.001804,9.040200147,1521.001804,17.45841876,1322997.483,3651760.262,1831874.783,1944225.753,1323078.338,102.4242715
0.0002044031711,1517.756778,33.23720834,1517.756778,8.223753961,1517.756778,17.42467049,1320550.003,3643924.139,1828267.312,1940248.296,1320633.41,101.4111371
0.000204923281,1514.493915,32.37375567,1514.493915,7.410549382,1514.493915,17.39073671,1318085.415,3636045.384,1824637.08,1936247.313,1318171.361,100.4001725
0.0002054433908,1511.213358,31.51327523,1511.213358,6.600589513,1511.213358,17.35661893,1315603.84,3628124.34,1820984.257,1932222.988,1315692.313,99.39138941
0.0002059635007,1507.915252,30.65577233,1507.915252,5.793877459,1507.915252,17.32231862,1313105.403,3620161.352,1817309.017,1928175.503,1313196.39,98.38479958
0.0002064836105,1504.599737,29.80125227,1504.599737,4.990416319,1504.599737,17.28783727,1310590.227,3612156.764,1813611.529,1924105.04,1310683.716,97.38041476
0.0002070037204,1501.266958,28.94972014,1501.266958,4.190208977,1501.266958,17.25317637,1308058.435,3604110.917,1809891.966,1920011.782,1308154.413,96.37824644
0.0002075238302,1497.917058,28.10118125,1497.917058,3.393258556,1497.917058,17.21833741,1305510.15,3596024.156,1806150.498,1915895.91,1305608.605,95.37830639
0.0002080439401,1494.550178,27.25564042,1494.550178,2.599567673,1494.550178,17.18332186,1302945.496,3587896.823,1802387.296,1911757.607,1303046.415,94.38060577
0.0002085640499,1491.166461,26.41310244,1491.166461,1.80913894,1491.166461,17.14813119,1300364.593,3579729.256,1798560.914,1907597.051,1300467.964,93.38515575
0.0002090841598,1487.766047,25.5735721,1487.766047,1.021974973,1487.766047,17.11276689,1297762.166,3571521.797,1794592.131,1903414.426,1297873.375,92.39196751
0.0002096042696,1484.349079,24.7370542,1484.349079,0.2380783849,1484.349079,17.07723042,1295143.715,3563274.786,1790602.818,1899209.91,1295262.77,91.40105221
0.0002101243795,1480.915698,23.90355333,1480.915698,-0.5425484231,1480.915698,17.04152326,1292509.406,3554988.562,1786593.142,1894983.685,1292636.272,90.41242076
0.0002106444893,1477.466046,23.0730743,1477.466046,-1.319902805,1477.466046,17.00564687,1289859.361,3546663.466,1782563.276,1890735.931,1289994.003,89.42608437
0.0002111645992,1474.000262,22.24562143,1474.000262,-2.093982608,1474.000262,16.96960273,1287193.703,3538299.835,1778513.387,1886466.827,1287336.084,88.44205367
0.000211684709,1470.518488,21.42119902,1470.518488,-2.864785697,1470.518488,16.93339228,1284512.552,3529898.006,1774443.646,1882176.552,1284662.636,87.46033924
0.0002122048189,1467.020864,20.59981136,1467.020864,-3.632309936,1467.020864,16.89701698,1281816.029,3521458.315,1770354.22,1877865.285,1281973.782,86.48095168
0.0002127249287,1463.507529,19.78146276,1463.507529,-4.396553192,1463.507529,16.8604783,1279104.256,3512981.099,1766245.278,1873533.206,1279269.641,85.50390159
0.0002132450386,1459.978624,18.96615729,1459.978624,-5.157513519,1459.978624,16.82377769,1276377.354,3504466.694,1762127.583,1869180.491,1276550.335,84.52919934
0.0002137651484,1456.434288,18.15389928,1456.434288,-5.915188759,1456.434288,16.7869166,1273635.444,3495915.436,1758073.655,1864807.321,1273815.986,83.55685556
0.0002142852583,1452.874662,17.34469259,1452.874662,-6.669577201,1452.874662,16.74989648,1270878.646,3487327.66,1754000.316,1860413.873,1271066.713,82.58688032
0.0002148053681,1449.299882,16.53854101,1449.299882,-7.420677178,1449.299882,16.71271877,1268107.081,3478703.697,1749907.734,1856000.324,1268302.637,81.61928366
0.000215325478,1445.710089,15.73544834,1445.710089,-8.168487025,1445.710089,16.67538492,1265320.869,3470043.881,1745796.076,1851566.85,1265523.879,80.65407561
0.0002158455878,1442.105419,14.93541839,1442.105419,-8.913005073,1442.105419,16.63789636,1262520.13,3461348.545,1741665.507,1847113.629,1262730.557,79.69126621
0.0002163656977,1438.486013,14.13845465,1438.486013,-9.65422994,1438.486013,16.60025453,1259704.984,3452618.019,1737516.195,1842640.837,1259922.792,78.73086512
0.0002168858075,1434.852008,13.34456118,1434.852008,-10.39215973,1434.852008,16.56246088,1256875.55,3443852.639,1733348.305,1838148.652,1257100.704,77.77288268
0.0002174059174,1431.203541,12.55374135,1431.203541,-11.12679318,1431.203541,16.52451683,1254031.949,3435052.733,1729162.004,1833637.248,1254264.413,76.81732842
0.0002179260272,1427.540751,11.76599843,1427.540751,-11.85812913,1427.540751,16.48642381,1251174.299,3426218.63,1724957.456,1829106.801,1251414.037,75.86421175
0.0002184461371,1423.863773,10.98133567,1423.863773,-12.58616643,1423.863773,16.44818324,1248302.719,3417350.659,1720709.133,1824557.486,1248549.695,74.91354207
0.0002189662469,1420.172744,10.19975634,1420.172744,-13.31090392,1420.172744,16.40979654,1245417.327,3408449.148,1716374.689,1819989.477,1245671.507,73.96532879
0.0002194863568,1416.467801,9.421263688,1416.467801,-14.03234045,1416.467801,16.37126514,1242518.244,3399514.425,1712022.892,1815402.948,1242779.59,73.0195813
0.0002200064666,1412.749081,8.645860792,1412.749081,-14.75047505,1412.749081,16.33259044,1239605.586,3390546.818,1707653.907,1810798.075,1239874.062,72.07630879
0.0002205265765,1409.016719,7.873550888,1409.016719,-15.46530658,1409.016719,16.29377388,1236679.472,3381546.653,1703267.898,1806175.031,1236955.044,71.13552065
0.0002210466863,1405.270852,7.104337042,1405.270852,-16.17683408,1405.270852,16.25481686,1233740.022,3372514.258,1698865.03,1801533.991,1234022.653,70.19722604
0.0002215667962,1401.511615,6.338221944,1401.511615,-16.88505692,1401.511615,16.21572079,1230787.351,3363449.957,1694445.465,1796875.127,1231077.005,69.26143371
0.000222086906,1397.739141,5.575208285,1397.739141,-17.58997449,1397.739141,16.17648707,1227821.578,3354354.072,1690009.366,1792198.61,1228118.22,68.3281524
0.0002226070159,1393.953567,4.815298754,1393.953567,-18.29158617,1393.953567,16.13711709,1224842.819,3345226.927,1685556.894,1787504.613,1225146.413,67.39739083
0.0002231271257,1390.155026,4.058496041,1390.155026,-18.98989135,1390.155026,16.09761227,1221851.192,3336068.844,1681088.213,1782793.308,1222161.702,66.46915775
0.0002236472356,1386.343652,3.304802803,1386.343652,-19.68488944,1386.343652,16.05797399,1218846.814,3326880.148,1676603.484,1778064.868,1219164.204,65.54346186
0.0002241673454,1382.519581,2.554221418,1382.519581,-20.37658012,1382.519581,16.01820364,1215829.801,3317661.157,1672102.869,1773319.462,1216154.035,64.62031152
0.0002246874553,1378.682945,1.806754727,1378.682945,-21.06496263,1378.682945,15.97830263,1212800.271,3308412.198,1667586.53,1768557.264,1213131.314,63.69971566
0.0002252075651,1374.833879,1.062404865,1374.833879,-21.75003687,1374.833879,15.93827234,1209758.339,3299133.587,1663054.628,1763778.443,1210096.155,62.78168235
0.000225727675,1370.972514,0.3211739682,1370.972514,-22.43180275,1370.972514,15.89811415,1206704.122,3289825.643,1658507.323,1758983.168,1207048.674,61.86621967
0.0002259537202,1369.290524,0,1369.290524,-22.72707406,1369.290524,15.88062144,1205372.925,3285771.247,1656526.254,1756894.004,1205720.394,61.46915328
0.0002262477848,1364.611542,0,1367.106045,-22.69343309,1367.106045,15.85790286,1203637.598,3280507.129,1653943.439,1754173.526,1203988.82,60.95366489
0.0002267678947,1349.382785,0,1363.263598,-22.63425941,1363.263598,15.81794142,1200558.363,3271253.749,1649365.785,1749362.104,1200916.037,60.0484985
0.0002272880045,1330.886111,0,1359.443318,-22.57542709,1359.443318,15.7782105,1197466.762,3262059.725,1644788.261,1744555.202,1197830.617,59.15480041
0.0002278081144,1311.564231,0,1355.641908,-22.51688538,1355.641908,15.73867584,1194363.458,3252915.662,1640218.328,1739755.334,1194733.224,58.27378161
0.0002283282242,1292.183472,0,1351.857328,-22.45860285,1351.857328,15.69931621,1191249.09,3243815.651,1635659.535,1734963.932,1191624.532,57.40568842
0.0002288483341,1272.982245,0,1348.088169,-22.40055781,1348.088169,15.66011696,1188124.275,3234755.586,1631113.574,1730181.925,1188505.116,56.55046539
0.0002293684439,1254.032687,0,1344.333393,-22.34273426,1344.333393,15.62106729,1184989.809,3225732.434,1626581.217,1725409.961,1185375.689,55.70796394
0.0002298885538,1235.354609,0,1340.592205,-22.28511995,1340.592205,15.58215893,1181846.753,3216743.867,1622062.757,1720648.517,1182237.231,54.87800814
0.0002304086636,1216.951389,0,1336.863973,-22.22770518,1336.863973,15.54338532,1178696.384,3207788.044,1617558.237,1715897.952,1179090.971,54.06041537
0.0002309287735,1198.821274,0,1333.148188,-22.1704821,1333.148188,15.50474116,1175540.109,3198863.477,1613067.571,1711158.545,1175938.297,53.2550028
0.0002314488833,1180.960929,0,1329.444433,-22.11344426,1329.444433,15.4662221,1172379.369,3189968.945,1608590.603,1706430.512,1172780.659,52.46158938
0.0002319689932,1163.366568,0,1325.752356,-22.05658628,1325.752356,15.4278245,1169215.577,3181103.431,1604127.151,1701714.025,1169619.492,51.67999647
0.000232489103,1146.034301,0,1322.071664,-21.99990363,1322.071664,15.38954531,1166050.067,3172266.082,1599677.022,1697009.219,1166456.168,50.91004801
0.0002330092129,1128.960246,0,1318.402106,-21.94339244,1318.402106,15.35138191,1162884.073,3163456.173,1595240.029,1692316.204,1163291.957,50.15157054
0.0002335293227,1112.140564,0,1314.743467,-21.8870494,1314.743467,15.31333206,1159718.709,3154673.082,1590815.991,1687635.064,1160128.016,49.40439316
0.0002340494326,1095.571466,0,1311.095562,-21.83087165,1311.095562,15.27539384,1156554.976,3145916.276,1586404.741,1682965.867,1156965.386,48.66834751
0.0002345695424,1079.249221,0,1307.458228,-21.77485671,1307.458228,15.23756557,1153393.757,3137185.292,1582006.126,1678308.665,1153804.987,47.94326775
0.0002350896523,1063.170151,0,1303.831325,-21.71900241,1303.831325,15.19984578,1150235.831,3128479.728,1577620.007,1673663.499,1150647.633,47.22899051
0.0002356097621,1047.330634,0,1300.214729,-21.66330682,1300.214729,15.16223318,1147081.876,3119799.232,1573249.157,1669030.397,1147494.035,46.52535484
0.000236129872,1031.727099,0,1296.60833,-21.60776827,1296.60833,15.12472663,1143932.485,3111143.494,1568899.287,1664409.38,1144344.811,45.83220221
0.0002366499818,1016.356032,0,1293.01203,-21.55238526,1293.01203,15.08732511,1140788.167,3102512.24,1564560.228,1659800.461,1141200.499,45.14937644
0.0002371700917,1001.213969,0,1289.425743,-21.49715644,1289.425743,15.05002772,1137649.366,3093905.227,1560232.071,1655203.648,1138061.561,44.47672366
0.0002376902015,986.2974983,0,1285.84939,-21.44208061,1285.84939,15.01283366,1134516.461,3085322.238,1555914.887,1650618.942,1134928.398,43.81409233
0.0002382103114,971.6032587,0,1282.282902,-21.38715669,1282.282902,14.97574218,1131389.78,3076763.079,1551608.734,1646046.341,1131801.353,43.16133313
0.0002387304212,957.1279395,0,1278.726214,-21.3323837,1278.726214,14.93875263,1128269.601,3068227.574,1547313.656,1641485.837,1128680.721,42.51829898
0.0002392505311,942.8682794,0,1275.179268,-21.27776073,1275.179268,14.90186439,1125156.165,3059715.566,1543029.688,1636937.42,1125566.751,41.88484501
0.0002397706409,928.8210653,0,1271.642011,-21.22328697,1271.642011,14.86507691,1122049.673,3051226.91,1538756.857,1632401.078,1122459.66,41.26082849
0.0002402907508,914.9831319,0,1268.114393,-21.16896165,1268.114393,14.82838968,1118950.299,3042761.474,1534495.179,1627876.796,1119359.629,40.6461088
0.0002408108606,901.3513612,0,1264.596368,-21.11478407,1264.596368,14.79180223,1115858.19,3034319.135,1530244.666,1623364.556,1116266.814,40.04054743
0.0002413309705,887.9226817,0,1261.087894,-21.06075357,1261.087894,14.7553141,1112773.468,3025899.781,1526005.325,1618864.338,1113181.344,39.44400795
0.0002418510803,874.6940686,0,1257.588932,-21.00686955,1257.588932,14.71892489,1109696.238,3017503.308,1521777.156,1614376.123,1110103.328,38.85635597
0.0002423711902,861.6625396,0,1254.099442,-20.9531314,1254.099442,14.6826342,1106626.585,3009129.617,1517560.158,1609899.888,1107032.86,38.27745902
0.0002428913,848.8251597,0,1250.61939,-20.8995386,1250.61939,14.64644165,1103564.582,3000778.616,1513354.322,1605435.61,1103970.014,37.70718671
0.0002434114099,836.1790364,0,1247.148741,-20.84609061,1247.148741,14.61034691,1100510.287,2992450.218,1509159.64,1600983.266,1100914.855,37.14541056
0.0002439315197,823.7213191,0,1243.687463,-20.79278694,1243.687463,14.57434962,1097463.748,2984144.34,1504976.101,1596542.829,1097867.433,36.59200393
0.0002444516296,811.4492025,0,1240.235526,-20.73962709,1240.235526,14.53844947,1094425.004,2975860.902,1500803.689,1592114.276,1094827.79,36.0468422
0.0002449717394,799.3599197,0,1236.792897,-20.68661062,1236.792897,14.50264613,1091394.087,2967599.828,1496642.388,1587697.58,1091795.96,35.50980246
0.0002454918493,787.4507485,0,1233.359549,-20.63373706,1233.359549,14.46693931,1088371.018,2959361.046,1492492.182,1583292.714,1088771.966,34.98076378
0.0002460119591,775.7190041,0,1229.935454,-20.58100598,1229.935454,14.43132872,1085355.815,2951144.485,1488353.051,1578899.652,1085755.83,34.45960689
0.000246532069,764.1620443,0,1226.520582,-20.52841697,1226.520582,14.39581406,1082348.491,2942950.076,1484224.973,1574518.366,1082747.565,33.94621443
0.0002470521788,752.7772641,0,1223.114909,-20.47596959,1223.114909,14.36039505,1079349.054,2934777.753,1480107.93,1570148.828,1079747.18,33.44047066
0.0002475722887,741.5620995,0,1219.718406,-20.42366345,1219.718406,14.32507142,1076357.507,2926627.45,1476001.897,1565791.01,1076754.68,32.9422617
0.0002480923985,730.5140208,0,1216.331049,-20.37149815,1216.331049,14.28984291,1073373.852,2918499.104,1471906.852,1561444.885,1073770.067,32.45147515
0.0002486125084,719.6305441,0,1212.952811,-20.31947329,1212.952811,14.25470923,1070398.085,2910392.652,1467822.771,1557110.425,1070793.339,31.96800069
0.0002491326182,708.9092093,0,1209.583668,-20.26758848,1209.583668,14.21967014,1067430.202,2902308.032,1463749.631,1552787.6,1067824.493,31.49172902
0.0002496527281,698.3476082,0,1206.223594,-20.21584335,1206.223594,14.18472538,1064470.197,2894245.185,1459687.407,1548476.383,1064863.522,31.02255318
0.0002501728379,687.9433567,0,1202.872566,-20.16423752,1202.872566,14.14987469,1061518.06,2886204.05,1455636.074,1544176.744,1061910.419,30.56036724
0.0002506929478,677.6941117,0,1199.530559,-20.11277061,1199.530559,14.11511781,1058573.782,2878184.569,1451595.606,1539888.656,1058965.173,30.10506712
0.0002512130576,667.5975672,0,1196.197549,-20.06144225,1196.197549,14.08045451,1055637.352,2870186.683,1447565.979,1535612.09,1056027.775,29.65655038
0.0002517331675,657.6514376,0,1192.873511,-20.01025208,1192.873511,14.04588452,1052708.756,2862210.334,1443547.165,1531347.016,1053098.211,29.2147155
0.0002522532773,647.8534948,0,1189.558424,-19.95919972,1189.558424,14.01140761,1049787.981,2854255.465,1439539.141,1527093.407,1050176.468,28.77946349
0.0002527733872,638.201527,0,1186.252262,-19.90828483,1186.252262,13.97702352,1046875.013,2846322.02,1435541.878,1522851.233,1047262.532,28.35069609
0.000253293497,628.6933512,0,1182.955002,-19.85750703,1182.955002,13.94273202,1043969.836,2838409.942,1431555.352,1518620.466,1044356.389,27.92831634
0.0002538136069,619.3268373,0,1179.666622,-19.80686598,1179.666622,13.90853287,1041072.435,2830519.174,1427579.535,1514401.077,1041458.022,27.51222961
0.0002543337167,610.0998701,0,1176.387098,-19.75636131,1176.387098,13.87442582,1038182.794,2822649.662,1423614.402,1510193.037,1038567.416,27.10234193
0.0002548538266,601.0103639,0,1173.116407,-19.70599267,1173.116407,13.84041063,1035300.896,2814801.349,1419659.926,1505996.318,1035684.554,26.69856065
0.0002553739364,592.056282,0,1169.854527,-19.65575971,1169.854527,13.80648708,1032426.723,2806974.181,1415716.08,1501810.891,1032809.419,26.3007953
0.0002558940463,583.2356015,0,1166.601433,-19.60566208,1166.601433,13.77265491,1029560.259,2799168.102,1411782.838,1497636.727,1029941.994,25.90895601
0.0002564141561,574.5463299,0,1163.357105,-19.55569942,1163.357105,13.73891389,1026701.485,2791383.059,1407860.174,1493473.798,1027082.261,25.52295427
0.000256934266,565.9865194,0,1160.121519,-19.50587139,1160.121519,13.7052638,1023850.384,2783618.996,1403948.06,1489322.075,1024230.203,25.14270356
0.0002574543758,557.5542359,0,1156.894653,-19.45617765,1156.894653,13.67170439,1021006.938,2775875.859,1400046.471,1485181.53,1021385.801,24.76811795
0.0002579744857,549.2475755,0,1153.676483,-19.40661784,1153.676483,13.63823542,1018171.129,2768153.594,1396155.379,1481052.135,1018549.037,24.39911287
0.0002584945955,541.0646755,0,1150.466988,-19.35719162,1150.466988,13.60485668,1015342.937,2760452.148,1392274.759,1476933.86,1015719.894,24.03560558
0.0002590147054,533.0036869,0,1147.266146,-19.30789865,1147.266146,13.57156792,1012522.345,2752771.466,1388404.584,1472826.678,1012898.352,23.67751393
0.0002595348152,525.0627904,0,1144.073933,-19.25873858,1144.073933,13.53836891,1009709.335,2745111.496,1384544.826,1468730.56,1010084.393,23.3247571
0.0002600549251,517.2402047,0,1140.890329,-19.20971107,1140.890329,13.50525942,1006903.886,2737472.183,1380695.461,1464645.478,1007277.998,22.97725598
0.0002605750349,509.5341617,0,1137.71531,-19.16081578,1137.71531,13.47223923,1004105.982,2729853.475,1376856.461,1460571.404,1004479.149,22.634932
0.0002610951448,501.9429237,0,1134.548855,-19.11205236,1134.548855,13.43930809,1001315.603,2722255.318,1373027.8,1456508.31,1001687.827,22.29770799
0.0002616152546,494.4647872,0,1131.390941,-19.06342049,1131.390941,13.40646579,998532.7298,2714677.659,1369209.452,1452456.167,998904.0137,21.96550826
0.0002621353645,487.0980603,0,1128.241547,-19.01491982,1128.241547,13.37371209,995757.3444,2707120.446,1365401.39,1448414.947,996127.6897,21.63825765
0.0002626554743,479.8410843,0,1125.10065,-18.96655001,1125.10065,13.34104676,992989.4277,2699583.625,1361603.589,1444384.623,993358.8365,21.31588249
0.0002631755842,472.6922297,0,1121.968229,-18.91831073,1121.968229,13.30846959,990228.961,2692067.146,1357816.021,1440365.167,990597.4354,20.99831038
0.000263695694,465.6498781,0,1118.844262,-18.87020164,1118.844262,13.27598033,987475.9256,2684570.954,1354038.662,1436356.55,987843.4675,20.68546944
0.0002642158039,458.7124458,0,1115.728727,-18.8222224,1115.728727,13.24357876,984730.3025,2677094.997,1350271.484,1432358.745,985096.9141,20.3772893
0.0002647359137,451.878374,0,1112.621603,-18.77437268,1112.621603,13.21126467,981992.0731,2669639.224,1346514.461,1428371.724,982357.7564,20.07370072
0.0002652560236,445.1461147,0,1109.522867,-18.72665215,1109.522867,13.17903782,979261.2186,2662203.582,1342767.569,1424395.46,979625.9757,19.77463494
0.0002657761334,438.5141557,0,1106.432498,-18.67906047,1106.432498,13.14689798,976537.7202,2654788.02,1339030.78,1420429.924,976901.5532,19.48002478
0.0002662962433,431.9810058,0,1103.350475,-18.63159731,1103.350475,13.11484494,973821.5593,2647392.485,1335304.068,1416475.09,974184.4703,19.189804
0.0002668163531,425.5451848,0,1100.276775,-18.58426234,1100.276775,13.08287846,971112.7172,2640016.926,1331587.409,1412530.93,971474.7082,18.90390683
0.000267336463,419.2052483,0,1097.211378,-18.53705523,1097.211378,13.05099833,968411.1752,2632661.292,1327880.776,1408597.415,968772.2483,18.62226913
0.0002678565728,412.9597698,0,1094.154262,-18.48997564,1094.154262,13.01920433,965716.9146,2625325.53,1324184.143,1404674.52,966077.072,18.34482752
0.0002683766827,406.8073343,0,1091.105406,-18.44302325,1091.105406,12.98749622,963029.9169,2618009.59,1320497.485,1400762.215,963389.1606,18.07151913
0.0002688967925,400.7465618,0,1088.064788,-18.39619774,1088.064788,12.9558738,960350.1635,2610713.42,1316820.776,1396860.475,960708.4956,17.80228267
0.0002694169024,394.7760879,0,1085.032387,-18.34949876,1085.032387,12.92433683,957677.6359,2603436.97,1313153.99,1392969.272,958035.0584,17.53705753
0.0002699370122,388.8945596,0,1082.008182,-18.302926,1082.008182,12.89288509,955012.3155,2596180.187,1309497.102,1389088.579,955368.8306,17.2757836
0.0002704571221,383.1006589,0,1078.992151,-18.25647913,1078.992151,12.86151837,952354.1839,2588943.022,1305850.087,1385218.368,952709.7936,17.01840233
0.0002709772319,377.3930801,0,1075.984274,-18.21015782,1075.984274,12.83023645,949703.2227,2581725.423,1302212.919,1381358.613,950057.9291,16.76485572
0.0002714973418,371.7705306,0,1072.984529,-18.16396175,1072.984529,12.7990391,947059.4133,2574527.341,1298585.572,1377509.287,947413.2186,16.51508635
0.0002720174516,366.2317504,0,1069.992895,-18.11789059,1069.992895,12.76792611,944422.7376,2567348.723,1294968.022,1373670.362,944775.6438,16.26903825
0.0002725375615,360.775491,0,1067.009352,-18.07194402,1067.009352,12.73689726,941793.1771,2560189.521,1291360.242,1369841.812,942145.1863,16.02665595
0.0002730576713,355.4005167,0,1064.033878,-18.02612172,1064.033878,12.70595233,939170.7136,2553049.683,1287762.209,1366023.61,939521.8278,15.78788457
0.0002735777812,350.1056235,0,1061.066452,-17.98042337,1061.066452,12.6750911,936555.3288,2545929.159,1284173.896,1362215.73,936905.5501,15.55267061
0.000274097891,344.889617,0,1058.107054,-17.93484863,1058.107054,12.64431336,933947.0044,2538827.9,1280595.279,1358418.143,934296.335,15.32096102
0.0002746180009,339.7513167,0,1055.155663,-17.88939721,1055.155663,12.61361889,931345.7224,2531745.855,1277026.332,1354630.825,931694.1642,15.09270335
0.0002751381107,334.6895714,0,1052.212257,-17.84406876,1052.212257,12.58300747,928751.4645,2524682.975,1273467.031,1350853.748,929099.0197,14.86784648
0.0002756582206,329.703239,0,1049.276817,-17.79886298,1049.276817,12.5524789,926164.2127,2517639.209,1269917.351,1347086.886,926510.8833,14.64633965
0.0002761783304,324.7911912,0,1046.349321,-17.75377954,1046.349321,12.52203294,923583.9489,2510614.509,1266377.266,1343330.212,923929.737,14.42813276
0.0002766984403,319.9523279,0,1043.429749,-17.70881814,1043.429749,12.49166939,921010.6551,2503608.824,1262846.752,1339583.7,921355.5628,14.21317692
0.0002772185501,315.1855562,0,1040.518081,-17.66397844,1040.518081,12.46138804,918444.3133,2496622.105,1259325.784,1335847.323,918788.3426,14.00142359
0.00027773866,310.4897987,0,1037.614295,-17.61926014,1037.614295,12.43118867,915884.9056,2489654.303,1255814.338,1332121.056,916228.0585,13.79282491
0.0002782587698,305.864003,0,1034.718371,-17.57466292,1034.718371,12.40107106,913332.4139,2482705.368,1252312.388,1328404.872,913674.6926,13.58733414
0.0002787788797,301.3071244,0,1031.83029,-17.53018646,1031.83029,12.37103501,910786.8206,2475775.252,1248819.911,1324698.745,911128.227,13.38490485
0.0002792989895,296.8181333,0,1028.95003,-17.48583045,1028.95003,12.34108031,908248.1077,2468863.906,1245336.881,1321002.648,908588.6439,13.18549131
0.0002798190994,292.3960234,0,1026.07757,-17.44159458,1026.07757,12.31120673,905716.2574,2461971.281,1241863.275,1317316.556,906055.9256,12.98904883
0.0002803392092,288.0397957,0,1023.212892,-17.39747854,1023.212892,12.28141408,903191.2521,2455097.327,1238399.066,1313640.443,903530.0541,12.79553302
0.0002808593191,283.7484665,0,1020.355974,-17.353482,1020.355974,12.25170213,900673.0739,2448241.997,1234944.233,1309974.283,901011.0119,12.60490018
0.0002813794289,279.5210736,0,1017.506797,-17.30960467,1017.506797,12.22207068,898161.7052,2441405.242,1231498.749,1306318.049,898498.7813,12.41710757
0.0002818995388,275.3566617,0,1014.665339,-17.26584622,1014.665339,12.19251953,895657.1284,2434587.013,1228062.591,1302671.717,895993.3446,12.23211275
0.0002824196486,271.2542909,0,1011.831582,-17.22220636,1011.831582,12.16304845,893159.3259,2427787.262,1224635.734,1299035.26,893494.6841,12.04987396
0.0002829397585,267.2130409,0,1009.005504,-17.17868477,1009.005504,12.13365724,890668.2801,2421005.941,1221218.155,1295408.652,891002.7825,11.87035035
0.0002834598683,263.2319987,0,1006.187087,-17.13528113,1006.187087,12.1043457,888183.9735,2414243.002,1217809.828,1291791.869,888517.622,11.69350132
0.0002839799782,259.3102659,0,1003.376309,-17.09199516,1003.376309,12.07511361,885706.3887,2407498.397,1214410.731,1288184.884,886039.1853,11.51928699
0.000284500088,255.4469629,0,1000.573151,-17.04882653,1000.573151,12.04596077,883235.5081,2400772.077,1211020.839,1284587.672,883567.455,11.34766826
0.0002850201979,251.6412158,0,997.7775935,-17.00577494,997.7775935,12.01688697,880771.3144,2394063.996,1207640.128,1281000.207,881102.4135,11.17860634
0.0002855403077,247.8921672,0,994.989616,-16.96284009,994.989616,11.98789201,878313.7903,2387374.106,1204268.575,1277422.464,878644.0436,11.01206312
0.0002860604176,244.1989756,0,992.2091989,-16.92002166,992.2091989,11.95897567,875862.9183,2380702.359,1200906.154,1273854.418,876192.3279,10.84800122
0.0002865805274,240.5608049,0,989.4363225,-16.87731937,989.4363225,11.93013775,873418.6812,2374048.707,1197552.844,1270296.043,873747.2491,10.68638351
0.0002871006373,236.9768368,0,986.6709671,-16.83473289,986.6709671,11.90137806,870981.0619,2367413.103,1194208.619,1266747.315,871308.79,10.52717362
0.0002876207471,233.4462661,0,983.9131129,-16.79226194,983.9131129,11.87269637,868550.043,2360795.501,1190873.456,1263208.207,868876.9333,10.3703358
0.000288140857,229.9682931,0,981.1627404,-16.7499062,981.1627404,11.8440925,866125.6073,2354195.852,1187547.332,1259678.695,866451.662,10.21583452
0.0002886609668,226.5421365,0,978.4198299,-16.70766538,978.4198299,11.81556623,863707.7379,2347614.111,1184230.223,1256158.753,864032.9588,10.06363506
0.0002891810767,223.167026,0,975.684362,-16.66553918,975.684362,11.78711736,861296.4175,2341050.23,1180922.105,1252648.358,861620.8067,9.913703217
0.0002897011865,219.8421969,0,972.9563172,-16.62352728,972.9563172,11.7587457,858891.6291,2334504.162,1177622.956,1249147.483,859215.1887,9.766005014
0.0002902212964,216.5669029,0,970.2356759,-16.58162941,970.2356759,11.73045103,856493.3558,2327975.86,1174332.751,1245656.104,856816.0876,9.620507298
0.0002907414062,213.3404072,0,967.5224189,-16.53984525,967.5224189,11.70223316,854101.5805,2321465.279,1171051.467,1242174.196,854423.4865,9.477177339
0.0002912615161,210.1619787,0,964.8165267,-16.49817451,964.8165267,11.67409188,851716.2863,2314972.371,1167779.081,1238701.734,852037.3686,9.33598266
0.0002917816259,207.0309045,0,962.1179801,-16.45661689,962.1179801,11.64602699,849337.4563,2308497.091,1164515.57,1235238.694,849657.7168,9.19689159
0.0002923017358,203.9464798,0,959.4267599,-16.4151721,959.4267599,11.6180383,846965.0737,2302039.392,1161260.91,1231785.051,847284.5143,9.059872819
0.0002928218456,200.9080056,0,956.7428466,-16.37383984,956.7428466,11.59012561,844599.1215,2295599.228,1158015.078,1228340.78,844917.7444,8.924895299
0.0002933419555,197.9148007,0,954.0662213,-16.33261981,954.0662213,11.5622887,842239.5831,2289176.553,1154778.052,1224905.857,842557.3902,8.791928773
0.0002938620653,194.9661911,0,951.3968648,-16.29151172,951.3968648,11.53452739,839886.4418,2282771.32,1151549.808,1221480.257,840203.4349,8.660943289
0.0002943821752,192.0615086,0,948.734758,-16.25051527,948.734758,11.50684148,837539.6807,2276383.485,1148330.323,1218063.956,837855.8619,8.531909174
0.000294902285,189.2001025,0,946.0798818,-16.20963018,946.0798818,11.47923077,835199.2832,2270013.002,1145119.575,1214656.929,835514.6545,8.404797512
0.0002954223949,186.3813276,0,943.4322174,-16.16885615,943.4322174,11.45169506,832865.2328,2263659.824,1141917.54,1211259.152,833179.796,8.279579653
0.0002959425047,183.6045458,0,940.7917456,-16.12819288,940.7917456,11.42423415,830537.5127,2257323.907,1138724.195,1207870.601,830851.2699,8.15622724
0.0002964626146,180.8691348,0,938.1584476,-16.08764009,938.1584476,11.39684786,828216.1065,2251005.205,1135539.518,1204491.252,828529.0597,8.034712637
0.0002969827244,178.1744778,0,935.5323047,-16.04719749,935.5323047,11.36953597,825900.9977,2244703.673,1132363.486,1201121.08,826213.1487,7.915008439
0.0002975028343,175.5199648,0,932.9132978,-16.00686479,932.9132978,11.3422983,823592.1697,2238419.266,1129196.077,1197760.062,823903.5205,7.797087549
0.0002980229441,172.9050011,0,930.3014083,-15.96664169,930.3014083,11.31513465,821289.6062,2232151.938,1126037.268,1194408.173,821600.1588,7.680923552
0.000298543054,170.3289967,0,927.6966175,-15.92652791,927.6966175,11.28804482,818993.2907,2225901.645,1122887.035,1191065.389,819303.047,7.566490234
0.0002990631638,167.7913687,0,925.0989066,-15.88652316,925.0989066,11.26102863,816703.2068,2219668.341,1119745.358,1187731.687,817012.1688,7.453761705
0.0002995832737,165.2915487,0,922.5082571,-15.84662716,922.5082571,11.23408587,814419.3384,2213451.983,1116612.213,1184407.042,814727.5078,7.342712711
0.0003001033835,162.8289723,0,919.9246502,-15.80683961,919.9246502,11.20721636,812141.6689,2207252.525,1113487.577,1181091.431,812449.0479,7.233318183
0.0003006234934,160.4030826,0,917.3480676,-15.76716024,917.3480676,11.1804199,809870.1823,2201069.923,1110371.429,1177784.83,810176.7727,7.125553381
0.0003011436032,158.0133362,0,914.7784906,-15.72758875,914.7784906,11.1536963,807604.8623,2194904.133,1107263.747,1174487.215,807910.6661,7.019394164
0.0003016637131,155.6591933,0,912.2159008,-15.68812487,912.2159008,11.12704537,805345.6927,2188755.109,1104164.507,1171198.563,805650.7117,6.914816554
0.0003021838229,153.3401219,0,909.6602798,-15.64876831,909.6602798,11.10046691,803092.6574,2182622.809,1101073.688,1167918.85,803396.8936,6.811796916
0.0003027039328,151.0556022,0,907.1116092,-15.60951878,907.1116092,11.07396074,800845.7403,2176507.187,1097991.268,1164648.052,801149.1956,6.710312165
0.0003032240426,148.8051181,0,904.5698707,-15.57037601,904.5698707,11.04752666,798604.9253,2170408.201,1094917.224,1161386.147,798907.6017,6.610339372
0.0003037441525,146.5881614,0,902.035046,-15.53133971,902.035046,11.02116448,796370.1965,2164325.805,1091851.535,1158133.11,796672.0958,6.511855957
0.0003042642623,144.404235,0,899.5071168,-15.4924096,899.5071168,10.99487401,794141.5378,2158259.957,1088794.178,1154888.918,794442.6619,6.414839842
0.0003047843722,142.2528455,0,896.986065,-15.4535854,896.986065,10.96865508,791918.9332,2152210.612,1085745.132,1151653.548,792219.2841,6.319269104
0.000305304482,140.1335072,0,894.4718723,-15.41486683,894.4718723,10.94250747,789702.367,2146177.727,1082704.374,1148426.977,790001.9465,6.22512217
0.0003058245919,138.0457447,0,891.9645208,-15.37625362,891.9645208,10.91643102,787491.8231,2140161.258,1079671.884,1145209.181,787790.6332,6.132377925
0.0003063447017,135.9890864,0,889.4639922,-15.33774548,889.4639922,10.89042552,785287.2858,2134161.162,1076647.638,1142000.137,785585.3283,6.04101541
0.0003068648116,133.963068,0,886.9702686,-15.29934214,886.9702686,10.86449079,783088.7393,2128177.396,1073631.616,1138799.823,783386.0161,5.951014011
0.0003073849214,131.9672352,0,884.483332,-15.26104331,884.483332,10.83862665,780896.1678,2122209.917,1070623.795,1135608.215,781192.6808,5.862353538
0.0003079050313,130.0011366,0,882.0031644,-15.22284873,882.0031644,10.81283291,778709.5555,2116258.682,1067624.155,1132425.29,779005.3066,5.775013942
0.0003084251411,128.0643292,0,879.529748,-15.18475812,879.529748,10.78710938,776528.8869,2110323.647,1064632.673,1129251.025,776823.8779,5.68897554
0.000308945251,126.1563782,0,877.0630649,-15.1467712,877.0630649,10.76145587,774354.1462,2104404.769,1061649.328,1126085.398,774648.3791,5.604219022
0.0003094653608,124.2768518,0,874.6030972,-15.1088877,874.6030972,10.73587221,772185.3178,2098502.007,1058674.098,1122928.385,772478.7944,5.520725205
0.0003099854707,122.425327,0,872.1498273,-15.07110734,872.1498273,10.7103582,770022.3862,2092615.317,1055706.963,1119779.964,770315.1084,5.438475299
0.0003105055805,120.6013881,0,869.7032373,-15.03342985,869.7032373,10.68491367,767865.3359,2086744.657,1052747.9,1116640.113,768157.3054,5.357450832
0.0003110256904,118.8046219,0,867.2633096,-14.99585497,867.2633096,10.65953842,765714.1512,2080889.984,1049796.889,1113508.807,766005.3701,5.277633455
0.0003115458002,117.0346246,0,864.8300266,-14.95838241,864.8300266,10.63423228,763568.8168,2075051.256,1046853.907,1110386.026,763859.2868,5.199005228
0.0003120659101,115.2909985,0,862.4033707,-14.92101191,862.4033707,10.60899505,761429.3172,2069228.431,1043918.935,1107271.745,761719.0403,5.121548479
0.0003125860199,113.5733484,0,859.9833242,-14.88374319,859.9833242,10.58382657,759295.6371,2063421.466,1040991.95,1104165.944,759584.615,5.045245661
0.0003131061298,111.8812888,0,857.5698697,-14.84657599,857.5698697,10.55872664,757167.761,2057630.32,1038072.932,1101068.599,757455.9956,4.970079641
0.0003136262396,110.214439,0,855.1629897,-14.80951004,855.1629897,10.53369509,755045.6737,2051854.951,1035161.86,1097979.688,755333.1669,4.896033513
0.0003141463495,108.5724214,0,852.7626668,-14.77254507,852.7626668,10.50873173,752929.3598,2046095.316,1032258.712,1094899.188,753216.1134,4.8230905
0.0003146664593,106.9548675,0,850.3688836,-14.73568081,850.3688836,10.48383639,750818.8042,2040351.375,1029363.468,1091827.078,751104.8201,4.751234237
0.0003151865692,105.3614134,0,847.9816228,-14.69891699,847.9816228,10.45900888,748713.9917,2034623.085,1026476.106,1088763.335,748999.2716,4.680448551
0.000315706679,103.791698,0,845.6008669,-14.66225335,845.6008669,10.43424902,746614.9069,2028910.405,1023596.606,1085707.937,746899.4528,4.610717404
0.0003162267889,102.2453693,0,843.2265989,-14.62568962,843.2265989,10.40955663,744521.5349,2023213.293,1020724.947,1082660.862,744805.3485,4.54202516
0.0003167468987,100.7220791,0,840.8588014,-14.58922554,840.8588014,10.38493153,742433.8605,2017531.709,1017861.108,1079622.088,742716.9436,4.47435635
0.0003172670086,99.22148225,0,838.4974573,-14.55286084,838.4974573,10.36037356,740351.8687,2011865.61,1015005.069,1076591.592,740634.2232,4.407695642
0.0003177871184,97.74324245,0,836.1425495,-14.51659526,836.1425495,10.33588251,738275.5443,2006214.957,1012156.809,1073569.353,738557.172,4.342028097
0.0003183072283,96.2870266,0,833.7940608,-14.48042854,833.7940608,10.31145823,736204.8725,2000579.707,1009316.307,1070555.35,736485.7753,4.277338918
0.0003188273381,94.85250485,0,831.4519741,-14.4443604,831.4519741,10.28710053,734139.8383,1994959.819,1006483.542,1067549.559,734420.0178,4.213613451
0.000319347448,93.43935582,0,829.1162726,-14.4083906,829.1162726,10.26280924,732080.4267,1989355.254,1003658.495,1064551.96,732359.8849,4.15083742
0.0003198675578,92.04726086,0,826.7869392,-14.37251886,826.7869392,10.23858417,730026.6229,1983765.971,1000841.145,1061562.53,730305.3615,4.08899667
0.0003203876677,90.67590478,0,824.463957,-14.33674494,824.463957,10.21442515,727978.412,1978191.927,998031.4704,1058581.248,728256.4329,4.028077199
0.0003209077775,89.3249804,0,822.1473091,-14.30106856,822.1473091,10.19033202,725935.7793,1972633.084,995229.4521,1055608.092,726213.0842,3.968065361
0.0003214278874,87.99418291,0,819.8369787,-14.26548947,819.8369787,10.16630458,723898.7098,1967089.401,992435.0694,1052643.041,724175.3006,3.908947617
0.0003219479972,86.68321117,0,817.5329489,-14.23000741,817.5329489,10.14234267,721867.189,1961560.837,989648.302,1049686.073,722143.0673,3.850710587
0.0003224681071,85.39177152,0,815.235203,-14.19462213,815.235203,10.11844611,719841.202,1956047.352,986869.1298,1046737.166,720116.3698,3.793341226
0.0003229882169,84.11957242,0,812.9437243,-14.15933335,812.9437243,10.09461473,717820.7343,1950548.906,984097.5325,1043796.3,718095.1932,3.736826586
0.0003235083268,82.86632615,0,810.658496,-14.12414084,810.658496,10.07084836,715805.7712,1945065.459,981333.4901,1040863.453,716079.523,3.681153883
0.0003240284366,81.63175195,0,808.3795016,-14.08904433,808.3795016,10.04714682,713796.298,1939596.971,978576.9825,1037938.603,714069.3446,3.626310645
0.0003245485465,80.41557101,0,806.1067245,-14.05404356,806.1067245,10.02350993,711792.3002,1934143.403,975827.9896,1035021.729,712064.6434,3.572284487
0.0003250686563,79.21750841,0,803.840148,-14.01913828,803.840148,9.99993754,709793.7634,1928704.713,973086.4915,1032112.81,710065.4048,3.519063198
0.0003255887662,78.03729572,0,801.5797558,-13.98432824,801.5797558,9.97642946,707800.6729,1923280.864,970352.4683,1029211.825,708071.6144,3.46663485
0.000326108876,76.8746663,0,799.3255312,-13.94961318,799.3255312,9.952985524,705813.0144,1917871.815,967625.9,1026318.753,706083.2577,3.414987601
0.0003266289859,75.72935752,0,797.0774579,-13.91499285,797.0774579,9.929605562,703830.7734,1912477.526,964906.7669,1023433.573,704100.3203,3.364109783
0.0003271490957,74.60111265,0,794.8355194,-13.880467,794.8355194,9.906289402,701853.9356,1907097.959,962195.0493,1020556.263,702122.7878,3.313989991
0.0003276692056,73.48967676,0,792.5996995,-13.84603537,792.5996995,9.883036874,699882.4865,1901733.075,959490.7272,1017686.803,700150.6458,3.264616902
0.0003281893154,72.3947989,0,790.3699817,-13.81169772,790.3699817,9.85984781,697916.4119,1896382.833,956793.7812,1014825.171,698183.88,3.215979366
0.0003287094253,71.31623356,0,788.1463499,-13.77745379,788.1463499,9.836722039,695955.6975,1891047.195,954104.1915,1011971.348,696222.4762,3.168066479
0.0003292295351,70.25373701,0,785.9287877,-13.74330333,785.9287877,9.813659392,694000.329,1885726.123,951421.9386,1009125.312,694266.42,3.120867411
0.000329749645,69.20706948,0,783.7172791,-13.7092461,783.7172791,9.790659702,692050.2922,1880419.576,948747.0029,1006287.042,692315.6973,3.074371513
0.0003302697548,68.17599617,0,781.5118077,-13.67528184,781.5118077,9.767722801,690105.573,1875127.517,946079.365,1003456.518,690370.2939,3.028568354
0.0003307898647,67.16028403,0,779.3123577,-13.64141031,779.3123577,9.74484852,688166.1572,1869849.907,943419.0054,1000633.718,688430.1956,2.983447581
0.0003313099745,66.159704,0,777.1189127,-13.60763126,777.1189127,9.722036692,686232.0307,1864586.707,940765.9047,997818.6236,686495.3883,2.938999019
0.0003318300844,65.17403158,0,774.9314569,-13.57394444,774.9314569,9.699287151,684303.1794,1859337.878,938120.0435,995011.2126,684565.858,2.895212694
0.0003323501942,64.20304375,0,772.7499741,-13.5403496,772.7499741,9.676599731,682379.5893,1854103.383,935481.4027,992211.465,682641.5906,2.8520787
0.0003328703041,63.24652188,0,770.5744486,-13.50684651,770.5744486,9.653974265,680461.2463,1848883.183,932849.9629,989419.3604,680722.572,2.809587324
0.0003333904139,62.3042512,0,768.4048643,-13.47343491,768.4048643,9.631410589,678548.1366,1843677.239,930225.7049,986634.8783,678808.7884,2.767729027
0.0003339105238,61.37601837,0,766.2412054,-13.44011456,766.2412054,9.608908536,676640.2461,1838485.514,927608.6096,983857.9983,676900.2258,2.726494329
0.0003344306336,60.46161466,0,764.083456,-13.40688522,764.083456,9.586467942,674737.561,1833307.97,924998.6579,981088.7003,674996.8702,2.68587396
0.0003349507435,59.56083463,0,761.9316003,-13.37374665,761.9316003,9.564088643,672840.0674,1828144.569,922395.8307,978326.9638,673098.7079,2.645858792
0.0003354708533,58.6734742,0,759.7856227,-13.34069859,759.7856227,9.541770476,670947.7515,1822995.272,919800.1089,975572.7688,671205.7249,2.606439762
0.0003359909632,57.79933409,0,757.6455073,-13.30774081,757.6455073,9.519513276,669060.5994,1817860.043,917211.4738,972826.0951,669317.9074,2.567608014
0.000336511073,56.93821773,0,755.5112385,-13.27487307,755.5112385,9.49731688,667178.5974,1812738.843,914629.9062,970086.9227,667435.2418,2.529354818
0.0003370311829,56.08993002,0,753.3828006,-13.24209513,753.3828006,9.475181126,665301.7318,1807631.636,912055.3874,967355.2313,665557.7142,2.491671506
0.0003375512927,55.25428058,0,751.2601781,-13.20940674,751.2601781,9.453105852,663429.9889,1802538.383,909487.8985,964631.0011,663685.311,2.454549622
0.0003380714026,54.4310814,0,749.1433553,-13.17680767,749.1433553,9.431090896,661563.355,1797459.047,906927.4208,961914.2122,661818.0185,2.417980813
0.0003385915124,53.62014594,0,747.0323169,-13.14429768,747.0323169,9.409136096,659701.8164,1792393.592,904373.9355,959204.8445,659955.823,2.381956792
0.0003391116223,52.82129234,0,744.9270472,-13.11187653,744.9270472,9.387241291,657845.3597,1787341.979,901827.4239,956502.8783,658098.711,2.346469482
0.0003396317321,52.03434073,0,742.8275308,-13.07954397,742.8275308,9.365406321,655993.9711,1782304.172,899287.8675,953808.2938,656246.6689,2.311510891
0.000340151842,51.25911282,0,740.7337524,-13.04729979,740.7337524,9.343631025,654147.6373,1777280.134,896755.2475,951121.0712,654399.6831,2.2770731
0.0003406719518,50.49543483,0,738.6456965,-13.01514373,738.6456965,9.321915244,652306.3447,1772269.827,894229.5455,948441.1909,652557.7402,2.243148389
0.0003411920617,49.74313472,0,736.5633479,-12.98307556,736.5633479,9.300258818,650470.0797,1767273.216,891710.743,945768.6331,650720.8267,2.209729115
0.0003417121715,49.00204207,0,734.4866912,-12.95109504,734.4866912,9.278661588,648638.8291,1762290.264,889198.8215,943103.3783,648888.9292,2.176807707
0.0003422322814,48.27199082,0,732.4157112,-12.91920195,732.4157112,9.257123396,646812.5794,1757320.933,886693.7626,940445.4069,647062.0342,2.14437679
0.0003427523912,47.5528164,0,730.3503926,-12.88739605,730.3503926,9.235644083,644991.3173,1752365.187,884195.548,937794.6995,645240.1285,2.112429051
0.0003432725011,46.84435596,0,728.2907204,-12.85567709,728.2907204,9.214223492,643175.0293,1747422.991,881704.1593,935151.2365,643423.1986,2.080957258
0.0003437926109,46.14645078,0,726.2366793,-12.82404486,726.2366793,9.192861464,641363.7023,1742494.307,879219.5782,932514.9986,641611.2312,2.049954358
0.0003443127208,45.45894344,0,724.1882543,-12.79249912,724.1882543,9.171557844,639557.323,1737579.099,876741.7866,929885.9665,639804.2132,2.01941336
0.0003448328306,44.78167832,0,722.1454302,-12.76103963,722.1454302,9.150312474,637755.8781,1732677.332,874270.7663,927264.1207,638002.1312,1.98932735
0.0003453529405,44.11450373,0,720.1081922,-12.72966616,720.1081922,9.129125198,635959.3544,1727788.968,871806.4991,924649.4421,636204.9721,1.95968959
0.0003458730503,43.45726908,0,718.0765251,-12.69837849,718.0765251,9.107995861,634167.7388,1722913.973,869348.9669,922041.9114,634412.7228,1.930493389
0.0003463931602,42.8098257,0,716.050414,-12.66717638,716.050414,9.086924306,632381.0182,1718052.31,866898.1518,919441.5095,632625.37,1.901732144
0.00034691327,42.17202855,0,714.0298441,-12.6360596,714.0298441,9.065910379,630599.1794,1713203.944,864454.0357,916848.2172,630842.9006,1.873399411
0.0003474333799,41.54373361,0,712.0148005,-12.60502793,712.0148005,9.044953925,628822.2094,1708368.838,862016.6006,914262.0156,629065.3017,1.845488794
0.0003479534897,40.92479883,0,710.0052683,-12.57408113,710.0052683,9.02405479,627050.0951,1703546.958,859585.8287,911682.8855,627292.5601,1.81799398
0.0003484735996,40.31508554,0,708.0012327,-12.54321898,708.0012327,9.00321282,625282.8236,1698738.267,857161.7021,909110.8081,625524.6629,1.790908812
0.0003489937094,39.71445602,0,706.0026789,-12.51244126,706.0026789,8.982427861,623520.3818,1693942.731,854744.203,906545.7643,623761.5971,1.764227169
0.0003495138193,39.12277455,0,704.0095923,-12.48174772,704.0095923,8.96169976,621762.7569,1689160.314,852333.3136,903987.7353,622003.3497,1.737943024
0.0003500339291,38.53990852,0,702.0219582,-12.45113816,702.0219582,8.941028365,620009.936,1684390.98,849929.0162,901436.7024,620249.9079,1.712050485
0.000350554039,37.96572624,0,700.0397619,-12.42061233,700.0397619,8.920413523,618261.9061,1679634.695,847531.2931,898892.6466,618501.2587,1.686543703
0.0003510741488,37.40009804,0,698.0629887,-12.39017003,698.0629887,8.899855083,616518.6545,1674891.423,845140.1267,896355.5494,616757.3894,1.661416917
0.0003515942587,36.84289711,0,696.0916242,-12.35981101,696.0916242,8.879352892,614780.1683,1670161.13,842755.4993,893825.3919,615018.2871,1.636664494
0.0003521143685,36.29399753,0,694.1256538,-12.32953507,694.1256538,8.858906799,613046.4347,1665443.781,840377.3935,891302.1556,613283.9391,1.61228084
0.0003526344784,35.75327541,0,692.1650629,-12.29934197,692.1650629,8.838516654,611317.4411,1660739.34,838005.7916,888785.8218,611554.3326,1.588260452
0.0003531545882,35.22060948,0,690.2098372,-12.26923149,690.2098372,8.818182307,609593.1747,1656047.774,835640.6764,886276.3721,609829.4548,1.564597942
0.0003536746981,34.69587934,0,688.2599621,-12.23920342,688.2599621,8.797903606,607873.6229,1651369.047,833282.0303,883773.7879,608109.2932,1.541287962
0.0003541948079,34.17896663,0,686.3154234,-12.20925752,686.3154234,8.777680403,606158.7729,1646703.124,830929.836,881278.0508,606393.8351,1.518325254
0.0003547149178,33.66975538,0,684.3762066,-12.17939358,684.3762066,8.757512549,604448.6122,1642049.973,828584.0762,878789.1424,604683.0677,1.495704667
0.0003552350276,33.16813041,0,682.4422974,-12.14961138,682.4422974,8.737399893,602743.1281,1637409.557,826244.7335,876307.0443,602976.9787,1.473421083
0.0003557551375,32.67397872,0,680.5136816,-12.1199107,680.5136816,8.717342289,601042.3083,1632781.844,823911.7907,873831.7382,601275.5553,1.451469484
0.0003562752473,32.18718938,0,678.5903449,-12.09029131,678.5903449,8.697339587,599346.14,1628166.798,821585.2307,871363.2059,599578.7852,1.42984494
0.0003567953572,31.7076522,0,676.6722731,-12.06075301,676.6722731,8.677391641,597654.6109,1623564.386,819265.0363,868901.4291,597886.6557,1.408542558
0.000357315467,31.23525931,0,674.759452,-12.03129556,674.759452,8.657498301,595967.7085,1618974.573,816951.1903,866446.3896,596199.1545,1.387557545
0.0003578355769,30.76990458,0,672.8518676,-12.00191876,672.8518676,8.637659423,594285.4204,1614397.326,814643.6758,863998.0695,594516.2691,1.366885187
0.0003583556867,30.31148261,0,670.9495056,-11.97262239,670.9495056,8.617874858,592607.7341,1609832.61,812342.4756,861556.4505,592837.9871,1.346520802
0.0003588757966,29.85989041,0,669.052352,-11.94340622,669.052352,8.598144461,590934.6373,1605280.393,810047.5728,859121.5146,591164.2962,1.326459813
0.0003593959064,29.41502646,0,667.1603928,-11.91427005,667.1603928,8.578468086,589266.1177,1600740.641,807758.9505,856693.2439,589495.184,1.306697713
0.0003599160163,28.97678996,0,665.2736141,-11.88521366,665.2736141,8.558845587,587602.163,1596213.319,805476.5918,854271.6203,587830.6382,1.287230023
0.0003604361261,28.54508255,0,663.3920018,-11.85623683,663.3920018,8.539276819,585942.761,1591698.394,803200.4799,851856.6262,586170.6466,1.268052372
0.000360956236,28.11980711,0,661.515542,-11.82733935,661.515542,8.519761637,584287.8993,1587195.833,800930.5978,849448.2434,584515.1969,1.249160448
0.0003614763458,27.70086727,0,659.6442209,-11.798521,659.6442209,8.500299897,582637.5657,1582705.603,798666.9289,847046.4544,582864.2769,1.230549969
0.0003619964557,27.28816907,0,657.7780246,-11.76978158,657.7780246,8.480891455,580991.7482,1578227.67,796409.4565,844651.2412,581217.8744,1.212216761
0.0003625165655,26.8816196,0,655.9169392,-11.74112086,655.9169392,8.461536168,579350.4345,1573762.002,794158.1638,842262.5863,579575.9772,1.194156697
0.0003630366754,26.48112674,0,654.0609511,-11.71253865,654.0609511,8.442233891,577713.6126,1569308.565,791913.0342,839880.4719,577938.5734,1.176365685
0.0003635567852,26.08660072,0,652.2100464,-11.68403471,652.2100464,8.422984483,576081.2704,1564867.325,789674.0512,837504.8804,576305.6507,1.158839736
0.0003640768951,25.69795267,0,650.3642115,-11.65560886,650.3642115,8.403787799,574453.3957,1560438.252,787441.1981,835135.7942,574677.1972,1.141574903
0.0003645970049,25.31509453,0,648.5234326,-11.62726086,648.5234326,8.384643699,572829.9767,1556021.31,785214.4585,832773.1959,573053.2007,1.124567274
0.0003651171148,24.93794052,0,646.6876962,-11.59899052,646.6876962,8.365552041,571211.0013,1551616.468,782993.8159,830417.0678,571433.6494,1.107813039
0.0003656372246,24.56640564,0,644.8569887,-11.57079763,644.8569887,8.346512682,569596.4575,1547223.694,780779.2539,828067.3927,569818.5312,1.09130842
0.0003661573345,24.20040572,0,643.0312964,-11.54268196,643.0312964,8.327525483,567986.3334,1542842.954,778570.7561,825724.153,568207.8343,1.075049681
0.0003666774443,23.83985879,0,641.2106059,-11.51464333,641.2106059,8.308590301,566380.6172,1538474.216,776368.3061,823387.3314,566601.5466,1.059033178
0.0003671975542,23.48468353,0,639.3949036,-11.48668151,639.3949036,8.289706997,564779.2969,1534117.447,774171.8877,821056.9107,564999.6564,1.0432553
0.000367717664,23.13479953,0,637.584176,-11.45879631,637.584176,8.270875431,563182.3608,1529772.616,771981.4846,818732.8735,563402.1518,1.027712475
0.0003682377739,22.79012843,0,635.7784099,-11.43098751,635.7784099,8.252095463,561589.7969,1525439.69,769797.0805,816415.2026,561809.021,1.012401221
0.0003687578837,22.45059243,0,633.9775917,-11.40325491,633.9775917,8.233366953,560001.5936,1521118.638,767618.6594,814103.881,560220.2522,0.9973180826
0.0003692779936,22.11611473,0,632.181708,-11.3755983,632.181708,8.214689764,558417.7391,1516809.426,765446.2051,811798.8913,558635.8337,0.9824596479
0.0003697981034,21.78662039,0,630.3907457,-11.34801748,630.3907457,8.196063755,556838.2216,1512512.023,763279.7014,809500.2166,557055.7537,0.9678225882
0.0003703182133,21.46203503,0,628.6046913,-11.32051225,628.6046913,8.17748879,555263.0296,1508226.397,761119.1324,807207.8398,555480.0006,0.953403599
0.0003708383231,21.14228525,0,626.8235317,-11.29308239,626.8235317,8.158964729,553692.1512,1503952.516,758964.4819,804921.7439,553908.5627,0.9391994196
0.000371358433,20.8272994,0,625.0472535,-11.2657277,625.0472535,8.140491437,552125.575,1499690.348,756815.7342,802641.9119,552341.4283,0.9252068677
0.0003718785428,20.51700635,0,623.2758437,-11.23844799,623.2758437,8.122068775,550563.2893,1495439.863,754672.8732,800368.327,550778.5859,0.9114227831
0.0003723986527,20.21133598,0,621.509289,-11.21124305,621.509289,8.103696606,549005.2825,1491201.028,752535.883,798100.9722,549220.0239,0.8978440505
0.0003729187625,19.91021978,0,619.7475764,-11.18411268,619.7475764,8.085374795,547451.5431,1486973.812,750404.7478,795839.8308,547665.7308,0.884467627
0.0003734388724,19.61358972,0,617.9906927,-11.15705667,617.9906927,8.067103204,545902.0596,1482758.183,748279.4518,793584.886,546115.6949,0.8712904906
0.0003739589822,19.32137881,0,616.2386249,-11.13007482,616.2386249,8.048881699,544356.8205,1478554.11,746159.9792,791336.1209,544569.905,0.8583096649
0.0003744790921,19.03352154,0,614.49136,-11.10316694,614.49136,8.030710144,542815.8144,1474361.562,744046.3144,789093.519,543028.3494,0.84552224
0.0003749992019,18.74995285,0,612.748885,-11.07633283,612.748885,8.012588404,541279.0298,1470180.507,741938.4416,786857.0636,541491.0169,0.8329253262
0.0003755193118,18.47060875,0,611.011187,-11.04957228,611.011187,7.994516344,539746.4554,1466010.916,739836.3451,784626.7381,539957.8959,0.8205160801
0.0003760394216,18.19542657,0,609.2782529,-11.0228851,609.2782529,7.97649383,538218.0798,1461852.755,737740.0095,782402.5258,538428.9751,0.8082917185
0.0003765595315,17.92434414,0,607.55007,-10.99627108,607.55007,7.958520728,536693.8916,1457705.996,735649.419,780184.4103,536904.2433,0.7962494789
0.0003770796413,17.65730028,0,605.8266254,-10.96973003,605.8266254,7.940596904,535173.8796,1453570.606,733564.5583,777972.3752,535383.689,0.7843866442
0.0003775997512,17.3942351,0,604.1079063,-10.94326176,604.1079063,7.922722225,533658.0324,1449446.555,731485.4117,775766.4038,533867.301,0.7727005533
0.000378119861,17.1350891,0,602.3938998,-10.91686606,602.3938998,7.904896558,532146.339,1445333.813,729411.964,773566.48,532355.0681,0.7611885635
0.0003786399709,16.87980388,0,600.6845933,-10.89054274,600.6845933,7.88711977,530638.7879,1441232.349,727344.1996,771372.5873,530846.979,0.7498480805
0.0003791600807,16.62832215,0,598.979974,-10.8642916,598.979974,7.86939173,529135.3681,1437142.131,725282.1033,769184.7093,529343.0226,0.738676559
0.0003796801906,16.38058699,0,597.2800292,-10.83811245,597.2800292,7.851712304,527636.0683,1433063.131,723225.6596,767002.8299,527843.1877,0.7276714706
0.0003802003004,16.13654265,0,595.5847463,-10.81200509,595.5847463,7.834081362,526140.8775,1428995.317,721174.8533,764826.9328,526347.4631,0.7168303387
0.0003807204103,15.89613432,0,593.8941127,-10.78596934,593.8941127,7.816498772,524649.7846,1424938.659,719129.6692,762657.0019,524855.8378,0.7061507285
0.0003812405201,15.65930756,0,592.2081157,-10.76000498,592.2081157,7.798964403,523162.7784,1420893.127,717090.0921,760493.0209,523368.3006,0.6956302216
0.00038176063,15.42600913,0,590.5267429,-10.73411184,590.5267429,7.781478126,521679.848,1416858.691,715056.1068,758334.9738,521884.8406,0.6852664531
0.0003822807398,15.1961866,0,588.8499816,-10.70828972,588.8499816,7.764039809,520200.9822,1412835.321,713027.6981,756182.8445,520405.4467,0.675057094
0.0003828008497,14.96978792,0,587.1778194,-10.68253842,587.1778194,7.746649322,518726.1703,1408822.986,711004.851,754036.617,518930.1079,0.6649998313
0.0003833209595,14.74676223,0,585.5102439,-10.65685776,585.5102439,7.729306537,517255.401,1404821.658,708987.5505,751896.2754,517458.8133,0.6550924067
0.0003838410694,14.52705938,0,583.8472427,-10.63124754,583.8472427,7.712011324,515788.6637,1400831.305,706975.7815,749761.8036,515991.5519,0.6453325921
0.0003843611792,14.3106296,0,582.1888032,-10.60570757,582.1888032,7.694763553,514325.9473,1396851.899,704969.5291,747633.1859,514528.3128,0.635718176
0.0003848812891,14.09742432,0,580.5349132,-10.58023766,580.5349132,7.677563098,512867.2409,1392883.41,702968.7783,745510.4063,513069.0852,0.6262470013
0.0003854013989,13.88739555,0,578.8855604,-10.55483763,578.8855604,7.660409828,511412.5338,1388925.808,700973.5142,743393.449,511613.8582,0.6169169365
0.0003859215088,13.68049572,0,577.2407324,-10.52950728,577.2407324,7.643303617,509961.8151,1384979.063,698983.722,741282.2983,510162.6209,0.6077258674
0.0003864416186,13.47667843,0,575.600417,-10.50424642,575.600417,7.626244337,508515.074,1381043.147,696999.387,739176.9385,508715.3626,0.5986717334
0.0003869617285,13.27589777,0,573.964602,-10.47905487,573.964602,7.609231861,507072.2997,1377118.029,695020.4942,737077.3539,507272.0726,0.5897524952
0.0003874818383,13.07810826,0,572.3332751,-10.45393244,572.3332751,7.592266061,505633.4816,1373203.681,693047.029,734983.5287,505832.74,0.5809661323
0.0003880019482,12.88326557,0,570.7064242,-10.42887893,570.7064242,7.575346812,504198.6089,1369300.073,691078.9766,732895.4475,504397.3543,0.5723106755
0.000388522058,12.6913258,0,569.0840372,-10.40389417,569.0840372,7.558473987,502767.671,1365407.177,689116.3225,730813.0946,502965.9046,0.5637841742
0.0003890421679,12.50224547,0,567.4661019,-10.37897797,567.4661019,7.54164746,501340.6571,1361524.963,687159.0519,728736.4545,501538.3803,0.5553846973
0.0003895622777,12.31598222,0,565.8526063,-10.35413014,565.8526063,7.524867105,499917.5568,1357653.402,685207.1504,726665.5117,500114.7709,0.5471103629
0.0003900823876,12.13249405,0,564.2435383,-10.32935049,564.2435383,7.508132798,498498.3593,1353792.465,683260.6033,724600.2509,498695.0657,0.5389593052
0.0003906024974,11.95173941,0,562.6388859,-10.30463884,562.6388859,7.491444414,497083.0541,1349942.124,681319.3961,722540.6565,497279.2542,0.5309296787
0.0003911226073,11.77367781,0,561.0386372,-10.27999501,561.0386372,7.474801827,495671.6306,1346102.349,679383.5145,720486.7133,495867.3258,0.5230196849
0.0003916427171,11.59826909,0,559.4427802,-10.25541882,559.4427802,7.458204914,494264.0785,1342273.113,677452.9438,718438.4059,494459.2699,0.515227539
0.000392162827,11.42547354,0,557.851303,-10.23091007,557.851303,7.441653551,492860.3871,1338454.386,675527.6699,716395.719,493055.0762,0.5075514777
0.0003926829368,11.25525246,0,556.2641937,-10.20646858,556.2641937,7.425147614,491460.546,1334646.14,673607.6782,714358.6374,491654.7341,0.4999897815
0.0003932030467,11.08756743,0,554.6814404,-10.18209418,554.6814404,7.40868698,490064.5448,1330848.347,671692.9545,712327.1458,490258.2332,0.4925407435
0.0003937231565,10.92238052,0,553.1030313,-10.15778668,553.1030313,7.392271526,488672.3731,1327060.978,669783.4844,710301.2292,488865.5631,0.485202679
0.0003942432664,10.75965472,0,551.5289547,-10.1335459,551.5289547,7.375901129,487284.0205,1323284.004,667879.2539,708280.8723,487476.7135,0.477973944
0.0003947633762,10.59935328,0,549.9591988,-10.10937166,549.9591988,7.359575667,485899.4767,1319517.399,665980.2485,706266.0602,486091.6739,0.4708529061
0.0003952834861,10.44143998,0,548.3937518,-10.08526378,548.3937518,7.343295018,484518.7313,1315761.133,664086.4542,704256.7777,484710.4341,0.4638379556
0.0003958035959,10.28587941,0,546.832602,-10.06122207,546.832602,7.327059061,483141.774,1312015.178,662197.8569,702253.0099,483332.9837,0.4569275206
0.0003963237058,10.13263646,0,545.2757378,-10.03724636,545.2757378,7.310867674,481768.5946,1308279.507,660314.4423,700254.7418,481959.3125,0.45012004
0.0003968438156,9.981676485,0,543.7231476,-10.01333647,543.7231476,7.294720735,480399.1829,1304554.091,658436.1966,698261.9585,480589.4102,0.4434139759
0.0003973639255,9.832965659,0,542.1748197,-9.989492223,542.1748197,7.278618125,479033.5285,1300838.903,656563.1056,696274.645,479223.2667,0.4368078253
0.0003978840354,9.686470377,0,540.6307426,-9.965713435,540.6307426,7.262559723,477671.6214,1297133.914,654695.1553,694292.7865,477860.8717,0.4303000953
0.0003984041452,9.542157565,0,539.0909046,-9.941999931,539.0909046,7.246545408,476313.4514,1293439.098,652832.3319,692316.3683,476502.215,0.4238893167
0.0003989242551,9.399994861,0,537.5552944,-9.918351533,537.5552944,7.230575061,474959.0083,1289754.427,650974.6214,690345.3755,475147.2866,0.417574052
0.0003994443649,9.259950139,0,536.0239003,-9.894768065,536.0239003,7.214648564,473608.282,1286079.872,649122.0099,688379.7935,473796.0762,0.4113528739
0.0003999644748,9.121991796,0,534.4967111,-9.87124935,534.4967111,7.198765795,472261.2624,1282415.407,647274.4835,686419.6074,472448.5739,0.4052243786
0.0004004845846,8.986088885,0,532.9737151,-9.847795213,532.9737151,7.182926637,470917.9396,1278761.004,645432.0286,684464.8028,471104.7696,0.3991871913
0.0004010046945,8.852210685,0,531.4549011,-9.824405477,531.4549011,7.167130971,469578.3034,1275116.635,643594.6312,682515.3648,469764.6532,0.3932399473
0.0004015248043,8.720327008,0,529.9402576,-9.801079967,529.9402576,7.151378679,468242.3438,1271482.274,641762.2777,680571.2791,468428.2147,0.3873813057
0.0004020449142,8.590408261,0,528.4297734,-9.77781851,528.4297734,7.135669643,466910.0509,1267857.893,639934.9544,678632.531,467095.4442,0.3816099518
0.000402565024,8.462425049,0,526.9234371,-9.754620931,526.9234371,7.120003746,465581.4148,1264243.466,638112.6476,676699.106,465766.3316,0.3759245797
0.0004030851339,8.336348555,0,525.4212375,-9.731487057,525.4212375,7.10438087,464256.4254,1260638.964,636295.3438,674770.9897,464440.8672,0.3703239093
0.0004036052437,8.212150472,0,523.9231632,-9.708416714,523.9231632,7.088800897,462935.073,1257044.361,634483.0292,672848.1676,463119.0409,0.3648066833
0.0004041253536,8.089802678,0,522.4292032,-9.685409729,522.4292032,7.073263713,461617.3476,1253459.631,632675.6903,670930.6254,461800.8429,0.3593716522
0.0004046454634,7.969277663,0,520.9393461,-9.66246593,520.9393461,7.0577692,460303.2393,1249884.746,630873.3137,669018.3487,460486.2633,0.3540175941
0.0004051655733,7.850548346,0,519.4535809,-9.639585146,519.4535809,7.042317241,458992.7385,1246319.679,629075.8859,667111.3232,459175.2923,0.3487433058
0.0004056856831,7.733587831,0,517.9718964,-9.616767205,517.9718964,7.026907723,457685.8352,1242764.404,627283.3933,665209.5346,457867.9202,0.3435475928
0.000406205793,7.618369848,0,516.4942815,-9.594011936,516.4942815,7.011540528,456382.5196,1239218.895,625495.8227,663312.9687,456564.1371,0.3384292878
0.0004067259028,7.50486849,0,515.0207252,-9.571319168,515.0207252,6.996215542,455082.7822,1235683.124,623713.1606,661421.6113,455263.9333,0.3333872402
0.0004072460127,7.39305804,0,513.5512164,-9.548688732,513.5512164,6.98093265,453786.6131,1232157.065,621935.3936,659535.4482,453967.299,0.3284203074
0.0004077661225,7.282913407,0,512.0857441,-9.526120459,512.0857441,6.965691738,452494.0026,1228640.692,620162.5085,657654.4653,452674.2247,0.3235273749
0.0004082862324,7.174409807,0,510.6242973,-9.503614178,510.6242973,6.950492691,451204.9411,1225133.978,618394.492,655778.6486,451384.7006,0.3187073416
0.0004088063422,7.067522654,0,509.166865,-9.481169721,509.166865,6.935335396,449919.4189,1221636.897,616631.3309,653907.9838,450098.717,0.3139591155
0.0004093264521,6.962227978,0,507.7134364,-9.45878692,507.7134364,6.920219738,448637.4264,1218149.423,614873.0119,652042.4572,448816.2643,0.3092816316
0.0004098465619,6.85850207,0,506.2640005,-9.436465608,506.2640005,6.905145605,447358.9541,1214671.53,613119.522,650182.0546,447537.333,0.3046738367
0.0004103666718,6.756321429,0,504.8185465,-9.414205616,504.8185465,6.890112884,446083.9923,1211203.192,611370.8479,648326.7621,446261.9135,0.300134687
0.0004108867816,6.655663153,0,503.3770636,-9.392006779,503.3770636,6.875121461,444812.5315,1207744.382,609626.9766,646476.5659,444989.9962,0.295663165
0.0004114068915,6.556504563,0,501.9395408,-9.369868929,501.9395408,6.860171225,443544.5622,1204295.074,607887.895,644631.452,443721.5717,0.2912582632
0.0004119270013,6.458823196,0,500.5059675,-9.3477919,500.5059675,6.845262062,442280.075,1200855.244,606153.59,642791.4067,442456.6304,0.2869189838
0.0004124471112,6.362597168,0,499.076333,-9.325775527,499.076333,6.830393863,441019.0602,1197424.865,604424.0488,640956.4161,441195.1628,0.2826443546
0.000412967221,6.267804783,0,497.6506263,-9.303819646,497.6506263,6.815566514,439761.5086,1194003.91,602699.2582,639126.4665,439937.1595,0.2784334118
0.0004134873309,6.174424577,0,496.228837,-9.28192409,496.228837,6.800779905,438507.4107,1190592.356,600979.2055,637301.5442,438682.6111,0.274285202
0.0004140074407,6.082435632,0,494.8109543,-9.260088696,494.8109543,6.786033924,437256.757,1187190.175,599263.8777,635481.6354,437431.5082,0.2701987959
0.0004145275506,5.991817197,0,493.3969675,-9.2383133,493.3969675,6.771328462,436009.5383,1183797.343,597553.262,633666.7266,436183.8415,0.2661732716
0.0004150476604,5.902548762,0,491.9868661,-9.216597738,491.9868661,6.756663408,434765.7452,1180413.834,595847.3454,631856.8041,434939.6015,0.2622077182
0.0004155677703,5.81461033,0,490.5806395,-9.194941848,490.5806395,6.742038651,433525.3683,1177039.623,594146.1154,630051.8544,433698.7789,0.2583012472
0.0004160878801,5.727982055,0,489.1782771,-9.173345467,489.1782771,6.727454082,432288.3985,1173674.684,592449.559,628251.8639,432461.3646,0.254452977
0.00041660799,5.642644339,0,487.7797684,-9.151808433,487.7797684,6.712909591,431054.8263,1170318.992,590757.6635,626456.8191,431227.3491,0.2506620371
0.0004171280998,5.558578066,0,486.3851029,-9.130330584,486.3851029,6.69840507,429824.6426,1166972.522,589070.4164,624666.7065,429996.7233,0.2469275782
0.0004176482097,5.475764253,0,484.9942701,-9.10891176,484.9942701,6.683940409,428597.8381,1163635.248,587387.8049,622881.5127,428769.4779,0.2432487571
0.0004181683195,5.394184178,0,483.6072596,-9.087551798,483.6072596,6.6695155,427374.4037,1160307.146,585709.8163,621101.2244,427545.6038,0.2396247421
0.0004186884294,5.313819561,0,482.224061,-9.066250539,482.224061,6.655130234,426154.3301,1156988.191,584036.4382,619325.8281,426325.0917,0.2360547211
0.0004192085392,5.23465225,0,480.8446639,-9.045007824,480.8446639,6.640784504,424937.6083,1153678.358,582367.658,617555.3105,425107.9325,0.2325378878
0.0004197286491,5.156664357,0,479.4690579,-9.023823491,479.4690579,6.626478202,423724.2291,1150377.621,580703.4631,615789.6584,423894.117,0.2290734476
0.0004202487589,5.079838403,0,478.0972326,-9.002697382,478.0972326,6.612211219,422514.1834,1147085.957,579043.841,614028.8584,422683.6363,0.2256606239
0.0004207688688,5.00415703,0,476.7291779,-8.981629339,476.7291779,6.59798345,421307.4621,1143803.34,577388.7794,612272.8974,421476.4811,0.2222986457
0.0004212889786,4.929603147,0,475.3648833,-8.960619204,475.3648833,6.583794787,420104.0563,1140529.746,575738.2657,610521.7621,420272.6425,0.2189867538
0.0004218090885,4.856160038,0,474.0043388,-8.939666817,474.0043388,6.569645123,418903.9568,1137265.149,574092.2876,608775.4395,419072.1114,0.2157242056
0.0004223291983,4.783811107,0,472.6475339,-8.918772022,472.6475339,6.555534353,417707.1546,1134009.527,572450.8328,607033.9164,417874.8789,0.2125102638
0.0004228493082,4.712540026,0,471.2944586,-8.897934663,471.2944586,6.54146237,416513.6408,1130762.853,570813.8888,605297.1798,416680.9358,0.2093442031
0.000423369418,4.642330807,0,469.9451027,-8.877154581,469.9451027,6.527429068,415323.4065,1127525.104,569181.4435,603565.2165,415490.2734,0.2062253133
0.0004238895279,4.573167583,0,468.599456,-8.856431622,468.599456,6.513434342,414136.4427,1124296.256,567553.4845,601838.0135,414302.8826,0.2031528896
0.0004244096377,4.505034754,0,467.2575083,-8.835765629,467.2575083,6.499478087,412952.7404,1121076.283,565929.9997,600115.558,413118.7545,0.2001262388
0.0004249297476,4.437917032,0,465.9192498,-8.815156446,465.9192498,6.485560198,411772.2908,1117865.163,564310.9768,598397.8369,411937.8802,0.197144682
0.0004254498574,4.371799236,0,464.5846701,-8.79460392,464.5846701,6.47168057,410595.0851,1114662.87,562696.4037,596684.8374,410760.2509,0.1942075446
0.0004259699673,4.306666473,0,463.2537594,-8.774107896,463.2537594,6.457839098,409421.1144,1111469.381,561086.2682,594976.5466,409585.8578,0.1913141652
0.0004264900771,4.242504121,0,461.9265077,-8.753668218,461.9265077,6.44403568,408250.3699,1108284.671,559480.5583,593272.9515,408414.692,0.1884638941
0.000427010187,4.179297656,0,460.6029048,-8.733284735,460.6029048,6.43027021,407082.8427,1105108.718,557879.2619,591574.0395,407246.7447,0.1856560862
0.0004275302968,4.117032859,0,459.282941,-8.712957291,459.282941,6.416542586,405918.5243,1101941.496,556282.3669,589879.7978,406082.0072,0.1828901099
0.0004280504067,4.055695743,0,457.9666062,-8.692685735,457.9666062,6.402852704,404757.4057,1098782.982,554689.8614,588190.2136,404920.4707,0.1801653437
0.0004285705165,3.995272416,0,456.6538905,-8.672469914,456.6538905,6.389200462,403599.4782,1095633.152,553101.7334,586505.2742,403762.1265,0.1774811706
0.0004290906264,3.935749301,0,455.3447842,-8.652309676,455.3447842,6.375585755,402444.7333,1092491.982,551517.971,584824.9669,402606.9659,0.1748369874
0.0004296107362,3.877113018,0,454.0392772,-8.632204869,454.0392772,6.362008483,401293.1621,1089359.45,549938.5622,583149.2792,401454.9802,0.1722321998
0.0004301308461,3.819350282,0,452.7373599,-8.612155342,452.7373599,6.348468543,400144.7561,1086235.531,548363.4952,581478.1984,400306.1608,0.1696662175
0.0004306509559,3.762448126,0,451.4390224,-8.592160945,451.4390224,6.334965833,398999.5067,1083120.202,546792.7581,579811.7119,399160.499,0.1671384647
0.0004311710658,3.70639375,0,450.1442549,-8.572221525,450.1442549,6.321500251,397857.4051,1080013.439,545226.3392,578149.8072,398017.9862,0.1646483726
0.0004316911756,3.651174452,0,448.8530477,-8.552336935,448.8530477,6.308071696,396718.4429,1076915.219,543664.2266,576492.4718,396878.6138,0.162195377
0.0004322112855,3.596777847,0,447.5653911,-8.532507023,447.5653911,6.294680067,395582.6114,1073825.519,542106.4086,574839.6933,395742.3734,0.1597789277
0.0004327313953,3.543191689,0,446.2812754,-8.512731641,446.2812754,6.281325264,394449.9022,1070744.315,540552.8735,573191.4592,394609.2562,0.1573984808
0.0004332515052,3.490403837,0,445.0006909,-8.493010639,445.0006909,6.268007185,393320.3067,1067671.584,539003.6095,571547.7571,393479.2539,0.1550534968
0.000433771615,3.438402457,0,443.7236279,-8.47334387,443.7236279,6.254725731,392193.8165,1064607.304,537458.6052,569908.5746,392352.3579,0.1527434501
0.0004342917249,3.387175836,0,442.450077,-8.453731185,442.450077,6.241480801,391070.423,1061551.45,535917.8487,568273.8994,391228.5598,0.1504678204
0.0004348118347,3.336712367,0,441.1800284,-8.434172437,441.1800284,6.228272295,389950.1178,1058504,534381.3286,566643.7192,390107.8511,0.148226092
0.0004353319446,3.287000744,0,439.9134726,-8.414667478,439.9134726,6.215100115,388832.8925,1055464.932,532849.0333,565018.0217,388990.2233,0.1460177627
0.0004358520544,3.238029761,0,438.6504001,-8.395216161,438.6504001,6.201964161,387718.7387,1052434.221,531320.9512,563396.7947,387875.6682,0.1438423348
0.0004363721643,3.189788328,0,437.3908013,-8.37581834,437.3908013,6.188864334,386607.648,1049411.846,529797.0709,561780.026,386764.1772,0.1416993155
0.0004368922741,3.142265638,0,436.1346668,-8.356473869,436.1346668,6.175800535,385499.6121,1046397.784,528277.3808,560167.7034,385655.742,0.1395882247
0.000437412384,3.095450972,0,434.8819872,-8.337182602,434.8819872,6.162772666,384394.6226,1043392.011,526761.8696,558559.8147,384550.3544,0.1375085863
0.0004379324938,3.049333733,0,433.6327528,-8.317944394,433.6327528,6.14978063,383292.6712,1040394.506,525250.5258,556956.348,383448.0059,0.1354599297
0.0004384526037,3.003903591,0,432.3869545,-8.298759099,432.3869545,6.136824327,382193.7497,1037405.245,523743.3381,555357.291,382348.6883,0.1334417957
0.0004389727135,2.959150294,0,431.1445827,-8.279626574,431.1445827,6.12390366,381097.8496,1034424.206,522240.295,553762.6318,381252.3933,0.1314537292
0.0004394928234,2.915063716,0,429.9056282,-8.260546674,429.9056282,6.111018533,380004.9629,1031451.367,520741.3854,552172.3582,380159.1127,0.1294952801
0.0004400129332,2.871633982,0,428.6700815,-8.241519255,428.6700815,6.098168847,378915.0813,1028486.705,519246.5978,550586.4585,379068.8383,0.1275660099
0.0004405330431,2.828851286,0,427.4379334,-8.222544174,427.4379334,6.085354507,377828.1966,1025530.198,517755.9212,549004.9206,377981.5617,0.1256654829
0.0004410531529,2.786705954,0,426.2091745,-8.203621288,426.2091745,6.072575415,376744.3005,1022581.824,516269.3441,547427.7325,376897.275,0.1237932694
0.0004415732628,2.745188543,0,424.9837957,-8.184750454,424.9837957,6.059831475,375663.385,1019641.56,514786.8555,545854.8825,375815.9698,0.12194895
0.0004420933726,2.704289678,0,423.7617877,-8.16593153,423.7617877,6.047122592,374585.4419,1016709.384,513308.4441,544286.3586,374737.6381,0.1201321081
0.0004426134825,2.664000114,0,422.5431412,-8.147164374,422.5431412,6.034448668,373510.4631,1013785.274,511834.0988,542722.1491,373662.2717,0.118342333
0.0004431335923,2.624310823,0,421.3278471,-8.128448845,421.3278471,6.02180961,372438.4404,1010869.209,510363.8086,541162.2421,372589.8625,0.1165792237
0.0004436537022,2.585212838,0,420.1158962,-8.109784802,420.1158962,6.009205321,371369.3659,1007961.165,508897.5623,539606.626,371520.4025,0.1148423819
0.000444173812,2.546697329,0,418.9072794,-8.091172103,418.9072794,5.996635706,370303.2315,1005061.122,507435.3489,538055.2889,370453.8837,0.1131314153
0.0004446939219,2.50875566,0,417.7019876,-8.072610609,417.7019876,5.984100671,369240.0292,1002169.057,505977.1574,536508.2192,369390.2979,0.1114459403
0.0004452140317,2.471379259,0,416.5000117,-8.05410018,416.5000117,5.971600121,368179.7508,999284.9482,504522.9768,534965.4052,368329.6372,0.1097855761
0.0004457341416,2.434559688,0,415.3013425,-8.035640675,415.3013425,5.959133962,367122.3885,996408.7743,503072.7961,533426.8353,367271.8935,0.1081499478
0.0004462542514,2.398288689,0,414.1059712,-8.017231956,414.1059712,5.9467021,366067.9343,993540.5135,501626.6044,531892.4979,366217.059,0.1065386886
0.0004467743613,2.362558065,0,412.9138886,-7.998873884,412.9138886,5.934304441,365016.3803,990680.144,500184.3908,530362.3814,365165.1257,0.1049514344
0.0004472944711,2.327359755,0,411.7250857,-7.98056632,411.7250857,5.921940891,363967.7185,987827.6443,498746.1445,528836.4743,364116.0856,0.1033878271
0.000447814581,2.292685864,0,410.5395537,-7.962309127,410.5395537,5.909611358,362921.941,984982.993,497311.8545,527314.765,363069.9308,0.1018475159
0.0004483346908,2.258528548,0,409.3572835,-7.944102166,409.3572835,5.897315748,361879.0399,982146.1684,495881.5101,525797.2422,362026.6535,0.1003301524
0.0004488548007,2.224880112,0,408.1782662,-7.9259453,408.1782662,5.885053969,360839.0074,979317.1493,494455.1005,524283.8943,360986.2458,0.09883539485
0.0004493749105,2.191733004,0,407.002493,-7.907838392,407.002493,5.872825927,359801.8357,976495.9143,493032.615,522774.71,359948.6999,0.0973629076
0.0004498950204,2.159079719,0,405.8299549,-7.889781306,405.8299549,5.860631531,358767.5169,973682.442,491614.0427,521269.6778,358914.0079,0.09591235743
0.0004504151302,2.126912912,0,404.6606432,-7.871773905,404.6606432,5.848470689,357736.0432,970876.7113,490199.3731,519768.7865,357882.162,0.09448341792
0.0004509352401,2.095225357,0,403.4945489,-7.853816053,403.4945489,5.836343309,356707.4069,968078.701,488788.5954,518272.0246,356853.1546,0.09307576814
0.0004514553499,2.064009879,0,402.3316634,-7.835907616,402.3316634,5.824249299,355681.6002,965288.39,487381.699,516779.3809,355826.9777,0.0916890893
0.0004519754598,2.03325946,0,401.1719777,-7.818048456,401.1719777,5.812188568,354658.6154,962505.7571,485978.6734,515290.8441,354803.6237,0.09032306974
0.0004524955696,2.002967191,0,400.0154832,-7.800238441,400.0154832,5.800161025,353638.4448,959730.7815,484579.5078,513806.4031,353783.0848,0.08897740245
0.0004530156795,1.973126208,0,398.8621711,-7.782477435,398.8621711,5.78816658,352621.0806,956963.442,483184.1918,512326.0465,352765.3534,0.08765178255
0.0004535357893,1.943729811,0,397.7120328,-7.764765305,397.7120328,5.776205141,351606.5152,954203.718,481792.7148,510849.7633,351750.4218,0.08634591241
0.0004540558992,1.914771388,0,396.5650595,-7.747101916,396.5650595,5.764276619,350594.7409,951451.5884,480405.0663,509377.5422,350738.2824,0.08505949833
0.000454576009,1.886244379,0,395.4212425,-7.729487135,395.4212425,5.752380922,349585.7502,948707.0326,479021.2359,507909.3722,349728.9274,0.08379224882
0.0004550961189,1.858142382,0,394.2805733,-7.71192083,394.2805733,5.740517963,348579.5354,945970.0298,477641.2132,506445.2422,348722.3493,0.08254387956
0.0004556162287,1.830459074,0,393.1430433,-7.694402867,393.1430433,5.72868765,347576.0888,943240.5594,476264.9876,504985.1411,347718.5406,0.08131410961
0.0004561363386,1.803188181,0,392.0086438,-7.676933114,392.0086438,5.716889895,346575.4031,940518.6006,474892.5488,503529.058,346717.4935,0.0801026603
0.0004566564484,1.776323589,0,390.8773662,-7.659511439,390.8773662,5.705124608,345577.4705,937804.1331,473523.8865,502076.9817,345719.2006,0.07890926001
0.0004571765583,1.749859248,0,389.7492021,-7.642137712,389.7492021,5.693391702,344582.2836,935097.1362,472158.9904,500628.9015,344723.6544,0.07773363998
0.0004576966681,1.723789161,0,388.6241428,-7.6248118,388.6241428,5.681691086,343589.8349,932397.5895,470797.8501,499184.8062,343730.8473,0.07657553386
0.000458216778,1.698107488,0,387.50218,-7.607533572,387.50218,5.670022672,342600.1169,929705.4726,469440.4553,497744.6851,342740.7719,0.07543468212
0.0004587368878,1.672808439,0,386.3833051,-7.590302899,386.3833051,5.658386373,341613.122,927020.7653,468086.7958,496308.5272,341753.4206,0.07431082764
0.0004592569977,1.647886285,0,385.2675097,-7.57311965,385.2675097,5.646782101,340628.8429,924343.4471,466736.8614,494876.3217,340768.7861,0.07320371589
0.0004597771075,1.623335443,0,384.1547853,-7.555983694,384.1547853,5.635209768,339647.2722,921673.4979,465390.6419,493448.0578,339786.8608,0.07211309883
0.0004602972174,1.599150375,0,383.0451236,-7.538894904,383.0451236,5.623669286,338668.4023,919010.8975,464048.1272,492023.7247,338807.6374,0.07103873053
0.0004608173272,1.575325608,0,381.9385161,-7.521853149,381.9385161,5.612160568,337692.226,916355.6258,462709.307,490603.3116,337831.1086,0.06998036776
0.0004613374371,1.551855803,0,380.8349546,-7.5048583,380.8349546,5.600683528,336718.7359,913707.6627,461374.1713,489186.8078,336857.2668,0.06893777342
0.0004618575469,1.528735666,0,379.7344305,-7.48791023,379.7344305,5.589238078,335747.9246,911066.9883,460042.71,487774.2026,335886.1048,0.06791071228
0.0004623776568,1.505959965,0,378.6369358,-7.471008811,378.6369358,5.577824132,334779.7848,908433.5824,458714.9131,486365.4854,334917.6152,0.06689895194
0.0004628977666,1.483523597,0,377.5424619,-7.454153913,377.5424619,5.566441604,333814.3091,905807.4253,457390.7704,484960.6455,333951.7908,0.06590226575
0.0004634178765,1.461421498,0,376.4510007,-7.437345411,376.4510007,5.555090408,332851.4904,903188.4971,456070.2721,483559.6722,332988.6242,0.06492042873
0.0004639379863,1.439648669,0,375.362544,-7.420583177,375.362544,5.543770457,331891.3213,900576.778,454753.4081,482162.555,332028.1082,0.0639532188
0.0004644580962,1.418200233,0,374.2770834,-7.403867085,374.2770834,5.532481668,330933.7945,897972.2483,453440.1685,480769.2834,331070.2355,0.0630004193
0.000464978206,1.397071345,0,373.1946108,-7.387197007,373.1946108,5.521223953,329978.9029,895374.8882,452130.5434,479379.8467,330114.9988,0.06206181505
0.0004654983159,1.376257231,0,372.1151181,-7.370572818,372.1151181,5.509997228,329026.6392,892784.6782,450824.5228,477994.2346,329162.391,0.06113719389
0.0004660184257,1.355753225,0,371.0385969,-7.353994393,371.0385969,5.498801408,328076.9962,890201.5986,449522.0969,476612.4364,328212.4049,0.06022634862
0.0004665385356,1.335554696,0,369.9650393,-7.337461605,369.9650393,5.487636409,327129.9668,887625.6299,448223.2559,475234.4419,327265.0333,0.0593290735
0.0004670586454,1.315657081,0,368.8944371,-7.320974331,368.8944371,5.476502145,326185.5438,885056.7526,446927.99,473860.2405,326320.269,0.0584451658
0.0004675787553,1.296055919,0,367.8267821,-7.304532444,367.8267821,5.465398534,325243.7201,882494.9473,445636.2893,472489.822,325378.1049,0.05757442742
0.0004680988651,1.276746783,0,366.7620664,-7.288135822,366.7620664,5.45432549,324304.4886,879940.1947,444348.1441,471123.1758,324438.5339,0.05671666159
0.000468618975,1.257725312,0,365.7002818,-7.271784339,365.7002818,5.44328293,323367.8421,877392.4754,443063.5446,469760.2917,323501.5489,0.05587167465
0.0004691390848,1.23898724,0,364.6414203,-7.255477873,364.6414203,5.432270771,322433.7736,874851.7701,441782.4812,468401.1594,322567.1428,0.05503927712
0.0004696591947,1.220528334,0,363.585474,-7.239216299,363.585474,5.42128893,321502.276,872318.0597,440504.9442,467045.7687,321635.3085,0.0542192809
0.0004701793045,1.202344427,0,362.5324348,-7.222999496,362.5324348,5.410337322,320573.3424,869791.3249,439230.9238,465694.1091,320706.0391,0.05341150094
0.0004706994144,1.184431442,0,361.4822948,-7.20682734,361.4822948,5.399415866,319646.9656,867271.5466,437960.4106,464346.1706,319779.3274,0.05261575604
0.0004712195242,1.166785328,0,360.435046,-7.190699708,360.435046,5.388524478,318723.1386,864758.7059,436693.3948,463001.943,318855.1665,0.05183186632
0.0004717396341,1.149402106,0,359.3906805,-7.17461648,359.3906805,5.377663077,317801.8546,862252.7836,435429.8669,461661.416,317933.5494,0.05105965502
0.0004722597439,1.132277877,0,358.3491904,-7.158577533,358.3491904,5.36683158,316883.1065,859753.7608,434169.8174,460324.5796,317014.4691,0.05029894887
0.0004727798538,1.115408765,0,357.3105679,-7.142582745,357.3105679,5.356029906,315966.8874,857261.6187,432913.2367,458991.4236,316097.9187,0.04954957575
0.0004732999636,1.098790972,0,356.274805,-7.126631997,356.274805,5.345257972,315053.1903,854776.3382,431660.1152,457661.938,315183.8913,0.04881136693
0.0004738200735,1.082420767,0,355.2418939,-7.110725166,355.2418939,5.334515697,314142.0084,852297.9008,430410.4436,456336.1126,314272.3799,0.04808415667
0.0004743401833,1.066294444,0,354.2118269,-7.094862134,354.2118269,5.323802999,313233.3347,849826.2875,429164.2124,455013.9375,313363.3776,0.04736778031
0.0004748602932,1.050408376,0,353.184596,-7.079042779,353.184596,5.313119799,312327.1624,847361.4797,427921.4121,453695.4026,312456.8777,0.04666207676
0.000475380403,1.034758994,0,352.1601936,-7.063266982,352.1601936,5.302466014,311423.4847,844903.4587,426682.0334,452380.4981,311552.8732,0.04596688747
0.0004759005129,1.019342753,0,351.1386119,-7.047534624,351.1386119,5.291841564,310522.2947,842452.2059,425446.0669,451069.2138,310651.3572,0.04528205494
0.0004764206227,1.004156191,0,350.1198432,-7.031845585,350.1198432,5.281246369,309623.5855,840007.7028,424213.5032,449761.54,309752.3231,0.04460742537
0.0004769407326,0.9891958915,0,349.1038797,-7.016199747,349.1038797,5.270680349,308727.3505,837569.9309,422984.333,448457.4667,308855.7639,0.04394284707
0.0004774608424,0.9744584664,0,348.0907137,-7.000596992,348.0907137,5.260143423,307833.5828,835138.8717,421758.547,447156.984,307961.6729,0.04328816944
0.0004779809523,0.9599406079,0,347.0803377,-6.9850372,347.0803377,5.249635512,306942.2756,832714.5068,420536.1359,445860.0821,307070.0434,0.04264324558
0.0004785010621,0.9456390495,0,346.0727439,-6.969520256,346.0727439,5.239156536,306053.4223,830296.8179,419317.0906,444566.7513,306180.8685,0.04200793037
0.000479021172,0.9315505504,0,345.0679247,-6.95404604,345.0679247,5.228706417,305167.0161,827885.7866,418101.4016,443276.9816,305294.1417,0.04138207985
0.0004795412818,0.9176719513,0,344.0658725,-6.938614436,344.0658725,5.218285074,304283.0502,825481.3947,416889.06,441990.7634,304409.856,0.04076555368
0.0004800613917,0.9040001272,0,343.0665797,-6.923225327,343.0665797,5.207892429,303401.5181,823083.624,415680.0564,440708.0868,303528.005,0.04015821303
0.0004805815015,0.8905319805,0,342.0700388,-6.907878597,342.0700388,5.197528403,302522.413,820692.4564,414474.3817,439428.9423,302648.5819,0.0395599203
0.0004811016114,0.8772644924,0,341.0762421,-6.892574129,341.0762421,5.187192918,301645.7282,818307.8736,413272.0269,438153.3201,301771.58,0.03897054138
0.0004816217212,0.8641946738,0,340.0851823,-6.877311807,340.0851823,5.176885896,300771.4573,815929.8578,412072.9828,436881.2105,300896.9927,0.0383899435
0.0004821418311,0.8513195639,0,339.0968517,-6.862091516,339.0968517,5.166607258,299899.5934,813558.3908,410877.2403,435612.6039,300024.8134,0.03781799512
0.0004826619409,0.8386362781,0,338.1112429,-6.846913141,338.1112429,5.156356926,299030.1301,811193.4547,409684.7904,434347.4908,299155.0355,0.03725456811
0.0004831820508,0.8261419568,0,337.1283484,-6.831776566,337.1283484,5.146134824,298163.0608,808835.0317,408495.6241,433085.8615,298287.6524,0.03669953543
0.0004837021606,0.813833771,0,336.1481609,-6.816681677,336.1481609,5.135940873,297298.3788,806483.1037,407309.7323,431827.7065,297422.6576,0.0361527714
0.0004842222705,0.8017089634,0,335.1706727,-6.80162836,335.1706727,5.125774996,296436.0778,804137.6531,406127.1061,430573.0163,296560.0445,0.03561415355
0.0004847423803,0.7897647989,0,334.1958767,-6.786616501,334.1958767,5.115637117,295576.151,801798.662,404947.7365,429321.7813,295699.8066,0.03508356037
0.0004852624902,0.7779985742,0,333.2237653,-6.771645985,333.2237653,5.105527159,294718.5921,799466.1127,403771.6146,428073.9921,294841.9373,0.03456087177
0.0004857826,0.7664076535,0,332.2543312,-6.7567167,332.2543312,5.095445044,293863.3945,797139.9877,402598.7315,426829.6392,293986.4302,0.03404597067
0.0004863027099,0.7549894209,0,331.287567,-6.741828532,331.287567,5.085390697,293010.5517,794820.2691,401429.0784,425588.7133,293133.2788,0.03353874085
0.0004868228197,0.7437412934,0,330.3234655,-6.726981369,330.3234655,5.075364041,292160.0574,792506.9395,400262.6462,424351.2048,292282.4766,0.03303906758
0.0004873429296,0.7326607512,0,329.3620193,-6.712175098,329.3620193,5.065365001,291311.905,790199.9814,399099.4263,423117.1045,291434.0173,0.03254683892
0.0004878630394,0.7217452923,0,328.4032212,-6.697409607,328.4032212,5.055393501,290466.0882,787899.3772,397939.4098,421886.403,290587.8943,0.03206194372
0.0004883831493,0.7109924489,0,327.4470639,-6.682684783,327.4470639,5.045449464,289622.6005,785605.1095,396782.5879,420659.0909,289744.1013,0.03158427235
0.0004889032591,0.7003998118,0,326.4935401,-6.668000517,326.4935401,5.035532817,288781.4355,783317.161,395628.9519,419435.1591,288902.6319,0.0311137178
0.000489423369,0.6899649883,0,325.5426426,-6.653356695,325.5426426,5.025643483,287942.587,781035.5143,394478.4931,418214.5981,288063.4797,0.03065017376
0.0004899434788,0.6796856205,0,324.5943642,-6.638753208,324.5943642,5.015781387,287106.0485,778760.152,393331.2026,416997.3987,287226.6383,0.03019353551
0.0004904635887,0.6695594047,0,323.6486977,-6.624189945,323.6486977,5.005946456,286271.8136,776491.0571,392187.0718,415783.5518,286392.1015,0.02974370069
0.0004909836985,0.6595840528,0,322.705636,-6.609666794,322.705636,4.996138614,285439.8762,774228.2122,391046.0921,414573.0482,285559.8629,0.02930056767
0.0004915038084,0.6497573123,0,321.7651719,-6.595183647,321.7651719,4.986357788,284610.2298,771971.6003,389908.2549,413365.8786,284729.9162,0.02886403639
0.0004920239182,0.64007698,0,320.8272983,-6.580740393,320.8272983,4.976603902,283782.8683,769721.2041,388773.5514,412162.0339,283902.2551,0.02843400896
0.0004925440281,0.6305408682,0,319.892008,-6.566336923,319.892008,4.966876883,282957.7852,767477.0068,387641.9731,410961.505,283076.8733,0.02801038821
0.0004930641379,0.6211468247,0,318.959294,-6.551973128,318.959294,4.957176658,282134.9745,765238.9911,386513.5114,409764.2827,282253.7646,0.02759307854
0.0004935842478,0.6118927423,0,318.0291492,-6.537648898,318.0291492,4.947503152,281314.4298,763007.1403,385388.1578,408570.3581,281432.9228,0.02718198633
0.0004941043576,0.6027765298,0,317.1015666,-6.523364126,317.1015666,4.937856293,280496.1449,760781.4373,384265.9037,407379.7221,280614.3417,0.02677701868
0.0004946244675,0.5937961305,0,316.1765391,-6.509118703,316.1765391,4.928236007,279680.1137,758561.8653,383146.7407,406192.3656,279798.015,0.02637808424
0.0004951445773,0.5849495299,0,315.2540598,-6.49491252,315.2540598,4.918642222,278866.3299,756348.4075,382030.6603,405008.2797,278983.9365,0.0259850935
0.0004956646872,0.5762347267,0,314.3341215,-6.480745471,314.3341215,4.909074864,278054.7874,754141.047,380917.6539,403827.4554,278172.1001,0.02559795758
0.000496184797,0.5676497579,0,313.4167174,-6.466617448,313.4167174,4.899533861,277245.4801,751939.7672,379807.7132,402649.8836,277362.4997,0.02521658926
0.0004967049069,0.5591926964,0,312.5018405,-6.452528343,312.5018405,4.890019141,276438.4018,749744.5514,378700.8298,401475.5556,276555.1291,0.02484090295
0.0004972250167,0.5508616275,0,311.5894838,-6.438478051,311.5894838,4.880530632,275633.5463,747555.3828,377596.9952,400304.4623,275749.9822,0.02447081358
0.0004977451266,0.5426546774,0,310.6796405,-6.424466463,310.6796405,4.871068261,274830.9077,745372.245,376495.3131,399136.595,274947.0528,0.02410623791
0.0004982652364,0.5345700024,0,309.7723036,-6.410493475,309.7723036,4.861631957,274030.4798,743195.1213,375396.5804,397971.9447,274146.335,0.02374709404
0.0004987853463,0.5266057713,0,308.8674662,-6.39655898,308.8674662,4.852221649,273232.2565,741023.9952,374300.8743,396810.5027,273347.8226,0.02339330063
0.0004993054561,0.5187601947,0,307.9651216,-6.382662873,307.9651216,4.842837265,272436.2318,738858.8504,373208.1866,395652.2601,272551.5096,0.02304477818
0.000499825566,0.5110315089,0,307.0652628,-6.368805047,307.0652628,4.833478733,271642.3997,736699.6703,372118.509,394497.2081,271757.3899,0.02270144835
0.0005003456758,0.5034179629,0,306.167883,-6.354985399,306.167883,4.824145983,270850.7541,734546.4385,371031.8332,393345.338,270965.4576,0.02236323335
0.0005008657857,0.4959178476,0,305.2729755,-6.341203822,305.2729755,4.814838945,270061.2891,732399.1388,369948.151,392196.6411,270175.7066,0.02203005726
0.0005013858955,0.4885294758,0,304.3805333,-6.327460213,304.3805333,4.805557547,269273.9987,730257.7549,368867.4542,391051.1086,269388.131,0.02170184513
0.0005019060054,0.4812511734,0,303.4905499,-6.313754468,303.4905499,4.796301719,268488.8768,728122.2705,367789.7346,389908.7319,268602.7247,0.02137852259
0.0005024261152,0.4740813079,0,302.6030183,-6.300086482,302.6030183,4.78707139,267705.9176,725992.6694,366714.9839,388769.5022,267819.4819,0.02106001712
0.0005029462251,0.4670182651,0,301.7179319,-6.286456152,301.7179319,4.777866492,266925.1152,723868.9355,365643.1941,387633.411,267038.3965,0.02074625701
0.0005034663349,0.4600604448,0,300.835284,-6.272863374,300.835284,4.768686954,266146.4635,721751.0526,364574.357,386500.4497,266259.4628,0.02043717118
0.0005039864448,0.4532062872,0,299.9550679,-6.259308045,299.9550679,4.759532706,265369.9567,719639.0047,363508.4645,385370.6095,265482.6746,0.02013269034
0.0005045065546,0.4464542483,0,299.0772768,-6.245790063,299.0772768,4.750403679,264595.5889,717532.7758,362445.5085,384243.8821,264708.0263,0.01983274589
0.0005050266645,0.4398027986,0,298.2019042,-6.232309325,298.2019042,4.741299804,263823.3542,715432.3498,361385.481,383120.2588,263935.5118,0.0195372699
0.0005055467743,0.4332504475,0,297.3289434,-6.218865728,297.3289434,4.732221011,263053.2468,713337.7109,360328.3739,381999.731,263165.1254,0.01924619614
0.0005060668842,0.4267957181,0,296.4583877,-6.20545917,296.4583877,4.723167232,262285.2609,711248.8431,359274.1792,380882.2904,262396.8612,0.01895945902
0.000506586994,0.4204371487,0,295.5902306,-6.192089551,295.5902306,4.714138398,261519.3906,709165.7307,358222.8889,379767.9284,261630.7133,0.01867699359
0.0005071071039,0.4141733147,0,294.7244654,-6.178756768,294.7244654,4.70513444,260755.6301,707088.3577,357174.495,378656.6365,260866.6761,0.01839873657
0.0005076272137,0.4080028035,0,293.8610857,-6.16546072,293.8610857,4.696155291,259993.9736,705016.7085,356128.9896,377548.4064,260104.7436,0.01812462521
0.0005081473236,0.4019242182,0,293.0000848,-6.152201306,293.0000848,4.687200882,259234.4153,702950.7673,355086.3648,376443.2297,259344.91,0.01785459746
0.0005086674334,0.3959361973,0,292.1414562,-6.138978426,292.1414562,4.678271145,258476.9495,700890.5184,354046.6125,375341.0979,258587.1698,0.01758859283
0.0005091875433,0.3900373893,0,291.2851935,-6.125791979,291.2851935,4.669366012,257721.5705,698835.9462,353009.725,374242.0026,257831.517,0.01732655129
0.0005097076531,0.3842264598,0,290.43129,-6.112641866,290.43129,4.660485416,256968.2724,696787.0351,351975.6944,373145.9356,257077.9459,0.01706841355
0.000510227763,0.378502107,0,289.5797393,-6.099527986,289.5797393,4.651629289,256217.0497,694743.7695,350944.5128,372052.8886,256326.4509,0.0168141218
0.0005107478728,0.3728630386,0,288.7305351,-6.08645024,288.7305351,4.642797565,255467.8966,692706.134,349916.1725,370962.8531,255577.0263,0.01656361861
0.0005112679827,0.3673079793,0,287.8836707,-6.073408529,287.8836707,4.633990175,254720.8073,690674.1131,348890.6655,369875.821,254829.6662,0.01631684735
0.0005117880925,0.3618356847,0,287.0391398,-6.060402753,287.0391398,4.625207054,253975.7763,688647.6913,347867.9841,368791.7841,254084.3652,0.01607375272
0.0005123082024,0.3564449187,0,286.196936,-6.047432814,286.196936,4.616448134,253232.7979,686626.8533,346848.1206,367710.734,253341.1175,0.01583427983
0.0005128283122,0.3511344631,0,285.3570529,-6.034498614,285.3570529,4.60771335,252491.8665,684611.5837,345831.0671,366632.6626,252599.9175,0.01559837454
0.0005133484221,0.3459031278,0,284.519484,-6.021600054,284.519484,4.599002634,251752.9764,682601.8673,344816.8161,365557.5617,251860.7596,0.015365984
0.0005138685319,0.3407497309,0,283.6842231,-6.008737036,283.6842231,4.590315921,251016.122,680597.6887,343805.3598,364485.4231,251123.6381,0.01513705571
0.0005143886418,0.3356731085,0,282.8512639,-5.995909464,282.8512639,4.581653144,250281.2978,678599.0328,342796.6905,363416.2387,250388.5475,0.01491153794
0.0005149087516,0.3306721224,0,282.0205999,-5.983117238,282.0205999,4.573014239,249548.4981,676605.8844,341790.8005,362350.0005,249655.4822,0.01468938016
0.0005154288615,0.3257456427,0,281.1922249,-5.970360263,281.1922249,4.564399139,248817.7174,674618.2283,340787.6823,361286.7002,248924.4366,0.01447053216
0.0005159489713,0.3208925571,0,280.3661325,-5.957638441,280.3661325,4.555807778,248088.9502,672636.0495,339787.3282,360226.3298,248195.4052,0.01425494453
0.0005164690812,0.3161117774,0,279.5423166,-5.944951676,279.5423166,4.547240093,247362.191,670659.3329,338789.7306,359168.8813,247468.3824,0.01404256893
0.000516989191,0.311402223,0,278.7207709,-5.932299871,278.7207709,4.538696017,246637.4341,668688.0635,337794.8819,358114.3466,246743.3628,0.01383335736
0.0005175093009,0.3067628315,0,277.901489,-5.919682931,277.901489,4.530175486,245914.6742,666722.2263,336802.7746,357062.7178,246020.3408,0.01362726261
0.0005180294107,0.3021925621,0,277.0844649,-5.90710076,277.0844649,4.521678435,245193.9057,664761.8064,335813.4012,356013.9868,245299.311,0.01342423847
0.0005185495206,0.2976903811,0,276.2696923,-5.894553261,276.2696923,4.5132048,244475.1231,662806.789,334826.7541,354968.1457,244580.2678,0.013224239
0.0005190696304,0.2932552741,0,275.4571649,-5.88204034,275.4571649,4.504754515,243758.3211,660857.1591,333842.8259,353925.1866,243863.2059,0.01302721915
0.0005195897403,0.2888862457,0,274.6468768,-5.869561902,274.6468768,4.496327518,243043.4941,658912.902,332861.6091,352885.1015,243148.1197,0.01283313469
0.0005201098501,0.2845823069,0,273.8388216,-5.857117852,273.8388216,4.487923744,242330.6367,656974.0029,331883.0962,351847.8825,242435.0039,0.0126419417
0.00052062996,0.2803424893,0,273.0329932,-5.844708095,273.0329932,4.479543129,241619.7436,655040.447,330907.2798,350813.5218,241723.853,0.01245359715
0.0005211500698,0.2761658406,0,272.2293856,-5.832332538,272.2293856,4.47118561,240910.8093,653112.2198,329934.1525,349782.0115,241014.6616,0.01226805874
0.0005216701797,0.272051415,0,271.4279926,-5.819991086,271.4279926,4.462851123,240203.8285,651189.3065,328963.7069,348753.3437,240307.4244,0.01208528445
0.0005221902895,0.2679982876,0,270.6288081,-5.807683645,270.6288081,4.454539604,239498.7957,649271.6925,327995.9356,347727.5108,239602.136,0.0119052332
0.0005227103994,0.2640055477,0,269.8318261,-5.795410122,269.8318261,4.446250992,238795.7057,647359.3633,327030.8313,346704.5047,238898.791,0.01172786453
0.0005232305092,0.2600722905,0,269.0370405,-5.783170424,269.0370405,4.437985222,238094.5531,645452.3043,326068.3866,345684.3179,238197.3841,0.01155313825
0.0005237506191,0.256197633,0,268.2444453,-5.770964458,268.2444453,4.429742231,237395.3326,643550.5012,325108.5943,344666.9426,237497.91,0.01138101513
0.0005242707289,0.2523807037,0,267.4540345,-5.758792131,267.4540345,4.421521959,236698.0388,641653.9393,324151.4471,343652.3709,236800.3633,0.01121145646
0.0005247908388,0.2486206377,0,266.665802,-5.74665335,266.665802,4.413324341,236002.6665,639762.6043,323196.9376,342640.5953,236104.7388,0.01104442381
0.0005253109486,0.2449165915,0,265.8797418,-5.734548024,265.8797418,4.405149315,235309.2103,637876.4819,322245.0587,341631.608,235411.0312,0.01087987973
0.0005258310585,0.2412677315,0,265.0958481,-5.722476061,265.0958481,4.39699682,234617.6651,635995.5576,321295.8031,340625.4014,234719.2352,0.01071778716
0.0005263511683,0.2376732307,0,264.3141148,-5.710437368,264.3141148,4.388866794,233928.0256,634119.8173,320349.1636,339621.9678,234029.3455,0.01055810939
0.0005268712782,0.2341322834,0,263.534536,-5.698431854,263.534536,4.380759174,233240.2865,632249.2467,319405.1329,338621.2996,233341.357,0.01040081061
0.000527391388,0.230644092,0,262.7571058,-5.686459429,262.7571058,4.3726739,232554.4426,630383.8315,318463.704,337623.3892,232655.2643,0.01024585539
0.0005279114979,0.2272078663,0,261.9818182,-5.67452,261.9818182,4.364610909,231870.4888,628523.5576,317524.8697,336628.2291,231971.0624,0.01009320864
0.0005284316077,0.2238228361,0,261.2086674,-5.662613478,261.2086674,4.356570141,231188.4197,626668.4108,316588.6228,335635.8116,231288.7459,0.009942836137
0.0005289517176,0.2204882387,0,260.4376475,-5.650739772,260.4376475,4.348551534,230508.2303,624818.3771,315654.9563,334646.1292,230608.3097,0.009794703997
0.0005294718274,0.2172033188,0,259.6687527,-5.638898791,259.6687527,4.340555028,229829.9153,622973.4424,314723.863,333659.1744,229929.7487,0.00964877867
0.0005299919373,0.2139673403,0,258.901977,-5.627090446,258.901977,4.332580561,229153.4697,621133.5927,313795.3359,332674.9397,229253.0577,0.009505027461
0.0005305120471,0.2107795737,0,258.1373148,-5.615314648,258.1373148,4.324628074,228478.8882,619298.8139,312869.3678,331693.4177,228578.2315,0.009363417957
0.000531032157,0.2076392973,0,257.3747601,-5.603571305,257.3747601,4.316697505,227806.1658,617469.0922,311945.9519,330714.6008,227905.2651,0.009223918096
0.0005315522668,0.2045458074,0,256.6143072,-5.59186033,256.6143072,4.308788794,227135.2973,615644.4137,311025.081,329738.4817,227234.1532,0.009086496629
0.0005320723767,0.2014984063,0,255.8559502,-5.580181633,255.8559502,4.300901882,226466.2777,613824.7644,310106.7482,328765.0529,226564.8909,0.008951122551
0.0005325924865,0.1984964043,0,255.0996835,-5.568535126,255.0996835,4.293036709,225799.1019,612010.1306,309190.9464,327794.307,225897.473,0.008817765227
0.0005331125964,0.1955391289,0,254.3455013,-5.55692072,254.3455013,4.285193213,225133.7647,610200.4985,308277.6688,326826.2366,225231.8945,0.008686394786
0.0005336327062,0.1926259125,0,253.5933978,-5.545338326,253.5933978,4.277371337,224470.2612,608395.8542,307366.9084,325860.8345,224568.1502,0.008556981572
0.0005341528161,0.1897560964,0,252.8433674,-5.533787857,252.8433674,4.26957102,223808.5863,606596.1841,306458.6582,324898.0932,223906.2353,0.008429496316
0.0005346729259,0.1869290375,0,252.0954042,-5.522269225,252.0954042,4.261792204,223148.735,604801.4746,305552.9114,323938.0054,223246.1445,0.008303910458
0.0005351930358,0.1841440975,0,251.3495028,-5.510782343,251.3495028,4.254034829,222490.7023,603011.7119,304649.6611,322980.5638,222587.873,0.008180195636
0.0005357131456,0.1814006468,0,250.6056573,-5.499327122,250.6056573,4.246298836,221834.4831,601226.8825,303748.9003,322025.7613,221931.4157,0.008058323886
0.0005362332555,0.1786980707,0,249.8638621,-5.487903476,249.8638621,4.238584166,221180.0725,599446.9728,302850.6224,321073.5904,221276.7677,0.007938267899
0.0005367533653,0.1760357586,0,249.1241116,-5.476511319,249.1241116,4.230890761,220527.4655,597671.9692,301954.8204,320124.044,220623.9239,0.007820000554
0.0005372734752,0.1734131092,0,248.3864002,-5.465150563,248.3864002,4.223218562,219876.6571,595901.8583,301061.4875,319177.1148,219972.8794,0.007703495134
0.000537793585,0.1708295345,0,247.6507222,-5.453821122,247.6507222,4.215567511,219227.6425,594136.6267,300170.617,318232.7958,219323.6292,0.007588725523
0.0005383136949,0.1682844508,0,246.9170721,-5.44252291,246.9170721,4.20793755,218580.4166,592376.2608,299282.202,317291.0795,218676.1685,0.007475665789
0.0005388338047,0.1657772834,0,246.1854443,-5.431255842,246.1854443,4.20032862,217934.9746,590620.7474,298396.2358,316351.959,218030.4923,0.007364290406
0.0005393539146,0.1633074702,0,245.4558332,-5.420019831,245.4558332,4.192740665,217291.3115,588870.073,297512.7118,315415.4271,217386.5956,0.007254574398
0.0005398740244,0.160874453,0,244.7282332,-5.408814792,244.7282332,4.185173626,216649.4225,587124.2244,296631.6231,314481.4767,216744.4737,0.00714649297
0.0005403941343,0.1584776828,0,244.0026389,-5.39764064,244.0026389,4.177627445,216009.3027,585383.1883,295752.963,313550.1006,216104.1216,0.007040021736
0.0005409142441,0.1561166218,0,243.2790448,-5.38649729,243.2790448,4.170102066,215370.9472,583646.9514,294876.725,312621.2918,215465.5344,0.006935136808
0.000541434354,0.1537907365,0,242.5574452,-5.375384657,242.5574452,4.16259743,214734.3512,581915.5006,294002.9023,311695.0432,214828.7073,0.006831814479
0.0005419544638,0.1514995023,0,241.8378348,-5.364302656,241.8378348,4.155113482,214099.5098,580188.8226,293131.4882,310771.3478,214193.6355,0.00673003145
0.0005424745737,0.1492424051,0,241.1202081,-5.353251205,241.1202081,4.147650164,213466.4182,578466.9044,292262.4763,309850.1986,213560.3142,0.006629764884
0.0005429946835,0.1470189343,0,240.4045596,-5.342230217,240.4045596,4.14020742,212835.0716,576749.7329,291395.8597,308931.5885,212928.7384,0.006530992091
0.0005435147934,0.1448285891,0,239.6908838,-5.331239611,239.6908838,4.132785192,212205.4651,575037.295,290531.6321,308015.5106,212298.9035,0.006433690836
0.0005440349032,0.1426708779,0,238.9791754,-5.320279301,238.9791754,4.125383424,211577.5941,573329.5777,289669.7867,307101.9579,211670.8046,0.00633783927
0.0005445550131,0.1405453119,0,238.2694289,-5.309349205,238.2694289,4.118002061,210951.4538,571626.5679,288810.3171,306190.9234,211044.437,0.006243415689
0.0005450751229,0.1384514134,0,237.561639,-5.29844924,237.561639,4.110641045,210327.0393,569928.2528,287953.2167,305282.4003,210419.7958,0.006150398862
0.0005455952328,0.1363887118,0,236.8558002,-5.287579322,236.8558002,4.103300322,209704.3459,568234.6195,287098.4789,304376.3816,209796.8764,0.006058767891
0.0005461153426,0.1343567399,0,236.1519071,-5.27673937,236.1519071,4.095979834,209083.369,566545.655,286246.0974,303472.8605,209175.6741,0.005968502016
0.0005466354525,0.1323550412,0,235.4499545,-5.2659293,235.4499545,4.088679527,208464.1037,564861.3465,285396.0656,302571.83,208556.184,0.005879580964
0.0005471555623,0.1303831657,0,234.749937,-5.25514903,234.749937,4.081399345,207846.5454,563181.6812,284548.377,301673.2833,207938.4015,0.005791984741
0.0005476756722,0.1284406666,0,234.0518493,-5.244398479,234.0518493,4.074139233,207230.6893,561506.6463,283703.0252,300777.2136,207322.3219,0.0057056935
0.000548195782,0.1265271079,0,233.355686,-5.233677565,233.355686,4.066899135,206616.5309,559836.2291,282860.0037,299883.6141,206707.9405,0.005620687875
0.0005487158919,0.1246420592,0,232.6614419,-5.222986206,232.6614419,4.059678996,206004.0653,558170.4169,282019.3063,298992.478,206095.2527,0.00553694874
0.0005492360017,0.1227850932,0,231.9691117,-5.21232432,231.9691117,4.052478762,205393.2881,556509.197,281180.9264,298103.7984,205484.2537,0.00545445712
0.0005497561116,0.1209557936,0,231.2786901,-5.201691827,231.2786901,4.045298377,204784.1944,554852.5568,280344.8576,297217.5687,204874.9389,0.005373194516
0.0005502762214,0.1191537489,0,230.5901718,-5.191088646,230.5901718,4.038137787,204176.7798,553200.4837,279511.0938,296333.7821,204267.3038,0.005293142651
0.0005507963313,0.1173785495,0,229.9035517,-5.180514697,229.9035517,4.030996938,203571.0395,551552.965,278679.6284,295452.4318,203661.3436,0.005214283333
0.0005513164411,0.115629798,0,229.2188245,-5.169969898,229.2188245,4.023875775,202966.969,549909.9884,277850.4551,294573.5113,203057.0538,0.005136598903
0.000551836551,0.1139071015,0,228.535985,-5.159454169,228.535985,4.016774244,202364.5637,548271.5412,277023.5678,293697.0137,202454.4298,0.005060071908
0.0005523566608,0.1122100705,0,227.855028,-5.148967431,227.855028,4.009692291,201763.819,546637.611,276198.96,292822.9325,201853.467,0.004984685044
0.0005528767707,0.1105383204,0,227.1759483,-5.138509604,227.1759483,4.002629863,201164.7303,545008.1854,275376.6254,291951.2609,201254.1608,0.004910421232
0.0005533968805,0.1088914781,0,226.4987408,-5.128080608,226.4987408,3.995586904,200567.2931,543383.252,274556.558,291081.9923,200656.5066,0.004837263895
0.0005539169904,0.1072691723,0,225.8234003,-5.117680364,225.8234003,3.988563363,199971.5028,541762.7985,273738.7513,290215.1202,200060.5,0.004765196532
0.0005544371002,0.1056710341,0,225.1499216,-5.107308793,225.1499216,3.981559185,199377.3549,540146.8124,272923.1992,289350.638,199466.1364,0.004694202767
0.0005549572101,0.1040967057,0,224.4782997,-5.096965816,224.4782997,3.974574317,198784.8448,538535.2815,272109.8955,288488.539,198873.4112,0.004624266696
0.0005554773199,0.1025458335,0,223.8085294,-5.086651353,223.8085294,3.967608706,198193.9682,536928.1936,271298.834,287628.8167,198282.3201,0.004555372621
0.0005559974298,0.101018067,0,223.1406057,-5.076365328,223.1406057,3.960662299,197604.7204,535325.5364,270490.0086,286771.4645,197692.8583,0.00448750496
0.0005565175396,0.09951305983,0,222.4745234,-5.066107661,222.4745234,3.953735044,197017.0971,533727.2977,269683.4129,285916.476,197105.0216,0.004420648333
0.0005570376495,0.09803047607,0,221.8102776,-5.055878274,221.8102776,3.946826887,196431.0936,532133.4654,268879.0411,285063.8447,196518.8054,0.004354787818
0.0005575577593,0.09656998143,0,221.147863,-5.045677091,221.147863,3.939937775,195846.7057,530544.0274,268076.8868,284213.564,195934.2052,0.004289908563
0.0005580778692,0.09513124411,0,220.4872748,-5.035504031,220.4872748,3.933067658,195263.9287,528958.9715,267276.9441,283365.6275,195351.2167,0.004225995829
0.000558597979,0.09371394154,0,219.8285078,-5.02535902,219.8285078,3.926216481,194682.7584,527378.2856,266479.2067,282520.0287,194769.8353,0.004163035286
0.0005591180889,0.09231775575,0,219.1715571,-5.015241979,219.1715571,3.919384194,194103.1902,525801.9579,265683.6688,281676.7612,194190.0567,0.004101012809
0.0005596381987,0.09094237104,0,218.5164176,-5.005152831,218.5164176,3.912570743,193525.2199,524229.9762,264890.3241,280835.8186,193611.8764,0.004039914376
0.0005601583086,0.08958747556,0,217.8630844,-4.9950915,217.8630844,3.905776078,192948.8428,522662.3285,264099.1667,279997.1945,193035.2901,0.00397972613
0.0005606784184,0.0882527669,0,217.2115525,-4.985057909,217.2115525,3.899000146,192374.0548,521099.0031,263310.1906,279160.8825,192460.2933,0.00392043464
0.0005611985283,0.0869379442,0,216.561817,-4.975051982,216.561817,3.892242897,191800.8514,519539.988,262523.3897,278326.8762,191886.8818,0.00386202654
0.0005617186381,0.08564270884,0,215.9138729,-4.965073642,215.9138729,3.885504278,191229.2282,517985.2712,261738.758,277495.1693,191315.051,0.003804488564
0.000562238748,0.08436677013,0,215.2677152,-4.955122814,215.2677152,3.878784238,190659.181,516434.841,260956.2897,276665.7555,190744.7967,0.003747807799
0.0005627588578,0.08310984202,0,214.6233391,-4.945199422,214.6233391,3.872082727,190090.7053,514888.6857,260175.9786,275838.6285,190176.1146,0.003691971538
0.0005632789677,0.08187164033,0,213.9807396,-4.93530339,213.9807396,3.865399692,189523.7968,513346.7933,259397.819,275013.7819,189609.0003,0.003636967158
0.0005637990775,0.08065188419,0,213.3399119,-4.925434644,213.3399119,3.858735084,188958.4513,511809.1522,258621.8049,274191.2095,189043.4494,0.00358278218
0.0005643191874,0.07945030135,0,212.7008511,-4.915593107,212.7008511,3.852088851,188394.6644,510275.7507,257847.9303,273370.905,188479.4578,0.003529404511
0.0005648392972,0.07826662105,0,212.0635523,-4.905778705,212.0635523,3.845460944,187832.4319,508746.5771,257076.1894,272552.8622,187917.0211,0.003476822122
0.0005653594071,0.07710057454,0,211.4280107,-4.895991364,211.4280107,3.838851311,187271.7494,507221.6198,256306.5763,271737.0749,187356.135,0.003425023076
0.0005658795169,0.07595189985,0,210.7942214,-4.886231009,210.7942214,3.832259902,186712.6128,505700.8672,255539.0852,270923.5368,186796.7952,0.003373995735
0.0005663996268,0.07482033965,0,210.1621796,-4.876497565,210.1621796,3.825686667,186155.0176,504184.3076,254773.7101,270112.2418,186238.9976,0.003323728668
0.0005669197366,0.07370563813,0,209.5318805,-4.866790959,209.5318805,3.819131557,185598.9598,502671.9296,254010.4454,269303.1837,185682.7378,0.00327421051
0.0005674398465,0.07260754233,0,208.9033193,-4.857111117,208.9033193,3.81259452,185044.4351,501163.7216,253249.2851,268496.3563,185128.0116,0.003225430024
0.0005679599563,0.07152580714,0,208.2764912,-4.847457964,208.2764912,3.806075508,184491.4392,499659.6722,252490.2235,267691.7534,184574.8148,0.003177376323
0.0005684800662,0.07046018888,0,207.6513914,-4.837831428,207.6513914,3.799574471,183939.9679,498159.7699,251733.2549,266889.3691,184023.1433,0.00313003858
0.000569000176,0.06941044573,0,207.0280153,-4.828231435,207.0280153,3.793091359,183390.0171,496664.0033,250978.3733,266089.1971,183472.9927,0.003083406055
0.0005695202859,0.06837634157,0,206.406358,-4.818657913,206.406358,3.786626123,182841.5826,495172.361,250225.5732,265291.2314,182924.359,0.003037468257
0.0005700403957,0.06735764488,0,205.7864148,-4.809110787,205.7864148,3.780178714,182294.6601,493684.8316,249474.8488,264495.4659,182377.2379,0.002992214902
0.0005705605056,0.06635412542,0,205.168181,-4.799589987,205.168181,3.773749082,181749.2456,492201.4039,248726.1943,263701.8945,181831.6252,0.002947635762
0.0005710806154,0.06536555539,0,204.5516518,-4.790095438,204.5516518,3.767337179,181205.3349,490722.0665,247979.604,262910.5112,181287.5169,0.002903720718
0.0005716007253,0.06439171407,0,203.9368227,-4.780627069,203.9368227,3.760942956,180662.9238,489246.8082,247235.0723,262121.3099,180744.9088,0.002860459963
0.0005721208351,0.06343238215,0,203.3236889,-4.771184809,203.3236889,3.754566364,180122.0082,487775.6178,246492.5936,261334.2848,180203.7967,0.002817843757
0.000572640945,0.06248734209,0,202.7122457,-4.761768584,202.7122457,3.748207355,179582.584,486308.4839,245752.1621,260549.4297,179664.1765,0.002775862436
0.0005731610548,0.06155638102,0,202.1024885,-4.752378323,202.1024885,3.74186588,179044.6471,484845.3956,245013.7722,259766.7387,179126.0442,0.002734506542
0.0005736811647,0.06063929067,0,201.4944126,-4.743013955,201.4944126,3.735541892,178508.1934,483386.3416,244277.4183,258986.2059,178589.3956,0.002693766825
0.0005742012745,0.0597358638,0,200.8880135,-4.733675408,200.8880135,3.729235341,177973.2188,481931.3108,243543.0948,258207.8253,178054.2267,0.002653634078
0.0005747213844,0.05884589527,0,200.2832865,-4.724362612,200.2832865,3.722946179,177439.7192,480480.2922,242810.7961,257431.5909,177520.5333,0.002614099188
0.0005752414942,0.05796918632,0,199.680227,-4.715075495,199.680227,3.71667436,176907.6906,479033.2747,242080.5167,256657.4969,176988.3115,0.002575153325
0.0005757616041,0.05710553958,0,199.0788303,-4.705813987,199.0788303,3.710419835,176377.129,477590.2473,241352.2509,255885.5374,176457.5571,0.002536787722
0.0005762817139,0.05625475935,0,198.479092,-4.696578017,198.479092,3.704182557,175848.0302,476151.199,240625.9932,255115.7065,175928.2661,0.002498993686
0.0005768018238,0.05541665374,0,197.8810075,-4.687367515,197.8810075,3.697962478,175320.3904,474716.1188,239901.7382,254347.9983,175400.4345,0.002461762691
0.0005773219336,0.05459103535,0,197.2845722,-4.678182411,197.2845722,3.69175955,174794.2053,473284.9958,239179.4802,253582.4071,174874.0583,0.002425086414
0.0005778420435,0.05377771768,0,196.6897815,-4.669022635,196.6897815,3.685573728,174269.4712,471857.8192,238459.2138,252818.9268,174349.1335,0.002388956569
0.0005783621533,0.05297651599,0,196.096631,-4.659888117,196.096631,3.679404962,173746.1838,470434.578,237740.9335,252057.5519,173825.6561,0.00235336495
0.0005788822632,0.05218725129,0,195.5051161,-4.650778787,195.5051161,3.673253207,173224.3394,469015.2615,237024.6338,251298.2764,173303.622,0.002318303606
0.000579402373,0.05140974593,0,194.9152323,-4.641694577,194.9152323,3.667118416,172703.9338,467599.8587,236310.3093,250541.0945,172783.0274,0.002283764644
0.0005799224829,0.05064382392,0,194.3269751,-4.632635417,194.3269751,3.661000541,172184.9632,466188.359,235597.9546,249786.0006,172263.8682,0.002249740247
0.0005804425927,0.04988931221,0,193.7403401,-4.623601237,193.7403401,3.654899537,171667.4235,464780.7516,234887.5641,249032.9888,171746.1405,0.002216222728
0.0005809627026,0.04914604223,0,193.1553227,-4.61459197,193.1553227,3.648815356,171151.3109,463377.0257,234179.1326,248282.0535,171229.8404,0.002183204597
0.0005814828124,0.04841384613,0,192.5719186,-4.605607547,192.5719186,3.642747954,170636.6215,461977.1708,233472.6546,247533.1889,170714.9639,0.002150678399
0.0005820029223,0.04769255754,0,191.9901233,-4.596647899,191.9901233,3.636697282,170123.3512,460581.176,232768.1247,246786.3893,170201.5071,0.002118636743
0.0005825230321,0.04698201527,0,191.4099323,-4.587712957,191.4099323,3.630663296,169611.4962,459189.0308,232065.5376,246041.649,169689.4661,0.002087072469
0.000583043142,0.04628205942,0,190.8313413,-4.578802655,190.8313413,3.624645949,169101.0526,457800.7247,231364.8879,245298.9623,169178.837,0.002055978473
0.0005835632518,0.04559253173,0,190.2543457,-4.569916924,190.2543457,3.618645196,168592.0165,456416.2469,230666.1703,244558.3237,168669.616,0.002025347726
0.0005840833617,0.04491327616,0,189.6789413,-4.561055697,189.6789413,3.61266099,168084.384,455035.587,229969.3794,243819.7274,168161.7991,0.001995173294
0.0005846034715,0.04424414104,0,189.1051237,-4.552218905,189.1051237,3.606693286,167578.1513,453658.7345,229274.51,243083.1678,167655.3824,0.001965448441
0.0005851235814,0.0435849753,0,188.5328884,-4.543406482,188.5328884,3.60074204,167073.3145,452285.6788,228581.5568,242348.6394,167150.3622,0.001936166456
0.0005856436912,0.04293562916,0,187.9622312,-4.534618361,187.9622312,3.594807205,166569.8698,450916.4096,227890.5145,241616.1364,166646.7345,0.001907320686
0.0005861638011,0.04229595743,0,187.3931477,-4.525854474,187.3931477,3.588888736,166067.8133,449550.9163,227201.3777,240885.6535,166144.4956,0.001878904679
0.0005866839109,0.04166581625,0,186.8256334,-4.517114755,186.8256334,3.582986588,165567.1413,448189.1886,226514.1414,240157.1849,165643.6416,0.001850912046
0.0005872040208,0.04104506313,0,186.2596842,-4.508399137,186.2596842,3.577100716,165067.8498,446831.2162,225828.8002,239430.7252,165144.1687,0.001823336457
0.0005877241306,0.04043355753,0,185.6952958,-4.499707555,185.6952958,3.571231076,164569.9352,445476.9886,225145.3489,238706.2688,164646.0731,0.001796171668
0.0005882442405,0.03983116294,0,185.1324637,-4.491039941,185.1324637,3.565377622,164073.3935,444126.4956,224463.7824,237983.8101,164149.3511,0.001769411617
0.0005887643503,0.03923774341,0,184.5711838,-4.48239623,184.5711838,3.559540311,163578.2211,442779.7268,223784.0954,237263.3438,163653.9987,0.001743050262
0.0005892844602,0.03865316407,0,184.0114517,-4.473776356,184.0114517,3.553719097,163084.4141,441436.6721,223106.2827,236544.8642,163160.0123,0.001717081614
0.00058980457,0.03807729415,0,183.4532631,-4.465180253,183.4532631,3.547913937,162591.9689,440097.3211,222430.3393,235828.366,162667.388,0.001691499861
0.0005903246799,0.03751000421,0,182.896614,-4.456607855,182.896614,3.542124785,162100.8816,438761.6638,221756.2598,235113.8437,162176.1223,0.001666299256
0.0005908447897,0.03695116598,0,182.3414999,-4.448059099,182.3414999,3.536351599,161611.1484,437429.6898,221084.0393,234401.2918,161686.2112,0.0016414741
0.0005913648996,0.03640065287,0,181.7879167,-4.439533917,181.7879167,3.530594334,161122.7658,436101.3891,220413.6726,233690.7049,161197.6511,0.001617018768
0.0005918850094,0.03585834201,0,181.2358601,-4.431032246,181.2358601,3.524852945,160635.7299,434776.7516,219745.1545,232982.0776,160710.4382,0.001592927804
0.0005924051193,0.03532411105,0,180.685326,-4.422554021,180.685326,3.519127391,160150.0371,433455.7671,219078.4801,232275.4044,160224.5689,0.001569195771
0.0005929252291,0.03479783858,0,180.1363102,-4.414099177,180.1363102,3.513417626,159665.6837,432138.4256,218413.6441,231570.6801,159740.0394,0.001545817276
0.000593445339,0.03427940677,0,179.5888084,-4.405667649,179.5888084,3.507723607,159182.6659,430824.7171,217750.6416,230867.8993,159256.846,0.001522787086
0.0005939654488,0.0337686992,0,179.0428165,-4.397259374,179.0428165,3.502045292,158700.98,429514.6316,217089.4675,230167.0565,158774.9851,0.001500100028
0.0005944855587,0.03326560036,0,178.4983304,-4.388874288,178.4983304,3.496382636,158220.6225,428208.159,216430.1168,229468.1465,158294.4531,0.001477750971
0.0005950056685,0.03276999627,0,177.9553458,-4.380512325,177.9553458,3.490735596,157741.5897,426905.2894,215772.5844,228771.1639,157815.2461,0.001455734851
0.0005955257784,0.0322817763,0,177.4138587,-4.372173424,177.4138587,3.485104131,157263.8779,425606.0129,215116.8654,228076.1035,157337.3607,0.001434046756
0.0005960458883,0.03180083034,0,176.8738649,-4.36385752,176.8738649,3.479488195,156787.4834,424310.3196,214462.9546,227382.9598,156860.7931,0.001412681792
0.0005965659981,0.03132704913,0,176.3353604,-4.35556455,176.3353604,3.473887748,156312.4027,423018.1997,213810.8473,226691.7277,156385.5397,0.001391635105
0.000597086108,0.03086032648,0,175.798341,-4.347294451,175.798341,3.468302746,155838.6321,421729.6432,213160.5383,226002.4019,155911.5969,0.00137090198
0.0005976062178,0.03040055765,0,175.2628026,-4.339047159,175.2628026,3.462733147,155366.1681,420444.6404,212512.0228,225314.9772,155438.9611,0.001350477764
0.0005981263277,0.02994763868,0,174.7287411,-4.330822613,174.7287411,3.457178907,154895.0069,419163.1815,211865.2957,224629.4482,154967.6287,0.001330357837
0.0005986464375,0.02950146689,0,174.1961525,-4.322620749,174.1961525,3.451639986,154425.1451,417885.2567,211220.3522,223945.8098,154497.5961,0.001310537638
0.0005991665474,0.0290619427,0,173.6650328,-4.314441504,173.6650328,3.446116341,153956.579,416610.8563,210577.1874,223264.0567,154028.8597,0.001291012745
0.0005996866572,0.02862896703,0,173.1353778,-4.306284818,173.1353778,3.440607929,153489.3052,415339.9705,209935.7963,222584.1839,153561.416,0.001271778755
0.0006002067671,0.0282024415,0,172.6071835,-4.298150626,172.6071835,3.435114708,153023.3199,414072.5898,209296.1741,221906.186,153095.2614,0.001252831299
0.0006007268769,0.02778227046,0,172.080446,-4.290038868,172.080446,3.429636638,152558.6197,412808.7043,208658.3159,221230.0579,152630.3923,0.001234166127
0.0006012469868,0.02736835967,0,171.5551611,-4.281949481,171.5551611,3.424173676,152095.2011,411548.3046,208022.2169,220555.7945,152166.8052,0.001215779052
0.0006017670966,0.02696061555,0,171.031325,-4.273882405,171.031325,3.41872578,151633.0604,410291.381,207387.8721,219883.3907,151704.4965,0.001197665918
0.0006022872065,0.02655894561,0,170.5089335,-4.265837576,170.5089335,3.413292909,151172.1943,409037.9239,206755.2768,219212.8413,151243.4629,0.001179822617
0.0006028073163,0.02616326022,0,169.9879828,-4.257814935,169.9879828,3.407875021,150712.5991,407787.9238,206124.4261,218544.1412,150783.7006,0.001162245165
0.0006033274262,0.02577347019,0,169.4684689,-4.249814421,169.4684689,3.402472076,150254.2714,406541.3711,205495.3153,217877.2852,150325.2063,0.001144929603
0.000603847536,0.025389487,0,168.9503877,-4.241835971,168.9503877,3.397084032,149797.2076,405298.2564,204867.9395,217212.2685,149867.9764,0.001127871996
0.0006043676459,0.02501122445,0,168.4337354,-4.233879525,168.4337354,3.391710848,149341.4044,404058.5701,204242.2939,216549.0858,149412.0075,0.001111068516
0.0006048877557,0.02463859775,0,167.918508,-4.225945024,167.918508,3.386352483,148886.8582,402822.3029,203618.3739,215887.7321,148957.2961,0.001094515396
0.0006054078656,0.02427152266,0,167.4047016,-4.218032405,167.4047016,3.381008897,148433.5656,401589.4453,202996.1745,215228.2023,148503.8387,0.001078208894
0.0006059279754,0.0239099159,0,166.8923123,-4.210141609,166.8923123,3.375680048,147981.5231,400359.9879,202375.6912,214570.4916,148051.6318,0.001062145311
0.0006064480853,0.02355369675,0,166.3813361,-4.202272577,166.3813361,3.370365896,147530.7272,399133.9214,201756.9192,213914.5947,147600.6721,0.00104632106
0.0006069681951,0.02320278496,0,165.8717693,-4.194425247,165.8717693,3.3650664,147081.1746,397911.2364,201139.8537,213260.5068,147150.956,0.001030732578
0.000607488305,0.02285710088,0,165.3636078,-4.18659956,165.3636078,3.359781521,146632.8618,396691.9236,200524.4901,212608.2229,146702.4802,0.001015376324
0.0006080084148,0.02251656679,0,164.8568478,-4.178795456,164.8568478,3.354511217,146185.7854,395475.9736,199910.8236,211957.7379,146255.2413,0.001000248848
0.0006085285247,0.02218110644,0,164.3514855,-4.171012877,164.3514855,3.349255449,145739.9419,394263.3773,199298.8496,211309.047,145809.2358,0.0009853467612
0.0006090486345,0.02185064399,0,163.847517,-4.163251762,163.847517,3.344014177,145295.3281,393054.1254,198688.5634,210662.1451,145364.4603,0.0009706666954
0.0006095687444,0.02152510444,0,163.3449385,-4.155512053,163.3449385,3.33878736,144851.9404,391848.2087,198079.9605,210017.0274,144920.9115,0.0009562053185
0.0006100888542,0.02120441512,0,162.8437461,-4.14779369,162.8437461,3.333574959,144409.7756,390645.618,197473.036,209373.689,144478.5859,0.0009419594023
0.0006106089641,0.0208885038,0,162.343936,-4.140096615,162.343936,3.328376935,143968.8303,389446.3441,196867.7855,208732.1249,144037.4803,0.0009279257381
0.0006111290739,0.0205772988,0,161.8455045,-4.132420769,161.8455045,3.323193247,143529.101,388250.3779,196264.2043,208092.3302,143597.5911,0.0009141011421
0.0006116491838,0.02027073009,0,161.3484476,-4.124766093,161.3484476,3.318023855,143090.5845,387057.7102,195662.2877,207454.3002,143158.9152,0.000900482503
0.0006121692936,0.01996872906,0,160.8527617,-4.11713253,160.8527617,3.312868722,142653.2774,385868.3321,195062.0313,206818.0298,142721.4491,0.0008870667727
0.0006126894035,0.01967122745,0,160.3584429,-4.109520021,160.3584429,3.307727807,142217.1764,384682.2344,194463.4305,206183.5143,142285.1896,0.0008738509195
0.0006132095133,0.01937815772,0,159.8654875,-4.101928508,159.8654875,3.30260107,141782.2781,383499.408,193866.4806,205550.7488,141850.1332,0.0008608319426
0.0006137296232,0.01908945442,0,159.3738918,-4.094357933,159.3738918,3.297488474,141348.5793,382319.844,193271.1771,204919.7286,141416.2766,0.0008480069352
0.000614249733,0.01880505256,0,158.8836519,-4.086808239,158.8836519,3.292389979,140916.0766,381143.5334,192677.5155,204290.4487,140983.6167,0.0008353730093
0.0006147698429,0.01852488766,0,158.3947641,-4.079279367,158.3947641,3.287305547,140484.7667,379970.4672,192085.4913,203662.9044,140552.15,0.000822927301
0.0006152899527,0.01824889657,0,157.9072248,-4.071771261,157.9072248,3.282235138,140054.6464,378800.6365,191495.1,203037.091,140121.8733,0.0008106670054
0.0006158100626,0.01797701757,0,157.4210301,-4.064283864,157.4210301,3.277178713,139625.7123,377634.0323,190906.337,202413.0036,139692.7833,0.0007985893801
0.0006163301724,0.01770918923,0,156.9361765,-4.056817118,156.9361765,3.272136235,139197.9613,376470.6458,190319.1979,201790.6375,139264.8768,0.0007866916966
0.0006168502823,0.01744535073,0,156.4526601,-4.049370966,156.4526601,3.267107665,138771.39,375310.4681,189733.6782,201169.988,138838.1504,0.0007749712526
0.0006173703921,0.01718544313,0,155.9704774,-4.041945351,155.9704774,3.262092965,138345.9952,374153.4903,189149.7734,200551.0503,138412.6009,0.0007634254304
0.000617890502,0.01692940793,0,155.4896246,-4.034540218,155.4896246,3.257092095,137921.7737,372999.7037,188567.4791,199933.8197,137988.2251,0.0007520516308
0.0006184106118,0.01667718713,0,155.010098,-4.02715551,155.010098,3.25210502,137498.7221,371849.0994,187986.7909,199318.2914,137565.0198,0.0007408472778
0.0006189307217,0.01642872381,0,154.5318941,-4.019791169,154.5318941,3.247131699,137076.8374,370701.6687,187407.7042,198704.4609,137142.9816,0.0007298098424
0.0006194508315,0.01618396243,0,154.0550092,-4.012447141,154.0550092,3.242172095,136656.1163,369557.4028,186830.2148,198092.3235,136722.1075,0.0007189368576
0.0006199709414,0.0159428477,0,153.5794396,-4.005123369,153.5794396,3.237226172,136236.5555,368416.293,186254.3182,197481.8744,136302.3942,0.0007082258674
0.0006204910512,0.01570532486,0,153.1051817,-3.997819798,153.1051817,3.23229389,135818.1519,367278.3307,185680.01,196873.109,135883.8385,0.0006976744387
0.0006210111611,0.01547134083,0,152.6322319,-3.990536371,152.6322319,3.227375212,135400.9023,366143.507,185107.2859,196266.0227,135466.4372,0.0006872802139
0.0006215312709,0.01524084295,0,152.1605866,-3.983273034,152.1605866,3.222470101,134984.8035,365011.8135,184536.1414,195660.6108,135050.1871,0.0006770408537
0.0006220513808,0.01501377907,0,151.6902422,-3.97602973,151.6902422,3.217578519,134569.8524,363883.2414,183966.5722,195056.8688,134635.0851,0.0006669540412
0.0006225714906,0.01479009785,0,151.2211951,-3.968806405,151.2211951,3.212700429,134156.0457,362757.7822,183398.574,194454.792,134221.1279,0.0006570174962
0.0006230916005,0.01456974933,0,150.7534418,-3.961603003,150.7534418,3.207835794,133743.3804,361635.4272,182832.1425,193854.3758,133808.3125,0.0006472289991
0.0006236117103,0.01435268376,0,150.2869786,-3.95441947,150.2869786,3.202984577,133331.8532,360516.168,182267.2733,193255.6157,133396.6357,0.0006375863396
0.0006241318202,0.01413885182,0,149.821802,-3.947255751,149.821802,3.198146741,132921.4611,359399.996,181703.9621,192658.5071,132986.0943,0.0006280873269
0.00062465193,0.0139282057,0,149.3579085,-3.940111792,149.3579085,3.193322249,132512.2009,358286.9026,181142.2047,192063.0455,132576.6853,0.0006187298374
0.0006251720399,0.01372069802,0,148.8952946,-3.932987537,148.8952946,3.188511064,132104.0694,357176.8795,180581.9967,191469.2263,132168.4055,0.0006095117661
0.0006256921497,0.01351628186,0,148.4339567,-3.925882933,148.4339567,3.183713149,131697.0637,356069.9181,180023.3339,190877.0449,131761.2518,0.0006004310286
0.0006262122596,0.01331491094,0,147.9738912,-3.918797925,147.9738912,3.178928469,131291.1806,354966.0099,179466.212,190286.4969,131355.221,0.0005914855696
0.0006267323694,0.01311654032,0,147.5150947,-3.911732459,147.5150947,3.174156985,130886.4169,353865.1467,178910.6268,189697.5778,130950.3102,0.0005826733918
0.0006272524793,0.0129211252,0,147.0575638,-3.904686482,147.0575638,3.169398663,130482.7697,352767.32,178356.5741,189110.2831,130546.5161,0.000573992506
0.0006277725891,0.01272862119,0,146.6012948,-3.89765994,146.6012948,3.164653466,130080.2357,351672.5213,177804.0495,188524.6083,130143.8358,0.0005654409396
0.000628292699,0.01253898523,0,146.1462843,-3.890652779,146.1462843,3.159921357,129678.8121,350580.7425,177253.049,187940.5489,129742.2662,0.00055701678
0.0006288128088,0.01235217468,0,145.6925289,-3.883664946,145.6925289,3.155202301,129278.4956,349491.9751,176703.5683,187358.1006,129341.8041,0.0005487181332
0.0006293329187,0.01216814731,0,145.2400251,-3.876696387,145.2400251,3.150496261,128879.2833,348406.2108,176155.6032,186777.2587,128942.4467,0.0005405431227
0.0006298530285,0.01198686143,0,144.7887695,-3.86974705,144.7887695,3.145803202,128481.1721,347323.4415,175609.1495,186198.019,128544.1907,0.0005324898972
0.0006303731384,0.01180827659,0,144.3387585,-3.862816881,144.3387585,3.141123088,128084.1589,346243.6587,175064.2031,185620.377,128147.0332,0.0005245566591
0.0006308932482,0.01163235247,0,143.8899888,-3.855905828,143.8899888,3.136455884,127688.2408,345166.8544,174520.7598,185044.3283,127750.9711,0.0005167416182
0.0006314133581,0.01145904911,0,143.442457,-3.849013838,143.442457,3.131801553,127293.4148,344093.0202,173978.8155,184469.8685,127356.0014,0.0005090429985
0.0006319334679,0.01128832772,0,142.9961596,-3.842140858,142.9961596,3.12716006,126899.6777,343022.148,173438.3661,183896.9932,126962.1212,0.0005014590771
0.0006324535778,0.01112014995,0,142.5510932,-3.835286836,142.5510932,3.12253137,126507.0267,341954.2297,172899.4073,183325.6981,126569.3274,0.00049398815
0.0006329736876,0.01095447775,0,142.1072545,-3.82845172,142.1072545,3.117915447,126115.4587,340889.257,172361.9352,182755.9788,126177.617,0.0004866285278
0.0006334937975,0.0107912736,0,141.6646401,-3.821635457,141.6646401,3.113312257,125724.9707,339827.2219,171825.9457,182187.831,125786.987,0.0004793785432
0.0006340139073,0.01063050107,0,141.2232465,-3.814837996,141.2232465,3.108721764,125335.5598,338768.1163,171291.4345,181621.2503,125397.4345,0.000472236578
0.0006345340172,0.0104721239,0,140.7830705,-3.808059285,140.7830705,3.104143933,124947.223,337711.9321,170758.3977,181056.2324,125008.9565,0.0004652010212
0.000635054127,0.01031610609,0,140.3441086,-3.801299273,140.3441086,3.09957873,124559.9574,336658.6612,170226.8312,180492.773,124621.5499,0.0004582702741
0.0006355742369,0.01016241271,0,139.9063576,-3.794557906,139.9063576,3.095026119,124173.7599,335608.2957,169696.731,179930.8678,124235.212,0.0004514427842
0.0006360943467,0.01001100924,0,139.469814,-3.787835135,139.469814,3.090486065,123788.6276,334560.8274,169168.0929,179370.5126,123849.9397,0.0004447170187
0.0006366144566,0.009861861441,0,139.0344746,-3.781130908,139.0344746,3.085958535,123404.5577,333516.2485,168640.913,178811.703,123465.7301,0.0004380914567
0.0006371345664,0.009714935521,0,138.600336,-3.774445174,138.600336,3.081443494,123021.5471,332474.5509,168115.1873,178254.4348,123082.5802,0.0004315645966
0.0006376546763,0.009570198684,0,138.1673949,-3.767777882,138.1673949,3.076940907,122639.593,331435.7268,167590.9117,177698.7038,122700.4872,0.0004251349816
0.0006381747861,0.009427618291,0,137.7356481,-3.761128981,137.7356481,3.07245074,122258.6924,330399.7681,167068.0823,177144.5057,122319.4481,0.0004188011619
0.000638694896,0.009287161948,0,137.3050922,-3.75449842,137.3050922,3.067972959,121878.8425,329366.6671,166546.695,176591.8362,121939.46,0.0004125616985
0.0006392150058,0.009148798169,0,136.8757239,-3.747886148,136.8757239,3.063507529,121500.0403,328336.4157,166026.7459,176040.6913,121560.52,0.0004064151926
0.0006397351157,0.009012495909,0,136.44754,-3.741292117,136.44754,3.059054416,121122.2829,327309.0062,165508.2311,175491.0666,121182.6253,0.0004003602652
0.0006402552255,0.008878224349,0,136.0205373,-3.734716274,136.0205373,3.054613588,120745.5676,326284.4308,164991.1465,174942.9579,120805.7729,0.0003943955471
0.0006407753354,0.008745953044,0,135.5947124,-3.72815857,135.5947124,3.050185009,120369.8913,325262.6815,164475.4882,174396.3612,120429.96,0.0003885196859
0.0006412954452,0.008615652474,0,135.1700621,-3.721618956,135.1700621,3.045768645,119995.2513,324243.7507,163961.2523,173851.2722,120055.1838,0.0003827313703
0.0006418155551,0.008487293265,0,134.7465831,-3.71509738,134.7465831,3.041364464,119621.6447,323227.6306,163448.4349,173307.6868,119681.4412,0.0003770292953
0.0006423356649,0.008360846261,0,134.3242723,-3.708593794,134.3242723,3.036972432,119249.0686,322214.3133,162937.0321,172765.6008,119308.7296,0.0003714121659
0.0006428557748,0.008236283091,0,133.9031264,-3.702108147,133.9031264,3.032592515,118877.5202,321203.7913,162427.0399,172225.0101,118937.0461,0.0003658787217
0.0006433758846,0.008113575825,0,133.4831423,-3.695640391,133.4831423,3.02822468,118506.9967,320196.0567,161918.4545,171685.9106,118566.3878,0.0003604277218
0.0006438959945,0.00799269672,0,133.0643166,-3.689190476,133.0643166,3.023868893,118137.4952,319191.1019,161411.272,171148.2982,118196.7519,0.000355057934
0.0006444161043,0.007873618357,0,132.6466463,-3.682758353,132.6466463,3.019525121,117769.0129,318188.9193,160905.4885,170612.1687,117828.1356,0.0003497681402
0.0006449362142,0.007756314158,0,132.2301281,-3.676343972,132.2301281,3.015193332,117401.547,317189.5011,160401.1002,170077.5181,117460.5361,0.0003445571598
0.000645456324,0.00764075769,0,131.8147588,-3.669947285,131.8147588,3.010873491,117035.0948,316192.8398,159898.1032,169544.3423,117093.9505,0.0003394238184
0.0006459764339,0.007526922713,0,131.4005353,-3.663568244,131.4005353,3.006565567,116669.6533,315198.9278,159396.4938,169012.6372,116728.3762,0.0003343669504
0.0006464965437,0.007414783659,0,130.9874545,-3.657206799,130.9874545,3.002269526,116305.2199,314207.7574,158896.2679,168482.3988,116363.8102,0.0003293854201
0.0006470166536,0.0073043154,0,130.5755131,-3.650862902,130.5755131,2.997985336,115941.7917,313219.3212,158397.422,167953.6231,116000.2499,0.0003244781113
0.0006475367634,0.007195492965,0,130.164708,-3.644536504,130.164708,2.993712964,115579.3661,312233.6116,157899.9521,167426.306,115637.6924,0.0003196439145
0.0006480568733,0.007088291661,0,129.7550362,-3.638227558,129.7550362,2.989452377,115217.9401,311250.6211,157403.8544,166900.4434,115276.1349,0.0003148817328
0.0006485769831,0.006982687557,0,129.3464945,-3.631936015,129.3464945,2.985203542,114857.5111,310270.3421,156909.1252,166376.0314,114915.5748,0.0003101905033
0.000649097093,0.006878656863,0,128.9390797,-3.625661827,128.9390797,2.980966428,114498.0763,309292.7673,156415.7608,165853.0661,114556.0093,0.000305569169
0.0006496172028,0.00677617597,0,128.5327887,-3.619404946,128.5327887,2.976741003,114139.633,308317.8891,155923.7572,165331.5432,114197.4356,0.0003010166812
0.0006501373127,0.006675221832,0,128.1276185,-3.613165326,128.1276185,2.972527233,113782.1784,307345.7001,155433.1109,164811.4591,113839.851,0.0002965320162
0.0006506574225,0.006575771844,0,127.723566,-3.606942917,127.723566,2.968325087,113425.7099,306376.1929,154943.818,164292.8095,113483.2528,0.0002921141697
0.0006511775324,0.006477803528,0,127.3206281,-3.600737673,127.3206281,2.964134532,113070.2246,305409.3602,154455.8748,163775.5907,113127.6382,0.0002877621432
0.0006516976422,0.006381294647,0,126.9188017,-3.594549546,126.9188017,2.959955538,112715.7199,304445.1944,153969.2776,163259.7986,112773.0046,0.0002834749488
0.0006522177521,0.006286223652,0,126.5180838,-3.58837849,126.5180838,2.955788071,112362.1931,303483.6884,153484.0227,162745.4293,112419.3492,0.0002792516295
0.0006527378619,0.006192569134,0,126.1184712,-3.582224456,126.1184712,2.9516321,112009.6415,302524.8347,153000.1063,162232.4789,112066.6693,0.0002750912339
0.0006532579718,0.006100309852,0,125.719961,-3.576087399,125.719961,2.947487594,111658.0624,301568.626,152517.5249,161720.9435,111714.9623,0.0002709928187
0.0006537780816,0.00600942503,0,125.3225501,-3.569967271,125.3225501,2.943354521,111307.4531,300615.0551,152036.2747,161210.8191,111364.2255,0.0002669554608
0.0006542981915,0.005919894333,0,124.9262354,-3.563864026,124.9262354,2.939232849,110957.8109,299664.1147,151556.352,160702.102,111014.4562,0.0002629782569
0.0006548183013,0.00583169753,0,124.5310141,-3.557777617,124.5310141,2.935122546,110609.1333,298715.7975,151077.7532,160194.7882,110665.6517,0.0002590603083
0.0006553384112,0.005744814592,0,124.1368829,-3.551707997,124.1368829,2.931023583,110261.4174,297770.0963,150600.4746,159688.8738,110317.8093,0.0002552007254
0.000655858521,0.00565922612,0,123.743839,-3.545655121,123.743839,2.926935926,109914.6607,296827.0038,150124.5126,159184.355,109970.9265,0.0002513986461
0.0006563786309,0.005574912841,0,123.3518794,-3.539618942,123.3518794,2.922859546,109568.8606,295886.513,149649.8636,158681.2279,109625.0005,0.0002476532146
0.0006568987407,0.00549185565,0,122.961001,-3.533599415,122.961001,2.91879441,109224.0143,294948.6166,149176.5239,158179.4887,109280.0288,0.0002439635819
0.0006574188506,0.005410035816,0,122.5712008,-3.527596493,122.5712008,2.914740489,108880.1193,294013.3074,148704.49,157679.1336,108936.0087,0.0002403289162
0.0006579389604,0.005329435045,0,122.182476,-3.52161013,122.182476,2.91069775,108537.1729,293080.5783,148233.7582,157180.1588,108592.9376,0.0002367484046
0.0006584590703,0.005250035175,0,121.7948235,-3.515640281,121.7948235,2.906666164,108195.1725,292150.4223,147764.3249,156682.5604,108250.8128,0.0002332212404
0.0006589791801,0.005171818053,0,121.4082403,-3.509686901,121.4082403,2.902645699,107854.1155,291222.8322,147296.1866,156186.3347,107909.6318,0.0002297466171
0.00065949929,0.005094766238,0,121.0227236,-3.503749943,121.0227236,2.898636325,107513.9994,290297.8009,146829.3397,155691.4778,107569.3919,0.0002263237601
0.0006600193998,0.005018862487,0,120.6382703,-3.497829363,120.6382703,2.894638012,107174.8215,289375.3214,146363.7806,155197.986,107230.0906,0.0002229519033
0.0006605395097,0.004944089646,0,120.2548777,-3.491925116,120.2548777,2.890650728,106836.5792,288455.3867,145899.5058,154705.8556,106891.7253,0.0002196302846
0.0006610596195,0.004870430665,0,119.8725426,-3.486037156,119.8725426,2.886674443,106499.2699,287537.9897,145436.5118,154215.0828,106554.2933,0.0002163581467
0.0006615797294,0.004797869022,0,119.4912623,-3.480165439,119.4912623,2.882709128,106162.8912,286623.1235,144974.7949,153725.6638,106217.7922,0.0002131347557
0.0006620998392,0.004726388535,0,119.1110337,-3.474309919,119.1110337,2.878754751,105827.4403,285710.781,144514.3518,153237.5949,105882.2193,0.0002099593926
0.0006626199491,0.004655973053,0,118.7318541,-3.468470553,118.7318541,2.874811283,105492.9148,284800.9553,144055.1788,152750.8723,105547.5721,0.0002068313401
0.0006631400589,0.004586606606,0,118.3537205,-3.462647295,118.3537205,2.870878693,105159.3121,283893.6395,143597.2725,152265.4925,105213.848,0.0002037498885
0.0006636601688,0.00451827348,0,117.97663,-3.456840102,117.97663,2.866956952,104826.6297,282988.8267,143140.6294,151781.4516,104881.0446,0.00020071434
0.0006641802786,0.00445095849,0,117.6005797,-3.451048928,117.6005797,2.863046029,104494.865,282086.5099,142685.246,151298.746,104549.1592,0.00019772402
0.0006647003885,0.004384646449,0,117.2255669,-3.44527373,117.2255669,2.859145896,104164.0155,281186.6822,142231.1188,150817.372,104218.1893,0.0001947782537
0.0006652204983,0.004319322372,0,116.8515886,-3.439514464,116.8515886,2.855256521,103834.0786,280289.3369,141778.2444,150337.3259,103888.1324,0.0001918763756
0.0006657406082,0.004254971358,0,116.4786419,-3.433771085,116.4786419,2.851377876,103505.0519,279394.467,141326.6193,149858.6041,103558.986,0.0001890177236
0.000666260718,0.00419157912,0,116.1067241,-3.42804355,116.1067241,2.84750993,103176.9329,278502.0657,140876.24,149381.2029,103230.7476,0.0001862016632
0.0006667808279,0.004129131409,0,115.7358322,-3.422331816,115.7358322,2.843652655,102849.719,277612.1263,140427.1032,148905.1187,102903.4147,0.0001834275613
0.0006673009377,0.004067614102,0,115.3659635,-3.416635838,115.3659635,2.839806021,102523.4077,276724.6419,139979.2054,148430.3478,102576.9847,0.0001806947905
0.0006678210476,0.004007013155,0,114.9971152,-3.410955574,114.9971152,2.835969998,102197.9966,275839.6057,139532.5431,147956.8866,102251.4552,0.000178002727
0.0006683411574,0.003947315075,0,114.6292844,-3.405290979,114.6292844,2.832144557,101873.4832,274957.0111,139087.1131,147484.7316,101926.8237,0.0001753507714
0.0006688612673,0.003888506489,0,114.2624683,-3.399642012,114.2624683,2.82832967,101549.8649,274076.8512,138642.9118,147013.879,101603.0877,0.0001727383296
0.0006693813771,0.003830574105,0,113.8966641,-3.394008627,113.8966641,2.824525307,101227.1394,273199.1195,138199.9359,146544.3254,101280.2448,0.0001701648111
0.000669901487,0.003773504703,0,113.5318691,-3.388390784,113.5318691,2.820731438,100905.3042,272323.8091,137758.1821,146076.0671,100958.2925,0.0001676296287
0.0006704215968,0.003717285509,0,113.1680804,-3.382788438,113.1680804,2.816948036,100584.3568,271450.9134,137317.6469,145609.1005,100637.2283,0.000165132215
0.0006709417067,0.003661903974,0,112.8052953,-3.377201547,112.8052953,2.813175071,100264.2947,270580.4257,136878.327,145143.4222,100317.0499,0.0001626720124
0.0006714618165,0.003607347584,0,112.443511,-3.371630069,112.443511,2.809412514,99945.11564,269712.3395,136440.219,144679.0285,99997.75463,0.000160248465
0.0006719819264,0.00355360394,0,112.0827247,-3.366073961,112.0827247,2.805660337,99626.81702,268846.648,136003.3196,144215.9159,99679.34021,0.0001578610221
0.0006725020362,0.003500660908,0,111.7229338,-3.36053318,111.7229338,2.801918511,99309.39646,267983.3447,135567.6255,143754.0809,99361.80417,0.0001555091446
0.0006730221461,0.00344850671,0,111.3641354,-3.355007684,111.3641354,2.798187008,98992.85155,267122.4229,135133.1333,143293.5199,99045.1441,0.0001531923093
0.0006735422559,0.003397129569,0,111.0063268,-3.349497432,111.0063268,2.794465798,98677.17988,266263.8763,134699.8397,142834.2295,98729.35758,0.0001509099931
0.0006740623658,0.003346517879,0,110.6495053,-3.344002381,110.6495053,2.790754855,98362.37902,265407.698,134267.7415,142376.2061,98414.44219,0.0001486616803
0.0006745824756,0.003296660098,0,110.2936681,-3.338522489,110.2936681,2.787054148,98048.44658,264553.8818,133836.8352,141919.4462,98100.39554,0.0001464468583
0.0006751025855,0.003247545164,0,109.9388126,-3.333057715,109.9388126,2.783363651,97735.38018,263702.4209,133407.1177,141463.9464,97787.21523,0.0001442650356
0.0006756226953,0.003199162024,0,109.5849361,-3.327608016,109.5849361,2.779683335,97423.17741,262853.309,132978.5857,141009.7032,97474.89888,0.0001421157212
0.0006761428052,0.003151499739,0,109.2320358,-3.322173351,109.2320358,2.776013172,97111.8359,262006.5396,132551.2359,140556.7131,97163.4441,0.0001399984293
0.000676662915,0.003104547426,0,108.880109,-3.316753679,108.880109,2.772353134,96801.35327,261162.1061,132125.065,140104.9727,96852.84851,0.0001379126763
0.0006771830249,0.003058294645,0,108.5291531,-3.311348958,108.5291531,2.768703193,96491.72716,260320.0022,131700.0697,139654.4784,96543.10974,0.0001358579984
0.0006777031347,0.003012731023,0,108.1791655,-3.305959148,108.1791655,2.765063321,96182.9552,259480.2215,131276.2469,139205.227,96234.22544,0.000133833935
0.0006782232446,0.00296784626,0,107.8301433,-3.300584207,107.8301433,2.76143349,95875.03504,258642.7574,130853.5934,138757.2149,95926.19325,0.0001318400283
0.0006787433544,0.00292363011,0,107.482084,-3.295224093,107.482084,2.757813673,95567.96433,257807.6037,130432.1057,138310.4388,95619.01082,0.0001298758233
0.0006792634643,0.002880072694,0,107.1349848,-3.289878767,107.1349848,2.754203842,95261.74072,256974.754,130011.7809,137864.8952,95312.6758,0.0001279408811
0.0006797835741,0.002837164278,0,106.7888433,-3.284548187,106.7888433,2.75060397,94956.36189,256144.2019,129592.6156,137420.5807,95007.18586,0.0001260347693
0.000680303684,0.002794895167,0,106.4436566,-3.279232312,106.4436566,2.747014029,94651.8255,255315.941,129174.6067,136977.4919,94702.53867,0.0001241570572
0.0006808237938,0.00275325574,0,106.0994223,-3.273931103,106.0994223,2.743433992,94348.12923,254489.9652,128757.7509,136535.6255,94398.73191,0.0001223073174
0.0006813439037,0.002712236621,0,105.7561376,-3.268644519,105.7561376,2.739863831,94045.27076,253666.2679,128342.0452,136094.9781,94095.76324,0.0001204851335
0.0006818640135,0.002671828677,0,105.4137999,-3.263372518,105.4137999,2.736303519,93743.24779,252844.8431,127927.4863,135655.5463,93793.63038,0.0001186900996
0.0006823841234,0.002632022776,0,105.0724066,-3.258115062,105.0724066,2.732753029,93442.058,252025.6844,127514.071,135217.3268,93492.33101,0.0001169218102
0.0006829042332,0.002592809923,0,104.7319552,-3.25287211,104.7319552,2.729212334,93141.69911,251208.7855,127101.7962,134780.3163,93191.86283,0.0001151798657
0.0006834243431,0.002554181189,0,104.392443,-3.247643622,104.392443,2.725681407,92842.16881,250394.1403,126690.6588,134344.5113,92892.22355,0.0001134638693
0.0006839444529,0.002516128001,0,104.0538674,-3.242429559,104.0538674,2.722160221,92543.46483,249581.7424,126280.6556,133909.9086,92593.41089,0.0001117734403
0.0006844645628,0.002478641787,0,103.7162259,-3.237229879,103.7162259,2.71864875,92245.58489,248771.5858,125871.7835,133476.5048,92295.42257,0.0001101081979
0.0006849846726,0.002441714074,0,103.3795159,-3.232044545,103.3795159,2.715146965,91948.52671,247963.6643,125464.0394,133044.2968,91998.25631,0.0001084677656
0.0006855047825,0.002405336431,0,103.0437347,-3.226873515,103.0437347,2.711654841,91652.28803,247157.9715,125057.4201,132613.281,91701.90984,0.000106851769
0.0006860248923,0.002369500777,0,102.7088799,-3.221716751,102.7088799,2.708172351,91356.86659,246354.5016,124651.9227,132183.4544,91406.38091,0.0001052598491
0.0006865450022,0.002334199067,0,102.3749489,-3.216574213,102.3749489,2.704699469,91062.26013,245553.2482,124247.5438,131754.8135,91111.66726,0.0001036916484
0.000687065112,0.002299423319,0,102.0419392,-3.211445863,102.0419392,2.701236167,90768.46642,244754.2053,123844.2806,131327.3551,90817.76665,0.0001021468125
0.0006875852219,0.002265165594,0,101.7098481,-3.206331661,101.7098481,2.69778242,90475.48319,243957.3668,123442.1299,130901.076,90524.67682,0.0001006249886
0.0006881053317,0.002231418249,0,101.3786732,-3.201231567,101.3786732,2.694338201,90183.30823,243162.7266,123041.0886,130475.9729,90232.39555,9.912583716e-05
0.0006886254416,0.002198173736,0,101.0484119,-3.196145544,101.0484119,2.690903484,89891.93931,242370.2786,122641.1537,130052.0426,89940.92061,9.764902296e-05
0.0006891455514,0.002165424543,0,100.7190618,-3.191073552,100.7190618,2.687478243,89601.37419,241580.0168,122242.3222,129629.2818,89650.24977,9.619421221e-05
0.0006896656613,0.002133163204,0,100.3906203,-3.186015552,100.3906203,2.684062451,89311.61067,240791.9353,121844.5909,129207.6873,89360.38081,9.476107336e-05
0.0006901857711,0.002101382476,0,100.0630849,-3.180971507,100.0630849,2.680656083,89022.64653,240006.0278,121447.9569,128787.2559,89071.31153,9.334928458e-05
0.000690705881,0.002070075275,0,99.73645305,-3.175941377,99.73645305,2.677259112,88734.47957,239222.2886,121052.4171,128367.9843,88783.03972,9.195853119e-05
0.0006912259908,0.002039234527,0,99.41072235,-3.170925124,99.41072235,2.673871512,88447.10759,238440.7115,120657.9685,127949.8695,88495.56318,9.058849893e-05
0.0006917461007,0.002008853245,0,99.08589027,-3.16592271,99.08589027,2.670493259,88160.5284,237661.2906,120264.6081,127532.9081,88208.87971,8.923887741e-05
0.0006922662105,0.001978924534,0,98.76195434,-3.160934097,98.76195434,2.667124325,87874.73981,236884.02,119872.333,127117.0971,87922.98713,8.790936041e-05
0.0006927863204,0.001949441747,0,98.43891209,-3.155959246,98.43891209,2.663764686,87589.73964,236108.8938,119481.14,126702.4331,87637.88326,8.659965259e-05
0.0006933064302,0.001920398237,0,98.11676106,-3.15099812,98.11676106,2.660414315,87305.52572,235335.906,119091.0262,126288.9132,87353.56593,8.530945866e-05
0.0006938265401,0.001891787438,0,97.79549878,-3.146050681,97.79549878,2.657073187,87022.09589,234565.0507,118701.9888,125876.5341,87070.03296,8.403848699e-05
0.0006943466499,0.001863602823,0,97.47512281,-3.141116891,97.47512281,2.653741277,86739.44796,233796.3221,118314.0245,125465.2926,86787.28219,8.278644759e-05
0.0006948667598,0.001835838133,0,97.15563069,-3.136196713,97.15563069,2.650418559,86457.5798,233029.7142,117927.1306,125055.1857,86505.31146,8.155306245e-05
0.0006953868696,0.00180848713,0,96.83702,-3.131290108,96.83702,2.647105008,86176.48925,232265.2213,117541.3041,124646.2102,86224.11863,8.033805444e-05
0.0006959069795,0.00178154363,0,96.5192883,-3.12639704,96.5192883,2.643800598,85896.17417,231502.8376,117156.542,124238.363,85943.70155,7.914114882e-05
0.0006964270893,0.001755001479,0,96.20243317,-3.121517471,96.20243317,2.640505305,85616.63241,230742.557,116772.8414,123831.6409,85664.05808,7.796207228e-05
0.0006969471992,0.001728854766,0,95.88645218,-3.116651364,95.88645218,2.637219103,85337.86185,229984.374,116390.1993,123426.041,85385.18608,7.680056219e-05
0.000697467309,0.001703097636,0,95.57134294,-3.111798681,95.57134294,2.633941967,85059.86036,229228.2827,116008.6129,123021.56,85107.08343,7.565635847e-05
0.0006979874189,0.001677724268,0,95.25710304,-3.106959387,95.25710304,2.630673872,84782.62582,228474.2773,115628.0792,122618.1949,84829.74801,7.45292025e-05
0.0006985075287,0.001652728873,0,94.94373007,-3.102133443,94.94373007,2.627414793,84506.1561,227722.3521,115248.5953,122215.9426,84553.17769,7.341883718e-05
0.0006990276386,0.001628105851,0,94.63122164,-3.097320813,94.63122164,2.624164705,84230.44911,226972.5014,114870.1584,121814.8,84277.37038,7.232501373e-05
0.0006995477484,0.001603849709,0,94.31957538,-3.092521461,94.31957538,2.620923584,83955.50274,226224.7193,114492.7655,121414.7641,84002.32396,7.124748808e-05
0.0007000678583,0.001579954976,0,94.00878891,-3.087735349,94.00878891,2.617691405,83681.3149,225479.0003,114116.4138,121015.8319,83728.03635,7.018601721e-05
0.0007005879681,0.001556416228,0,93.69885985,-3.082962442,93.69885985,2.614468142,83407.88349,224735.3387,113741.1004,120618.0003,83454.50543,6.914036021e-05
0.000701108078,0.001533228083,0,93.38978583,-3.078202702,93.38978583,2.611253773,83135.20641,223993.7286,113366.8224,120221.2662,83181.72914,6.811027799e-05
0.0007016281878,0.001510385425,0,93.08156451,-3.073456093,93.08156451,2.608048271,82863.2816,223254.1646,112993.577,119825.6266,82909.70538,6.709554327e-05
0.0007021482977,0.001487883139,0,92.77419352,-3.06872258,92.77419352,2.604851613,82592.10698,222516.6409,112621.3613,119431.0786,82638.43208,6.609592882e-05
0.0007026684075,0.001465716116,0,92.46767054,-3.064002126,92.46767054,2.601663774,82321.68049,221781.152,112250.1725,119037.619,82367.90718,6.511120767e-05
0.0007031885174,0.001443879357,0,92.16199321,-3.059294695,92.16199321,2.598484729,82052.00005,221047.6922,111880.0077,118645.245,82098.12862,6.41411578e-05
0.0007037086272,0.001422367837,0,91.85715919,-3.054600251,91.85715919,2.595314456,81783.06361,220316.2558,111510.8642,118253.9534,81829.09431,6.318555592e-05
0.0007042287371,0.001401176816,0,91.55316617,-3.049918759,91.55316617,2.592152928,81514.86911,219586.8374,111142.7391,117863.7413,81560.80222,6.224419152e-05
0.0007047488469,0.001380301556,0,91.25001183,-3.045250182,91.25001183,2.589000123,81247.41452,218859.4314,110775.6296,117474.6058,81293.25031,6.131685411e-05
0.0007052689568,0.001359737319,0,90.94769386,-3.040594485,90.94769386,2.585856016,80980.6978,218134.0323,110409.5329,117086.5439,81026.43652,6.040333322e-05
0.0007057890666,0.001339479478,0,90.64620995,-3.035951633,90.64620995,2.582720583,80714.7169,217410.6344,110044.4462,116699.5526,80760.35884,5.950342331e-05
0.0007063091765,0.001319523355,0,90.34555778,-3.03132159,90.34555778,2.579593801,80449.46979,216689.2322,109680.3668,116313.6289,80495.01521,5.861691649e-05
0.0007068292863,0.001299864549,0,90.04573508,-3.02670432,90.04573508,2.576475645,80184.95446,215969.8204,109317.2917,115928.7699,80230.40362,5.774361739e-05
0.0007073493962,0.001280498673,0,89.74673956,-3.022099789,89.74673956,2.573366091,79921.16888,215252.3933,108955.2184,115544.9728,79966.52205,5.688333103e-05
0.000707869506,0.001261421338,0,89.44856894,-3.017507962,89.44856894,2.570265117,79658.11105,214536.9455,108594.144,115162.2344,79703.36849,5.603586247e-05
0.0007083896159,0.001242628245,0,89.15122094,-3.012928802,89.15122094,2.567172698,79395.77896,213823.4716,108234.0657,114780.552,79440.94094,5.520102075e-05
0.0007089097257,0.001224115055,0,88.85469328,-3.008362276,88.85469328,2.56408881,79134.17059,213111.966,107874.9809,114399.9226,79179.23737,5.437861311e-05
0.0007094298356,0.001205877679,0,88.5589837,-3.003808349,88.5589837,2.56101343,78873.28396,212402.4234,107516.8867,114020.3433,78918.25581,5.356845786e-05
0.0007099499454,0.001187912051,0,88.26408996,-2.999266985,88.26408996,2.557946536,78613.11708,211694.8384,107159.7804,113641.8113,78657.99425,5.277037443e-05
0.0007104700553,0.001170214106,0,87.97000981,-2.994738151,87.97000981,2.554888102,78353.66797,210989.2055,106803.6594,113264.3235,78398.45073,5.198418223e-05
0.0007109901651,0.001152779851,0,87.67674099,-2.990221811,87.67674099,2.551838106,78094.93464,210285.5194,106448.5209,112887.8772,78139.62324,5.12097039e-05
0.000711510275,0.001135605265,0,87.38428127,-2.985717932,87.38428127,2.548796525,77836.91511,209583.7747,106094.3622,112512.4695,77881.50982,5.044676078e-05
0.0007120303848,0.001118686542,0,87.09262841,-2.981226478,87.09262841,2.545763335,77579.60742,208883.966,105741.1805,112138.0975,77624.1085,4.969518379e-05
0.0007125504947,0.001102019917,0,86.8017802,-2.976747415,86.8017802,2.542738514,77323.00962,208186.088,105388.9732,111764.7583,77367.41731,4.895480569e-05
0.0007130706045,0.001085601624,0,86.51173441,-2.97228071,86.51173441,2.539722038,77067.11973,207490.1355,105037.7377,111392.4492,77111.43431,4.822545922e-05
0.0007135907144,0.001069427956,0,86.22248884,-2.967826328,86.22248884,2.536713884,76811.93581,206796.103,104687.4712,111021.1672,76856.15753,4.750697968e-05
0.0007141108242,0.001053495186,0,85.93404126,-2.963384235,85.93404126,2.533714029,76557.45591,206103.9853,104338.171,110650.9095,76601.58502,4.679920151e-05
0.0007146309341,0.001037799772,0,85.64638948,-2.958954398,85.64638948,2.530722451,76303.67808,205413.777,103989.8345,110281.6733,76347.71484,4.610196731e-05
0.0007151510439,0.001022338225,0,85.35953132,-2.954536782,85.35953132,2.527739126,76050.6004,204725.473,103642.459,109913.4558,76094.54506,4.541512216e-05
0.0007156711538,0.001007107058,0,85.07346457,-2.950131354,85.07346457,2.524764032,75798.22093,204039.068,103296.0419,109546.2543,75842.07375,4.473851115e-05
0.0007161912636,0.000992102829,0,84.78818706,-2.945738081,84.78818706,2.521797145,75546.53775,203354.5567,102950.5806,109180.0657,75590.29897,4.407198135e-05
0.0007167113735,0.0009773220866,0,84.5036966,-2.941356928,84.5036966,2.518838445,75295.54893,202671.9339,102606.0723,108814.8875,75339.21881,4.341537946e-05
0.0007172314833,0.0009627615297,0,84.21999103,-2.936987862,84.21999103,2.515887907,75045.25255,201991.1944,102262.5145,108450.7167,75088.83135,4.276855881e-05
0.0007177515932,0.0009484179281,0,83.93706818,-2.93263085,83.93706818,2.512945509,74795.64671,201312.3331,101919.9045,108087.5507,74839.13468,4.213137592e-05
0.000718271703,0.0009342880515,0,83.6549259,-2.928285859,83.6549259,2.510011229,74546.72952,200635.3446,101578.2398,107725.3866,74590.1269,4.15036873e-05
0.0007187918129,0.0009203687041,0,83.37356204,-2.923952855,83.37356204,2.507085045,74298.49906,199960.224,101237.5177,107364.2217,74341.80611,4.088535097e-05
0.0007193119227,0.0009066566921,0,83.09297443,-2.919631806,83.09297443,2.504166934,74050.95344,199286.9659,100897.7357,107004.0532,74094.1704,4.027622507e-05
0.0007198320326,0.0008931489375,0,82.81316094,-2.915322678,82.81316094,2.501256874,73804.09077,198615.5653,100558.891,106644.8784,73847.21789,3.967617284e-05
0.0007203521424,0.0008798424483,0,82.53411944,-2.911025439,82.53411944,2.498354842,73557.90917,197946.0171,100220.9813,106286.6945,73600.9467,3.908506139e-05
0.0007208722523,0.0008667342327,0,82.2558478,-2.906740056,82.2558478,2.495460817,73312.40676,197278.3161,99884.00375,105929.4989,73355.35495,3.850275781e-05
0.0007213923621,0.0008538213232,0,81.9783439,-2.902466496,81.9783439,2.492574777,73067.58167,196612.4573,99547.95594,105573.2887,73110.44077,3.792913027e-05
0.000721912472,0.0008411007674,0,81.70160561,-2.898204726,81.70160561,2.489696698,72823.43203,195948.4355,99212.83525,105218.0612,72866.20228,3.736404761e-05
0.0007224325818,0.0008285696926,0,81.42563083,-2.893954715,81.42563083,2.486826561,72579.95597,195286.2457,98878.63914,104863.8138,72622.63761,3.680738224e-05
0.0007229526917,0.0008162253277,0,81.15041744,-2.889716429,81.15041744,2.483964341,72337.15165,194625.8829,98545.36505,104510.5438,72379.74492,3.625901103e-05
0.0007234728015,0.0008040649015,0,80.87596336,-2.885489836,80.87596336,2.481110019,72095.0172,193967.342,98213.01046,104158.2484,72137.52235,3.57188109e-05
0.0007239929114,0.0007920856583,0,80.60226648,-2.881274904,80.60226648,2.478263571,71853.55078,193310.6179,97881.57281,103806.925,71895.96806,3.518665943e-05
0.0007245130212,0.0007802848717,0,80.32932472,-2.877071601,80.32932472,2.475424977,71612.75054,192655.7058,97551.04957,103456.5708,71655.08019,3.46624355e-05
0.0007250331311,0.0007686598583,0,80.05713599,-2.872879894,80.05713599,2.472594214,71372.61465,192002.6005,97221.43823,103107.1833,71414.85691,3.41460199e-05
0.0007255532409,0.0007572080515,0,79.78569821,-2.868699752,79.78569821,2.469771261,71133.14127,191351.2971,96892.73626,102758.7597,71175.29638,3.363729863e-05
0.0007260733508,0.0007459268844,0,79.51500932,-2.864531144,79.51500932,2.466956097,70894.32859,190701.7906,96564.94117,102411.2974,70936.39679,3.313615764e-05
0.0007265934606,0.0007348137976,0,79.24506726,-2.860374036,79.24506726,2.464148699,70656.17478,190054.0761,96238.05046,102064.7937,70698.1563,3.264248326e-05
0.0007271135705,0.0007238662765,0,78.97586995,-2.856228397,78.97586995,2.461349047,70418.67801,189408.1486,95912.06162,101719.246,70460.5731,3.215616376e-05
0.0007276336803,0.0007130818122,0,78.70741534,-2.852094196,78.70741534,2.45855712,70181.83647,188764.0031,95586.97216,101374.6516,70223.64537,3.167708771e-05
0.0007281537902,0.0007024580272,0,78.43970139,-2.847971401,78.43970139,2.455772894,69945.64837,188121.6349,95262.7796,101031.008,69987.37131,3.120514948e-05
0.0007286739,0.0006919925442,0,78.17272605,-2.843859981,78.17272605,2.452996351,69710.11189,187481.0389,94939.48149,100688.3125,69751.74911,3.074024346e-05
0.0007291940099,0.0006816829857,0,77.9064873,-2.839759904,77.9064873,2.450227468,69475.22525,186842.2103,94617.07534,100346.5624,69516.77699,3.028226406e-05
0.0007297141197,0.0006715270344,0,77.64098309,-2.83567114,77.64098309,2.447466224,69240.98664,186205.1443,94295.55871,100005.7552,69282.45313,2.98311083e-05
0.0007302342296,0.0006615223436,0,77.37621139,-2.831593655,77.37621139,2.444712598,69007.39428,185569.8358,93974.92911,99665.88833,69048.77576,2.938667197e-05
0.0007307543394,0.0006516667107,0,77.11217019,-2.827527421,77.11217019,2.44196657,68774.44638,184936.2802,93655.18412,99326.9591,68815.74309,2.89488572e-05
0.0007312744493,0.0006419579336,0,76.84885747,-2.823472405,76.84885747,2.439228118,68542.14118,184304.4725,93336.3213,98988.96497,68583.35334,2.851756618e-05
0.0007317945591,0.0006323938103,0,76.58627123,-2.819428577,76.58627123,2.436497221,68310.4769,183674.408,93018.33822,98651.90335,68351.60475,2.809270108e-05
0.000732314669,0.0006229722132,0,76.32440947,-2.815395906,76.32440947,2.433773858,68079.45177,183046.0819,92701.23244,98315.77169,68120.49554,2.76741674e-05
0.0007328347788,0.0006136909097,0,76.06327016,-2.81137436,76.06327016,2.43105801,67849.06401,182419.4892,92385.00154,97980.56739,67890.02394,2.726186595e-05
0.0007333548887,0.000604547865,0,75.80285133,-2.80736391,75.80285133,2.428349654,67619.31188,181794.6253,92069.64311,97646.2879,67660.18819,2.685570634e-05
0.0007338749985,0.0005955410589,0,75.54315099,-2.803364525,75.54315099,2.42564877,67390.19364,181171.4854,91755.15475,97312.93068,67430.98656,2.645559883e-05
0.0007343951084,0.0005866684709,0,75.28416717,-2.799376174,75.28416717,2.422955339,67161.70752,180550.0647,91441.53406,96980.4932,67202.41729,2.606145367e-05
0.0007349152182,0.0005779280807,0,75.02589789,-2.795398827,75.02589789,2.420269338,66933.85178,179930.3586,91128.77864,96648.9729,66974.47863,2.56731811e-05
0.0007354353281,0.0005693179305,0,74.76834117,-2.791432454,74.76834117,2.417590748,66706.6247,179312.3622,90816.88612,96318.36727,66747.16885,2.529069415e-05
0.0007359554379,0.0005608359992,0,74.51149503,-2.787477023,74.51149503,2.414919548,66480.02451,178696.0708,90505.85409,95988.67376,66520.48619,2.491390305e-05
0.0007364755478,0.0005524804105,0,74.25535753,-2.783532506,74.25535753,2.412255718,66254.04951,178081.4798,90195.68018,95659.88986,66294.42894,2.454272444e-05
0.0007369956576,0.0005442493224,0,73.99992671,-2.779598871,73.99992671,2.409599238,66028.69796,177468.5844,89886.36205,95332.01307,66068.99538,2.417707649e-05
0.0007375157675,0.0005361408932,0,73.74520063,-2.77567609,73.74520063,2.406950087,65803.96815,176857.38,89577.89732,95005.0409,65844.18378,2.38168774e-05
0.0007380358773,0.0005281532811,0,73.49117733,-2.771764131,73.49117733,2.404308244,65579.85837,176247.8619,89270.28365,94678.97084,65619.99244,2.346204534e-05
0.0007385559872,0.0005202846895,0,73.2378549,-2.767862965,73.2378549,2.401673691,65356.3669,175640.0255,88963.51869,94353.80041,65396.41963,2.311250051e-05
0.000739076097,0.0005125332846,0,72.98523137,-2.763972563,72.98523137,2.399046406,65133.49203,175033.8661,88657.60007,94029.52711,65173.46365,2.276816143e-05
0.0007395962069,0.0005048973321,0,72.73330482,-2.760092894,72.73330482,2.39642637,64911.23206,174429.3791,88352.52548,93706.14847,64951.12279,2.242895107e-05
0.0007401163167,0.0004973751531,0,72.48207334,-2.756223929,72.48207334,2.393813563,64689.5853,173826.5598,88048.29259,93383.66203,64729.39536,2.209479485e-05
0.0007406364266,0.0004899650686,0,72.23153501,-2.752365639,72.23153501,2.391207964,64468.55007,173225.4038,87744.89908,93062.06534,64508.27968,2.176561818e-05
0.0007411565364,0.0004826653997,0,71.98168792,-2.748517994,71.98168792,2.388609554,64248.12467,172625.9063,87442.34264,92741.35594,64287.77406,2.144134647e-05
0.0007416766463,0.0004754744973,0,71.73253017,-2.744680965,71.73253017,2.386018314,64028.30742,172028.0629,87140.62095,92421.53137,64067.8768,2.112190649e-05
0.0007421967561,0.000468390702,0,71.48405984,-2.740854522,71.48405984,2.383434222,63809.09663,171431.8689,86839.73171,92102.5892,63848.58624,2.08072245e-05
0.000742716866,0.0004614124073,0,71.23627503,-2.737038635,71.23627503,2.38085726,63590.49064,170837.3199,86539.67262,91784.52697,63629.90069,2.049722913e-05
0.0007432369758,0.0004545380824,0,70.98917387,-2.733233278,70.98917387,2.378287408,63372.48778,170244.4111,86240.44138,91467.34228,63411.81848,2.01918524e-05
0.0007437570857,0.0004477661969,0,70.74275446,-2.729438419,70.74275446,2.375724646,63155.08639,169653.1383,85942.03574,91151.03272,63194.33797,1.989102632e-05
0.0007442771955,0.0004410952202,0,70.49701493,-2.72565403,70.49701493,2.373168955,62938.28481,169063.4967,85644.4534,90835.59585,62977.45749,1.959468288e-05
0.0007447973054,0.0004345236384,0,70.25195341,-2.721880082,70.25195341,2.370620315,62722.08139,168475.482,85347.6921,90521.02929,62761.17538,1.930275485e-05
0.0007453174152,0.0004280499548,0,70.00756801,-2.718116547,70.00756801,2.368078707,62506.47447,167889.0897,85051.74956,90207.33061,62545.48998,1.901517572e-05
0.0007458375251,0.000421672677,0,69.76385686,-2.714363396,69.76385686,2.365544111,62291.46239,167304.3152,84756.62352,89894.49741,62330.39965,1.873187921e-05
0.0007463576349,0.0004153904097,0,69.52081812,-2.710620599,69.52081812,2.363016508,62077.04353,166721.1541,84462.31174,89582.52733,62115.90276,1.845280334e-05
0.0007468777448,0.0004092017578,0,69.27844993,-2.706888129,69.27844993,2.360495879,61863.21626,166139.6019,84168.81197,89271.41798,61901.99766,1.817788611e-05
0.0007473978546,0.0004031053258,0,69.03675045,-2.703165957,69.03675045,2.357982205,61649.97894,165559.6543,83876.12198,88961.16699,61688.68273,1.790706556e-05
0.0007479179645,0.0003970997229,0,68.79571782,-2.699454054,68.79571782,2.355475465,61437.32995,164981.3068,83584.23952,88651.77199,61475.95634,1.764027989e-05
0.0007484380743,0.0003911836049,0,68.55535021,-2.695752393,68.55535021,2.352975642,61225.26765,164404.555,83293.16238,88343.23062,61263.81686,1.737746939e-05
0.0007489581842,0.0003853555815,0,68.31564576,-2.692060945,68.31564576,2.350482716,61013.79042,163829.3944,83002.88831,88035.54051,61052.26267,1.71185723e-05
0.000749478294,0.0003796143809,0,68.07660267,-2.688379681,68.07660267,2.347996668,60802.89666,163255.8207,82713.41511,87728.69932,60841.29215,1.686353211e-05
0.0007499984039,0.0003739587311,0,67.83821911,-2.684708574,67.83821911,2.345517479,60592.58476,162683.8295,82424.74058,87422.70471,60630.9037,1.661229234e-05
0.0007505185137,0.00036838736,0,67.60049326,-2.681047596,67.60049326,2.34304513,60382.85311,162113.4164,82136.86252,87117.55436,60421.09572,1.636479646e-05
0.0007510386236,0.0003628989959,0,67.3634233,-2.677396719,67.3634233,2.340579602,60173.70012,161544.5772,81849.77871,86813.24592,60211.86661,1.612098798e-05
0.0007515587334,0.0003574924154,0,67.12700744,-2.673755915,67.12700744,2.338120877,59965.12418,160977.3074,81563.48699,86509.77709,60003.21476,1.588081256e-05
0.0007520788433,0.000352166342,0,66.89124384,-2.670125155,66.89124384,2.335668936,59757.1237,160411.6027,81277.98514,86207.14552,59795.13857,1.564421349e-05
0.0007525989531,0.0003469196086,0,66.65613071,-2.666504413,66.65613071,2.333223759,59549.69709,159847.4588,80993.27099,85905.34891,59587.63647,1.541113892e-05
0.000753119063,0.0003417510558,0,66.42166628,-2.662893661,66.42166628,2.330785329,59342.84277,159284.8713,80709.34238,85604.38497,59380.70687,1.518153735e-05
0.0007536391728,0.0003366595239,0,66.18784875,-2.659292871,66.18784875,2.328353627,59136.55918,158723.8362,80426.19715,85304.25141,59174.34819,1.495535728e-05
0.0007541592827,0.0003316438536,0,65.95467633,-2.655702015,65.95467633,2.325928634,58930.84472,158164.3489,80143.83313,85004.94593,58968.55886,1.473254718e-05
0.0007546793925,0.0003267029216,0,65.72214724,-2.652121068,65.72214724,2.323510331,58725.69784,157606.4053,79862.24816,84706.46625,58763.33732,1.451305716e-05
0.0007551995024,0.0003218355677,0,65.49025971,-2.64855,65.49025971,2.321098701,58521.11696,157050.001,79581.44008,84408.81007,58558.68197,1.42968357e-05
0.0007557196122,0.0003170407156,0,65.25901196,-2.644988784,65.25901196,2.318693724,58317.10051,156495.1319,79301.40676,84111.97513,58354.59127,1.408383496e-05
0.0007562397221,0.0003123173083,0,65.02840223,-2.641437394,65.02840223,2.316295383,58113.64695,155941.7937,79022.14606,83815.95917,58151.06366,1.3874008e-05
0.0007567598319,0.0003076642888,0,64.79842877,-2.637895803,64.79842877,2.313903659,57910.75473,155389.9822,78743.65587,83520.75994,57948.09759,1.366730787e-05
0.0007572799418,0.0003030806,0,64.56908982,-2.634363983,64.56908982,2.311518534,57708.42229,154839.6932,78465.93404,83226.37518,57745.69152,1.34636876e-05
0.0007578000516,0.0002985652112,0,64.34038363,-2.630841908,64.34038363,2.30913999,57506.6481,154290.9224,78188.97846,82932.80264,57543.84389,1.32631014e-05
0.0007583201615,0.0002941170696,0,64.11230845,-2.62732955,64.11230845,2.306768008,57305.4306,153743.6658,77912.787,82640.04007,57342.55315,1.306550252e-05
0.0007588402713,0.0002897351806,0,63.88486253,-2.623826883,63.88486253,2.30440257,57104.76827,153197.919,77637.35756,82348.08524,57141.81778,1.287084675e-05
0.0007593603812,0.0002854185805,0,63.65804415,-2.62033388,63.65804415,2.302043659,56904.65956,152653.6779,77362.68805,82056.93592,56941.63624,1.267909131e-05
0.000759880491,0.0002811663059,0,63.43185157,-2.616850514,63.43185157,2.299691256,56705.10297,152110.9385,77088.77637,81766.58991,56742.00702,1.249019338e-05
0.0007604006009,0.0002769773931,0,63.20628308,-2.613376759,63.20628308,2.297345344,56506.09696,151569.6965,76815.62042,81477.04498,56542.92858,1.230411017e-05
0.0007609207107,0.0002728509087,0,62.98133695,-2.609912589,62.98133695,2.295005904,56307.64002,151029.9479,76543.21814,81188.29892,56344.39941,1.212080019e-05
0.0007614408206,0.0002687858872,0,62.75701146,-2.606457976,62.75701146,2.292672919,56109.73063,150491.6885,76271.56742,80900.34953,56146.41798,1.194022057e-05
0.0007619609304,0.0002647813872,0,62.53330487,-2.603012895,62.53330487,2.290346371,55912.36727,149954.9141,76000.66619,80613.19458,55948.98278,1.176232949e-05
0.0007624810403,0.0002608365404,0,62.3102155,-2.599577319,62.3102155,2.288026241,55715.54843,149419.6206,75730.51238,80326.83191,55752.09231,1.158708836e-05
0.0007630011501,0.0002569504784,0,62.08774166,-2.596151222,62.08774166,2.285712513,55519.27263,148885.8042,75461.10394,80041.25933,55555.74507,1.141445863e-05
0.00076352126,0.000253122333,0,61.86588164,-2.592734577,61.86588164,2.283405169,55323.53837,148353.4605,75192.43883,79756.47467,55359.93957,1.12444017e-05
0.0007640413698,0.0002493512357,0,61.64463375,-2.58932736,61.64463375,2.281104191,55128.34415,147822.5856,74924.51499,79472.47575,55164.67431,1.107687902e-05
0.0007645614797,0.0002456363182,0,61.4239963,-2.585929543,61.4239963,2.278809562,54933.68848,147293.1755,74657.33036,79189.2604,54969.94779,1.0911852e-05
0.0007650815895,0.0002419767732,0,61.20396761,-2.582541101,61.20396761,2.276521263,54739.56989,146765.2261,74390.88292,78906.82648,54775.75854,1.074928478e-05
0.0007656016994,0.0002383717005,0,60.98454597,-2.579162008,60.98454597,2.274239278,54545.98686,146238.7332,74125.1706,78625.17178,54582.10505,1.058913737e-05
0.0007661218092,0.0002348203187,0,60.76572973,-2.575792238,60.76572973,2.271963589,54352.93792,145713.693,73860.19139,78344.29417,54388.98585,1.043137506e-05
0.0007666419191,0.0002313218516,0,60.54751722,-2.572431765,60.54751722,2.269694179,54160.42162,145190.1014,73595.94328,78064.19152,54196.39948,1.027596337e-05
0.0007671620289,0.0002278755227,0,60.32990677,-2.569080564,60.32990677,2.26743103,53968.43649,144667.9544,73332.42426,77784.8617,54004.34447,1.012286781e-05
0.0007676821388,0.0002244805556,0,60.11289674,-2.56573861,60.11289674,2.265174126,53776.98106,144147.2481,73069.6323,77506.30258,53812.81935,9.972053877e-06
0.0007682022486,0.0002211361739,0,59.89648545,-2.562405876,59.89648545,2.262923449,53586.05386,143627.9785,72807.56541,77228.51203,53621.82266,9.82348709e-06
0.0007687223585,0.0002178416311,0,59.68067127,-2.559082338,59.68067127,2.260678981,53395.65345,143110.1415,72546.22159,76951.48792,53431.35295,9.677134287e-06
0.0007692424683,0.0002145961514,0,59.46545252,-2.555767969,59.46545252,2.258440706,53205.77836,142593.7333,72285.59882,76675.22813,53241.40875,9.532961008e-06
0.0007697625782,0.0002113989944,0,59.25082756,-2.552462744,59.25082756,2.256208607,53016.42713,142078.7499,72025.69511,76399.73055,53051.9886,9.390934356e-06
0.000770282688,0.0002082494658,0,59.03679477,-2.549166639,59.03679477,2.253982666,52827.59833,141565.1874,71766.5085,76124.99308,52863.09107,9.25102349e-06
0.0007708027979,0.0002051468715,0,58.82335252,-2.545879629,58.82335252,2.251762866,52639.29053,141053.0418,71508.037,75851.01363,52674.71473,9.113197575e-06
0.0007713229077,0.0002020905172,0,58.61049917,-2.542601687,58.61049917,2.249549191,52451.50228,140542.3093,71250.27865,75577.79013,52486.85813,8.977425771e-06
0.0007718430176,0.0001990797087,0,58.39823312,-2.53933279,58.39823312,2.247341624,52264.23215,140032.986,70993.23148,75305.32047,52299.51984,8.84367724e-06
0.0007723631274,0.0001961137536,0,58.18655271,-2.536072912,58.18655271,2.245140148,52077.47872,139525.0679,70736.89353,75033.60257,52112.69843,8.711921224e-06
0.0007728832373,0.0001931920056,0,57.97545636,-2.532822028,57.97545636,2.242944746,51891.24055,139018.5512,70481.26284,74762.63438,51926.39248,8.58212901e-06
0.0007734033471,0.0001903137468,0,57.76494243,-2.529580113,57.76494243,2.240755401,51705.51622,138513.432,70226.33743,74492.41378,51740.60054,8.454268705e-06
0.000773923457,0.0001874783564,0,57.55500931,-2.526347143,57.55500931,2.238572097,51520.3043,138009.7065,69972.11537,74222.93874,51555.32121,8.328312736e-06
0.0007744435668,0.0001846852137,0,57.34565542,-2.523123093,57.34565542,2.236394816,51335.60339,137507.3708,69718.59474,73954.2072,51370.55308,8.20423353e-06
0.0007749636767,0.0001819336981,0,57.13687915,-2.519907939,57.13687915,2.234223543,51151.4121,137006.4211,69465.77359,73686.21712,51186.29474,8.082003513e-06
0.0007754837865,0.0001792231888,0,56.92867893,-2.516701656,56.92867893,2.232058261,50967.729,136506.8535,69213.65001,73418.96645,51002.54479,7.961595114e-06
0.0007760038964,0.0001765530652,0,56.72105315,-2.513504219,56.72105315,2.229898953,50784.5527,136008.6643,68962.22206,73152.45315,50819.30182,7.84298076e-06
0.0007765240062,0.0001739227343,0,56.51400023,-2.510315604,56.51400023,2.227745602,50601.8818,135511.8497,68711.48783,72886.6752,50636.56443,7.726134107e-06
0.0007770441161,0.0001713315704,0,56.30751859,-2.507135786,56.30751859,2.225598193,50419.7149,135016.4058,68461.44538,72621.63053,50454.33122,7.611027363e-06
0.0007775642259,0.000168778989,0,56.10160663,-2.503964742,56.10160663,2.223456709,50238.05059,134522.3289,68212.0928,72357.31712,50272.60079,7.49763456e-06
0.0007780843358,0.0001662644351,0,55.89626279,-2.500802447,55.89626279,2.221321133,50056.88751,134029.6151,67963.42821,72093.73298,50091.37177,7.385931045e-06
0.0007786044456,0.0001637873538,0,55.69148553,-2.497648877,55.69148553,2.21919145,49876.22428,133538.2608,67715.44971,71830.8761,49910.64278,7.275892166e-06
0.0007791245555,0.00016134719,0,55.48727327,-2.494504008,55.48727327,2.217067642,49696.05952,133048.2623,67468.15542,71568.74447,49730.41244,7.167493268e-06
0.0007796446653,0.0001589433888,0,55.28362446,-2.491367817,55.28362446,2.214949694,49516.39185,132559.6156,67221.54343,71307.33609,49550.67937,7.060709698e-06
0.0007801647752,0.0001565754009,0,55.08053753,-2.488240278,55.08053753,2.21283759,49337.21989,132072.3172,66975.61187,71046.64896,49371.4422,6.955517058e-06
0.000780684885,0.0001542427006,0,54.87801095,-2.485121369,54.87801095,2.210731314,49158.54229,131586.3633,66730.35887,70786.68109,49192.69956,6.851891988e-06
0.0007812049949,0.0001519447238,0,54.67604313,-2.482011064,54.67604313,2.208630849,48980.35766,131101.7502,66485.78252,70527.43048,49014.45007,6.749809435e-06
0.0007817251047,0.0001496809744,0,54.47463256,-2.478909341,54.47463256,2.206536179,48802.66465,130618.4742,66241.88097,70268.89515,48836.69239,6.649247355e-06
0.0007822452146,0.000147450956,0,54.27377771,-2.475816177,54.27377771,2.204447288,48625.46191,130136.5315,65998.65237,70011.07315,48659.42515,6.550183706e-06
0.0007827653244,0.0001452541726,0,54.07347703,-2.472731546,54.07347703,2.202364161,48448.74809,129655.9186,65756.09487,69753.96252,48482.64701,6.452596445e-06
0.0007832854343,0.0001430901279,0,53.87372902,-2.469655427,53.87372902,2.200286782,48272.52185,129176.6318,65514.20661,69497.56128,48306.35662,6.356463529e-06
0.0007838055441,0.0001409583257,0,53.67453213,-2.466587795,53.67453213,2.198215134,48096.78183,128698.6674,65273.446,69241.86748,48130.55264,6.261762915e-06
0.000784325654,0.0001388582949,0,53.47588485,-2.463528627,53.47588485,2.196149202,47921.5267,128222.0217,65033.60228,68986.87917,47955.23372,6.168473676e-06
0.0007848457638,0.0001367895314,0,53.27778564,-2.460477899,53.27778564,2.194088971,47746.7551,127746.6912,64794.4203,68732.59439,47780.3985,6.076573418e-06
0.0007853658737,0.0001347515735,0,53.08023301,-2.457435588,53.08023301,2.192034423,47572.46571,127272.6721,64555.89823,68479.01119,47606.04567,5.986041629e-06
0.0007858859835,0.0001327439775,0,52.88322543,-2.454401672,52.88322543,2.189985545,47398.65719,126799.9608,64318.03427,68226.12765,47432.17388,5.8968586e-06
0.0007864060934,0.0001307662997,0,52.68676143,-2.451376126,52.68676143,2.187942319,47225.32823,126328.5539,64080.8266,67973.94184,47258.78183,5.809004623e-06
0.0007869262032,0.0001288180964,0,52.4908395,-2.448358928,52.4908395,2.185904731,47052.4775,125858.4476,63844.27342,67722.45185,47085.86819,5.722459988e-06
0.0007874463131,0.000126898924,0,52.29545815,-2.445350055,52.29545815,2.183872765,46880.10369,125389.6384,63608.37292,67471.65575,46913.43164,5.637204986e-06
0.0007879664229,0.0001250083523,0,52.10061587,-2.442349484,52.10061587,2.181846405,46708.20548,124922.1227,63373.1233,67221.55163,46741.47086,5.553220505e-06
0.0007884865328,0.0001231459591,0,51.9063112,-2.439357192,51.9063112,2.179825636,46536.78156,124455.8969,63138.52276,66972.13759,46569.98454,5.47048779e-06
0.0007890066426,0.0001213112751,0,51.7125426,-2.436373156,51.7125426,2.177810443,46365.83059,123990.9575,62904.56948,66723.41166,46398.97135,5.388985998e-06
0.0007895267525,0.000119503909,0,51.51930863,-2.433397353,51.51930863,2.17580081,46195.35128,123527.3008,62671.26169,66475.37199,46228.42999,5.308697743e-06
0.0007900468623,0.0001177234695,0,51.32660781,-2.43042976,51.32660781,2.173796721,46025.34234,123064.9234,62438.59761,66228.01668,46058.35917,5.229605642e-06
0.0007905669722,0.0001159695652,0,51.13443867,-2.427470356,51.13443867,2.171798162,45855.80248,122603.8218,62206.57549,65981.34386,45888.75759,5.151692308e-06
0.000791087082,0.0001142418047,0,50.94279976,-2.424519116,50.94279976,2.169805118,45686.7304,122143.9924,61975.19356,65735.35165,45719.62397,5.074940359e-06
0.0007916071919,0.0001125397968,0,50.75168962,-2.42157602,50.75168962,2.167817572,45518.12481,121685.4318,61744.45004,65490.03817,45550.95701,4.999332408e-06
0.0007921273017,0.00011086315,0,50.56110677,-2.418641044,50.56110677,2.16583551,45349.98443,121228.1364,61514.34316,65245.40153,45382.75543,4.924851071e-06
0.0007926474116,0.000109211486,0,50.37104976,-2.415714166,50.37104976,2.163858918,45182.30796,120772.1028,61284.87119,65001.43989,45215.01793,4.851479538e-06
0.0007931675214,0.000107584436,0,50.18151715,-2.412795364,50.18151715,2.161887778,45015.09414,120317.3274,61056.03235,64758.15136,45047.74324,4.779201427e-06
0.0007936876313,0.0001059815941,0,49.99250745,-2.409884615,49.99250745,2.159922077,44848.34165,119863.8067,60827.82488,64515.53406,44880.93006,4.707998711e-06
0.0007942077411,0.0001044026184,0,49.80401924,-2.406981896,49.80401924,2.1579618,44682.04924,119411.5373,60600.24705,64273.58616,44714.57712,4.637856196e-06
0.000794727851,0.0001028471669,0,49.6160511,-2.404087187,49.6160511,2.156006931,44516.21565,118960.5158,60373.29712,64032.30582,44548.68316,4.568758691e-06
0.0007952479609,0.0001013148976,0,49.42860159,-2.401200464,49.42860159,2.154057456,44350.83962,118510.7387,60146.97339,63791.6912,44383.24693,4.500691003e-06
0.0007957680707,9.980546838e-05,0,49.24166928,-2.398321707,49.24166928,2.15211336,44185.91988,118062.2026,59921.27411,63551.74048,44218.26717,4.433637938e-06
0.0007962881806,9.831853737e-05,0,49.05525274,-2.395450892,49.05525274,2.150174629,44021.45518,117614.9042,59696.19758,63312.45182,44053.7426,4.367584306e-06
0.0007968082904,9.685376254e-05,0,48.86935056,-2.392587999,48.86935056,2.148241246,43857.44426,117168.8398,59471.74206,63073.82339,43889.67198,4.302514913e-06
0.0007973284003,9.541081416e-05,0,48.6839613,-2.389733004,48.6839613,2.146313198,43693.88587,116724.0062,59247.90584,62835.85337,43726.05406,4.238415112e-06
0.0007978485101,9.398936799e-05,0,48.49908356,-2.386885887,48.49908356,2.144390469,43530.77875,116280.4,59024.68722,62598.53994,43562.88757,4.175270499e-06
0.00079836862,9.258907125e-05,0,48.3147159,-2.384046625,48.3147159,2.142473045,43368.12165,115838.0177,58802.08446,62361.88125,43400.17126,4.113065403e-06
0.0007988887298,9.120962508e-05,0,48.13085692,-2.381215197,48.13085692,2.140560912,43205.91332,115396.8559,58580.09587,62125.87552,43237.90389,4.051786547e-06
0.0007994088397,8.985073061e-05,0,47.94750522,-2.37839158,47.94750522,2.138654054,43044.15254,114956.9114,58358.71977,61890.52096,43076.08423,3.991420656e-06
0.0007999289495,8.851208896e-05,0,47.76465943,-2.375575755,47.76465943,2.136752458,42882.83809,114518.1807,58137.95448,61655.81578,42914.71106,3.931954451e-06
0.0008004490594,8.719340126e-05,0,47.58231814,-2.372767699,47.58231814,2.134856109,42721.96873,114080.6606,57917.79832,61421.75819,42753.78314,3.873374657e-06
0.0008009691692,8.589436864e-05,0,47.40047995,-2.369967391,47.40047995,2.132964992,42561.54323,113644.3477,57698.24961,61188.3464,42593.29925,3.815667996e-06
0.0008014892791,8.461469224e-05,0,47.21914349,-2.36717481,47.21914349,2.131079092,42401.56036,113209.2386,57479.30666,60955.57863,42433.25815,3.758821192e-06
0.0008020093889,8.335408472e-05,0,47.03830735,-2.364389933,47.03830735,2.129198396,42242.01891,112775.33,57260.9678,60723.45309,42273.65862,3.702821482e-06
0.0008025294988,8.211226107e-05,0,46.85797017,-2.361612741,46.85797017,2.12732289,42082.91766,112342.6187,57043.23138,60491.96802,42114.49946,3.647656204e-06
0.0008030496086,8.088891459e-05,0,46.67813054,-2.35884321,46.67813054,2.125452558,41924.25536,111911.1012,56826.09568,60261.12162,41955.77941,3.593311733e-06
0.0008035697185,7.968378411e-05,0,46.49878711,-2.356081321,46.49878711,2.123587386,41766.03082,111480.7743,56609.55908,60030.91214,41797.49728,3.539776468e-06
0.0008040898283,7.849660845e-05,0,46.3199385,-2.353327053,46.3199385,2.12172736,41608.24285,111051.6347,56393.61993,59801.33784,41639.65186,3.487038806e-06
0.0008046099382,7.732712642e-05,0,46.14158336,-2.350580384,46.14158336,2.119872467,41450.89023,110623.6792,56178.27659,59572.39697,41482.24197,3.435087144e-06
0.000805130048,7.617507685e-05,0,45.96372034,-2.347841293,45.96372034,2.118022692,41293.97177,110196.9045,55963.52742,59344.08778,41325.2664,3.383909882e-06
0.0008056501579,7.504019854e-05,0,45.78634808,-2.34510976,45.78634808,2.11617802,41137.48628,109771.3074,55749.37078,59116.40854,41168.72394,3.333495414e-06
0.0008061702677,7.392223033e-05,0,45.60946521,-2.342385764,45.60946521,2.114338438,40981.43255,109346.8845,55535.80502,58889.3575,41012.61341,3.283832141e-06
0.0008066903776,7.282092182e-05,0,45.43307038,-2.339669284,45.43307038,2.112503932,40825.8094,108923.6327,55322.82853,58662.93293,40856.93361,3.234908938e-06
0.0008072104874,7.17360225e-05,0,45.25716226,-2.336960299,45.25716226,2.110674487,40670.61563,108501.5487,55110.43966,58437.13309,40701.68335,3.186714677e-06
0.0008077305973,7.066726574e-05,0,45.08173946,-2.334258788,45.08173946,2.10885009,40515.85004,108080.6292,54898.63678,58211.95624,40546.86143,3.139237514e-06
0.0008082507071,6.961442331e-05,0,44.90680068,-2.33156473,44.90680068,2.107030727,40361.51146,107660.8711,54687.41828,57987.40067,40392.46667,3.092467309e-06
0.000808770817,6.857726695e-05,0,44.73234457,-2.328878106,44.73234457,2.105216384,40207.59872,107242.2711,54476.78256,57763.46467,40238.4979,3.046393924e-06
0.0008092909268,6.755556841e-05,0,44.55836981,-2.326198895,44.55836981,2.103407046,40054.11065,106824.8261,54266.72801,57540.14655,40084.95396,3.001007219e-06
0.0008098110367,6.654909946e-05,0,44.38487509,-2.323527076,44.38487509,2.101602701,39901.04608,106408.533,54057.25305,57317.44461,39931.83368,2.956297054e-06
0.0008103311465,6.555763185e-05,0,44.21185906,-2.32086263,44.21185906,2.099803334,39748.40384,105993.3884,53848.35606,57095.35714,39779.13587,2.912253291e-06
0.0008108512564,6.458093733e-05,0,44.03932042,-2.318205534,44.03932042,2.098008932,39596.18276,105579.3893,53640.03545,56873.88244,39626.85938,2.86886579e-06
0.0008113713662,6.36187977e-05,0,43.86725783,-2.315555771,43.86725783,2.096219481,39444.38168,105166.5325,53432.28962,56653.01883,39475.00305,2.826124857e-06
0.0008118914761,6.267099281e-05,0,43.69566999,-2.312913318,43.69566999,2.094434968,39292.99944,104754.8149,53225.117,56432.7646,39323.5657,2.784020714e-06
0.0008124115859,6.173729086e-05,0,43.52455557,-2.310278156,43.52455557,2.092655378,39142.03486,104344.2331,53018.51597,56213.11807,39172.54618,2.742543063e-06
0.0008129316958,6.081749237e-05,0,43.35391326,-2.307650264,43.35391326,2.090880698,38991.48681,103934.7842,52812.48497,55994.07755,39021.94332,2.701683043e-06
0.0008134518056,5.991139789e-05,0,43.18374178,-2.305029623,43.18374178,2.089110915,38841.35414,103526.4651,52607.02243,55775.6414,38871.756,2.661431793e-06
0.0008139719155,5.901880795e-05,0,43.01403983,-2.302416213,43.01403983,2.087346014,38691.63571,103119.2725,52402.1268,55557.80795,38721.98307,2.621780452e-06
0.0008144920253,5.813952309e-05,0,42.84480613,-2.299810014,42.84480613,2.085585984,38542.33038,102713.2035,52197.79652,55340.57555,38572.6234,2.582720161e-06
0.0008150121352,5.727334385e-05,0,42.67603937,-2.297211006,42.67603937,2.083830809,38393.43701,102308.2549,51994.03002,55123.94252,38423.67583,2.544242057e-06
0.000815532245,5.642007076e-05,0,42.50773826,-2.294619169,42.50773826,2.082080478,38244.95445,101904.4236,51790.82574,54907.90722,38275.13922,2.506337281e-06
0.0008160523549,5.55795205e-05,0,42.33990153,-2.292034484,42.33990153,2.080334976,38096.8816,101501.7065,51588.18215,54692.46801,38127.01247,2.468997688e-06
0.0008165724647,5.475149871e-05,0,42.1725279,-2.28945693,42.1725279,2.07859429,37949.2173,101100.1007,51386.09768,54477.62324,37979.29442,2.432214645e-06
0.0008170925746,5.393578752e-05,0,42.00561604,-2.286886487,42.00561604,2.076858407,37801.96039,100699.6028,51184.57076,54263.37121,37831.98391,2.395978474e-06
0.0008176126844,5.313221549e-05,0,41.83916469,-2.284323136,41.83916469,2.075127313,37655.10977,100300.2099,50983.59985,54049.7103,37685.07984,2.360281558e-06
0.0008181327943,5.234061122e-05,0,41.6731726,-2.281766858,41.6731726,2.073400995,37508.66433,99901.91905,50783.18345,53836.63891,37538.58109,2.325116282e-06
0.0008186529041,5.156080325e-05,0,41.50763852,-2.279217633,41.50763852,2.071679441,37362.62295,99504.7271,50583.32002,53624.15542,37392.48655,2.290475033e-06
0.000819173014,5.079262018e-05,0,41.34256117,-2.276675442,41.34256117,2.069962636,37216.98453,99108.63108,50384.00806,53412.25821,37246.79512,2.256350193e-06
0.0008196931238,5.003589057e-05,0,41.17793931,-2.274140265,41.17793931,2.068250569,37071.74796,98713.62797,50185.24604,53200.94567,37101.50567,2.222734148e-06
0.0008202132337,4.929044301e-05,0,41.01377167,-2.271612084,41.01377167,2.066543225,36926.91212,98319.71477,49987.03245,52990.21619,36956.61711,2.189619283e-06
0.0008207333435,4.855610605e-05,0,40.850057,-2.269090878,40.850057,2.064840593,36782.47591,97926.88844,49789.36576,52780.06815,36812.12833,2.156997982e-06
0.0008212534534,4.783270827e-05,0,40.68679405,-2.266576628,40.68679405,2.063142658,36638.43822,97535.14598,49592.24446,52570.49993,36668.03821,2.124862631e-06
0.0008217735632,4.712009771e-05,0,40.52398157,-2.264069316,40.52398157,2.061449408,36494.79796,97144.48443,49395.66707,52361.50997,36524.34566,2.093206477e-06
0.0008222936731,4.641810042e-05,0,40.36161832,-2.261568922,40.36161832,2.059760831,36351.55402,96754.90076,49199.63206,52153.09663,36381.04958,2.062021795e-06
0.0008228137829,4.572654157e-05,0,40.19970302,-2.259075426,40.19970302,2.058076911,36208.70528,96366.39193,49004.13789,51945.25829,36238.14884,2.031300817e-06
0.0008233338928,4.504527551e-05,0,40.03823445,-2.256588811,40.03823445,2.056397638,36066.25067,95978.95502,48809.18311,51737.99339,36095.64238,2.001037074e-06
0.0008238540026,4.437415662e-05,0,39.87721139,-2.254109055,39.87721139,2.054722998,35924.18911,95592.5871,48614.76623,51531.30036,35953.5291,1.971224097e-06
0.0008243741125,4.371303924e-05,0,39.71663263,-2.251636142,39.71663263,2.053052979,35782.51952,95207.28523,48420.88578,51325.17763,35811.80794,1.941855415e-06
0.0008248942223,4.306177774e-05,0,39.55649693,-2.249170053,39.55649693,2.051387568,35641.24082,94823.04649,48227.54028,51119.62364,35670.47782,1.912924558e-06
0.0008254143322,4.242022648e-05,0,39.39680308,-2.246710767,39.39680308,2.049726752,35500.35194,94439.86795,48034.72827,50914.63681,35529.53766,1.884425057e-06
0.000825934442,4.178823981e-05,0,39.23754987,-2.244258268,39.23754987,2.048070519,35359.8518,94057.74669,47842.44827,50710.21559,35388.98638,1.856350443e-06
0.0008264545519,4.116567211e-05,0,39.07873606,-2.241812535,39.07873606,2.046418855,35219.73933,93676.67977,47650.6988,50506.3584,35248.8229,1.828694245e-06
0.0008269746617,4.055237772e-05,0,38.92036044,-2.239373551,38.92036044,2.044771749,35080.01345,93296.66426,47459.47839,50303.06368,35109.04616,1.801449993e-06
0.0008274947716,3.994823199e-05,0,38.76242183,-2.236941296,38.76242183,2.043129187,34940.67311,92917.69732,47268.78561,50100.32991,34969.65509,1.774612151e-06
0.0008280148814,3.935307853e-05,0,38.60491897,-2.234515752,38.60491897,2.041491157,34801.71721,92539.77598,47078.61897,49898.15549,34830.64862,1.74817377e-06
0.0008285349913,3.876677602e-05,0,38.44785067,-2.2320969,38.44785067,2.039857647,34663.14469,92162.89731,46888.97699,49696.53887,34692.02565,1.722128574e-06
0.0008290551011,3.818920074e-05,0,38.29121572,-2.229684722,38.29121572,2.038228643,34524.9545,91787.05848,46699.85825,49495.47852,34553.78516,1.696471065e-06
0.000829575211,3.762022896e-05,0,38.13501295,-2.227279199,38.13501295,2.036604135,34387.14559,91412.25664,46511.2613,49294.97292,34415.92609,1.671195748e-06
0.0008300953208,3.705973694e-05,0,37.97924118,-2.224880314,37.97924118,2.034984108,34249.71693,91038.48894,46323.18474,49095.02055,34278.4474,1.646297125e-06
0.0008306154307,3.650760094e-05,0,37.82389921,-2.222488048,37.82389921,2.033368552,34112.66746,90665.75255,46135.62711,48895.6199,34141.34804,1.621769701e-06
0.0008311355405,3.596369725e-05,0,37.66898587,-2.220102382,37.66898587,2.031757453,33975.99613,90294.04463,45948.587,48696.76943,34004.62697,1.597607978e-06
0.0008316556504,3.542790211e-05,0,37.51449997,-2.217723299,37.51449997,2.0301508,33839.70192,89923.36233,45762.06297,48498.46764,33868.28314,1.57380646e-06
0.0008321757602,3.490009181e-05,0,37.36044032,-2.215350781,37.36044032,2.028548579,33703.78376,89553.70281,45576.0536,48300.713,33732.3155,1.550359651e-06
0.0008326958701,3.43801426e-05,0,37.20680574,-2.212984808,37.20680574,2.02695078,33568.24061,89185.06323,45390.55745,48103.50399,33596.72302,1.527262053e-06
0.0008332159799,3.386795224e-05,0,37.05359509,-2.210625364,37.05359509,2.025357389,33433.07148,88817.44084,45205.57314,47906.83914,33461.50468,1.504509126e-06
0.0008337360898,3.336338117e-05,0,36.90080715,-2.20827243,36.90080715,2.023768394,33298.27527,88450.83273,45021.09921,47710.71689,33326.65941,1.482094668e-06
0.0008342561996,3.286631496e-05,0,36.74844075,-2.205925988,36.74844075,2.022183784,33163.85097,88085.23609,44837.13424,47515.13574,33192.18617,1.460013597e-06
0.0008347763095,3.237664851e-05,0,36.59649474,-2.203586019,36.59649474,2.020603545,33029.79755,87720.64816,44653.67684,47320.09421,33058.08396,1.438261244e-06
0.0008352964193,3.189427669e-05,0,36.44496797,-2.201252507,36.44496797,2.019027667,32896.114,87357.06618,44470.72562,47125.59084,32924.35175,1.41683294e-06
0.0008358165292,3.141909439e-05,0,36.2938593,-2.198925433,36.2938593,2.017456137,32762.79932,86994.48739,44288.27921,46931.62413,32790.98853,1.395724013e-06
0.000836336639,3.095099648e-05,0,36.14316757,-2.196604781,36.14316757,2.015888943,32629.85247,86632.90905,44106.3362,46738.19263,32657.99329,1.374929796e-06
0.0008368567489,3.048987784e-05,0,35.99289163,-2.194290531,35.99289163,2.014326073,32497.27246,86272.32838,43924.89522,46545.29484,32525.36502,1.354445617e-06
0.0008373768587,3.003563336e-05,0,35.84303034,-2.191982667,35.84303034,2.012767515,32365.05826,85912.74263,43743.95487,46352.9293,32393.1027,1.334266807e-06
0.0008378969686,2.958815791e-05,0,35.69358254,-2.189681171,35.69358254,2.011213258,32233.20887,85554.14904,43563.51377,46161.09453,32261.20531,1.314388696e-06
0.0008384170784,2.914734637e-05,0,35.54454708,-2.187386025,35.54454708,2.00966329,32101.72326,85196.54486,43383.57053,45969.78906,32129.67184,1.294806615e-06
0.0008389371883,2.871311491e-05,0,35.39592287,-2.185097212,35.39592287,2.008117598,31970.60047,84839.92744,43204.12381,45779.01147,31998.50132,1.27551684e-06
0.0008394572981,2.828533971e-05,0,35.24770871,-2.182814714,35.24770871,2.006576171,31839.83944,84484.29391,43025.17218,45588.76023,31867.69269,1.256513869e-06
0.000839977408,2.786392799e-05,0,35.09990347,-2.180538513,35.09990347,2.005038996,31709.43918,84129.64158,42846.71428,45399.03389,31737.24496,1.237793582e-06
0.0008404975178,2.744879044e-05,0,34.95250604,-2.178268593,34.95250604,2.003506063,31579.39871,83775.96777,42668.74876,45209.83102,31607.15715,1.219352012e-06
0.0008410176277,2.703983776e-05,0,34.8055153,-2.176004936,34.8055153,2.001977359,31449.71704,83423.2698,42491.27428,45021.15019,31477.42827,1.201185191e-06
0.0008415377375,2.663698064e-05,0,34.65893014,-2.173747524,34.65893014,2.000452873,31320.39318,83071.545,42313.68186,44832.98998,31348.05734,1.183289151e-06
0.0008420578474,2.624012978e-05,0,34.51274944,-2.171496341,34.51274944,1.998932594,31191.42616,82720.79069,42136.38208,44645.34894,31219.04338,1.165659926e-06
0.0008425779572,2.584919585e-05,0,34.36697209,-2.16925137,34.36697209,1.99741651,31062.81499,82371.00419,41960.42938,44458.22564,31090.38539,1.148293548e-06
0.0008430980671,2.546408956e-05,0,34.22159698,-2.167012593,34.22159698,1.995904609,30934.55869,82022.18283,41785.19244,44271.61866,30962.0824,1.13118605e-06
0.0008436181769,2.50847216e-05,0,34.07662297,-2.164779994,34.07662297,1.994396879,30806.65626,81674.32393,41610.43902,44085.52656,30834.13341,1.114333465e-06
0.0008441382868,2.471100321e-05,0,33.93204897,-2.162553554,33.93204897,1.992893309,30679.10674,81327.42482,41436.16775,43899.94791,30706.53746,1.097731849e-06
0.0008446583966,2.43428641e-05,0,33.78787391,-2.160333258,33.78787391,1.991393889,30551.90917,80981.48293,41262.37737,43714.88135,30579.29358,1.08137808e-06
0.0008451785065,2.398019653e-05,0,33.64409661,-2.158119088,33.64409661,1.989898605,30425.06252,80636.49547,41088.99418,43530.32537,30452.40077,1.065267373e-06
0.0008456986163,2.362292461e-05,0,33.500716,-2.155911026,33.500716,1.988407446,30298.56586,80292.45985,40915.87851,43346.27858,30325.85805,1.049396356e-06
0.0008462187262,2.327097249e-05,0,33.35773099,-2.153709057,33.35773099,1.986920402,30172.4182,79949.37345,40743.24048,43162.7396,30199.66448,1.033761658e-06
0.000846738836,2.292426427e-05,0,33.2151405,-2.151513164,33.2151405,1.985437461,30046.61861,79607.23369,40571.07878,42979.70703,30073.8191,1.01835991e-06
0.0008472589459,2.25827241e-05,0,33.07294345,-2.149323329,33.07294345,1.983958612,29921.16613,79266.03797,40399.39212,42797.17949,29948.32095,1.003187741e-06
0.0008477790557,2.224627609e-05,0,32.93113875,-2.147139537,32.93113875,1.982483843,29796.0598,78925.78368,40228.17918,42615.15559,29823.16908,9.882417794e-07
0.0008482991656,2.191484437e-05,0,32.78972533,-2.14496177,32.78972533,1.981013143,29671.29867,78586.46824,40057.43866,42433.63393,29698.36253,9.735186559e-07
0.0008488192754,2.158835307e-05,0,32.6487021,-2.142790012,32.6487021,1.979546502,29546.88178,78248.08905,39887.16925,42252.61313,29573.90035,9.590149996e-07
0.0008493393853,2.126672632e-05,0,32.50806797,-2.140624247,32.50806797,1.978083907,29422.80818,77910.6435,39717.36964,42072.0918,29449.78159,9.4472744e-07
0.0008498594951,2.09498939e-05,0,32.36782189,-2.138464457,32.36782189,1.976625348,29299.07692,77574.12904,39548.03855,41892.06857,29326.00529,9.306528581e-07
0.000850379605,2.063779593e-05,0,32.22796281,-2.136310627,32.22796281,1.975170813,29175.6871,77238.54319,39379.17472,41712.5421,29202.57055,9.167885938e-07
0.0008508997148,2.033033109e-05,0,32.08848958,-2.13416274,32.08848958,1.973720292,29052.63769,76903.88315,39210.77675,41533.51092,29079.47635,9.031301461e-07
0.0008514198247,2.002743625e-05,0,31.94940115,-2.132020778,31.94940115,1.972273772,28929.92776,76570.14642,39042.84339,41354.97367,28956.72175,8.896747101e-07
0.0008519399345,1.972904824e-05,0,31.81069646,-2.129884726,31.81069646,1.970831243,28807.55639,76237.33048,38875.37335,41176.92902,28834.30583,8.764194808e-07
0.0008524600444,1.943510394e-05,0,31.67237448,-2.127754567,31.67237448,1.969392695,28685.52266,75905.43283,38708.36539,40999.37561,28712.22768,8.633616532e-07
0.0008529801542,1.914554021e-05,0,31.53443416,-2.125630286,31.53443416,1.967958115,28563.82564,75574.45095,38541.81824,40822.3121,28590.48636,8.504984225e-07
0.0008535002641,1.886029389e-05,0,31.39687445,-2.123511867,31.39687445,1.966527494,28442.46442,75244.38232,38375.73063,40645.73716,28469.08096,8.378269837e-07
0.0008540203739,1.857930185e-05,0,31.2596943,-2.121399292,31.2596943,1.965100821,28321.43806,74915.22445,38210.1013,40469.64944,28348.01055,8.253445318e-07
0.0008545404838,1.830250095e-05,0,31.12289268,-2.119292547,31.12289268,1.963678084,28200.74565,74586.97482,38044.92899,40294.04759,28227.2742,8.13048262e-07
0.0008550605936,1.802982805e-05,0,30.98646852,-2.117191615,30.98646852,1.962259273,28080.38626,74259.63091,37880.21243,40118.93027,28106.871,8.009353692e-07
0.0008555807035,1.776122e-05,0,30.85042079,-2.11509648,30.85042079,1.960844376,27960.35896,73933.19022,37715.95036,39944.29614,27986.80001,7.890030485e-07
0.0008561008133,1.749661365e-05,0,30.71474844,-2.113007126,30.71474844,1.959433384,27840.66285,73607.65023,37552.14152,39770.14385,27867.06032,7.77248495e-07
0.0008566209232,1.723594588e-05,0,30.57945042,-2.110923536,30.57945042,1.958026284,27721.29698,73283.00844,37388.78464,39596.47207,27747.65101,7.656689038e-07
0.000857141033,1.697917815e-05,0,30.44452577,-2.108845697,30.44452577,1.956623068,27602.26052,72959.26254,37225.87856,39423.27955,27628.57121,7.542625631e-07
0.0008576611429,1.67262222e-05,0,30.30997336,-2.10677359,30.30997336,1.955223723,27483.55246,72636.40979,37063.42191,39250.56484,27509.81994,7.430255529e-07
0.0008581812527,1.647702519e-05,0,30.17579216,-2.104707199,30.17579216,1.953828238,27365.1719,72314.44776,36901.41347,39078.32663,27391.39629,7.319555248e-07
0.0008587013626,1.623153531e-05,0,30.04198117,-2.10264651,30.04198117,1.952436604,27247.11795,71993.37404,36739.85201,38906.56364,27273.29937,7.21050178e-07
0.0008592214724,1.598970077e-05,0,29.90853938,-2.100591506,29.90853938,1.95104881,27129.38973,71673.18619,36578.73631,38735.27456,27155.52829,7.103072117e-07
0.0008597415823,1.575146978e-05,0,29.77546578,-2.098542173,29.77546578,1.949664844,27011.98635,71353.88181,36418.06517,38564.45809,27038.08217,6.99724325e-07
0.0008602616921,1.551679054e-05,0,29.64275937,-2.096498494,29.64275937,1.948284697,26894.9069,71035.45846,36257.83735,38394.11295,26920.96011,6.892992171e-07
0.000860781802,1.528561126e-05,0,29.51041913,-2.094460455,29.51041913,1.946908359,26778.15051,70717.91373,36098.05165,38224.23784,26804.16122,6.790295872e-07
0.0008613019118,1.505788014e-05,0,29.37844405,-2.092428038,29.37844405,1.945535818,26661.71629,70401.24519,35938.70684,38054.83146,26687.68461,6.689131344e-07
0.0008618220217,1.48335454e-05,0,29.24683313,-2.09040123,29.24683313,1.944167065,26545.60334,70085.45043,35779.8017,37885.89252,26571.52939,6.589475579e-07
0.0008623421315,1.461255523e-05,0,29.11558535,-2.088380014,29.11558535,1.942802088,26429.81077,69770.52703,35621.33502,37717.41972,26455.69467,6.491305568e-07
0.0008628622414,1.439485785e-05,0,28.98469971,-2.086364376,28.98469971,1.941440877,26314.33769,69456.47255,35463.30558,37549.41177,26340.17955,6.394598304e-07
0.0008633823512,1.418040146e-05,0,28.8541752,-2.084354298,28.8541752,1.940083422,26199.18321,69143.28459,35305.71217,37381.86738,26224.98316,6.299330779e-07
0.0008639024611,1.396915067e-05,0,28.72401087,-2.082349767,28.72401087,1.938729713,26084.34651,68830.96088,35148.55363,37214.78532,26110.10466,6.205487272e-07
0.0008644225709,1.376104017e-05,0,28.59420567,-2.080350767,28.59420567,1.937379739,25969.82664,68519.49886,34991.82869,37048.16424,25995.54309,6.113038769e-07
0.0008649426808,1.355602145e-05,0,28.46475858,-2.078357282,28.46475858,1.936033489,25855.62271,68208.89612,34835.53613,36882.00285,25881.29759,6.021963725e-07
0.0008654627906,1.335405205e-05,0,28.33566863,-2.076369297,28.33566863,1.934690954,25741.73387,67899.15034,34679.67479,36716.29989,25767.3673,5.932243268e-07
0.0008659829005,1.315508946e-05,0,28.20693486,-2.074386797,28.20693486,1.933352123,25628.15927,67590.25918,34524.24348,36551.05413,25653.75135,5.843858523e-07
0.0008665030103,1.29590912e-05,0,28.07855629,-2.072409767,28.07855629,1.932016985,25514.89803,67282.22031,34369.24104,36386.26431,25540.44888,5.756790618e-07
0.0008670231202,1.276601479e-05,0,27.95053195,-2.070438192,27.95053195,1.930685532,25401.94931,66975.03139,34214.66628,36221.92919,25427.45905,5.671020679e-07
0.00086754323,1.257581775e-05,0,27.82286086,-2.068472057,27.82286086,1.929357753,25289.31224,66668.69009,34060.51804,36058.04751,25314.78098,5.586529834e-07
0.0008680633399,1.238845758e-05,0,27.69554205,-2.066511348,27.69554205,1.928033637,25176.98598,66363.19407,33906.79514,35894.61802,25202.41382,5.503299208e-07
0.0008685834497,1.22038918e-05,0,27.56857455,-2.064556048,27.56857455,1.926713175,25064.96965,66058.541,33753.4964,35731.63949,25090.35672,5.421309929e-07
0.0008691035596,1.202207792e-05,0,27.44195738,-2.062606144,27.44195738,1.925396357,24953.2624,65754.72855,33600.62065,35569.11065,24978.6088,5.340543123e-07
0.0008696236694,1.184297347e-05,0,27.31568958,-2.060661619,27.31568958,1.924083172,24841.86337,65451.75437,33448.16672,35407.03026,24867.16923,5.260979917e-07
0.0008701437793,1.166653595e-05,0,27.18977016,-2.05872246,27.18977016,1.92277361,24730.77171,65149.61614,33296.13342,35245.39707,24756.03713,5.182601438e-07
0.0008706638891,1.149273314e-05,0,27.06419821,-2.056788652,27.06419821,1.921467661,24619.9866,64848.31165,33144.51965,35084.2099,24645.21169,5.105393371e-07
0.000871183999,1.132151776e-05,0,26.93897273,-2.05486018,26.93897273,1.920165316,24509.50716,64547.83848,32993.3242,34923.46746,24534.69202,5.029334713e-07
0.0008717041088,1.115284542e-05,0,26.81409273,-2.052937028,26.81409273,1.918866564,24399.33251,64248.19428,32842.54588,34763.16849,24424.47727,4.954405744e-07
0.0008722242187,1.098668126e-05,0,26.68955727,-2.051019182,26.68955727,1.917571396,24289.46183,63949.37679,32692.18355,34603.31178,24314.5666,4.88059098e-07
0.0008727443285,1.082299045e-05,0,26.56536542,-2.049106627,26.56536542,1.9162798,24179.8943,63651.38377,32542.23609,34443.89613,24204.95918,4.807874942e-07
0.0008732644384,1.066173811e-05,0,26.44151623,-2.04719935,26.44151623,1.914991769,24070.62908,63354.21296,32392.70235,34284.92033,24095.65419,4.736242147e-07
0.0008737845482,1.050288941e-05,0,26.31800877,-2.045297335,26.31800877,1.913707291,23961.66535,63057.86212,32243.58122,34126.38319,23986.65079,4.665677115e-07
0.0008743046581,1.03464095e-05,0,26.1948421,-2.043400568,26.1948421,1.912426358,23853.00228,62762.32898,32094.87155,33968.28349,23877.94816,4.596164363e-07
0.0008748247679,1.019226353e-05,0,26.07201529,-2.041509035,26.07201529,1.911148959,23744.63904,62467.61131,31946.57221,33810.62004,23769.54548,4.527688412e-07
0.0008753448778,1.004041664e-05,0,25.94952739,-2.039622722,25.94952739,1.909875085,23636.5748,62173.70685,31798.55348,33653.39162,23661.4419,4.460233779e-07
0.0008758649876,9.890833988e-06,0,25.82737746,-2.037741613,25.82737746,1.908604726,23528.80875,61880.61334,31650.15883,33496.59703,23553.63662,4.393784982e-07
0.0008763850975,9.743480721e-06,0,25.70556457,-2.035865694,25.70556457,1.907337872,23421.34004,61588.32855,31502.17363,33340.23508,23446.12879,4.328326542e-07
0.0008769052073,9.598321991e-06,0,25.58408778,-2.033994952,25.58408778,1.906074513,23314.16785,61296.85021,31354.59675,33184.30455,23338.91759,4.263842975e-07
0.0008774253172,9.45532861e-06,0,25.46294619,-2.032129371,25.46294619,1.90481464,23207.29139,61006.17616,31207.42708,33028.80429,23232.00222,4.200321318e-07
0.000877945427,9.31446747e-06,0,25.34213886,-2.030268938,25.34213886,1.903558244,23100.70983,60716.30416,31060.66349,32873.73309,23125.38186,4.137746861e-07
0.0008784655369,9.175697994e-06,0,25.22166482,-2.028413638,25.22166482,1.902305314,22994.42231,60427.23187,30914.3048,32719.08971,23019.05565,4.07610158e-07
0.0008789856467,9.038991595e-06,0,25.10152316,-2.026563457,25.10152316,1.901055841,22888.42803,60138.95712,30768.3499,32564.87299,22913.02279,4.015372776e-07
0.0008795057566,8.904319687e-06,0,24.98171299,-2.02471838,24.98171299,1.899809815,22782.7262,59851.47775,30623.29614,32411.08176,22807.28248,3.955547749e-07
0.0008800258664,8.771653683e-06,0,24.86223338,-2.022878394,24.86223338,1.898567227,22677.31602,59564.79157,30480.05252,32257.71487,22701.83392,3.896613801e-07
0.0008805459763,8.640964996e-06,0,24.74308345,-2.021043485,24.74308345,1.897328068,22572.19668,59278.89643,30337.20414,32104.77115,22596.67632,3.838558233e-07
0.0008810660861,8.512225039e-06,0,24.62426229,-2.019213639,24.62426229,1.896092328,22467.3674,58993.79014,30194.74991,31952.24944,22491.80888,3.781368345e-07
0.000881586196,8.385405226e-06,0,24.50576898,-2.017388842,24.50576898,1.894859997,22362.82737,58709.47055,30052.68876,31800.14859,22387.2308,3.725031438e-07
0.0008821063058,8.26047697e-06,0,24.38760264,-2.015569081,24.38760264,1.893631067,22258.5758,58425.93548,29911.01959,31648.46742,22282.94128,3.669534814e-07
0.0008826264157,8.137411684e-06,0,24.26976235,-2.01375434,24.26976235,1.892405528,22154.61189,58143.18275,29767.91782,31497.20478,22178.93952,3.614865773e-07
0.0008831465255,8.016180781e-06,0,24.1522472,-2.011944607,24.1522472,1.891183371,22050.93483,57861.21021,29625.12845,31346.35951,22075.22472,3.561011617e-07
0.0008836666354,7.896755675e-06,0,24.0350563,-2.010139867,24.0350563,1.889964586,21947.54384,57580.01568,29482.73306,31195.93045,21971.79609,3.507959646e-07
0.0008841867452,7.779110017e-06,0,23.91818876,-2.008340107,23.91818876,1.888749163,21844.43813,57299.59702,29340.73057,31045.91645,21868.65285,3.455698156e-07
0.0008847068551,7.663221801e-06,0,23.8016437,-2.006545313,23.8016437,1.887537095,21741.61693,57019.95217,29199.11994,30896.31642,21765.79422,3.40421737e-07
0.0008852269649,7.549053979e-06,0,23.68542018,-2.004755471,23.68542018,1.88632837,21639.0794,56741.07881,29057.89998,30747.1291,21663.21936,3.353500832e-07
0.0008857470748,7.436583104e-06,0,23.5695173,-2.002970566,23.5695173,1.88512298,21536.82476,56462.97485,28917.06964,30598.35338,21560.9275,3.303538124e-07
0.0008862671846,7.325785725e-06,0,23.45393422,-2.001190587,23.45393422,1.883920916,21434.85225,56185.63819,28776.62786,30449.98815,21458.91787,3.254318831e-07
0.0008867872945,7.216638393e-06,0,23.33867004,-1.999415519,23.33867004,1.882722168,21333.16109,55909.06674,28636.57358,30302.03227,21357.1897,3.205832535e-07
0.0008873074043,7.10911766e-06,0,23.2237239,-1.997645348,23.2237239,1.881526729,21231.75053,55633.25842,28498.29373,30154.48464,21255.74221,3.158068819e-07
0.0008878275142,7.003200077e-06,0,23.10909493,-1.995880062,23.10909493,1.880334587,21130.61978,55358.21112,28360.55863,30007.34413,21154.57465,3.111017267e-07
0.000888347624,6.898862193e-06,0,22.99478225,-1.994119647,22.99478225,1.879145735,21029.76808,55083.92275,28223.20357,29860.60962,21053.68624,3.064667463e-07
0.0008888677339,6.796080561e-06,0,22.88078499,-1.992364089,22.88078499,1.877960164,20929.19465,54810.39123,28086.22752,29714.27999,20953.0762,3.019008988e-07
0.0008893878437,6.694831731e-06,0,22.76710228,-1.990613375,22.76710228,1.876777864,20828.89874,54537.61446,27949.62942,29568.35413,20852.74378,2.974031427e-07
0.0008899079536,6.595092254e-06,0,22.65373326,-1.988867492,22.65373326,1.875598826,20728.87957,54265.59034,27813.40822,29422.83091,20752.6882,2.929724363e-07
0.0008904280634,6.49683868e-06,0,22.54067703,-1.987126426,22.54067703,1.874423041,20629.13637,53994.31679,27677.56289,29277.70922,20652.90869,2.886077378e-07
0.0008909481733,6.400047561e-06,0,22.42793274,-1.985390164,22.42793274,1.873250501,20529.66837,53723.79171,27542.09237,29132.98794,20553.40448,2.843080057e-07
0.0008914682831,6.304704667e-06,0,22.31549959,-1.983658694,22.31549959,1.872081196,20430.47487,53454.01318,27406.99569,28988.66603,20454.17487,2.800726078e-07
0.000891988393,6.210777081e-06,0,22.20337662,-1.981932,22.20337662,1.870915117,20331.55502,53184.97893,27272.27173,28844.74228,20355.21901,2.759000818e-07
0.0008925085028,6.118245275e-06,0,22.09156298,-1.98021007,22.09156298,1.869752255,20232.90809,52916.68692,27137.91946,28701.2156,20256.53617,2.717895603e-07
0.0008930286127,6.027090015e-06,0,21.98005785,-1.978492891,21.98005785,1.868592602,20134.53332,52649.13513,27003.93787,28558.08493,20158.1256,2.677401888e-07
0.0008935487225,5.937292066e-06,0,21.86886037,-1.97678045,21.86886037,1.867436148,20036.42999,52382.32156,26870.32595,28415.34916,20059.98655,2.637511129e-07
0.0008940688324,5.848832194e-06,0,21.75796971,-1.975072734,21.75796971,1.866282885,19938.59734,52116.24418,26737.0827,28273.00724,19962.11829,2.59821478e-07
0.0008945889422,5.761691163e-06,0,21.64738503,-1.973369729,21.64738503,1.865132804,19841.03464,51850.90098,26604.20709,28131.05807,19864.52007,2.559504298e-07
0.0008951090521,5.675849738e-06,0,21.53710548,-1.971671424,21.53710548,1.863985897,19743.74114,51586.28993,26471.18689,27989.50058,19767.19115,2.521371137e-07
0.0008956291619,5.591288685e-06,0,21.42713022,-1.969977805,21.42713022,1.862842154,19646.7161,51322.40903,26338.40433,27848.33369,19670.13079,2.483806753e-07
0.0008961492718,5.507988769e-06,0,21.31745842,-1.96828886,21.31745842,1.861701568,19549.95878,51059.25625,26205.98816,27707.55632,19573.33825,2.446802602e-07
0.0008966693816,5.425930755e-06,0,21.20808922,-1.966604574,21.20808922,1.860564128,19453.46843,50796.82957,26073.93736,27567.16739,19476.81278,2.410350138e-07
0.0008971894915,5.345095409e-06,0,21.0990218,-1.964924936,21.0990218,1.859429827,19357.24433,50535.12698,25942.25091,27427.16582,19380.55365,2.374440817e-07
0.0008977096013,5.265463495e-06,0,20.99025531,-1.963249932,20.99025531,1.858298655,19261.28572,50274.14646,25810.9278,27287.55053,19284.5601,2.339066095e-07
0.0008982297112,5.187021939e-06,0,20.88178897,-1.96157955,20.88178897,1.857170605,19165.59191,50013.88613,25679.96708,27148.32052,19188.83146,2.304220163e-07
0.000898749821,5.109746357e-06,0,20.77362188,-1.959913777,20.77362188,1.856045668,19070.16211,49754.34384,25549.36768,27009.47463,19093.36693,2.269892189e-07
0.0008992699309,5.033618831e-06,0,20.66575322,-1.9582526,20.66575322,1.854923833,18974.9956,49495.51761,25419.12859,26871.01181,18998.16577,2.236074213e-07
0.0008997900407,4.958623584e-06,0,20.55818216,-1.956596005,20.55818216,1.853805094,18880.09165,49237.40548,25289.24883,26732.93101,18903.22727,2.202759228e-07
0.0009003101506,4.884744836e-06,0,20.45090791,-1.954943982,20.45090791,1.852689442,18785.44955,48980.00552,25159.72742,26595.23119,18808.55072,2.169940222e-07
0.0009008302604,4.811966811e-06,0,20.34392965,-1.953296517,20.34392965,1.851576868,18691.06859,48723.31577,25030.56339,26457.91131,18714.13541,2.137610189e-07
0.0009013503703,4.740273731e-06,0,20.23724656,-1.951653597,20.23724656,1.850467364,18596.94805,48467.3343,24901.75575,26320.97033,18619.9806,2.105762118e-07
0.0009018704801,4.669649817e-06,0,20.13085785,-1.950015211,20.13085785,1.849360922,18503.08722,48212.05914,24773.30353,26184.40721,18526.0856,2.074389002e-07
0.00090239059,4.600079292e-06,0,20.02476269,-1.948381345,20.02476269,1.848257532,18409.48537,47957.48837,24645.20575,26048.22091,18432.44968,2.043483829e-07
0.0009029106998,4.531546378e-06,0,19.91896028,-1.946751988,19.91896028,1.847157187,18316.1418,47703.62004,24517.46143,25912.41039,18339.07213,2.013039593e-07
0.0009034308097,4.464035296e-06,0,19.81344981,-1.945127127,19.81344981,1.846059878,18223.05579,47450.45219,24390.06959,25776.9746,18245.95223,1.983049283e-07
0.0009039509195,4.39753027e-06,0,19.70823046,-1.943506749,19.70823046,1.844965597,18130.22662,47197.98289,24263.02925,25641.91251,18153.08927,1.953505891e-07
0.0009044710294,4.33201552e-06,0,19.60330143,-1.941890842,19.60330143,1.843874335,18037.65358,46946.21018,24136.33943,25507.22307,18060.48253,1.924402407e-07
0.0009049911392,4.267479137e-06,0,19.49866195,-1.940279394,19.49866195,1.842786084,17945.33599,46695.13223,24009.9992,25372.9053,17968.13134,1.895733542e-07
0.0009055112491,4.203903449e-06,0,19.39431117,-1.938672392,19.39431117,1.841700836,17853.27311,46444.74703,23884.00756,25238.95813,17876.03495,1.867491443e-07
0.0009060313589,4.141272051e-06,0,19.29024829,-1.937069824,19.29024829,1.840618582,17761.46423,46195.05262,23758.36352,25105.38051,17784.19264,1.839668825e-07
0.0009065514688,4.079572002e-06,0,19.18647252,-1.935471677,19.18647252,1.839539314,17669.90864,45946.04711,23633.06613,24972.17142,17692.60373,1.812259939e-07
0.0009070715786,4.01879036e-06,0,19.08298308,-1.933877939,19.08298308,1.838463024,17578.60567,45697.72863,23508.11445,24839.32987,17601.26752,1.785259034e-07
0.0009075916885,3.958914181e-06,0,18.97977918,-1.932288599,18.97977918,1.837389703,17487.55462,45450.09531,23383.50753,24706.85486,17510.18332,1.758660362e-07
0.0009081117983,3.899930525e-06,0,18.87686004,-1.930703645,18.87686004,1.836319344,17396.7548,45203.14527,23259.24443,24574.74538,17419.35045,1.732458172e-07
0.0009086319082,3.841826448e-06,0,18.77422489,-1.929123063,18.77422489,1.835251939,17306.20552,44956.87664,23135.32421,24443.00042,17328.76821,1.706646717e-07
0.000909152018,3.784589009e-06,0,18.67187294,-1.927546843,18.67187294,1.834187479,17215.90609,44711.28753,23011.74592,24311.61899,17238.43591,1.681220246e-07
0.0009096721279,3.728205265e-06,0,18.56980341,-1.925974973,18.56980341,1.833125955,17125.85583,44466.37607,22888.50862,24180.60007,17148.35286,1.656173011e-07
0.0009101922377,3.672662273e-06,0,18.46801552,-1.924407439,18.46801552,1.832067361,17036.05404,44222.14039,22765.61136,24049.94268,17058.51838,1.631499261e-07
0.0009107123476,3.617947091e-06,0,18.36650848,-1.922844231,18.36650848,1.831011688,16946.50003,43978.57862,22642.66975,23919.64579,16968.93178,1.607193247e-07
0.0009112324574,3.564046778e-06,0,18.26528152,-1.921285335,18.26528152,1.829958928,16857.19312,43735.68887,22519.42093,23789.70842,16879.59235,1.583249221e-07
0.0009117525673,3.510950543e-06,0,18.16433387,-1.919730742,18.16433387,1.828909072,16768.13263,43493.46933,22396.51219,23660.12959,16790.49944,1.559662389e-07
0.0009122726771,3.458645987e-06,0,18.06366477,-1.918180438,18.06366477,1.827862114,16679.31789,43251.91815,22273.9426,23530.9083,16701.65237,1.536427243e-07
0.000912792787,3.407118117e-06,0,17.9632734,-1.91663441,17.9632734,1.826818043,16590.74817,43011.03337,22151.71115,23402.04352,16613.05041,1.513537123e-07
0.0009133128968,3.356356316e-06,0,17.86315901,-1.915092649,17.86315901,1.825776854,16502.42282,42770.81319,22029.81695,23273.53427,16524.69291,1.490987312e-07
0.0009138330067,3.306349969e-06,0,17.76332085,-1.913555141,17.76332085,1.824738537,16414.34116,42531.2558,21908.25905,23145.37959,16436.57918,1.468773094e-07
0.0009143531165,3.257088459e-06,0,17.66375815,-1.912021875,17.66375815,1.823703085,16326.50254,42292.35938,21787.03656,23017.5785,16348.70858,1.446889754e-07
0.0009148732264,3.208561169e-06,0,17.56447017,-1.910492841,17.56447017,1.82267049,16238.90628,42054.12214,21666.14854,22890.13006,16261.08044,1.425332575e-07
0.0009153933362,3.160757484e-06,0,17.46545615,-1.908968025,17.46545615,1.821640744,16151.55172,41816.54226,21545.59409,22763.03327,16173.69408,1.404096842e-07
0.0009159134461,3.113666787e-06,0,17.36671534,-1.907447416,17.36671534,1.82061384,16064.4382,41579.61793,21425.37229,22636.28719,16086.54885,1.383177838e-07
0.0009164335559,3.067278462e-06,0,17.26824699,-1.905931004,17.26824699,1.819589769,15977.56506,41343.34735,21305.48221,22509.89083,15999.64408,1.362570847e-07
0.0009169536658,3.021581893e-06,0,17.17005034,-1.904418775,17.17005034,1.818568524,15890.93161,41107.7287,21185.92295,22383.84324,15912.9791,1.342271153e-07
0.0009174737756,2.976566462e-06,0,17.07212464,-1.902910719,17.07212464,1.817550096,15804.53722,40872.76018,21066.69357,22258.14344,15826.55325,1.322274041e-07
0.0009179938855,2.932221555e-06,0,16.97446913,-1.901406825,16.97446913,1.816534479,15718.3812,40638.43998,20947.79317,22132.79047,15740.36587,1.302574793e-07
0.0009185139953,2.888537429e-06,0,16.87708307,-1.899907079,16.87708307,1.815521664,15632.4629,40404.76632,20829.22084,22007.78338,15654.4163,1.283169083e-07
0.0009190341052,2.845505816e-06,0,16.77996575,-1.898411473,16.77996575,1.814511644,15546.78169,40171.73748,20710.97571,21883.12124,15568.7039,1.264053237e-07
0.000919554215,2.803113029e-06,0,16.68311636,-1.896919992,16.68311636,1.81350441,15461.33686,39939.35153,20593.0568,21758.80302,15483.22797,1.245221176e-07
0.0009200743249,2.761350358e-06,0,16.58653417,-1.895432626,16.58653417,1.812499955,15376.12777,39707.60672,20475.46322,21634.82779,15397.98786,1.22666903e-07
0.0009205944347,2.720209096e-06,0,16.49021846,-1.893949364,16.49021846,1.811498272,15291.15378,39476.50131,20358.19409,21511.19462,15312.98293,1.208392931e-07
0.0009211145446,2.679680533e-06,0,16.3941685,-1.892470195,16.3941685,1.810499352,15206.41424,39246.03355,20241.24853,21387.90257,15228.21255,1.190389011e-07
0.0009216346544,2.639755962e-06,0,16.29838356,-1.890995107,16.29838356,1.809503189,15121.90852,39016.20171,20124.62564,21264.95071,15143.67607,1.1726534e-07
0.0009221547643,2.600426674e-06,0,16.20286292,-1.889524089,16.20286292,1.808509774,15037.63598,38787.00403,20008.32455,21142.33811,15059.37284,1.15518223e-07
0.0009226748741,2.561683961e-06,0,16.10760585,-1.88805713,16.10760585,1.807519101,14953.59596,38558.43878,19892.34436,21020.06383,14975.30223,1.137971634e-07
0.000923194984,2.523519114e-06,0,16.01261162,-1.886594219,16.01261162,1.806531161,14869.78784,38330.50421,19776.6842,20898.12694,14891.4636,1.121017742e-07
0.0009237150938,2.485923426e-06,0,15.91787951,-1.885135344,15.91787951,1.805545947,14786.21097,38103.19857,19661.34318,20776.52652,14807.85631,1.104316686e-07
0.0009242352037,2.448888187e-06,0,15.82340878,-1.883680495,15.82340878,1.804563451,14702.8647,37876.52013,19546.32041,20655.26161,14724.4797,1.087864598e-07
0.0009247553135,2.41240469e-06,0,15.72919872,-1.88222966,15.72919872,1.803583667,14619.74841,37650.46714,19431.61502,20534.33131,14641.33315,1.071657608e-07
0.0009252754234,2.376464226e-06,0,15.6352486,-1.880782828,15.6352486,1.802606585,14536.86144,37425.03785,19317.22611,20413.73466,14558.41601,1.05569185e-07
0.0009257955332,2.34106154e-06,0,15.54155774,-1.879339989,15.54155774,1.801632201,14454.20321,37200.23067,19203.15287,20293.47081,14475.72769,1.039964987e-07
0.0009263156431,2.306184354e-06,0,15.44812536,-1.877901131,15.44812536,1.800660504,14371.77302,36976.04369,19089.39434,20173.53875,14393.26749,1.024471566e-07
0.0009268357529,2.271825455e-06,0,15.35495076,-1.876466242,15.35495076,1.799691488,14289.57025,36752.47523,18975.94966,20053.93758,14311.0348,1.009208382e-07
0.0009273558628,2.2379777e-06,0,15.26203323,-1.875035312,15.26203323,1.798725146,14207.59428,36529.5236,18862.81798,19934.66639,14229.02899,9.941722629e-08
0.0009278759726,2.204633945e-06,0,15.16937207,-1.87360833,15.16937207,1.79776147,14125.8445,36307.18713,18749.99845,19815.72429,14147.24944,9.793600347e-08
0.0009283960825,2.171787047e-06,0,15.07696658,-1.872185285,15.07696658,1.796800452,14044.32027,36085.46413,18637.49021,19697.11037,14065.69554,9.647685244e-08
0.0009289161923,2.139429863e-06,0,14.98481606,-1.870766167,14.98481606,1.795842087,13963.021,35864.35293,18525.29241,19578.82374,13984.36667,9.503945586e-08
0.0009294363022,2.107555249e-06,0,14.89291982,-1.869350965,14.89291982,1.794886366,13881.94605,35643.85183,18413.40419,19460.8635,13903.26221,9.362349642e-08
0.000929956412,2.076156063e-06,0,14.80127714,-1.867939668,14.80127714,1.793933282,13801.09482,35423.95917,18301.82471,19343.22875,13822.38154,9.222865678e-08
0.0009304765219,2.045225161e-06,0,14.70988733,-1.866532265,14.70988733,1.792982828,13720.46667,35204.67325,18190.55311,19225.91858,13741.72405,9.085461963e-08
0.0009309966317,2.0147554e-06,0,14.6187497,-1.865128745,14.6187497,1.792034997,13640.061,34985.9924,18079.58854,19108.93211,13661.28911,8.950106765e-08
0.0009315167416,1.984739636e-06,0,14.52786352,-1.863729098,14.52786352,1.791089781,13559.87719,34767.91493,17969.36895,18992.26842,13581.07611,8.81676835e-08
0.0009320368514,1.955170726e-06,0,14.43722812,-1.862333313,14.43722812,1.790147172,13479.91461,34550.43917,17860.922,18875.92662,13501.08442,8.685414986e-08
0.0009325569613,1.92604384e-06,0,14.34684283,-1.86094138,14.34684283,1.789207165,13400.1727,34333.56355,17752.77431,18759.90588,13421.31348,8.556025215e-08
0.0009330770711,1.897349874e-06,0,14.2567069,-1.859553286,14.2567069,1.788269752,13320.65078,34117.28627,17644.92499,18644.20523,13341.76262,8.428558598e-08
0.000933597181,1.86908221e-06,0,14.16681966,-1.858169023,14.16681966,1.787334924,13241.34827,33901.60569,17537.37322,18528.82379,13262.43123,8.302985729e-08
0.0009341172908,1.841234987e-06,0,14.07718041,-1.856788578,14.07718041,1.786402676,13162.26455,33686.52018,17430.11819,18413.76069,13183.31872,8.179280578e-08
0.0009346374007,1.813802346e-06,0,13.9877885,-1.855411943,13.9877885,1.785473,13083.39903,33472.02811,17323.15909,18299.01507,13104.42449,8.057417117e-08
0.0009351575105,1.786778427e-06,0,13.89864323,-1.854039106,13.89864323,1.78454589,13004.75112,33258.12787,17216.49511,18184.58605,13025.74795,7.937369316e-08
0.0009356776204,1.760157372e-06,0,13.80974394,-1.852670057,13.80974394,1.783621337,12926.32021,33044.81783,17110.12544,18070.47276,12947.2885,7.819111145e-08
0.0009361977302,1.73393332e-06,0,13.72108994,-1.851304785,13.72108994,1.782699335,12848.10572,32832.09638,17004.04928,17956.67435,12869.04553,7.702616576e-08
0.0009367178401,1.708100413e-06,0,13.63268057,-1.849943281,13.63268057,1.781779878,12770.10705,32619.96189,16898.26581,17843.18995,12791.01847,7.587859578e-08
0.0009372379499,1.68265279e-06,0,13.54451515,-1.848585533,13.54451515,1.780862958,12692.3236,32408.41275,16792.77423,17730.01868,12713.2067,7.474814123e-08
0.0009377580598,1.657584592e-06,0,13.45659299,-1.847231532,13.45659299,1.779948567,12614.75477,32197.44732,16687.57373,17617.15968,12635.60964,7.36345418e-08
0.0009382781696,1.63288996e-06,0,13.36891344,-1.845881267,13.36891344,1.7790367,12537.39998,31987.06399,16582.6635,17504.61209,12558.22668,7.253753721e-08
0.0009387982795,1.608563034e-06,0,13.2814758,-1.844534727,13.2814758,1.778127348,12460.25862,31777.26115,16478.04274,17392.37502,12481.05724,7.145686715e-08
0.0009393183893,1.584599413e-06,0,13.19427945,-1.843191904,13.19427945,1.777220506,12383.33012,31568.03724,16373.71067,17280.44768,12404.10074,7.03923361e-08
0.0009398384992,1.56099249e-06,0,13.10732368,-1.841852785,13.10732368,1.776316166,12306.61388,31359.39061,16269.66646,17168.82915,12327.35657,6.934365059e-08
0.000940358609,1.537736206e-06,0,13.02060781,-1.84051736,13.02060781,1.775414321,12230.10929,31151.31961,16165.90931,17057.51857,12250.82413,6.831054141e-08
0.0009408787189,1.514825753e-06,0,12.93413119,-1.83918562,12.93413119,1.774514964,12153.81578,30943.82268,16060.59781,16946.51509,12174.50285,6.729279505e-08
0.0009413988287,1.492256326e-06,0,12.84789317,-1.837857555,12.84789317,1.773618089,12077.73277,30736.89825,15955.37046,16835.81788,12098.39214,6.629019799e-08
0.0009419189386,1.470023117e-06,0,12.7618931,-1.836533154,12.7618931,1.772723688,12001.85968,30530.54477,15850.43346,16725.42611,12022.49144,6.530253672e-08
0.0009424390484,1.448121322e-06,0,12.67613032,-1.835212407,12.67613032,1.771831755,11926.19595,30324.76067,15745.786,16615.33893,11946.80016,6.432959773e-08
0.0009429591583,1.426546132e-06,0,12.59060419,-1.833895304,12.59060419,1.770942284,11850.741,30119.54438,15641.42729,16505.55552,11871.31774,6.337116749e-08
0.0009434792681,1.405292743e-06,0,12.50531405,-1.832581836,12.50531405,1.770055266,11775.49425,29914.89435,15537.35654,16396.07503,11796.0436,6.24270325e-08
0.000943999378,1.384356346e-06,0,12.42025925,-1.831271992,12.42025925,1.769170696,11700.45513,29710.80901,15433.57296,16286.89663,11720.97716,6.149697924e-08
0.0009445194878,1.363732137e-06,0,12.33543913,-1.829965763,12.33543913,1.768288567,11625.62306,29507.2868,15330.07574,16178.01949,11646.11785,6.05807942e-08
0.0009450395977,1.343415308e-06,0,12.25085306,-1.828663137,12.25085306,1.767408872,11550.99747,29304.32615,15226.86409,16069.44276,11571.4651,5.967826386e-08
0.0009455597075,1.323401053e-06,0,12.16650038,-1.827364106,12.16650038,1.766531604,11476.57778,29101.92551,15123.93722,15961.16561,11497.01832,5.878917472e-08
0.0009460798174,1.303685384e-06,0,12.08238045,-1.826068659,12.08238045,1.765656757,11402.36345,28900.08336,15021.29436,15853.18724,11422.77697,5.791334958e-08
0.0009465999272,1.284263657e-06,0,11.99849263,-1.824776787,11.99849263,1.764784323,11328.35389,28698.79814,14918.93473,15745.50681,11348.74047,5.705058217e-08
0.0009471200371,1.265130333e-06,0,11.91483625,-1.823488478,11.91483625,1.763914297,11254.54852,28498.06825,14816.85748,15638.12346,11274.90823,5.620062641e-08
0.0009476401469,1.246281469e-06,0,11.83141068,-1.822203724,11.83141068,1.763046671,11180.94677,28297.89217,14715.06187,15531.03637,11201.27968,5.536330715e-08
0.0009481602568,1.227713121e-06,0,11.74821528,-1.820922515,11.74821528,1.762181439,11107.54809,28098.26839,14613.54712,15424.24475,11127.85429,5.453844925e-08
0.0009486803666,1.209421349e-06,0,11.66524943,-1.819644841,11.66524943,1.761318594,11034.35194,27899.1954,14512.31247,15317.74778,11054.63149,5.372587758e-08
0.0009492004765,1.191402208e-06,0,11.58251251,-1.818370693,11.58251251,1.76045813,10961.35775,27700.67171,14411.35715,15211.54467,10981.61073,5.292541698e-08
0.0009497205863,1.173651757e-06,0,11.50000388,-1.81710006,11.50000388,1.75960004,10888.56497,27502.6958,14310.68039,15105.6346,10908.79146,5.213689231e-08
0.0009502406962,1.156166053e-06,0,11.41772292,-1.815832933,11.41772292,1.758744318,10815.97305,27305.26617,14210.28143,15000.01677,10836.17311,5.136012845e-08
0.000950760806,1.138941153e-06,0,11.33566899,-1.814569302,11.33566899,1.757890958,10743.58144,27108.3813,14110.15951,14894.69036,10763.75514,5.059495024e-08
0.0009512809159,1.121973115e-06,0,11.25384148,-1.813309159,11.25384148,1.757039951,10671.38957,26912.03969,14010.31384,14789.65459,10691.53699,4.984118255e-08
0.0009518010257,1.105257996e-06,0,11.17223975,-1.812052492,11.17223975,1.756191293,10599.3969,26716.23984,13910.74368,14684.90863,10619.51811,4.909865023e-08
0.0009523211356,1.088791853e-06,0,11.09086317,-1.810799293,11.09086317,1.755344977,10527.60286,26520.98023,13811.44824,14580.45168,10547.69794,4.836717814e-08
0.0009528412454,1.072571086e-06,0,11.00971112,-1.809549551,11.00971112,1.754500996,10456.00693,26326.2594,13712.42679,14476.28296,10476.07594,4.764660628e-08
0.0009533613553,1.056592588e-06,0,10.92878302,-1.808303258,10.92878302,1.753659343,10384.60856,26132.07588,13613.67858,14372.40169,10404.65158,4.693679673e-08
0.0009538814651,1.040851301e-06,0,10.84807818,-1.807060404,10.84807818,1.752820013,10313.40716,25938.42809,13515.62091,14268.80701,10333.42427,4.623752476e-08
0.000954401575,1.025343991e-06,0,10.767596,-1.805820978,10.767596,1.751982998,10242.40221,25745.31457,13420.22235,14165.49814,10262.39347,4.554864672e-08
0.0009549216848,1.010067425e-06,0,10.68733588,-1.804584973,10.68733588,1.751148293,10171.59317,25552.73385,13324.7844,14062.47431,10191.55865,4.487001895e-08
0.0009554417947,9.950183685e-07,0,10.60729721,-1.803352377,10.60729721,1.750315891,10100.9795,25360.6845,13226.32023,13959.73473,10120.91927,4.420149777e-08
0.0009559619045,9.801935869e-07,0,10.52747939,-1.802123183,10.52747939,1.749485786,10030.56067,25169.16506,13128.12775,13857.27864,10050.47481,4.354293952e-08
0.0009564820144,9.655898465e-07,0,10.4478818,-1.80089738,10.4478818,1.748657971,9960.336141,24978.17407,13030.20621,13755.10526,9980.224719,4.289420055e-08
0.0009570021242,9.512039132e-07,0,10.36850385,-1.799674959,10.36850385,1.74783244,9890.305385,24787.71009,12932.55487,13653.2138,9910.16847,4.225513717e-08
0.0009575222341,9.370325531e-07,0,10.28934492,-1.798455912,10.28934492,1.747009187,9820.467865,24597.77165,12835.17297,13551.60349,9840.305527,4.162560574e-08
0.0009580423439,9.230725321e-07,0,10.21040442,-1.797240228,10.21040442,1.746188206,9750.823047,24408.35731,12738.05978,13450.27355,9770.635356,4.100546258e-08
0.0009585624538,9.093206162e-07,0,10.13168174,-1.796027899,10.13168174,1.74536949,9681.370397,24219.4656,12641.21455,13349.22321,9701.157423,4.039456402e-08
0.0009590825636,8.957735714e-07,0,10.05317626,-1.794818914,10.05317626,1.744553033,9612.109379,24031.09509,12545.72427,13248.45168,9631.871192,3.979276642e-08
0.0009596026735,8.824281636e-07,0,9.974887393,-1.793613266,9.974887393,1.743738829,9543.039461,23843.24431,12452.2589,13147.9582,9562.77613,3.919992609e-08
0.0009601227833,8.692824521e-07,0,9.896814575,-1.792410944,9.896814575,1.742926872,9474.160152,23655.91194,12356.1847,13047.74204,9493.871747,3.861595684e-08
0.0009606428932,8.563318575e-07,0,9.818957146,-1.79121194,9.818957146,1.742117154,9405.470869,23469.09638,12260.37556,12947.80236,9425.157459,3.804065522e-08
0.000961163003,8.435737153e-07,0,9.74131452,-1.790016244,9.74131452,1.741309671,9336.971095,23282.79624,12165.82659,12848.13841,9356.632749,3.747390287e-08
0.0009616831129,8.310053727e-07,0,9.663886115,-1.788823846,9.663886115,1.740504416,9268.660315,23097.01011,12072.77356,12748.74943,9288.297102,3.691558195e-08
0.0009622032227,8.186241768e-07,0,9.586671345,-1.787634739,9.586671345,1.739701382,9200.538015,22911.73659,11979.97727,12649.63469,9220.150003,3.636557462e-08
0.0009627233326,8.064274749e-07,0,9.509669628,-1.786448912,9.509669628,1.738900564,9132.603679,22726.97427,11886.70698,12550.79342,9152.190937,3.582376302e-08
0.0009632434424,7.944126141e-07,0,9.432880379,-1.785266358,9.432880379,1.738101956,9064.856792,22542.72177,11794.08859,12452.22489,9084.419388,3.529002931e-08
0.0009637635523,7.825769417e-07,0,9.356303015,-1.784087066,9.356303015,1.737305551,8997.291656,22358.97767,11700.63948,12353.92833,9016.83484,3.476425565e-08
0.0009642836621,7.709178048e-07,0,9.27993695,-1.782911029,9.27993695,1.736511344,8929.829555,22175.74058,11607.44823,12255.903,8949.436779,3.42463242e-08
0.000964803772,7.594325506e-07,0,9.203781602,-1.781738237,9.203781602,1.735719329,8862.553602,21993.0091,11514.51412,12158.14816,8882.224689,3.37361171e-08
0.0009653238818,7.481185263e-07,0,9.127836387,-1.78056868,9.127836387,1.734929498,8795.463281,21810.78182,11421.83643,12060.66304,8815.198055,3.323351651e-08
0.0009658439917,7.369730792e-07,0,9.05210072,-1.779402351,9.05210072,1.734141847,8728.558076,21629.05734,11329.41447,11963.44691,8748.356361,3.273840458e-08
0.0009663641015,7.259935563e-07,0,8.976574018,-1.77823924,8.976574018,1.73335637,8661.83747,21447.83426,11237.24751,11866.499,8681.699092,3.225066348e-08
0.0009668842114,7.15178173e-07,0,8.901255737,-1.777079338,8.901255737,1.73257306,8595.300985,21267.11128,11145.31746,11769.81864,8615.225768,3.177021392e-08
0.0009674043212,7.04523531e-07,0,8.826145255,-1.775922637,8.826145255,1.731791911,8528.948071,21086.88691,11052.7787,11673.40501,8548.935841,3.129690493e-08
0.0009679244311,6.940271849e-07,0,8.751241997,-1.774769127,8.751241997,1.731012917,8462.778219,20907.15976,10960.56767,11577.25737,8482.828802,3.083062789e-08
0.0009684445409,6.836869586e-07,0,8.6765454,-1.773618799,8.6765454,1.730236072,8396.790932,20727.92848,10870.94128,11481.37501,8416.904154,3.037128613e-08
0.0009689646508,6.73500676e-07,0,8.602054899,-1.772471645,8.602054899,1.729461371,8330.985712,20549.19173,10780.21326,11385.75721,8351.161401,2.991878298e-08
0.0009694847606,6.634661612e-07,0,8.527769934,-1.771327657,8.527769934,1.728688807,8265.362062,20370.94814,10689.56162,11290.40323,8285.600046,2.947302178e-08
0.0009700048705,6.53581238e-07,0,8.45368994,-1.770186825,8.45368994,1.727918375,8199.919484,20193.19638,10599.16011,11195.31235,8220.219591,2.903390586e-08
0.0009705249803,6.438437305e-07,0,8.379814354,-1.769049141,8.379814354,1.727150069,8134.657482,20015.93509,10509.00805,11100.48387,8155.01954,2.860133855e-08
0.0009710450902,6.342514626e-07,0,8.306142613,-1.767914596,8.306142613,1.726383883,8069.575557,19839.16291,10419.10474,11005.91704,8089.999396,2.817522319e-08
0.0009715652,6.248022583e-07,0,8.232674155,-1.766783182,8.232674155,1.725619811,8004.673213,19662.8785,10329.4495,10911.61115,8025.158662,2.775546312e-08
0.0009720853099,6.154939415e-07,0,8.159408416,-1.76565489,8.159408416,1.724857848,7939.949952,19487.08051,10240.04164,10817.56547,7960.496841,2.734196166e-08
0.0009726054197,6.063243361e-07,0,8.086344833,-1.76452971,8.086344833,1.724097986,7875.405276,19311.76758,10150.88048,10723.77929,7896.013436,2.693462215e-08
0.0009731255296,5.972912662e-07,0,8.013482843,-1.763407636,8.013482843,1.723340222,7811.038689,19136.93837,10061.31971,10630.25188,7831.70795,2.653334793e-08
0.0009736456394,5.883931048e-07,0,7.940821914,-1.762288657,7.940821914,1.722584548,7746.84972,18962.59159,9973.295536,10536.98255,7767.579913,2.613806673e-08
0.0009741657493,5.79627383e-07,0,7.868361464,-1.761172767,7.868361464,1.721830959,7682.837854,18788.72585,9884.870392,10443.97057,7703.628812,2.574866886e-08
0.0009746858591,5.709918617e-07,0,7.796100925,-1.760059954,7.796100925,1.72107945,7619.00259,18615.33979,9796.689203,10351.21519,7639.854145,2.536505486e-08
0.000975205969,5.624847559e-07,0,7.724039753,-1.758950212,7.724039753,1.720330013,7555.343448,18442.43211,9708.751308,10258.71573,7576.255433,2.498714544e-08
0.0009757260788,5.541042807e-07,0,7.652177406,-1.757843532,7.652177406,1.719582645,7491.859949,18270.00149,9621.056042,10166.47148,7512.832197,2.46148613e-08
0.0009762461887,5.458486511e-07,0,7.58051334,-1.756739905,7.58051334,1.718837339,7428.551613,18098.04665,9533.602745,10074.48175,7449.583958,2.424812315e-08
0.0009767662985,5.377160821e-07,0,7.509047014,-1.755639324,7.509047014,1.718094089,7365.417961,17926.56627,9448.423283,9982.745846,7386.510236,2.38868517e-08
0.0009772864084,5.297047888e-07,0,7.437777884,-1.754541779,7.437777884,1.71735289,7302.458512,17755.55905,9362.629213,9891.263067,7323.610553,2.353096765e-08
0.0009778065182,5.218129862e-07,0,7.366705407,-1.753447263,7.366705407,1.716613736,7239.672787,17585.0237,9274.890286,9800.032716,7260.884429,2.318039172e-08
0.0009783266281,5.140388893e-07,0,7.29582904,-1.752355767,7.29582904,1.715876622,7177.060308,17414.9589,9187.393456,9709.054097,7198.331386,2.28350446e-08
0.0009788467379,5.063807132e-07,0,7.225148241,-1.751267283,7.225148241,1.715141542,7114.620593,17245.36336,9103.091929,9618.326514,7135.950944,2.249484701e-08
0.0009793668478,4.98836673e-07,0,7.154662467,-1.750181802,7.154662467,1.71440849,7052.353164,17076.23577,9021.223552,9527.849269,7073.742623,2.215971965e-08
0.0009798869576,4.914049835e-07,0,7.084371175,-1.749099316,7.084371175,1.71367746,6990.257541,16907.57484,8939.155816,9437.621666,7011.705946,2.182958322e-08
0.0009804070675,4.840841705e-07,0,7.014273841,-1.748019817,7.014273841,1.712948448,6928.333262,16739.3793,8852.507248,9347.643033,6949.84045,2.150437224e-08
0.0009809271773,4.768724952e-07,0,6.944369925,-1.746943297,6.944369925,1.712221447,6866.57985,16571.64786,8766.575969,9257.912676,6888.145658,2.118400946e-08
0.0009814472872,4.697679109e-07,0,6.874658865,-1.745869747,6.874658865,1.711496452,6804.996806,16404.37916,8684.984379,9168.429872,6826.621074,2.086840396e-08
0.000981967397,4.627689532e-07,0,6.805140137,-1.744799158,6.805140137,1.710773457,6743.58367,16237.57196,8603.617898,9079.193951,6765.266235,2.05574907e-08
0.0009824875069,4.558741581e-07,0,6.735813217,-1.743731524,6.735813217,1.710052457,6682.339978,16071.225,8522.475915,8990.20424,6704.08068,2.025120462e-08
0.0009830076167,4.490820613e-07,0,6.666677583,-1.742666835,6.666677583,1.709333447,6621.265268,15905.33701,8436.960237,8901.460067,6643.063946,1.994948069e-08
0.0009835277266,4.423911987e-07,0,6.59773271,-1.741605084,6.59773271,1.70861642,6560.359077,15739.90675,8351.626501,8812.96076,6582.215573,1.965225387e-08
0.0009840478364,4.358001062e-07,0,6.528978076,-1.740546262,6.528978076,1.707901372,6499.620945,15574.93296,8270.523606,8724.705648,6521.535097,1.935945911e-08
0.0009845679463,4.293073195e-07,0,6.460413156,-1.739490363,6.460413156,1.707188297,6439.050407,15410.41438,8189.281694,8636.694059,6461.022057,1.907103138e-08
0.0009850880561,4.229113745e-07,0,6.392037428,-1.738437376,6.392037428,1.706477189,6378.647001,15246.34976,8105.630552,8548.92532,6400.67599,1.878690562e-08
0.000985608166,4.16610807e-07,0,6.323850368,-1.737387296,6.323850368,1.705768044,6318.410266,15082.73784,8022.210228,8461.398761,6340.496436,1.85070168e-08
0.0009861282758,4.104041529e-07,0,6.255851453,-1.736340112,6.255851453,1.705060855,6258.339738,14919.57736,7939.02008,8374.113708,6280.482932,1.823129987e-08
0.0009866483857,4.04289948e-07,0,6.188040159,-1.735295818,6.188040159,1.704355618,6198.434956,14756.86708,7856.059469,8287.06949,6220.635015,1.795968979e-08
0.0009871684955,3.982668606e-07,0,6.120415973,-1.734254406,6.120415973,1.703652326,6138.695466,14594.60575,7773.327767,8200.265449,6160.952234,1.769212741e-08
0.0009876886054,3.923337248e-07,0,6.052978392,-1.733215867,6.052978392,1.702950975,6079.120824,14432.79217,7690.824359,8113.70094,6101.434145,1.742856093e-08
0.0009882087152,3.864886714e-07,0,5.985726862,-1.732180194,5.985726862,1.702251559,6019.710539,14271.42501,7608.548565,8027.375248,6042.080257,1.716890732e-08
0.0009887288251,3.807304993e-07,0,5.918660876,-1.731147377,5.918660876,1.701554073,5960.464165,14110.50306,7526.499767,7941.287726,5982.890123,1.691311321e-08
0.0009892489349,3.750580076e-07,0,5.85177993,-1.730117411,5.85177993,1.700858511,5901.381256,13950.02511,7444.677348,7855.437726,5923.8633,1.666112527e-08
0.0009897690448,3.694699952e-07,0,5.785083519,-1.729090286,5.785083519,1.700164869,5842.461367,13789.98994,7363.080689,7769.824599,5864.999342,1.641289014e-08
0.0009902891546,3.63965261e-07,0,5.718571139,-1.728065996,5.718571139,1.69947314,5783.704051,13630.39634,7281.709175,7684.447699,5806.297802,1.616835446e-08
0.0009908092645,3.585426042e-07,0,5.652242285,-1.727044531,5.652242285,1.69878332,5725.108862,13471.2431,7200.562187,7599.306378,5747.758236,1.592746488e-08
0.0009913293743,3.532008235e-07,0,5.586096452,-1.726025885,5.586096452,1.698095403,5666.675355,13312.52902,7119.639108,7514.399987,5689.380199,1.569016805e-08
0.0009918494842,3.479387181e-07,0,5.520133136,-1.72501005,5.520133136,1.697409385,5608.403084,13154.25288,7038.939321,7429.727878,5631.163244,1.545641061e-08
0.000992369594,3.427550868e-07,0,5.454351832,-1.723997018,5.454351832,1.696725259,5550.291604,12996.41346,6961.16593,7345.289404,5573.106927,1.522613922e-08
0.0009928897039,3.376487287e-07,0,5.388752035,-1.722986781,5.388752035,1.696043021,5492.340467,12839.00957,6884.658192,7261.083918,5515.210802,1.499930052e-08
0.0009934098138,3.326184427e-07,0,5.32333324,-1.721979332,5.32333324,1.695362666,5434.549229,12682.03998,6809.041347,7177.110771,5457.474423,1.477584115e-08
0.0009939299236,3.276630288e-07,0,5.258094944,-1.720974662,5.258094944,1.694684187,5376.917443,12525.50349,6729.954914,7093.369315,5399.897346,1.455570781e-08
0.0009944500335,3.227817674e-07,0,5.193036683,-1.719972765,5.193036683,1.694007582,5319.444702,12369.39899,6650.194773,7009.858957,5342.479162,1.433886853e-08
0.0009949701433,3.179729534e-07,0,5.128157906,-1.718973632,5.128157906,1.693332842,5262.130518,12213.72515,6572.076145,6926.57899,5285.219384,1.412524757e-08
0.0009954902532,3.132356016e-07,0,5.063458126,-1.717977255,5.063458126,1.692659965,5204.97446,12058.48081,6495.348665,6843.528786,5228.117583,1.391480116e-08
0.000996010363,3.085687268e-07,0,4.998936856,-1.716983628,4.998936856,1.691988943,5147.976098,11903.66479,6416.636831,6760.707723,5171.173328,1.370748553e-08
0.0009965304729,3.039713438e-07,0,4.934593609,-1.715992742,4.934593609,1.691319774,5091.135004,11749.27594,6339.880984,6678.115175,5114.386191,1.350325693e-08
0.0009970505827,2.994424675e-07,0,4.8704279,-1.71500459,4.8704279,1.69065245,5034.450746,11595.31308,6263.336923,6595.750518,5057.755742,1.330207158e-08
0.0009975706926,2.949811127e-07,0,4.806439241,-1.714019164,4.806439241,1.689986968,4977.922895,11441.77504,6187.004068,6513.613127,5001.281552,1.310388573e-08
0.0009980908024,2.905862942e-07,0,4.742627145,-1.713036458,4.742627145,1.689323322,4921.551022,11288.66066,6110.881837,6431.702377,4944.96319,1.29086556e-08
0.0009986109123,2.862570268e-07,0,4.678991127,-1.712056463,4.678991127,1.688661508,4865.334695,11135.96877,6033.272005,6350.017645,4888.800229,1.271633744e-08
0.0009991310221,2.819923253e-07,0,4.615530699,-1.711079173,4.615530699,1.688001519,4809.273486,10983.6982,5957.198218,6268.558304,4832.792237,1.252688747e-08
0.000999651132,2.777912046e-07,0,4.552245375,-1.710104579,4.552245375,1.687343352,4753.366965,10831.84778,5883.16776,6187.323732,4776.938786,1.234026195e-08
0.001000171242,2.736526795e-07,0,4.489134669,-1.709132674,4.489134669,1.686687001,4697.614702,10680.41635,5808.487557,6106.313302,4721.239446,1.215641709e-08
0.001000691352,2.695757648e-07,0,4.426198093,-1.708163451,4.426198093,1.68603246,4642.016266,10529.40274,5733.409745,6025.52639,4665.693789,1.197530914e-08
0.001001211462,2.655598011e-07,0,4.363435196,-1.707196902,4.363435196,1.685379726,4586.571258,10378.80587,5656.736897,5944.962417,4610.301413,1.179690881e-08
0.001001731571,2.616035199e-07,0,4.300845457,-1.70623302,4.300845457,1.684728793,4531.27922,10228.62448,5580.274993,5864.620714,4555.061862,1.162115974e-08
0.001002251681,2.577060178e-07,0,4.238428399,-1.705271797,4.238428399,1.684079655,4476.139728,10078.85743,5505.81581,5784.500668,4499.974713,1.14480218e-08
0.001002771791,2.538664867e-07,0,4.176183552,-1.704313227,4.176183552,1.683432309,4421.152368,9929.503593,5430.721258,5704.601676,4445.03955,1.127745909e-08
0.001003291901,2.500841184e-07,0,4.114110446,-1.703357301,4.114110446,1.682786749,4366.316725,9780.561843,5356.200367,5624.923136,4390.255961,1.110943572e-08
0.001003812011,2.463581048e-07,0,4.052208613,-1.702404013,4.052208613,1.68214297,4311.632385,9632.031053,5282.556855,5545.464445,4335.623532,1.094391578e-08
0.001004332121,2.426876378e-07,0,3.990477582,-1.701453355,3.990477582,1.681500967,4257.098933,9483.910099,5206.489704,5466.225001,4281.141847,1.078086337e-08
0.00100485223,2.390719093e-07,0,3.928916886,-1.70050532,3.928916886,1.680860736,4202.715955,9336.197854,5130.632444,5387.204202,4226.810493,1.06202426e-08
0.00100537234,2.355101111e-07,0,3.867526055,-1.699559901,3.867526055,1.680222271,4148.483036,9188.893192,5054.984498,5308.401446,4172.629056,1.046201757e-08
0.00100589245,2.320014351e-07,0,3.806304619,-1.698617091,3.806304619,1.679585568,4094.399762,9041.994987,4980.29984,5229.81613,4118.597122,1.030615237e-08
0.00100641256,2.285450733e-07,0,3.74525211,-1.697676882,3.74525211,1.678950622,4040.049483,8895.502115,4908.483699,5151.447652,4064.714276,1.015261111e-08
0.00100693267,2.251402174e-07,0,3.684368058,-1.696739268,3.684368058,1.678317428,3985.626793,8749.413448,4836.865714,5073.295409,4010.980105,1.00013579e-08
0.00100745278,2.217860594e-07,0,3.623651994,-1.695804241,3.623651994,1.677685981,3931.354263,8603.727862,4765.050374,4995.358801,3957.394195,9.852356821e-09
0.00100797289,2.18481998e-07,0,3.563103475,-1.694871794,3.563103475,1.677056276,3877.231498,8458.444291,4691.518469,4917.637257,3903.956153,9.705581175e-09
0.001008492999,2.152271105e-07,0,3.502722015,-1.693941919,3.502722015,1.676428309,3823.258062,8313.561572,4620.968064,4840.130153,3850.665552,9.560989972e-09
0.001009013109,2.120205695e-07,0,3.442507141,-1.69301461,3.442507141,1.675802074,3769.433533,8169.078569,4552.364421,4762.836884,3797.521975,9.41854646e-09
0.001009533219,2.088617123e-07,0,3.3824584,-1.692089859,3.3824584,1.675177567,3715.757506,8024.994196,4479.771524,4685.756868,3744.525021,9.278221191e-09
0.001010053329,2.05749876e-07,0,3.322575341,-1.69116766,3.322575341,1.674554784,3662.229578,7881.307368,4406.997217,4608.889524,3691.674291,9.13998472e-09
0.001010573439,2.026843975e-07,0,3.26285751,-1.690248006,3.26285751,1.673933718,3608.849343,7738.017,4335.960198,4532.234272,3638.969387,9.003807597e-09
0.001011093549,1.996646142e-07,0,3.203304456,-1.689330889,3.203304456,1.673314366,3555.616398,7595.122005,4262.071606,4455.790531,3586.409909,8.869660378e-09
0.001011613659,1.96689863e-07,0,3.143915726,-1.688416302,3.143915726,1.672696724,3502.530338,7452.621299,4189.296408,4379.55772,3533.995458,8.737513613e-09
0.001012133768,1.937594811e-07,0,3.084690868,-1.687504239,3.084690868,1.672080785,3449.590759,7310.513796,4117.293065,4303.535259,3481.725634,8.607337857e-09
0.001012653878,1.908728056e-07,0,3.025629429,-1.686594693,3.025629429,1.671466546,3396.797256,7168.798411,4042.792687,4227.722567,3429.600038,8.479103661e-09
0.001013173988,1.880291736e-07,0,2.966730956,-1.685687657,2.966730956,1.670854002,3344.149425,7027.474058,3971.141585,4152.119063,3377.618272,8.352781579e-09
0.001013694098,1.852279223e-07,0,2.907994999,-1.684783123,2.907994999,1.670243148,3291.365105,6886.539651,3897.91452,4076.724166,3325.779935,8.228342163e-09
0.001014214208,1.824683887e-07,0,2.849421103,-1.683881085,2.849421103,1.669633979,3238.660249,6745.994105,3828.454482,4001.537297,3274.084628,8.105755966e-09
0.001014734318,1.797500278e-07,0,2.791008835,-1.682981536,2.791008835,1.669026492,3186.100826,6605.836377,3757.443058,3926.557895,3222.531968,7.984998775e-09
0.001015254427,1.770721887e-07,0,2.732757741,-1.682084469,2.732757741,1.668420681,3133.686428,6466.06538,3687.036974,3851.785382,3171.121556,7.866041675e-09
0.001015774537,1.74434115e-07,0,2.674667354,-1.681189877,2.674667354,1.66781654,3081.416634,6326.679993,3616.121879,3777.219156,3119.852977,7.748851068e-09
0.001016294647,1.718352631e-07,0,2.616737238,-1.680297753,2.616737238,1.667214067,3029.291052,6187.679169,3544.88978,3702.858657,3068.725849,7.633402798e-09
0.001016814757,1.692750891e-07,0,2.558966957,-1.679408091,2.558966957,1.666613256,2977.30929,6049.061861,3472.750092,3628.703327,3017.739784,7.519672711e-09
0.001017334867,1.667530493e-07,0,2.501356074,-1.678520884,2.501356074,1.666014103,2925.470954,5910.827023,3399.368559,3554.752603,2966.8944,7.407636652e-09
0.001017854977,1.642685999e-07,0,2.443904153,-1.677636124,2.443904153,1.665416603,2873.775653,5772.973608,3330.944501,3481.005928,2916.18931,7.297270466e-09
0.001018375087,1.618211973e-07,0,2.386610759,-1.676753806,2.386610759,1.664820752,2822.222994,5635.50057,3260.917238,3407.462741,2865.62413,7.188549998e-09
0.001018895196,1.594102976e-07,0,2.329475454,-1.675873922,2.329475454,1.664226545,2770.812585,5498.406861,3195.107565,3334.122481,2815.198474,7.081451093e-09
0.001019415306,1.570353571e-07,0,2.272497803,-1.674996466,2.272497803,1.663633977,2719.544032,5361.691436,3125.246661,3260.98459,2764.911958,6.975949596e-09
0.001019935416,1.54695832e-07,0,2.21567737,-1.674121431,2.21567737,1.663043045,2668.416944,5225.353248,3056.797461,3188.048507,2714.764197,6.872021352e-09
0.001020455526,1.523911787e-07,0,2.159013718,-1.673248811,2.159013718,1.662453743,2617.430927,5089.391249,2990.069409,3115.313672,2664.754806,6.769642207e-09
0.001020975636,1.501208532e-07,0,2.102506411,-1.672378599,2.102506411,1.661866067,2566.585591,4953.804394,2922.290981,3042.779526,2614.8834,6.668788004e-09
0.001021495746,1.478843372e-07,0,2.046155017,-1.671510787,2.046155017,1.661280012,2515.880545,4818.591646,2855.127337,2970.445513,2565.149597,6.56943571e-09
0.001022015856,1.456811577e-07,0,1.989959111,-1.67064537,1.989959111,1.660695575,2465.315407,4683.751985,2788.636932,2898.311089,2515.553022,6.471564316e-09
0.001022535965,1.435107394e-07,0,1.933918251,-1.669782341,1.933918251,1.66011275,2414.889779,4549.284347,2718.750469,2826.375684,2466.093285,6.375148267e-09
0.001023056075,1.413726246e-07,0,1.878032012,-1.668921693,1.878032012,1.659531533,2364.60328,4415.187719,2648.994131,2754.638756,2416.770012,6.28016723e-09
0.001023576185,1.392663556e-07,0,1.822299973,-1.66806342,1.822299973,1.65895192,2314.455531,4281.461087,2581.802165,2683.099763,2367.582831,6.186600871e-09
0.001024096295,1.371914746e-07,0,1.766721712,-1.667207514,1.766721712,1.658373906,2264.184209,4148.103436,2513.474581,2611.758161,2318.531368,6.094428857e-09
0.001024616405,1.351475239e-07,0,1.711296805,-1.666353971,1.711296805,1.657797487,2213.889894,4015.113753,2445.680302,2540.61341,2269.61525,6.003630852e-09
0.001025136515,1.331340458e-07,0,1.656024829,-1.665502782,1.656024829,1.657222658,2159.825509,3882.491024,2378.185859,2469.664965,2220.834105,5.914186524e-09
0.001025656624,1.311505824e-07,0,1.600905364,-1.664653943,1.600905364,1.656649416,2104.555566,3750.234234,2309.419235,2398.912285,2172.18756,5.826075539e-09
0.001026176734,1.291966762e-07,0,1.545937984,-1.663807445,1.545937984,1.656077755,2049.438126,3618.342369,2239.585909,2328.354827,2123.675241,5.739277562e-09
0.001026696844,1.272718694e-07,0,1.491122269,-1.662963283,1.491122269,1.655507672,1990.342777,3486.814416,2174.023498,2257.992049,2075.296775,5.65377226e-09
0.001027216954,1.253757872e-07,0,1.436457812,-1.66212145,1.436457812,1.654939161,1926.102834,3355.649398,2106.961786,2187.823428,2027.051804,5.56954299e-09
0.001027737064,1.235078984e-07,0,1.381944173,-1.66128194,1.381944173,1.654372219,1862.040129,3224.846265,2040.606771,2117.848403,1978.939941,5.486566147e-09
0.001028257174,1.216678041e-07,0,1.327580942,-1.660444747,1.327580942,1.653806842,1798.154178,3094.404028,1974.398143,2048.066444,1930.960822,5.404824011e-09
0.001028777284,1.198551119e-07,0,1.273367707,-1.659609863,1.273367707,1.653243024,1734.444498,2964.321701,1909.035853,1978.477024,1883.114085,5.324299156e-09
0.001029297393,1.180694294e-07,0,1.219304059,-1.658777283,1.219304059,1.652680762,1670.910607,2834.598299,1843.836113,1909.079617,1835.399367,5.24497415e-09
0.001029817503,1.163103644e-07,0,1.165389585,-1.657947,1.165389585,1.652120052,1607.552021,2706.771034,1778.73318,1839.873694,1787.816306,5.166831566e-09
0.001030337613,1.145775246e-07,0,1.111623875,-1.657119008,1.111623875,1.651560888,1544.368259,2582.906602,1718.587297,1770.858728,1740.364539,5.089853973e-09
0.001030857723,1.128705174e-07,0,1.058006519,-1.6562933,1.058006519,1.651003268,1478.483403,2459.383944,1659.173901,1702.034192,1693.043704,5.014023943e-09
0.001031377833,1.111889506e-07,0,1.004537106,-1.655469871,1.004537106,1.650447186,1412.368056,2336.202114,1601.544878,1633.39956,1645.853438,4.939324046e-09
0.001031897943,1.095324319e-07,0,0.9512152239,-1.654648714,0.9512152239,1.649892638,1327.321128,2213.360164,1543.169489,1564.954302,1598.793378,4.865736854e-09
0.001032418053,1.079006216e-07,0,0.8980404747,-1.653829823,0.8980404747,1.649339621,1240.914804,2090.857176,1486.660618,1496.697907,1551.863172,4.793247276e-09
0.001032938162,1.062930951e-07,0,0.8450124392,-1.653013192,0.8450124392,1.648788129,1154.746882,1968.692184,1428.028745,1428.629838,1505.062451,4.721836453e-09
0.001033458272,1.04709483e-07,0,0.7921307108,-1.652198813,0.7921307108,1.648238159,1068.816702,1846.864251,1365.795718,1360.749572,1458.390856,4.651487979e-09
0.001033978382,1.031494492e-07,0,0.7393948904,-1.651386681,0.7393948904,1.647689707,983.1236156,1725.372459,1301.555066,1293.056597,1411.848034,4.582186915e-09
0.001034498492,1.016126572e-07,0,0.6868045785,-1.650576791,0.6868045785,1.647142768,897.6669731,1612.395622,1241.939739,1225.5504,1365.433632,4.51391832e-09
0.001035018602,1.000987709e-07,0,0.6343593759,-1.649769134,0.6343593759,1.646597338,812.4461259,1510.009489,1180.134042,1158.230469,1319.1473,4.446667256e-09
0.001035538712,9.860745385e-08,0,0.5820588833,-1.648963707,0.5820588833,1.646053412,726.4343479,1432.025332,1119.695901,1091.096291,1272.988683,4.380418784e-09
0.001036058821,9.713836979e-08,0,0.5299027015,-1.648160502,0.5299027015,1.645510988,634.7726933,1360.017395,1056.33227,1024.147354,1226.95743,4.315157963e-09
0.001036578931,9.569118243e-08,0,0.477890431,-1.647359513,0.477890431,1.64497006,543.3639552,1288.208146,991.706759,957.3831455,1181.053188,4.250869854e-09
0.001037099041,9.426555546e-08,0,0.4260216726,-1.646560734,0.4260216726,1.644430625,452.2074319,1216.597032,926.7053962,890.8031523,1135.275605,4.187539518e-09
0.001037619151,9.286115986e-08,0,0.3742960288,-1.645764159,0.3742960288,1.643892679,361.3024245,1146.416575,862.420978,824.4068643,1089.62433,4.125152339e-09
0.001038139261,9.147767955e-08,0,0.3227131045,-1.644969782,0.3227131045,1.643356216,270.6482389,1091.920462,797.9274916,758.1937746,1044.099014,4.063694276e-09
0.001038659371,9.011480421e-08,0,0.2712725061,-1.644177597,0.2712725061,1.642821234,180.2441834,1038.329747,736.2889528,692.1633779,998.6993107,4.003151543e-09
0.001039179481,8.877223463e-08,0,0.2199738428,-1.643387597,0.2199738428,1.642287728,90.08957115,984.8869,671.2178025,626.3151725,953.4248741,3.943510849e-09
0.00103969959,8.744967161e-08,0,0.1688167238,-1.642599778,0.1688167238,1.641755694,0.1837152605,931.6422304,608.644156,560.6486567,908.2753595,3.884758902e-09
0.0010402197,8.614681594e-08,0,0.1178007583,-1.641814132,0.1178007583,1.641225128,0.6851879166,880.0442911,547.2446509,498.8341468,863.2504222,3.826882411e-09
0.001040401518,0,3.806854205e-09,0,-1.373962397,0,1.373962401,0.4258138651,867.6158513,533.4904257,500.3762516,849.0102505,3.806854205e-09
0.00104073981,0,3.806854205e-09,0,-1.036977883,0,1.036977886,0.08643512763,831.9188239,489.4332987,450.7980072,819.8109827,3.806854205e-09
0.00104125992,0,3.806854205e-09,0,-0.7792336945,0,0.7792336983,0.1567316295,778.9644876,405.1988601,392.0878195,773.7568309,3.806854205e-09
0.00104178003,0,3.806854205e-09,0,-0.6323728881,0,0.6323728919,0.05180111411,726.9598527,335.1925743,345.5204453,726.9598527,3.806854205e-09
0.00104230014,0,3.806854205e-09,0,-0.5315881933,0,0.5315881971,0.4623644525,680.9940276,280.5923146,306.3210181,680.9940276,3.806854205e-09
0.00104282025,0,3.806854205e-09,0,-0.4557079814,0,0.4557079852,0.1329272946,635.9705256,237.6442367,272.5447567,635.9705256,3.806854205e-09
0.001043340359,0,3.806854205e-09,0,-0.3955236597,0,0.3955236635,0.03834358012,591.3662724,203.4988438,243.1636283,591.3662724,3.806854205e-09
0.001043860469,0,3.806854205e-09,0,-0.3462051205,0,0.3462051243,0.1313386655,547.1852287,176.1190225,217.3891687,547.1852287,3.806854205e-09
0.001044380579,0,3.806854205e-09,0,-0.3048878606,0,0.3048878644,0.01577677773,503.8661683,154.0530583,194.6188553,503.8661683,3.806854205e-09
0.001044900689,0,3.806854205e-09,0,-0.269723216,0,0.2697232198,0.1053873148,461.9734048,135.1206104,174.4124846,461.9734048,3.806854205e-09
0.001045420799,0,3.806854205e-09,0,-0.2394425459,0,0.2394425497,0.01039107836,422.0046796,119.2702805,156.4353136,422.0046796,3.806854205e-09
0.001045940909,0,3.806854205e-09,0,-0.2131336834,0,0.2131336872,0.1967786148,384.3185656,105.6634587,140.3972612,384.3185656,3.806854205e-09
0.001046461018,0,3.806854205e-09,0,-0.1901163614,0,0.1901163652,0.1750265938,349.1286198,93.71644526,126.0611663,349.1286198,3.806854205e-09
0.001046981128,0,3.806854205e-09,0,-0.1698681396,0,0.1698681434,0.03698980667,316.5253844,83.33974043,113.2294691,316.5253844,3.806854205e-09
0.001047501238,0,3.806854205e-09,0,-0.1519779984,0,0.1519780023,0.1547972866,286.5056275,74.57422326,101.7326268,286.5056275,3.806854205e-09
0.001048021348,0,3.806854205e-09,0,-0.1361159807,0,0.1361159845,0.01748376074,258.9997853,66.88437176,91.42299724,258.9997853,3.806854205e-09
0.001048541458,0,3.806854205e-09,0,-0.1220126092,0,0.122012613,0.03559974162,233.8945223,59.96143647,82.17244037,233.8945223,3.806854205e-09
0.001049061568,0,3.806854205e-09,0,-0.1094445135,0,0.1094445173,0.01966695244,211.0500104,53.87809082,73.86815053,211.0500104,3.806854205e-09
0.001049581678,0,3.806854205e-09,0,-0.09822415136,0,0.09822415517,0.06839759379,190.3125624,48.42141746,66.41038512,190.3125624,3.806854205e-09
0.001050101787,0,3.806854205e-09,0,-0.08819230117,0,0.08819230498,0.03212416086,171.5235432,43.44643494,59.71068568,171.5235432,3.806854205e-09
0.001050621897,0,3.806854205e-09,0,-0.07921248124,0,0.07921248505,0.007781828281,154.5254431,39.04784249,53.69056109,154.5254431,3.806854205e-09
0.001051142007,0,3.806854205e-09,0,-0.0711667364,0,0.0711667402,0.008166810779,139.1658546,35.10653574,48.28005908,139.1658546,3.806854205e-09
0.001051662117,0,3.806854205e-09,0,-0.06395240717,0,0.06395241098,0.01582732954,125.2999406,31.5655811,43.41672051,125.2999406,3.806854205e-09
0.001052182227,0,3.806854205e-09,0,-0.05747961835,0,0.05747962215,0.02423725635,112.7918358,28.38360047,39.04465229,112.7918358,3.806854205e-09
0.001052702337,0,3.806854205e-09,0,-0.0516692978,0,0.0516693016,0.02742629152,101.5153097,25.52369073,35.11382904,101.5153097,3.806854205e-09
0.001053222447,0,3.806854205e-09,0,-0.04645159102,0,0.04645159483,0.0287115163,91.3539256,22.95288508,31.57944425,91.3539256,3.806854205e-09
0.001053742556,0,3.806854205e-09,0,-0.04176457749,0,0.04176458129,0.02872990232,82.20086959,20.64169395,28.40131817,82.20086959,3.806854205e-09
0.001054262666,0,3.806854205e-09,0,-0.03755321664,0,0.03755322045,0.02792894301,73.95856881,18.56370971,25.54339859,73.95856881,3.806854205e-09
0.001054782776,0,3.806854205e-09,0,-0.03376847289,0,0.0337684767,0.02662103154,66.53818484,16.6952644,22.97332179,66.53818484,3.806854205e-09
0.001055302886,0,3.806854205e-09,0,-0.03036657894,0,0.03036658275,0.02502243101,59.85903759,15.01513034,20.66202362,59.85903759,3.806854205e-09
0.001055822996,0,3.806854205e-09,0,-0.02730841137,0,0.02730841518,0.02328115321,53.84800333,13.50425793,18.58339517,53.84800333,3.806854205e-09
0.001056343106,0,3.806854205e-09,0,-0.02455895538,0,0.02455895918,0.02149690985,48.43891138,12.14554439,16.7139765,48.43891138,3.806854205e-09
0.001056863215,0,3.806854205e-09,0,-0.02208684287,0,0.02208684667,0.01973536966,43.57195799,10.92362938,15.03268379,43.57195799,3.806854205e-09
0.001057383325,0,3.806854205e-09,0,-0.01986395054,0,0.01986395434,0.01803833924,39.19314723,9.824713513,13.52056579,39.19314723,3.806854205e-09
0.001057903435,0,3.806854205e-09,0,-0.01786504806,0,0.01786505186,0.016431019,35.25376464,8.836396706,12.16058576,35.25376464,3.806854205e-09
0.001058423545,0,3.806854205e-09,0,-0.01606748896,0,0.01606749277,0.01492716145,31.70988806,7.947534271,10.93742658,31.70988806,3.806854205e-09
0.001058943655,0,3.806854205e-09,0,-0.01445093779,0,0.0144509416,0.01353272966,28.52193581,7.148108323,9.837316055,28.52193581,3.806854205e-09
0.001059463765,0,3.806854205e-09,0,-0.01299712845,0,0.01299713225,0.01224848239,25.65425216,6.429112882,8.847870443,25.65425216,3.806854205e-09
0.001059983875,0,3.806854205e-09,0,-0.0116896491,0,0.0116896529,0.01107179324,23.07472754,5.782450777,7.957953726,23.07472754,3.806854205e-09
0.001060503984,0,3.806854205e-09,0,-0.01051375091,0,0.01051375472,0.009997921652,20.75445324,5.200841415,7.157551537,20.75445324,3.806854205e-09
0.001061024094,0,3.806854205e-09,0,-0.009456177269,0,0.009456181076,0.009020894507,18.66740742,4.677738008,6.437657854,18.66740742,3.806854205e-09
0.001061544204,0,3.806854205e-09,0,-0.008505011301,0,0.008505015108,0.008134110827,16.79017076,4.207253392,5.790173337,16.79017076,3.806854205e-09
0.001062064314,0,3.806854205e-09,0,-0.007649539296,0,0.007649543103,0.007330750573,15.10166878,3.78409333,5.207813863,15.10166878,3.806854205e-09
0.001062584424,0,3.806854205e-09,0,-0.006880128357,0,0.006880132163,0.006604045022,13.5829389,3.403496634,4.684028333,13.5829389,3.806854205e-09
0.001063104534,0,3.806854205e-09,0,-0.006188116766,0,0.006188120573,0.005947450083,12.21692018,3.061181381,4.212924827,12.21692018,3.806854205e-09
0.001063624644,0,3.806854205e-09,0,-0.005565715664,0,0.005565719471,0.005354752005,10.98826363,2.753296611,3.789204229,10.98826363,3.806854205e-09
0.001064144753,0,3.806854205e-09,0,-0.005005920847,0,0.005005924654,0.004820126406,9.8831613,2.476378919,3.408100589,9.8831613,3.806854205e-09
0.001064664863,0,3.806854205e-09,0,-0.004502433428,0,0.004502437234,0.004338165348,8.889191903,2.227313389,3.065327403,8.889191903,3.806854205e-09
0.001065184973,0,3.806854205e-09,0,-0.004049588588,0,0.004049592395,0.003903883033,7.995181818,2.003298458,2.757029313,7.995181818,3.806854205e-09
0.001065705083,0,3.806854205e-09,0,-0.003642291785,0,0.003642295592,0.003512707688,7.191080319,1.801814454,2.479738832,7.191080319,3.806854205e-09
0.001066225193,0,3.806854205e-09,0,-0.003275961206,0,0.003275965013,0.003160464495,6.467846814,1.62059519,2.230337268,6.467846814,3.806854205e-09
0.001066745303,0,3.806854205e-09,0,-0.002946476023,0,0.002946479829,0.002843353274,5.817349292,1.457602406,2.006019581,5.817349292,3.806854205e-09
0.001067265412,0,3.806854205e-09,0,-0.002650130037,0,0.002650133843,0.002557923579,5.232273252,1.311002879,1.804262875,5.232273252,3.806854205e-09
0.001067785522,0,3.806854205e-09,0,-0.002383589998,0,0.002383593805,0.002301048715,4.706039713,1.179147818,1.622798061,4.706039713,3.806854205e-09
0.001068305632,0,3.806854205e-09,0,-0.002143857919,0,0.002143861726,0.002069899621,4.232731041,1.060554243,1.459584232,4.232731041,3.806854205e-09
0.001068825742,0,3.806854205e-09,0,-0.001928237385,0,0.001928241192,0.001861919698,3.807024606,0.9538883305,1.312785744,3.807024606,3.806854205e-09
0.001069345852,0,3.806854205e-09,0,-0.001734303293,0,0.0017343071,0.001674800878,3.424133137,0.85795045,1.180751629,3.424133137,3.806854205e-09
0.001069865962,0,3.806854205e-09,0,-0.001559874431,0,0.001559878238,0.001506460957,3.079750679,0.7716616073,1.061996939,3.079750679,3.806854205e-09
0.001070386072,0,3.806854205e-09,0,-0.001402988963,0,0.001402992769,0.001355022651,2.770004253,0.6940513213,0.9551860631,2.770004253,3.806854205e-09
0.001070906181,0,3.806854205e-09,0,-0.001261882436,0,0.001261886243,0.001218794319,2.491410472,0.6242467471,0.8591177573,2.491410472,3.806854205e-09
0.001071426291,0,3.806854205e-09,0,-0.00113496785,0,0.001134971657,0.001096252122,2.240836223,0.5614628181,0.7727115814,2.240836223,3.806854205e-09
0.001071946401,0,3.806854205e-09,0,-0.001020817802,0,0.001020821609,0.0009860238003,2.015463442,0.5049934161,0.6949957463,2.015463442,3.806854205e-09
0.001072466511,0,3.806854205e-09,0,-0.0009181484856,0,0.0009181522925,0.0008868739402,1.812757533,0.4542034561,0.6250962206,1.812757533,3.806854205e-09
0.001072986621,0,3.806854205e-09,0,-0.000825805218,0,0.0008258090248,0.0007976905228,1.630438808,0.4085217278,0.5622268797,1.630438808,3.806854205e-09
0.001073506731,0,3.806854205e-09,0,-0.000742749436,0,0.0007427532428,0.0007174727376,1.466456821,0.3674344631,0.5056806532,1.466456821,3.806854205e-09
0.001074026841,0,3.806854205e-09,0,-0.0006680470402,0,0.0006680508471,0.0006453199952,1.318967358,0.3304795706,0.4548215899,1.318967358,3.806854205e-09
0.00107454695,0,3.806854205e-09,0,-0.0006008578842,0,0.0006008616911,0.0005804219677,1.186311693,0.2972414357,0.4090777024,1.186311693,3.806854205e-09
0.00107506706,0,3.806854205e-09,0,-0.000540426314,0,0.0005404301209,0.0005220495911,1.06699791,0.2673462419,0.367934527,1.06699791,3.806854205e-09
0.00107558717,0,3.806854205e-09,0,-0.0004860726794,0,0.0004860764862,0.0004695469652,0.9596841472,0.2404577705,0.330929344,0.9596841472,3.806854205e-09
0.00107610728,0,3.806854205e-09,0,-0.0004371856877,0,0.0004371894946,0.0004223240396,0.8631635002,0.2162736187,0.297645973,0.8631635002,3.806854205e-09
0.00107662739,0,3.806854205e-09,0,-0.0003932155329,0,0.0003932193398,0.0003798500282,0.7763504595,0.1945218008,0.2677100942,0.7763504595,3.806854205e-09
0.0010771475,0,3.806854205e-09,0,-0.0003536676979,0,0.0003536715047,0.0003416474601,0.6982686738,0.1749576819,0.2407850299,0.6982686738,3.806854205e-09
0.001077667609,0,3.806854205e-09,0,-0.0003180974058,0,0.0003181012127,0.0003072868457,0.6280399958,0.1573612335,0.2165679664,0.6280399958,3.806854205e-09
0.001078187719,0,3.806854205e-09,0,-0.0002861046134,0,0.0002861084202,0.0002763818599,0.564874597,0.1415345562,0.1947865454,0.564874597,3.806854205e-09
0.001078707829,0,3.806854205e-09,0,-0.0002573295117,0,0.0002573333186,0.0002485850092,0.5080620859,0.1272996544,0.1751958011,0.5080620859,3.806854205e-09
0.001079227939,0,3.806854205e-09,0,-0.0002314484851,0,0.0002314522919,0.0002235837382,0.4569635285,0.1144964372,0.1575754086,0.4569635285,3.806854205e-09
0.001079748049,0,3.806854205e-09,0,-0.0002081704429,0,0.0002081742497,0.0002010968932,0.4110042072,0.1029809035,0.141727187,0.4110042072,3.806854205e-09
0.001080268159,0,3.806854205e-09,0,-0.0001872336081,0,0.0001872374149,0.0001808716251,0.3696672795,0.09262355361,0.1274729126,0.3696672795,3.806854205e-09
0.001080788269,0,3.806854205e-09,0,-0.0001684025035,0,0.0001684063104,0.0001626804814,0.3324878284,0.08330789811,0.1146522672,0.3324878284,3.806854205e-09
0.001081308378,0,3.806854205e-09,0,-0.0001514653434,0,0.0001514691502,0.0001463188893,0.2990477121,0.07492916763,0.1031210623,0.2990477121,3.806854205e-09
0.001081828488,0,3.806854205e-09,0,-0.0001362316533,0,0.0001362354601,0.0001316028584,0.2689708647,0.0673931354,0.09274961856,0.2689708647,3.806854205e-09
0.001082348598,0,3.806854205e-09,0,-0.0001225300891,0,0.000122533896,0.0001183668753,0.2419189913,0.06061503842,0.08342128111,0.2419189913,3.806854205e-09
0.001082868708,0,3.806854205e-09,0,-0.0001102065724,0,0.0001102103792,0.0001064621027,0.2175878847,0.05451865474,0.07503114975,0.2175878847,3.806854205e-09
0.001083388818,0,3.806854205e-09,0,-9.912249363e-05,0,9.912630049e-05,9.575464522e-05,0.1957038795,0.04903541499,0.06748485601,0.1957038795,3.806854205e-09
0.001083908928,0,3.806854205e-09,0,-8.915321011e-05,0,8.915701696e-05,8.612409836e-05,0.1760208857,0.04410365899,0.06069754029,0.1760208857,3.806854205e-09
0.001084429038,0,3.806854205e-09,0,-8.018658242e-05,0,8.019038928e-05,7.746213513e-05,0.1583174993,0.03966791194,0.05459285554,0.1583174993,3.806854205e-09
0.001084949147,0,3.806854205e-09,0,-7.212177893e-05,0,7.212558579e-05,6.967135145e-05,0.142394642,0.03567829293,0.04910215326,0.142394642,3.806854205e-09
0.001085469257,0,3.806854205e-09,0,-6.486810233e-05,0,6.487190919e-05,6.266413276e-05,0.1280732444,0.03208993444,0.04416368469,0.1280732444,3.806854205e-09
0.001085989367,0,3.806854205e-09,0,-5.834396268e-05,0,5.834776953e-05,5.636166211e-05,0.1151922181,0.02886247432,0.03972190151,0.1151922181,3.806854205e-09
0.001086509477,0,3.806854205e-09,0,-5.247599026e-05,0,5.247979712e-05,5.069306322e-05,0.1036067049,0.02595961693,0.03572685196,0.1036067049,3.806854205e-09
0.001087029587,0,3.806854205e-09,0,-4.719819587e-05,0,4.720200272e-05,4.559458938e-05,0.09318641776,0.02334871774,0.03213360907,0.09318641776,3.806854205e-09
0.001087549697,0,3.806854205e-09,0,-4.245121944e-05,0,4.245502629e-05,4.100889767e-05,0.08381415853,0.02100041161,0.02890175917,0.08381415853,3.806854205e-09
0.001088069806,0,3.806854205e-09,0,-3.818166927e-05,0,3.818547613e-05,3.688441065e-05,0.0753845125,0.01888828593,0.02599495196,0.0753845125,3.806854205e-09
0.001088589916,0,3.806854205e-09,0,-3.434152962e-05,0,3.434533647e-05,3.317474412e-05,0.0678026791,0.01698858754,0.02338049724,0.0678026791,3.806854205e-09
0.001089110026,0,3.806854205e-09,0,-3.088761336e-05,0,3.089142022e-05,2.98381784e-05,0.06098339126,0.01527995198,0.02102899221,0.06098339126,3.806854205e-09
0.001089630136,0,3.806854205e-09,0,-2.778107651e-05,0,2.778488337e-05,2.683718936e-05,0.05484995681,0.01374316332,0.01891399102,0.05484995681,3.806854205e-09
0.001090150246,0,3.806854205e-09,0,-2.498698152e-05,0,2.499078837e-05,2.413802653e-05,0.0493333963,0.01236093813,0.01701170736,0.0493333963,3.806854205e-09
0.001090670356,0,3.806854205e-09,0,-2.247390444e-05,0,2.247771129e-05,2.171033368e-05,0.04437166744,0.01111773113,0.01530074713,0.04437166744,3.806854205e-09
0.001091190466,0,3.806854205e-09,0,-2.021357974e-05,0,2.021738659e-05,1.952680564e-05,0.03990896377,0.009999559505,0.01376186648,0.03990896377,3.806854205e-09
0.001091710575,0,3.806854205e-09,0,-1.818059055e-05,0,1.81843974e-05,1.756288914e-05,0.03589510314,0.008993849648,0.01237776103,0.03589510314,3.806854205e-09
0.001092230685,0,3.806854205e-09,0,-1.635207079e-05,0,1.635587764e-05,1.5796495e-05,0.03228493959,0.008089289823,0.01113286304,0.03228493959,3.806854205e-09
0.001092750795,0,3.806854205e-09,0,-1.470745545e-05,0,1.47112623e-05,1.420775695e-05,0.02903787029,0.007275706619,0.01001317138,0.02903787029,3.806854205e-09
0.001093270905,0,3.806854205e-09,0,-1.322824777e-05,0,1.323205463e-05,1.277880667e-05,0.02611737594,0.006543949783,0.009006093031,0.02611737594,3.806854205e-09
0.001093791015,0,3.806854205e-09,0,-1.189781133e-05,0,1.190161818e-05,1.149357297e-05,0.02349061014,0.00588578935,0.00810030153,0.02349061014,3.806854205e-09
0.001094311125,0,3.806854205e-09,0,-1.070118291e-05,0,1.070498976e-05,1.033760105e-05,0.02112803009,0.005293823095,0.007285609588,0.02112803009,3.806854205e-09
0.001094831235,0,3.806854205e-09,0,-9.624905318e-06,0,9.628712172e-06,9.297890927e-06,0.01900306639,0.004761393811,0.006552855238,0.01900306639,3.806854205e-09
0.001095351344,0,3.806854205e-09,0,-8.656873337e-06,0,8.660680192e-06,8.362748671e-06,0.01709181891,0.004282513102,0.005893796969,0.01709181891,3.806854205e-09
0.001095871454,0,3.806854205e-09,0,-7.786205865e-06,0,7.790012719e-06,7.521662876e-06,0.01537280441,0.003851798141,0.00530102668,0.01537280441,3.806854205e-09
0.001096391564,0,3.806854205e-09,0,-7.003108634e-06,0,7.006915488e-06,6.765172047e-06,0.01382668545,0.003464403753,0.004767876211,0.01382668545,3.806854205e-09
0.001096911674,0,3.806854205e-09,0,-6.298765018e-06,0,6.302571873e-06,6.08475911e-06,0.01243605478,0.003115968395,0.004288343,0.01243605478,3.806854205e-09
0.001097431784,0,3.806854205e-09,0,-5.665262114e-06,0,5.669068968e-06,5.472780009e-06,0.01118528946,0.002802577591,0.003857039762,0.01118528946,3.806854205e-09
0.001097951894,0,3.806854205e-09,0,-5.095477275e-06,0,5.099284129e-06,4.922354097e-06,0.0100603268,0.002520707805,0.003469117238,0.0100603268,3.806854205e-09
0.001098472003,0,3.806854205e-09,0,-4.582999674e-06,0,4.586806528e-06,4.42728836e-06,0.009048509485,0.00226718763,0.003120210789,0.009048509485,3.806854205e-09
0.001098992113,0,3.806854205e-09,0,-4.122060322e-06,0,4.125867176e-06,3.982009816e-06,0.00813844743,0.002039163177,0.002806392757,0.00813844743,3.806854205e-09
0.001099512223,0,3.806854205e-09,0,-3.707480215e-06,0,3.71128707e-06,3.581515422e-06,0.007319915401,0.001834072416,0.002524137157,0.007319915401,3.806854205e-09
0.001100032333,0,3.806854205e-09,0,-3.334604048e-06,0,3.338410902e-06,3.22130804e-06,0.006583722127,0.001649612391,0.002270274552,0.006583722127,3.806854205e-09
0.001100552443,0,3.806854205e-09,0,-2.999219577e-06,0,3.003026431e-06,2.897318541e-06,0.005921551106,0.001483699326,0.002041937148,0.005921551106,3.806854205e-09
0.001101072553,0,3.806854205e-09,0,-2.697574871e-06,0,2.701381725e-06,2.605922471e-06,0.005325994663,0.001334477158,0.001836570547,0.005325994663,3.806854205e-09
0.001101592663,0,3.806854205e-09,0,-2.426263787e-06,0,2.430070641e-06,2.343829413e-06,0.004790327832,0.001200260885,0.001651855768,0.004790327832,3.806854205e-09
0.001102112772,0,3.806854205e-09,0,-2.182240139e-06,0,2.186046993e-06,2.108096675e-06,0.00430853633,0.001079543574,0.001485718898,0.00430853633,3.806854205e-09
0.001102632882,0,3.806854205e-09,0,-1.962763475e-06,0,1.96657033e-06,1.896076918e-06,0.003875209511,0.0009709695374,0.001336294176,0.003875209511,3.806854205e-09
0.001103152992,0,3.806854205e-09,0,-1.765354614e-06,0,1.769161468e-06,1.70537519e-06,0.003485452565,0.0008733123344,0.001201893717,0.003485452565,3.806854205e-09
0.001103673102,0,3.806854205e-09,0,-1.587807238e-06,0,1.591614092e-06,1.533860137e-06,0.00313490942,0.0007854805117,0.001081015411,0.00313490942,3.806854205e-09
0.001104193212,0,3.806854205e-09,0,-1.428107853e-06,0,1.431914707e-06,1.379586675e-06,0.002819604707,0.0007064780033,0.0009722884241,0.002819604707,3.806854205e-09
0.001104713322,0,3.806854205e-09,0,-1.284480183e-06,0,1.288287037e-06,1.240838877e-06,0.002536031409,0.0006354260941,0.000874503428,0.002536031409,3.806854205e-09
0.001105233432,0,3.806854205e-09,0,-1.155288402e-06,0,1.159095257e-06,1.116036497e-06,0.002280959811,0.0005715155492,0.000786546715,0.002280959811,3.806854205e-09
0.001105753541,0,3.806854205e-09,0,-1.039099142e-06,0,1.042905996e-06,1.003794866e-06,0.00205155992,0.0005140372877,0.0007074424144,0.00205155992,3.806854205e-09
0.001106273651,0,3.806854205e-09,0,-9.345872557e-07,0,9.383941099e-07,9.028338595e-07,0.001845215416,0.0004623357662,0.0006362883365,0.001845215416,3.806854205e-09
0.001106793761,0,3.806854205e-09,0,-8.405944035e-07,0,8.444012577e-07,8.120344943e-07,0.001659639314,0.0004158379597,0.0005722958573,0.001659639314,3.806854205e-09
0.001107313871,0,3.806854205e-09,0,-7.560479387e-07,0,7.598547929e-07,7.303605675e-07,0.001492713819,0.0003740132351,0.0005147346942,0.001492713819,3.806854205e-09
0.001107833981,0,3.806854205e-09,0,-6.800126206e-07,0,6.838194748e-07,6.569086139e-07,0.001342592425,0.0003363989334,0.000462968114,0.001342592425,3.806854205e-09
0.001108354091,0,3.806854205e-09,0,-6.116155855e-07,0,6.154224398e-07,5.908354263e-07,0.001207551783,0.0003025632531,0.0004164018514,0.001207551783,3.806854205e-09
0.0011088742,0,3.806854205e-09,0,-5.501025321e-07,0,5.539093863e-07,5.314123311e-07,0.001086102626,0.000272133045,0.0003745223605,0.001086102626,3.806854205e-09
0.00110939431,0,3.806854205e-09,0,-4.947786995e-07,0,4.985855537e-07,4.779681727e-07,0.0009768732432,0.0002447646142,0.0003368566324,0.0009768732432,3.806854205e-09
0.00110991442,0,3.806854205e-09,0,-4.450120819e-07,0,4.488189361e-07,4.298924183e-07,0.000878615826,0.0002201453108,0.0003029743832,0.000878615826,3.806854205e-09
0.00111043453,0,3.806854205e-09,0,-4.002575374e-07,0,4.040643916e-07,3.866584474e-07,0.0007902540653,0.0001980054555,0.0002725044677,0.0007902540653,3.806854205e-09
0.00111095464,0,3.806854205e-09,0,-3.600004713e-07,0,3.638073255e-07,3.477691493e-07,0.0007107719639,0.0001780904808,0.0002450965382,0.0007107719639,3.806854205e-09
0.00111147475,0,3.806854205e-09,0,-3.237925157e-07,0,3.275993699e-07,3.127913898e-07,0.0006392842806,0.0001601785814,0.0002204453356,0.0006392842806,3.806854205e-09
0.00111199486,0,3.806854205e-09,0,-2.912313372e-07,0,2.950381914e-07,2.81336505e-07,0.0005749966625,0.0001440707249,0.000198276942,0.0005749966625,3.806854205e-09
0.001112514969,0,3.806854205e-09,0,-2.619360035e-07,0,2.657428577e-07,2.530365052e-07,0.0005171570108,0.0001295784659,0.0001783320101,0.0005171570108,3.806854205e-09
0.001113035079,0,3.806854205e-09,0,-2.355911718e-07,0,2.39398026e-07,2.275867616e-07,0.0004651427241,0.0001165458059,0.0001603958474,0.0004651427241,3.806854205e-09
0.001113555189,0,3.806854205e-09,0,-2.11900464e-07,0,2.157073182e-07,2.047009657e-07,0.0004183686439,0.0001048261281,0.0001442666727,0.0004183686439,3.806854205e-09
0.001114075299,0,3.806854205e-09,0,-1.905859712e-07,0,1.943928254e-07,1.841106509e-07,0.0003762860769,9.428195225e-05,0.0001297552795,0.0003762860769,3.806854205e-09
0.001114595409,0,3.806854205e-09,0,-1.714164421e-07,0,1.752232963e-07,1.655924228e-07,0.0003384384491,8.479887951e-05,0.0001167042265,0.0003384384491,3.806854205e-09
0.001115115519,0,3.806854205e-09,0,-1.541787692e-07,0,1.579856234e-07,1.489404145e-07,0.0003044050087,7.627148666e-05,0.0001049684254,0.0003044050087,3.806854205e-09
0.001115635629,0,3.806854205e-09,0,-1.386713743e-07,0,1.424782285e-07,1.339598965e-07,0.0002737877668,6.860005388e-05,9.441063694e-05,0.0002737877668,3.806854205e-09
0.001116155738,0,3.806854205e-09,0,-1.24722919e-07,0,1.285297732e-07,1.204853519e-07,0.000246248439,6.169982093e-05,8.491421018e-05,0.000246248439,3.806854205e-09
0.001116675848,0,3.806854205e-09,0,-1.121800999e-07,0,1.159869541e-07,1.083686857e-07,0.0002214843488,5.549494939e-05,7.637477266e-05,0.0002214843488,3.806854205e-09
0.001117195958,0,3.806854205e-09,0,-1.008999366e-07,0,1.047067908e-07,9.747177548e-08,0.0001992132005,4.991470748e-05,6.869497995e-05,0.0001992132005,3.806854205e-09
0.001117716068,0,3.806854205e-09,0,-9.074796539e-08,0,9.45548196e-08,8.766472616e-08,0.0001791695143,4.489257676e-05,6.178328625e-05,0.0001791695143,3.806854205e-09
0.001118236178,0,3.806854205e-09,0,-8.162037411e-08,0,8.542722832e-08,7.884725255e-08,0.0001611483268,4.037720178e-05,5.556901376e-05,0.0001611483268,3.806854205e-09
0.001118756288,0,3.806854205e-09,0,-7.341335135e-08,0,7.722020555e-08,7.091907036e-08,0.0001449446767,3.631722757e-05,4.998148533e-05,0.0001449446767,3.806854205e-09
0.001119276397,0,3.806854205e-09,0,-6.60314707e-08,0,6.98383249e-08,6.378799537e-08,0.0001303701574,3.266544714e-05,4.495573248e-05,0.0001303701574,3.806854205e-09
0.001119796507,0,3.806854205e-09,0,-5.938778005e-08,0,6.319463426e-08,5.737002976e-08,0.0001172530939,2.937884572e-05,4.043255624e-05,0.0001172530939,3.806854205e-09
0.001120316617,0,3.806854205e-09,0,-5.341428224e-08,0,5.722113645e-08,5.159948661e-08,0.000105459235,2.642378543e-05,3.636566258e-05,0.000105459235,3.806854205e-09
0.001120836727,0,3.806854205e-09,0,-4.804344358e-08,0,5.185029778e-08,4.641112676e-08,9.485524457e-05,2.376685768e-05,3.270907303e-05,9.485524457e-05,3.806854205e-09
0.001121356837,0,3.806854205e-09,0,-4.321435712e-08,0,4.702121132e-08,4.174611261e-08,8.532087019e-05,2.137793212e-05,2.942132073e-05,8.532087019e-05,3.806854205e-09
0.001121876947,0,3.806854205e-09,0,-3.886547952e-08,0,4.267233372e-08,3.754499183e-08,7.67346029e-05,1.922656354e-05,2.64605056e-05,7.67346029e-05,3.806854205e-09
0.001122397057,0,3.806854205e-09,0,-3.495422131e-08,0,3.876107552e-08,3.376662194e-08,6.901235557e-05,1.729168314e-05,2.379763173e-05,6.901235557e-05,3.806854205e-09
0.001122917166,0,3.806854205e-09,0,-3.143910635e-08,0,3.524596055e-08,3.037093599e-08,6.20722392e-05,1.555277288e-05,2.140446123e-05,6.20722392e-05,3.806854205e-09
0.001123437276,0,3.806854205e-09,0,-2.827865848e-08,0,3.208551268e-08,2.731786703e-08,5.583236475e-05,1.39893147e-05,1.925275618e-05,5.583236475e-05,3.806854205e-09
0.001123957386,0,3.806854205e-09,0,-2.543624837e-08,0,2.924310257e-08,2.457203022e-08,5.022041262e-05,1.258318826e-05,1.73175785e-05,5.022041262e-05,3.806854205e-09
0.001124477496,0,3.806854205e-09,0,-2.287648399e-08,0,2.668333819e-08,2.2099236e-08,4.516650602e-05,1.131688528e-05,1.557483248e-05,4.516650602e-05,3.806854205e-09
0.001124997606,0,3.806854205e-09,0,-2.057428181e-08,0,2.438113601e-08,1.98752531e-08,4.062112096e-05,1.017799706e-05,1.400744068e-05,4.062112096e-05,3.806854205e-09
0.001125517716,0,3.806854205e-09,0,-1.850524954e-08,0,2.231210374e-08,1.787651796e-08,3.653609816e-05,9.15445687e-06,1.259879628e-05,3.653609816e-05,3.806854205e-09
0.001126037826,0,3.806854205e-09,0,-1.664499486e-08,0,2.045184907e-08,1.607946702e-08,3.286327833e-05,8.234197937e-06,1.133229244e-05,3.286327833e-05,3.806854205e-09
0.001126557935,0,3.806854205e-09,0,-1.497354466e-08,0,1.878039886e-08,1.446480575e-08,2.956322725e-05,7.407339656e-06,1.019433099e-05,2.956322725e-05,3.806854205e-09
0.001127078045,0,3.806854205e-09,0,-1.346653242e-08,0,1.727338663e-08,1.300899554e-08,2.658783657e-05,6.66182804e-06,9.168322659e-06,2.658783657e-05,3.806854205e-09
0.001127598155,0,3.806854205e-09,0,-1.210996009e-08,0,1.591681429e-08,1.169851391e-08,2.390946902e-05,5.99073831e-06,8.244737251e-06,2.390946902e-05,3.806854205e-09
0.001128118265,0,3.806854205e-09,0,-1.089070277e-08,0,1.469755697e-08,1.052068189e-08,2.150221128e-05,5.387577647e-06,7.414639034e-06,2.150221128e-05,3.806854205e-09
0.001128638375,0,3.806854205e-09,0,-9.795635559e-09,0,1.360248976e-08,9.462820517e-09,1.934015003e-05,4.84585323e-06,6.669092283e-06,1.934015003e-05,3.806854205e-09
0.001129158485,0,3.806854205e-09,0,-8.811633573e-09,0,1.261848778e-08,8.512250835e-09,1.739737195e-05,4.359072237e-06,5.999161271e-06,1.739737195e-05,3.806854205e-09
0.001129678594,0,3.806854205e-09,0,-7.926690514e-09,0,1.173354472e-08,7.657374468e-09,1.565017225e-05,3.921295214e-06,5.396671836e-06,1.565017225e-05,3.806854205e-09
0.001130198704,0,3.806854205e-09,0,-7.129804598e-09,0,1.09366588e-08,6.887563428e-09,1.40768294e-05,3.52707963e-06,4.854133715e-06,1.40768294e-05,3.806854205e-09
0.001130718814,0,3.806854205e-09,0,-6.41174768e-09,0,1.021860188e-08,6.193903104e-09,1.265912368e-05,3.171860368e-06,4.365264175e-06,1.265912368e-05,3.806854205e-09
0.001131238924,0,3.806854205e-09,0,-5.765929728e-09,0,9.572783933e-09,5.570027366e-09,1.138404398e-05,2.85237737e-06,3.925576572e-06,1.138404398e-05,3.806854205e-09
0.001131759034,0,3.806854205e-09,0,-5.185760708e-09,0,8.992614913e-09,5.009570082e-09,1.023857916e-05,2.56537058e-06,3.53058426e-06,1.023857916e-05,3.806854205e-09
0.001132279144,0,3.806854205e-09,0,-4.664650588e-09,0,8.471504793e-09,4.506165121e-09,9.209718109e-06,2.30757994e-06,3.175800596e-06,9.209718109e-06,3.806854205e-09
0.001132799254,0,3.806854205e-09,0,-4.196009334e-09,0,8.002863539e-09,4.053446351e-09,8.284449696e-06,2.075745393e-06,2.856738932e-06,8.284449696e-06,3.806854205e-09
0.001133319363,0,3.806854205e-09,0,-3.775947862e-09,0,7.582802067e-09,3.647656825e-09,7.455095456e-06,1.867943028e-06,2.570751494e-06,7.455095456e-06,3.806854205e-09
0.001133839473,0,3.806854205e-09,0,-3.396278128e-09,0,7.203132333e-09,3.280886692e-09,6.705489208e-06,1.680122258e-06,2.312263673e-06,6.705489208e-06,3.806854205e-09
0.001134359583,0,3.806854205e-09,0,-3.053648688e-09,0,6.860502893e-09,2.949898379e-09,6.029013982e-06,1.510625142e-06,2.078993729e-06,6.029013982e-06,3.806854205e-09
0.001134879693,0,3.806854205e-09,0,-2.745214989e-09,0,6.552069194e-09,2.651943977e-09,5.420053596e-06,1.358044492e-06,1.869005027e-06,5.420053596e-06,3.806854205e-09
0.001135399803,0,3.806854205e-09,0,-2.468132478e-09,0,6.274986683e-09,2.38427558e-09,4.872991868e-06,1.220973123e-06,1.680360929e-06,4.872991868e-06,3.806854205e-09
0.001135919913,0,3.806854205e-09,0,-2.219556604e-09,0,6.026410808e-09,2.144145282e-09,4.382212614e-06,1.098003848e-06,1.511124799e-06,4.382212614e-06,3.806854205e-09
0.001136440023,0,3.806854205e-09,0,-1.996642812e-09,0,5.803497017e-09,1.928805175e-09,3.942099652e-06,9.877294801e-07,1.359360001e-06,3.942099652e-06,3.806854205e-09
0.001136960132,0,3.806854205e-09,0,-1.79654655e-09,0,5.603400755e-09,1.735507354e-09,3.5470368e-06,8.887428333e-07,1.223129899e-06,3.5470368e-06,3.806854205e-09
0.001137480242,0,3.806854205e-09,0,-1.616423265e-09,0,5.42327747e-09,1.561503911e-09,3.191407874e-06,7.996367212e-07,1.100497855e-06,3.191407874e-06,3.806854205e-09
0.001138000352,0,3.806854205e-09,0,-1.455206428e-09,0,5.262060633e-09,1.405764553e-09,2.873107157e-06,7.198835365e-07,9.907377526e-07,2.873107157e-06,3.806854205e-09
0.001138520462,0,3.806854205e-09,0,-1.309347504e-09,0,5.116201709e-09,1.26486131e-09,2.585128552e-06,6.477278369e-07,8.914336679e-07,2.585128552e-06,3.806854205e-09
0.001139040572,0,3.806854205e-09,0,-1.177298223e-09,0,4.984152428e-09,1.137298516e-09,2.324415208e-06,5.824037006e-07,8.015315035e-07,2.324415208e-06,3.806854205e-09
0.001139560682,0,3.806854205e-09,0,-1.058106325e-09,0,4.86496053e-09,1.022156263e-09,2.089087017e-06,5.234400485e-07,7.203829383e-07,2.089087017e-06,3.806854205e-09
0.001140080791,0,3.806854205e-09,0,-9.508195476e-10,0,4.757673752e-09,9.185146455e-10,1.877263868e-06,4.70365802e-07,6.473396514e-07,1.877263868e-06,3.806854205e-09
0.001140600901,0,3.806854205e-09,0,-8.544856303e-10,0,4.661339835e-09,8.254537549e-10,1.687065652e-06,4.22709882e-07,5.817533216e-07,1.687065652e-06,3.806854205e-09
0.001141121011,0,3.806854205e-09,0,-7.681523122e-10,0,4.575006517e-09,7.420536847e-10,1.516612258e-06,3.800012098e-07,5.22975628e-07,1.516612258e-06,3.806854205e-09
0.001141641121,0,3.806854205e-09,0,-6.908673323e-10,0,4.497721537e-09,6.673945277e-10,1.364023577e-06,3.417687065e-07,4.703582496e-07,1.364023577e-06,3.806854205e-09
0.001142161231,0,3.806854205e-09,0,-6.216784296e-10,0,4.428532635e-09,6.005563767e-10,1.2274195e-06,3.075412931e-07,4.232528653e-07,1.2274195e-06,3.806854205e-09
0.001142681341,0,3.806854205e-09,0,-5.596333431e-10,0,4.366487548e-09,5.406193248e-10,1.104919916e-06,2.768478908e-07,3.810111542e-07,1.104919916e-06,3.806854205e-09
0.001143201451,0,3.806854205e-09,0,-5.037798119e-10,0,4.310634017e-09,4.866634647e-10,9.946447154e-07,2.492174208e-07,3.429847952e-07,9.946447154e-07,3.806854205e-09
0.00114372156,0,3.806854205e-09,0,-4.532143963e-10,0,4.260068601e-09,4.378160521e-10,8.948101802e-07,2.242029558e-07,3.085587061e-07,8.948101802e-07,3.806854205e-09
0.00114424167,0,3.806854205e-09,0,-4.076320268e-10,0,4.214486232e-09,3.937823823e-10,8.048139916e-07,2.016535795e-07,2.775251884e-07,8.048139916e-07,3.806854205e-09
