material,d_mag,l_mag,circuit,t_steel,r_clear,gap,n_gon,r_face,wire_d,v_cap,c_cap,fidelity,n_faces,a_face,bounding_cube,J_attract,J_repel,margin_attract,margin_repel,F_attract,F_repel,asymmetry,margin,m_module,hold_ratio,pivot_ratio,E_barrier,W_drive,mmf,mmf_need,v_need,e_switch,drv_mass,drv_price,drv_cap,drv_mosfet,feasible,scalar,violations
LNGT28,0.0012580427844181502,0.002524056265434306,potcore,0.0005657133143838857,0.0002569441614855947,0.00019321969772920645,20,0.01030655380351414,0.0003973171594528768,24.960640383752306,0.00016693137229768586,screen,54,0.0032647955116886155,0.02061310760702828,0.923422514898265,0.781062104816173,0.34027592308936755,0.5465209372121839,0.1557506397497975,0.02555738807682436,6.094153255474232,0.5465209372121839,0.04531117837769201,0.3503930432948075,0.36190226902707356,5.710636334999031e-05,2.066692247224601e-05,10294.130743086373,446.75795898187215,1.0832740549963413,0.005289058993793397,0.03383333333333333,261.4,film 10u/250V,BSC0902NS PG-TDSON,False,0.0,hold 0.4 < 3.0; pivot 0.36 < 1.5; electronics do not fit
LNGT72,0.0027953419305135883,0.003608697904335323,potcore,0.0003078368340163877,0.0003898377042503929,0.00019108954525649523,16,0.013275707463985474,0.0002415548583042673,67.2164012795329,0.00016625351401725034,screen,42,0.005281404800602294,0.02655141492797095,nan,nan,nan,nan,0.0,0.0,inf,nan,0.01816007957452983,0.0,0.0,nan,0.0,18807.485801946976,1234.1746832826805,4.410838409458285,0.06792543428071408,,,,,False,0.0,no driver for 4 V [prescreen]
LNG13,0.01138956758509705,0.01250799898532528,none,0.0003,0.0,0.00010622820307129441,12,0.02369179519681982,0.0005864664359472596,112.89234539861816,2.9645866364956848e-05,screen,30,0.012696394780462843,0.04738359039363964,nan,nan,nan,nan,0.0,0.0,inf,nan,0.3547077391696354,0.0,0.0,nan,0.0,7055.393539355111,1913.723844754768,30.621222200367022,0.4169658118954745,0.030513333333333333,155.2,elec 100u/63V,SQJ850EP PowerPAK,False,0.0,open-circuit demag margin 0.87 > 0.8 [prescreen]
LNGT28,0.00559560106326576,0.012956944209556672,none,0.00042750936321151134,0.0,0.0002107675590098913,16,0.02042692982947677,0.000178057310617444,135.4390704450875,0.0001882718501248854,screen,42,0.008126337941358756,0.04085385965895354,nan,nan,nan,nan,0.0,0.0,inf,nan,0.15596906642983788,0.0,0.0,nan,0.0,10608.976437736423,2293.379125091531,29.278332240960165,3.3892012236928717,0.022433333333333333,185.9,elec 100u/63V,BSC160N10 PG-TDSON,False,0.0,open-circuit demag margin 0.87 > 0.8 [prescreen]
LNG40,0.002435629845815162,0.008461657012714294,potcore,0.0003229515784677706,0.0005870967560935321,0.00033686935169174696,20,0.02143810433650254,0.0004574791077014657,161.67744947986418,4.5954980567035115e-05,screen,54,0.0067909243139119375,0.04287620867300508,1.193289195531409,1.0617250735692725,0.4385018538512923,0.6260964988209857,0.9772006119782796,0.16481749390210573,5.928985988336246,0.6260964988209857,0.1028641290743794,0.9683910556825646,0.9168429492835121,0.0002696596747813887,0.0002472355715294011,39394.30979188017,1243.8635808690012,5.104917241048908,0.03233506681488099,0.05483333333333334,261.0,elec 220u/63V,BSC0902NS PG-TDSON,False,0.0,hold 1.0 < 3.0; pivot 0.92 < 1.5; electronics do not fit
LNG52,0.001,0.00637262067292917,potcore,0.0003,0.00020031348565263842,0.00021516840177557658,20,0.011061182816915205,0.0002733217748761732,21.276529148569928,0.00014372370881728628,screen,54,0.0035038384995689847,0.02212236563383041,1.2983535684995666,1.237880382935254,0.20348958854180424,0.30766383928559254,0.12249889623130515,0.050160086929087,2.4421587706673225,0.30766383928559254,0.057358529399416075,0.21770337413115873,0.3838593084196522,7.758276457597396e-05,2.9780866355418055e-05,16474.11674479824,1089.718135070888,1.4073846885831913,0.007686308715805056,0.04583333333333334,260.29999999999995,elec 220u/63V,BSC0902NS PG-TDSON,False,0.0,hold 0.2 < 3.0; pivot 0.38 < 1.5; electronics do not fit
LNG52,0.001,0.0053533231319560955,potcore,0.000660638264713523,0.0004404153064678087,0.00010268369064741212,12,0.012510045237832675,0.00036699557468970143,181.04885519531123,9.571095006535266e-05,screen,30,0.006704113037508155,0.02502009047566535,1.298953492744066,1.1508242417462735,0.20650370974103285,0.43636395317827315,0.3230321091378894,0.052213919112700104,6.186704898374839,0.43636395317827315,0.04706135053841934,0.6997006856497731,0.19332568312413462,0.0002037388397870839,3.938795038075661e-05,83856.8079612057,915.4182555644924,1.976409920963288,0.005607986206742729,0.03203333333333334,149.3,elec 100u/63V,BSC0902NS PG-TDSON,False,0.0,hold 0.7 < 3.0; pivot 0.19 < 1.5; electronics do not fit
LNGT60,0.001,0.004835398304980337,potcore,0.0004959148461536673,0.00036056271645205625,0.0002811243831821832,16,0.008391850839893812,0.0002604985202594299,158.3330598013258,5.027357208339701e-05,screen,42,0.003338485834520499,0.016783701679787624,0.8995972992159394,0.8815173654604697,0.1461868620558871,0.2575073026219827,0.07243831992759595,0.06291488533778795,1.1513701334537445,0.2575073026219827,0.05580484055103006,0.13232060872873544,0.40728049387910964,9.000336494720393e-05,3.665661492647896e-05,56066.54227956157,1624.6938304733933,4.588168539741817,0.022224795030218226,0.04443333333333334,205.2,elec 470u/63V,BSC0902NS PG-TDSON,False,0.0,hold 0.1 < 3.0; pivot 0.41 < 1.5; electronics do not fit
LNGT60,0.0024509911063503058,0.006282806003122362,potcore,0.0008169036414539365,0.00034643172346876386,0.00011250015736103018,12,0.021207805014296893,0.0003283152729976439,21.04842711943657,6.121511165509686e-05,screen,30,0.011365228453635134,0.042415610028593786,0.8999742072566171,0.8278489180125109,0.08063673430226004,0.3460390434937428,1.4069159398245896,0.3728001477773641,3.7739146516240076,0.3460390434937428,0.06907155986328856,2.076346732450223,0.818701153425158,0.0005069271457278066,0.0004150218389098784,4466.588819586237,2111.0228170491137,9.948018881272818,0.09087053956877099,0.026033333333333332,148.8,elec 100u/63V,BSC0902NS PG-TDSON,False,0.0,hold 2.1 < 3.0; pivot 0.82 < 1.5
LNG13,0.0014689731102936533,0.0026752419277368284,potcore,0.0005985205488409709,0.0004870169182589463,0.00020092936207209217,12,0.009694739787317191,0.0005402942275389896,133.78432115003005,0.0001791520680084862,screen,30,0.005195395393683032,0.019389479574634383,0.6114306548060155,0.46838004159181185,0.3129128657900194,0.5604143681964413,0.11818026881567935,0.020284811838017378,5.826047081895446,0.5604143681964413,0.03840255562636577,0.31370095383870306,0.15558626046997834,0.00012883885191033735,2.0045555171974712e-05,52349.39818439223,409.31201494373477,1.0460393425138717,0.0029404183402026345,0.029033333333333335,151.0,film 10u/250V,BSC0902NS PG-TDSON,False,0.0,hold 0.3 < 3.0; pivot 0.16 < 1.5; electronics do not fit
LNG52,0.003238576013995304,0.002917501150274886,none,0.0003,0.0,0.0001402310916488578,20,0.011140750161836055,0.0004934078396448239,145.62084272295465,3.240334261188658e-05,screen,54,0.003529042958355781,0.02228150032367211,nan,nan,nan,nan,0.0,0.0,inf,nan,0.061354634189873504,0.0,0.0,nan,0.0,15835.128488998249,498.89269669700553,4.587848780123238,0.01841500182946527,0.044833333333333336,263.59999999999997,film 22u/250V,BSC0902NS PG-TDSON,False,0.0,open-circuit demag margin 1.00 > 0.8 [prescreen]
LNGT18,0.005682673541473363,0.005590372315615472,none,0.0005908344168946947,0.0,0.0003042657636093297,12,0.014734742313879407,0.0003142532685788515,100.71133568200717,8.386571735425843e-05,screen,30,0.00789632460736936,0.029469484627758814,0.36071272256049713,0.22870755748956945,0.6527627795051658,0.8334723408585084,1.009488612614405,0.23627522484536598,4.2725114885620386,0.8334723408585084,0.07150032748528976,1.4392107225563535,2.1922153931380604,0.0003645869659718136,0.0007992531589409119,13573.671832218584,1542.9427591098702,11.448031753795396,0.16486838202648976,0.028033333333333334,148.89999999999998,elec 470u/63V,BSC0902NS PG-TDSON,False,0.0,demag margin 0.83 > 0.8; hold 1.4 < 3.0; electronics do not fit
LNG37,0.005296967814401706,0.0037680266943893267,none,0.0006601372372003713,0.0,0.0003211324472233062,8,0.012540903823106096,0.0005060102766777623,156.6683300971244,0.00013323145838176477,screen,18,0.010389224895894287,0.025081807646212192,nan,nan,nan,nan,0.0,0.0,inf,nan,0.05680253936950931,0.0,0.0,nan,0.0,24537.842109294343,553.8999240752311,3.5365202758771037,0.014996903466169605,0.03963333333333334,94.80000000000001,elec 470u/63V,BSC0902NS PG-TDSON,False,0.0,open-circuit demag margin 0.99 > 0.8 [prescreen]
LNG40,0.003745545648289457,0.0032374843292183536,none,0.0003,0.0,9.644370414137554e-05,20,0.019034082487153298,0.00037772921513821783,161.31535266745263,6.821488713602834e-05,screen,54,0.006029405003637665,0.038068164974306595,nan,nan,nan,nan,0.0,0.0,inf,nan,0.08252445203822173,0.0,0.0,nan,0.0,23576.365413505264,475.910196395098,3.2562958633791257,0.01952947839778509,0.05483333333333334,261.0,elec 220u/63V,BSC0902NS PG-TDSON,False,0.0,open-circuit demag margin 1.00 > 0.8 [prescreen]
LNGT60,0.0013751752910022073,0.0030422318311997564,potcore,0.0005862479199801432,0.00020491021148082988,9.356111638041795e-05,20,0.0103847683739314,0.0004801157074831665,53.8084536617843,8.920347937550901e-05,screen,54,0.003289571453610139,0.0207695367478628,0.8998773898038118,0.8147416369009403,0.11686104670147261,0.3852682343846621,0.3785154205973202,0.10099317353118764,3.747930749798956,0.3852682343846621,0.0849935370072675,0.4539715815611776,0.6723399131026347,0.00010793154400820305,7.256668491950843e-05,16339.282811524226,1022.1898952831182,3.3662712279569664,0.027292528264210372,0.07083333333333333,269.0,film 22u/250V,BSC0902NS PG-TDSON,False,0.0,hold 0.5 < 3.0; pivot 0.67 < 1.5; electronics do not fit
LNGT18,0.004142550284578903,0.012600714352115374,potcore,0.0016917926716151688,0.001172610867827307,0.00023253379274634612,8,0.021459647883078192,0.00028903568958401596,91.20015578943718,0.00020728313060360744,screen,18,0.01777775439384413,0.042919295766156385,0.5740261889415321,0.5177623181602119,0.061898381804293225,0.24295942944554533,1.4514465053934058,0.3682158009284023,3.941836558164521,0.24295942944554533,0.18410472409501086,0.8036502684797188,0.2770420051496099,0.0031933214078241966,0.0008846841659107906,19432.885717367608,3477.7971611838434,16.32159255794737,0.49697155632200585,0.01983333333333333,49.3,elec 220u/63V,IRLML6344 SOT-23,False,0.0,hold 0.8 < 3.0; pivot 0.28 < 1.5
LNGT72,0.008958972025461094,0.009702771500921095,none,0.00035028378963595803,0.0,0.00022633103256808535,8,0.020132893792061096,0.00015752526973591968,108.84288078981132,0.000213885138415115,screen,18,0.016678635316977594,0.04026578758412219,nan,nan,nan,nan,0.0,0.0,inf,nan,0.16212980403188157,0.0,0.0,nan,0.0,4317.3400235997,3318.3478533150146,83.65765444537537,13.47207482585801,0.060445105805886384,189.8,elec 100u/160V,IPB65R110 D2PAK,False,0.0,open-circuit demag margin 0.97 > 0.8 [prescreen]
LNGT72,0.0035961068380397634,0.004523119201256068,potcore,0.00033250410132603286,0.0010095455631265913,0.00015622812430982874,12,0.019971487345225795,0.0005995616470457719,67.18642331419811,0.00018749928555630128,screen,30,0.010702687811603277,0.03994297469045159,nan,nan,nan,nan,0.0,0.0,inf,nan,0.02971546385555425,0.0,0.0,nan,0.0,18696.14536114719,1546.9067668295754,5.558960462502106,0.08691166033751672,,,,,False,0.0,no driver for 6 V [prescreen]
LNG40,0.005535952725653295,0.008872659821808458,potcore,0.0010349967500918864,0.0002339191970388076,0.0001801490994545371,8,0.01808508408709565,0.0003646833025368072,42.97172356929253,5.2605728238232455e-05,screen,18,0.014982174211065727,0.0361701681741913,1.2210089137155082,1.0087918089993886,0.2974628124940273,0.6133829179991594,12.029745384551543,0.6293820601441131,19.113581632430108,0.6133829179991594,0.10624364578307938,11.54209016894508,0.7823108063333956,0.0015530255684917743,0.00121494868474318,5192.853662789249,1304.2809938058433,10.793141105463404,0.05515326869622128,0.017633333333333334,93.1,elec 100u/63V,BSC0902NS PG-TDSON,False,0.0,pivot 0.78 < 1.5; electronics do not fit
LNGT36J,0.004494724404985541,0.0065600877164095454,none,0.0005344894395959424,0.0,0.00026063820671549774,16,0.014204305850495263,0.00027942702098819806,160.89688422671034,5.879790958023391e-05,screen,42,0.005650824207413478,0.028408611700990526,0.5794637909910931,0.41653115371553434,0.47813437329701675,0.7164483302405253,1.743565208751393,0.51126479149783,3.410297829512857,0.7164483302405253,0.07544459241080653,2.355814391332349,7.942401545226995,0.0002059573289396799,0.0016357958076213383,23194.89972123664,2912.678946085838,20.204483434298897,0.5040535566408849,0.028433333333333335,186.4,elec 100u/63V,BSC160N10 PG-TDSON,False,0.0,hold 2.4 < 3.0; electronics do not fit
LNGT18,0.004136693099912903,0.006987138083761978,none,0.0003,0.0,0.00011537778777383299,20,0.01664017928154351,0.0004536102279456498,122.70162763144968,3.8836898817339234e-05,screen,54,0.005271090964814425,0.03328035856308702,0.44932001214117595,0.30434081182069395,0.48011081171180375,0.7368216398522905,1.0594017660288089,0.2270287424074527,4.666377282430085,0.7368216398522905,0.10274679256347799,1.051050085214784,3.3525012523263227,0.0002090701097879543,0.0007009078048881186,16443.32898195645,1928.4501111183058,14.390271440771983,0.21714322306094022,0.04583333333333334,260.29999999999995,elec 220u/63V,BSC0902NS PG-TDSON,False,0.0,hold 1.1 < 3.0; electronics do not fit
LNGT72,0.0020799566901240204,0.0021678640409932156,none,0.0003,0.0,9.694689129262414e-05,20,0.010469658120758469,0.00017069423130173204,51.47039682157225,4.599426371058385e-05,screen,54,0.0033164618836911326,0.020939316241516938,nan,nan,nan,nan,0.0,0.0,inf,nan,0.06850823131293532,0.0,0.0,nan,0.0,8402.05417842497,741.4095020196797,4.54182280497871,0.02561697286992601,0.06083333333333334,261.5,elec 470u/63V,BSC0902NS PG-TDSON,False,0.0,open-circuit demag margin 0.98 > 0.8 [prescreen]
LNGT38,0.003934452866560958,0.011027394225992838,potcore,0.0022069773779876587,0.001402378141428018,0.00037856313996795964,12,0.0233167098760566,0.00016017797799915124,41.258940887154566,8.226481437238837e-05,screen,30,0.012495387162880298,0.0466334197521132,0.7958453933071614,0.7149200853714137,0.10087224582681446,0.3229840046875686,2.100498250364647,0.6477734634386024,3.2426432524952262,0.3229840046875686,0.3532816107370836,0.6060832543423146,0.5323896106764522,0.002850616949843651,0.0015176388481149571,2564.985374613229,3705.2044599335936,59.59987659199543,4.38324859331392,0.028533333333333334,144.2,elec 100u/160V,BSC160N10 PG-TDSON,False,0.0,hold 0.6 < 3.0; pivot 0.53 < 1.5; electronics do not fit
LNGT28,0.0069619746715781404,0.004812358257239079,none,0.0003,0.0,0.00030933055863335563,8,0.017592391568852436,0.00044280259331984254,129.17145631542724,1.2030013864405051e-05,screen,18,0.014574014364793539,0.03518478313770487,nan,nan,nan,nan,0.0,0.0,inf,nan,0.0591228811930489,0.0,0.0,nan,0.0,5582.22492939885,851.787411531317,19.710173239202874,0.04206196137151666,0.023633333333333333,93.6,elec 100u/63V,BSC0902NS PG-TDSON,False,0.0,open-circuit demag margin 0.96 > 0.8 [prescreen]
LNG13,0.002308736138330801,0.0014540269482100944,none,0.0003,0.0,0.000195127556399437,16,0.010501546398457382,0.0003584580163293209,179.21387569126034,7.287656260006507e-05,screen,42,0.004177774910528958,0.021003092796914764,nan,nan,nan,nan,0.0,0.0,inf,nan,0.036998760092969374,0.0,0.0,nan,0.0,30261.801084225877,222.46612307614444,1.3174700347649402,0.002656370612464278,0.031433333333333334,206.2,film 10u/250V,BSC0902NS PG-TDSON,False,0.0,open-circuit demag margin 0.91 > 0.8 [prescreen]
LNGT44,0.0018765504768257569,0.0026482142795273118,potcore,0.0011475022091916192,0.0010694932485922437,0.00016824897097273927,8,0.021219573548338644,0.00020948047872863804,89.61150317093508,7.772866041557138e-05,screen,18,0.017578870302990494,0.04243914709667729,0.8520132090061535,0.6294474136309197,0.18148040323530165,0.6413630339195293,0.5840121458324733,0.14806226859856694,3.9443684833431343,0.6413630339195293,0.05013333424729039,1.1874799417366628,0.24005255227327504,0.0008598413949490496,0.00020640712140773245,16650.804191122206,969.2464263069961,5.216302360383058,0.01903483895347725,0.024833333333333332,49.699999999999996,elec 470u/63V,IRLML6344 SOT-23,False,0.0,hold 1.2 < 3.0; pivot 0.24 < 1.5
LNGT28,0.003390699303084128,0.004084089454833359,potcore,0.0003052575254994039,0.00018587971632153013,0.0002130766344074925,12,0.009312720096249952,0.00019144003456010225,133.71539459649654,0.00013740743022273418,screen,30,0.004990671658254524,0.018625440192499905,0.8341941516317738,0.636251858417532,0.5803871699086709,0.7433398985313514,1.2705554186833754,0.14126561197363946,8.994088518304542,0.7433398985313514,0.06647713965138655,1.9482840754928794,0.9618858473767983,0.00021423944613737316,0.00020607389118938312,19731.076278871806,722.8838335055046,4.898906459964462,0.04946520016211528,0.05003333333333334,150.6,elec 220u/63V,BSC0902NS PG-TDSON,False,0.0,hold 1.9 < 3.0; pivot 0.96 < 1.5; electronics do not fit
LNGT28,0.013733821617492876,0.01324592523076221,none,0.0005137526719759921,0.0,0.00010730957905860877,8,0.020918764496660712,0.00016074996629046525,31.801367435315587,0.00021234852653652495,screen,18,0.017329671925211315,0.041837528993321424,nan,nan,nan,nan,0.0,0.0,inf,nan,0.3284973426756129,0.0,0.0,nan,0.0,858.2965613367776,2344.528765844911,86.86883310959172,14.421808908637594,0.03673030946136568,89.8,elec 100u/160V,STD5N52U DPAK,False,0.0,open-circuit demag margin 0.95 > 0.8 [prescreen]
LNG60,0.0023417404176939416,0.0018957575659276056,potcore,0.0003280384332306902,0.00016628924113828913,0.00024261138809525957,20,0.01359014974195353,0.00040083399604090954,109.81756141526267,9.608700977128631e-05,screen,54,0.004304936521611902,0.02718029948390706,1.071568351960266,0.704818031981007,0.9179422135260731,0.9825512489252277,0.7117899064552602,0.07024460198849522,10.133019282703579,0.9825512489252277,0.05671531458770163,1.2793296710659796,0.9535701846583644,9.425193176229662e-05,8.987583197498075e-05,22587.10952445377,341.236361866969,1.6590766111917061,0.007141037674450191,0.044833333333333336,263.59999999999997,film 22u/250V,BSC0902NS PG-TDSON,False,0.0,demag margin 0.98 > 0.8; hold 1.3 < 3.0; pivot 0.95 < 1.5; electronics do not fit
LNGT72,0.0038848093332883257,0.013196482939321252,potcore,0.0006535728666931089,0.00018570987274905165,0.0002461737552748397,16,0.023466598326205415,0.0004291442500447217,65.00330118776203,9.066735520366396e-05,screen,42,0.009335593254826078,0.04693319665241083,1.0501830774505656,1.019974326315858,0.08332805235375984,0.2503606179043361,3.482708014005166,1.124193886138237,3.0979602868760963,0.2503606179043361,0.16635429556269984,2.1340964249889502,2.1587903508673887,0.0007502625665939998,0.0016196595893801283,16946.682346498394,4513.197165247868,17.311513171365906,0.5706112149684912,0.030433333333333337,204.1,elec 470u/63V,BSC0902NS PG-TDSON,False,0.0,hold 2.1 < 3.0
LNGT36J,0.002479945994162596,0.002464807964415499,potcore,0.0003,0.00019047686007271208,0.0003943124752456507,12,0.017359459974596717,0.00015123621642119885,85.85183525249307,1.7278353404004485e-05,screen,30,0.009302906562467175,0.03471891994919343,0.658551053138564,0.5951665988692553,0.23851394561644496,0.3878414572894212,0.2988420858955637,0.08298179092598065,3.601297134718741,0.3878414572894212,0.03860087436719194,0.7891791623172736,0.47166246879556545,0.00023189101175317652,0.00010937428709500472,7876.617183146774,1094.3747362004817,11.928227229044904,0.03687613694183705,0.026033333333333332,148.8,elec 100u/63V,BSC0902NS PG-TDSON,False,0.0,hold 0.8 < 3.0; pivot 0.47 < 1.5; electronics do not fit
LNGT38,0.0012624843651233967,0.0015011582370082432,none,0.0004525879856982415,0.0,0.00033190701617079885,16,0.008744531233197746,0.0002702362130255673,70.97079018250395,0.00018221100559285205,screen,42,0.0034787908184414477,0.01748906246639549,nan,nan,nan,nan,0.0,0.0,inf,nan,0.04663737431494912,0.0,0.0,nan,0.0,26805.7946661099,504.3891676347697,1.335416399044213,0.006823816032189343,0.04343333333333334,205.1,elec 220u/63V,BSC0902NS PG-TDSON,False,0.0,open-circuit demag margin 0.81 > 0.8 [prescreen]
LNG60,0.003216233367515411,0.004260628089094773,potcore,0.0004578780403739083,0.0006455847775486557,0.0001352224492098289,20,0.02090158295530171,0.00037230258989788887,113.99960503114552,0.00010783591586522973,screen,54,0.006620971036544657,0.04180316591060342,1.3157098570276737,0.7940327136063351,0.6594732344813324,0.9692091891117905,5.3542734923027515,0.3288190953558562,16.283341107389838,0.9692091891117905,0.10033404076336447,5.43980385531405,2.275528413157203,0.000256444361091853,0.000583546430058457,24941.509206921222,766.9130560370592,3.505312559722427,0.035775086562979376,0.05483333333333334,261.0,elec 220u/63V,BSC0902NS PG-TDSON,False,0.0,demag margin 0.97 > 0.8; electronics do not fit
LNG37,0.003575216669193183,0.0032065167279877443,none,0.00042045653438453455,0.0,0.00015628941853060467,16,0.011410634822807238,0.00022847275612873505,107.33671323488545,8.571680872258616e-05,screen,42,0.004539432771818705,0.022821269645614477,nan,nan,nan,nan,0.0,0.0,inf,nan,0.04719658324670872,0.0,0.0,nan,0.0,17710.25544822786,471.3579590141984,2.8567636545722714,0.014690409841461735,0.030433333333333337,204.1,elec 470u/63V,BSC0902NS PG-TDSON,False,0.0,open-circuit demag margin 0.99 > 0.8 [prescreen]
LNGT28,0.001,0.001,potcore,0.0005388800797344569,0.00041808088053173816,0.00037339409385064664,16,0.008591355168011149,0.0004489804685181897,48.91225413896309,9.984740228605433e-05,screen,42,0.003417853590937114,0.017182710336022297,0.594708859392362,0.3969641184616086,0.784250749519987,0.8851370119489175,0.019855217950853304,0.008506107110415832,2.334230887657216,0.8851370119489175,0.035983528191596524,0.05624732945151824,0.10203654202066355,5.9414785849372626e-05,6.0624792929682356e-06,13152.104248354686,177.0,0.6582573266691911,0.0009085471459819106,0.031433333333333334,206.2,film 10u/250V,BSC0902NS PG-TDSON,False,0.0,demag margin 0.89 > 0.8; hold 0.1 < 3.0; pivot 0.10 < 1.5; electronics do not fit
LNGT28,0.005339201332458649,0.009073377763717189,none,0.0003355091585269433,0.0,0.00024015969395057405,12,0.018117327783710637,0.00034244297304650203,42.05461713842004,0.0002126427944001672,screen,30,0.009709046697310415,0.036234655567421274,nan,nan,nan,nan,0.0,0.0,inf,nan,0.2703675231522237,0.0,0.0,nan,0.0,11729.492601869486,1605.9878641779424,5.758067040869924,0.1057536495951466,0.20603333333333335,177.8,photoflash 160u/330V,BSC0902NS PG-TDSON,False,0.0,open-circuit demag margin 0.91 > 0.8 [prescreen]
LNG13,0.0023580640666758705,0.007498217534683902,potcore,0.00040931322264472125,0.0008323661539272934,0.0002170093168102599,16,0.013719371940626345,0.0003236320473325662,130.50109920854663,5.857230865871182e-05,screen,42,0.005457905503344078,0.02743874388125269,0.6538227342534897,0.5621932238040818,0.16159184144872155,0.35844057511260896,0.4170334922917989,0.0737717913238242,5.653021091235454,0.35844057511260896,0.07607528061138785,0.5588025310628774,0.5018063075019107,0.00020058890721109815,0.00010065677885344455,33969.22820019,1147.227282806637,4.4073542255947675,0.023892827667315368,0.04043333333333334,205.0,elec 100u/63V,BSC0902NS PG-TDSON,False,0.0,hold 0.6 < 3.0; pivot 0.50 < 1.5; electronics do not fit
LNGT36J,0.003753805792803469,0.004203845833204704,potcore,0.0011037687172287577,0.0015785462046484804,0.00015493543985323457,8,0.015625865389262635,0.0005162540212947801,104.0041645459033,6.35235733151393e-05,screen,18,0.012944890736097852,0.03125173077852527,0.6951301930499193,0.520387067009397,0.09468064496483314,0.5582836363413326,2.140390187645754,0.5304415383223632,4.035110437269306,0.5582836363413326,0.06888054594685261,3.1675783305039427,1.2644282850298922,0.0008699529550505126,0.0010999931230112065,13730.64464744739,1866.5075499428888,14.138051295830449,0.11427639603608993,0.025633333333333334,93.7,elec 470u/63V,BSC0902NS PG-TDSON,False,0.0,pivot 1.26 < 1.5; electronics do not fit
LNGT44,0.013726267457520747,0.006584113864372942,none,0.0003,0.0,0.00016272964059487757,8,0.02338778797055875,0.00039378136186624444,92.20594900961822,8.027543762522656e-05,screen,18,0.01937507794262352,0.0467755759411175,nan,nan,nan,nan,0.0,0.0,inf,nan,0.17852462187814086,0.0,0.0,nan,0.0,6732.629241253454,2409.7856743604966,33.00294239473445,0.7869198744226762,0.028433333333333335,97.7,elec 470u/63V,SQJ850EP PowerPAK,False,0.0,open-circuit demag margin 0.95 > 0.8 [prescreen]
LNGT72,0.0017530300152794663,0.0013925240328895275,potcore,0.0003,9.071259649989372e-05,0.0003970901686050627,20,0.010723298791675984,0.00047689108765250994,176.2468572132558,1.535385883228507e-05,screen,54,0.0033968073551047537,0.02144659758335197,0.9559370726803104,0.8498392376868539,0.5583609944275639,0.7244282588372948,0.14534517190874913,0.07130620706217981,2.0383242623185174,0.7244282588372948,0.04001091060520601,0.3702995352315681,1.1155596229730405,5.246534289483085e-05,5.852821813890879e-05,16296.359312973233,476.2432192482184,5.150621009859657,0.0109976652786703,0.03383333333333333,261.4,film 10u/250V,BSC0902NS PG-TDSON,False,0.0,hold 0.4 < 3.0; pivot 1.12 < 1.5; electronics do not fit
LNGT18,0.006622152417720504,0.0066205727092593925,none,0.0005145222923377571,0.0,0.00023268525035119775,8,0.01434897539315917,0.00027944382043049913,89.14615619053819,5.721885751187033e-05,screen,18,0.011887080428008684,0.02869795078631834,0.3693371972578352,0.2281246733725368,0.6379262973367703,0.834003133191164,1.574894235209737,0.35127670310870385,4.483343817771998,0.834003133191164,0.06142257107862337,2.613691914425289,1.750722084289678,0.0007123673245271253,0.0012471572071759904,9430.811381629872,1827.2780677555922,17.272619442796312,0.1536378073924625,0.020633333333333333,93.30000000000001,elec 220u/63V,BSC0902NS PG-TDSON,False,0.0,demag margin 0.83 > 0.8; hold 2.6 < 3.0; electronics do not fit
LNGT36J,0.002274519226157645,0.013007469948436943,potcore,0.0011980859731551055,0.0010293137947241988,0.0002604867491106461,16,0.02131497834041429,0.00028901889014171483,162.9508838256093,0.00019762942589518636,screen,42,0.00847962560467588,0.04262995668082858,0.6982602449749722,0.676320712334883,0.0456484713031683,0.14016169461051772,0.4940506297144202,0.22396200234699012,2.2059573701657427,0.14016169461051772,0.2004621591946243,0.25122915981006716,0.3610911491509804,0.0008211952312012916,0.0002965263297117794,58328.995059160225,5775.316657106003,16.134221971314307,1.0803561759014906,0.03443333333333334,204.5,elec 100u/63V,BSC0902NS PG-TDSON,False,0.0,hold 0.3 < 3.0; pivot 0.36 < 1.5; electronics do not fit
LNG60,0.00159437636472942,0.001780577343599364,potcore,0.0003,0.00010918939003908224,0.00022369084706273698,20,0.012885043405442817,0.00028800548761860785,81.38638040176983,9.06295618989504e-05,screen,54,0.004081580776656835,0.025770086810885634,1.1894353334053736,1.0001576697044015,0.6993357893496776,0.8772180078102704,0.27969880884440707,0.03752459749198391,7.453745743819289,0.8772180078102704,0.04166861856070882,0.684246377589359,0.5708245257069505,6.565391993668831e-05,3.747686770866221e-05,21125.150741328613,320.5039218478855,1.2347677147098355,0.0037308189656589602,0.03383333333333333,261.4,film 10u/250V,BSC0902NS PG-TDSON,False,0.0,demag margin 0.88 > 0.8; hold 0.7 < 3.0; pivot 0.57 < 1.5; electronics do not fit
LNGT18,0.005901041127307309,0.012471651229020282,potcore,0.002482558160970863,0.0017173176089111772,0.00024242238413546042,8,0.022164754219588904,0.00040186419800631765,110.37517262796356,0.00021274057847594336,screen,18,0.01836188360884002,0.04432950843917781,0.5735651702385091,0.4879079546765534,0.06881211372165394,0.33547340317382973,3.312302508013917,0.7279327855085648,4.550286199432276,0.33547340317382973,0.36980112714506236,0.9130462046031035,0.3355258702558555,0.006625005736774585,0.002222860815281328,24635.77850401527,3442.175739209598,15.421909292175375,0.45537494734441364,0.020633333333333333,93.30000000000001,elec 220u/63V,BSC0902NS PG-TDSON,False,0.0,hold 0.9 < 3.0; pivot 0.34 < 1.5; electronics do not fit
LNG52,0.0019813760070605943,0.005628917105527381,potcore,0.0003395966539133757,0.00016921340273604217,0.0001001941556710099,12,0.01238874795663223,0.0003427803787922316,39.89438248585407,9.541667380761837e-05,screen,30,0.006639110020424655,0.02477749591326446,1.2977427967731425,1.1355770560754124,0.23447984234044209,0.4608793094769965,1.4890216197983464,0.14444860256924383,10.30831446835603,0.4608793094769965,0.06361250108047348,2.386104857703254,0.5007326600680766,0.0002727221746027519,0.00013656089994838638,13806.261467884968,962.5448250451822,2.7813562345936536,0.011072068537069088,0.05003333333333334,150.6,elec 220u/63V,BSC0902NS PG-TDSON,False,0.0,hold 2.4 < 3.0; pivot 0.50 < 1.5; electronics do not fit
LNGT28,0.0053650161686336385,0.009115187104401713,none,0.0006517260367625152,0.0,0.00024264922892697628,12,0.01823862506491108,0.00036665816894397183,190.28990861604828,0.0002129370706579015,screen,30,0.009774049714393914,0.03647725012982216,nan,nan,nan,nan,0.0,0.0,inf,nan,0.10621818574316416,0.0,0.0,nan,0.0,50511.33427658917,1613.3881174791034,6.07807102770614,0.11799784506935851,0.04103333333333334,149.89999999999998,elec 220u/63V,BSC0902NS PG-TDSON,False,0.0,open-circuit demag margin 0.91 > 0.8 [prescreen]
LNG13,0.0026394537026605772,0.0019478600839850277,potcore,0.0003,0.00015267315192761194,0.00021781273840915577,16,0.012203324454056303,0.00032105147861745636,110.14180064917049,5.8197562512046476e-05,screen,42,0.004854784314116824,0.024406648908112605,0.5364086894143952,0.38178612446110477,0.47407036342728553,0.6818605967507022,0.2658942371821503,0.030824982601664903,8.625933082206798,0.6818605967507022,0.04157695797964045,0.6519093453933483,0.4252749445328842,9.75124319615353e-05,4.146959409370857e-05,16455.183713231178,298.02259284970927,1.9947966295999524,0.0048631911689417115,0.031433333333333334,206.2,film 10u/250V,BSC0902NS PG-TDSON,False,0.0,hold 0.7 < 3.0; pivot 0.43 < 1.5; electronics do not fit
LNG60,0.0017384762255579084,0.007247547153194249,potcore,0.0003797567818344558,0.0006725357124841438,0.0002418079664963637,20,0.013719387556890072,0.00040341456475601945,130.1768599746388,9.646175591795166e-05,screen,54,0.004345875039586882,0.027438775113780144,1.3343290032781892,1.1785202942499766,0.2884517912728139,0.48966423177271307,0.8030369287534708,0.14036649501246407,5.721001501691439,0.48966423177271307,0.09076483500332945,0.9018802726968205,1.234458761221627,0.00015227128751678473,0.00018797262495759225,55019.24276100414,1304.5584875749648,3.086616955152608,0.024813292917760663,0.06083333333333334,261.5,elec 470u/63V,BSC0902NS PG-TDSON,False,0.0,hold 0.9 < 3.0; pivot 1.23 < 1.5; electronics do not fit
LNGT60,0.0022049547591261732,0.00378247504058039,potcore,0.0003,0.00023608989321631646,0.00011572697846694849,12,0.013336439625903203,0.0003310387842059936,22.382372180765742,5.8532412882592686e-05,screen,30,0.007146976455334375,0.026672879251806406,0.8995144080755123,0.7991963112457593,0.15482849471891919,0.44713491127102056,1.0959135026760802,0.23743447679613552,4.615646040389688,0.44713491127102056,0.08142638871125188,1.371962043435712,0.5934971602663675,0.00037579901699919395,0.00022303564941991396,4821.500903367599,1270.911613635011,5.89982607394476,0.030560897498038374,0.07003333333333334,152.2,elec 470u/63V,BSC0902NS PG-TDSON,False,0.0,hold 1.4 < 3.0; pivot 0.59 < 1.5; electronics do not fit
LNG13,0.002546565820181502,0.011817835201498502,potcore,0.0012898363592571,0.0012090185044604071,0.0002137824957043416,16,0.02159073732902004,0.00032847095661686084,121.97265742519431,6.1255007431216e-05,screen,42,0.00858932935117546,0.04318147465804008,0.66584215614962,0.5870146955701344,0.1221855990428703,0.3023873175766909,0.5582573960267299,0.10092761373777911,5.531265184542489,0.3023873175766909,0.20607156354714917,0.27615150335393784,0.19772498417731801,0.0008550955755071952,0.00016907375913725482,29149.84307618737,1808.1287858292708,7.565813386993773,0.07363294009475446,0.020673333333333335,106.7,elec 100u/63V,IRLML6344 SOT-23,False,0.0,hold 0.3 < 3.0; pivot 0.20 < 1.5; electronics do not fit
LNG52,0.001,0.00371877086042794,potcore,0.00030633255965433853,0.00021828104586622083,0.00010720704379534199,16,0.00836310599784791,0.0002605169778406683,159.43344757792832,5.023544103846033e-05,screen,42,0.0033270504253578893,0.01672621199569582,1.2868717608639992,1.1356491044276011,0.25276444474877446,0.4489316582690135,0.2742405238414343,0.038749632152426966,7.077241991941286,0.4489316582690135,0.04015727376996708,0.6961429047004957,0.38774355258763504,6.454475279798554e-05,2.502681175078161e-05,57141.1827053482,635.9098171331777,1.7742946451947206,0.003321092699203842,0.03443333333333333,204.4,elec 220u/63V,BSC0902NS PG-TDSON,False,0.0,hold 0.7 < 3.0; pivot 0.39 < 1.5; electronics do not fit
LNGT60,0.0012854008056491324,0.006891142906323828,potcore,0.0010676555328416255,0.0007263386623185947,0.00027660103003425337,12,0.012538790079878579,0.00036697711710846306,179.9484674187087,9.574908111028935e-05,screen,30,0.006719517351933675,0.025077580159757158,0.8999191669527438,0.8795952241786702,0.10849424137544957,0.25692808092722347,0.1659268002384763,0.12243753640529334,1.3551955152807436,0.25692808092722347,0.0708679590604544,0.2386698747851408,0.3225398269836453,0.00030750778825816517,9.918350882091203e-05,67161.02636798662,2315.424016524806,6.203851038773225,0.05527752588513081,0.03203333333333334,149.3,elec 100u/63V,BSC0902NS PG-TDSON,False,0.0,hold 0.2 < 3.0; pivot 0.32 < 1.5; electronics do not fit
LNGT38,0.001,0.0014481187646134303,potcore,0.0003,8.307585921731921e-05,0.0001346548246809564,16,0.00894929280824881,0.00026949309936655653,70.52409147600028,0.00010817200248418551,screen,42,0.0035602500377250367,0.01789858561649762,0.7722879111250157,0.6930488799175725,0.2095823414409852,0.38265669390667106,0.08360530733136576,0.019375826075024288,4.31492866459687,0.38265669390667106,0.03476760755970442,0.24512636969803508,0.1885264481599934,5.9798824083484224e-05,1.1273659908603553e-05,25608.43769891946,486.5679049101126,1.3399786366746802,0.004078776543687533,0.031433333333333334,206.2,film 10u/250V,BSC0902NS PG-TDSON,False,0.0,hold 0.2 < 3.0; pivot 0.19 < 1.5; electronics do not fit
LNG60,0.0054252195146396055,0.004627803875040249,none,0.0004505311882111979,0.0,0.00033247464069967135,20,0.020696821380250648,0.0003730457035568997,114.44630373764917,0.00018187491897389628,screen,54,0.00655610894161579,0.041393642760501295,nan,nan,nan,nan,0.0,0.0,inf,nan,0.12319901988485263,0.0,0.0,nan,0.0,22547.512911973296,833.0046975072448,4.228151858610437,0.08778852074720395,0.06083333333333334,261.5,elec 470u/63V,BSC0902NS PG-TDSON,False,0.0,open-circuit demag margin 1.00 > 0.8 [prescreen]
LNGT72,0.001753965896435688,0.0014003597253106667,potcore,0.0003,9.019129047828276e-05,0.0002242841546712246,20,0.010763072516466458,0.0004014366712917768,112.00577451537075,1.986692712309977e-05,screen,54,0.0034094064333858765,0.021526145032932917,0.9890698527492784,0.8321304323653583,0.47749273901897193,0.7430731585525205,0.3858764031864441,0.07524582844632166,5.128209910822072,0.7430731585525205,0.05105146507344215,0.7704970927880113,1.0112672963198512,6.719085215642595e-05,6.794791139765571e-05,11796.167318067577,478.923026056248,4.547421464979922,0.011092383539874781,0.044833333333333336,263.59999999999997,film 22u/250V,BSC0902NS PG-TDSON,False,0.0,hold 0.8 < 3.0; pivot 1.01 < 1.5; electronics do not fit
LNG60,0.0023413295825025857,0.001886768191617522,potcore,0.00032772659165690156,0.0001670862114455585,0.00039462431270438116,20,0.013550376017163055,0.0004762884124016427,176.3299410641721,9.157394148047161e-05,screen,54,0.004292337443330779,0.02710075203432611,0.9793970146435895,0.71666607701372,0.9442471962316168,0.9817806352556402,0.290196384641604,0.07001015735006982,4.145061168632191,0.9817806352556402,0.05665017667871836,0.5221817886473357,0.8689484636621226,9.386815641108706e-05,8.156659030020993e-05,35361.613047072104,339.61827449115395,1.6934993956758821,0.007090971884995568,0.044833333333333336,263.59999999999997,film 22u/250V,BSC0902NS PG-TDSON,False,0.0,demag margin 0.98 > 0.8; hold 0.5 < 3.0; pivot 0.87 < 1.5; electronics do not fit
LNGT28,0.001,0.0026618321782976343,potcore,0.0003,8.524022599298191e-05,0.00022176182612585913,20,0.010946888486403319,0.0002677084150385905,23.736899267419943,8.124690558879155e-06,screen,54,0.003467633612428199,0.021893776972806638,0.9321380980941268,0.876838746056597,0.2591055361831947,0.33980426933201857,0.03802577173122453,0.014365990977301962,2.6469299466569796,0.33980426933201857,0.04003953204138326,0.09680995903736771,0.14761806747456557,5.3597602055514006e-05,7.911974436705782e-06,2985.1358291535807,471.1442955586813,3.746397257664141,0.003078918882654103,0.03383333333333333,261.4,film 10u/250V,BSC0902NS PG-TDSON,False,0.0,hold 0.1 < 3.0; pivot 0.15 < 1.5; electronics do not fit
LNG52,0.0018778238584523912,0.009015550749556143,potcore,0.0015006390205496206,0.0010989164237161925,0.00030273713428307313,8,0.017706685899364322,0.00044841595315742524,126.71108619657721,0.00014762903212281217,screen,18,0.014668698888394293,0.035413371798728645,1.2873736944443919,1.133230986150102,0.2774879717697911,0.49020332351794144,0.8476110753482454,0.15380687266447712,5.510879069736184,0.49020332351794144,0.09075731441721493,0.9520197961911925,0.20116666948068784,0.0012988949488352516,0.000261294370862476,47083.252021898414,1541.6591781741006,4.148934082134084,0.02287111573762756,0.025633333333333334,93.7,elec 470u/63V,BSC0902NS PG-TDSON,False,0.0,hold 1.0 < 3.0; pivot 0.20 < 1.5; electronics do not fit
LNGT28,0.0012580427844181502,0.002524056265434306,potcore,0.0005657133143838857,0.0002569441614855947,0.0002114532346038284,20,0.01030655380351414,0.0003973171594528768,24.960640383752306,0.0001663649082772731,screen,54,0.0032647955116886155,0.02061310760702828,0.9195419296203017,0.7842584200056677,0.34800576184822846,0.5430332755659771,0.12587711460510725,0.03117283970618838,4.038038105977183,0.5430332755659771,0.04531117837769201,0.28318641476212714,0.3959324105258892,5.710636334999031e-05,2.2610260097528956e-05,10276.649876681753,446.75795898187215,1.0851167342023293,0.005289058993793397,0.03383333333333333,261.4,film 10u/250V,BSC0902NS PG-TDSON,False,0.0,hold 0.3 < 3.0; pivot 0.40 < 1.5; electronics do not fit
LNG40,0.005847091728462171,0.009591661190831274,potcore,0.0011188683393554715,0.00032161012267132644,0.0001801490994545371,8,0.019550619842851037,0.00036173317529860114,42.97172356929253,5.2605728238232455e-05,screen,18,0.016196263783418895,0.039101239685702074,1.226068133310322,0.995766721970008,0.2812368222731682,0.6309471697367579,14.561212716110209,0.7766228218546424,18.749401004385597,0.6309471697367579,0.12695804858052884,11.691447947732884,0.8149319316834717,0.002006207629857965,0.0016349226591582707,5080.661424318376,1409.9741950521973,11.925419997406621,0.06733221678273167,0.017633333333333334,93.1,elec 100u/63V,BSC0902NS PG-TDSON,False,0.0,pivot 0.81 < 1.5
LNGT72,0.004558942123524857,0.00300625984131431,potcore,0.000653844619403356,0.00019754525612011866,0.00017781054948973074,8,0.02127728515467144,0.00020932041744400567,64.53103548360134,7.742755727463612e-05,screen,18,0.017626680163089253,0.04255457030934288,1.0337084101126297,0.7447946017326094,0.36022089009592617,0.8552332070326882,6.8479327160950625,0.8187246932404774,8.36414581437777,0.8552332070326882,0.0625051784532539,11.16797614827462,1.3034177121317314,0.0010749476674806534,0.0014011058294089744,8021.492791612612,1028.1408657294942,8.271153064913799,0.047672747635745055,0.035633333333333336,94.6,elec 100u/63V,BSC0902NS PG-TDSON,False,0.0,demag margin 0.86 > 0.8; pivot 1.30 < 1.5
LNGT44,0.0016317594323127884,0.0124084124537357,potcore,0.0010197071352219399,0.0009566896675011776,0.00023661217675784827,16,0.02340888671987262,0.0004293043113293541,90.08376887509577,8.96228779155356e-05,screen,42,0.0093126341503442,0.04681777343974524,0.8737745976037731,0.8434271532641555,0.06220964019239945,0.16430650681634335,0.3521389678256313,0.15832190674528318,2.22419610188356,0.16430650681634335,0.14531550624879241,0.2470205704463749,0.2931208930863245,0.0006537652588357837,0.00019163225653875702,37758.48157968623,4541.478958067267,10.835010405443377,0.2209514448226649,0.03443333333333334,204.5,elec 100u/63V,BSC0902NS PG-TDSON,False,0.0,hold 0.2 < 3.0; pivot 0.29 < 1.5; electronics do not fit
LNGT28,0.0012465984530115456,0.001,potcore,0.0003,9.615946056745352e-05,0.0002499867615420423,16,0.008449016016680952,0.00033982127786356974,42.20834392054376,0.00010127075751105623,screen,42,0.0033612275558133125,0.016898032033361904,0.7206045387837836,0.542891286320955,0.6828005141862247,0.8052402563301593,0.04320278699712063,0.013418091431339945,3.219741586811229,0.8052402563301593,0.034415621586026096,0.12796380304589963,0.15117718931443883,5.588443575565618e-05,8.448451923963429e-06,11384.707878074074,177.0,0.6562203399460503,0.0009158044051817077,0.031433333333333334,206.2,film 10u/250V,BSC0902NS PG-TDSON,False,0.0,demag margin 0.81 > 0.8; hold 0.1 < 3.0; pivot 0.15 < 1.5; electronics do not fit
LNGT28,0.007994086052590197,0.00954748326970498,none,0.0005730492888249561,0.0,0.0003635670262591784,12,0.018259666935040834,0.00045160216370112205,48.75852735683937,0.0002112194391751653,screen,30,0.00978532601861093,0.03651933387008167,nan,nan,nan,nan,0.0,0.0,inf,nan,0.1685154317004531,0.0,0.0,nan,0.0,9638.91335150049,1689.9045387377814,8.548396865676395,0.23152318965862134,0.03803333333333334,149.8,elec 100u/63V,BSC0902NS PG-TDSON,False,0.0,open-circuit demag margin 0.94 > 0.8 [prescreen]
LNGT18,0.009687751199770812,0.013173063645853076,none,0.0005137280838135676,0.0,0.00010398600636352394,8,0.020934220501882084,0.0001662551768467424,33.319317557330706,0.00020732328842185127,screen,18,0.01734247609917692,0.04186844100376417,0.4258375174383798,0.2678520272490869,0.5303456673267706,0.7858449707377156,5.519597131389569,1.0679298439768754,5.1685016225738964,0.7858449707377156,0.21680013310331153,2.595247781022868,1.4173730958295931,0.003668355758561151,0.005199428758116134,1343.42685971793,3635.765566255449,90.17329569509187,15.172127499895334,0.06103501211276796,189.8,elec 100u/160V,IPB65R110 D2PAK,False,0.0,hold 2.6 < 3.0; pivot 1.42 < 1.5; electronics do not fit
LNGT28,0.005693319585607915,0.01196408015548196,potcore,0.0024027947127757774,0.001760184273627905,0.00023585736544143098,8,0.02144419187785682,0.0002835304790277388,89.68220566742205,0.00021230836871828114,screen,18,0.017764950219878527,0.04288838375571364,0.9856923542269471,0.7300361927428658,0.18969711457082727,0.6258819934826941,8.782140775608797,0.9007049264540223,9.750297259040353,0.6258819934826941,0.3343484468835262,2.677516013601082,0.5213877328985663,0.005795142278854749,0.0030215160945967086,13251.342537175127,2117.6421875203073,14.331741984513751,0.3924710115775698,0.016833333333333332,49.099999999999994,elec 100u/63V,IRLML6344 SOT-23,False,0.0,hold 2.7 < 3.0; pivot 0.52 < 1.5; electronics do not fit
LNG52,0.001,0.0021371882179521775,potcore,0.0003,0.00016408480739490373,0.00013513655140161152,20,0.011536840823723558,0.0002707910983459158,38.82708745437186,0.0001065985673112987,screen,54,0.0036545121539574353,0.023073681647447115,1.2220313990511773,1.0486090468988056,0.4497671099075349,0.6544629961892162,0.17463855950453028,0.024843828158932837,7.02945449418339,0.6544629961892162,0.03983889819483333,0.4468521112964257,0.2812192471600681,5.620305103035706e-05,1.5805379698855902e-05,16194.828296033049,365.45918526982234,0.8761880946246696,0.0022095804953438233,0.03383333333333333,261.4,film 10u/250V,BSC0902NS PG-TDSON,False,0.0,hold 0.4 < 3.0; pivot 0.28 < 1.5; electronics do not fit
LNG60,0.001483814518440249,0.011802171250233076,potcore,0.0010712821234222568,0.0008116633795918393,0.00021525429958379395,20,0.020425924948493362,0.0003748332664281463,116.54604857363461,0.0001449610573712173,screen,54,0.006470297382156207,0.040851849896986724,1.3497559297709127,1.2667749396920551,0.17216291741919953,0.3600403922034498,0.6134065225811564,0.15887964453655437,3.860825119356472,0.3600403922034498,0.1683072253933988,0.37151522975123374,0.43434855776419706,0.0004203878592566848,0.0001825948603697193,62912.051961603625,2124.3908250419536,3.935483719968815,0.06061936080470038,0.04283333333333334,260.2,elec 100u/63V,BSC0902NS PG-TDSON,False,0.0,hold 0.4 < 3.0; pivot 0.43 < 1.5; electronics do not fit
LNG13,0.0026623906447120612,0.0032926305232107355,potcore,0.0003,0.0007468272303922129,0.00015633438032840776,12,0.014642692513581648,0.0003221975211374557,67.81190894325727,6.173411433886096e-05,screen,30,0.007846995268062897,0.029285385027163297,0.6130977005467538,0.36479927474146195,0.32500593705515035,0.7027061507438923,0.6563689567610582,0.06892173203165887,9.523396139545046,0.7027061507438923,0.05507368323144654,1.2148842534303483,0.3554032684369128,0.00027907159033701645,9.918295533366282e-05,12313.043361743688,503.7724700512425,2.774437794426552,0.007127979876492116,0.04103333333333334,149.89999999999998,elec 220u/63V,BSC0902NS PG-TDSON,False,0.0,hold 1.2 < 3.0; pivot 0.36 < 1.5; electronics do not fit
LNGT72,0.0034201151463800076,0.010974450341399305,potcore,0.0005892344677138809,0.0012078832664680985,0.00022153795150841945,16,0.02001881739934487,0.0006,129.8756135794875,0.00018433747987615213,screen,42,0.007963980722089554,0.04003763479868974,1.0497196090164793,0.9536243551981678,0.10399863322541636,0.38482757300374315,3.368161458939951,1.006994789386879,3.344765528519465,0.38482757300374315,0.17875517462194518,1.9207253663402624,2.912210552669653,0.0006877429703330484,0.0020028523357282758,50044.14251744233,3753.2620167585624,9.740544703732414,0.3672818170143256,0.07243333333333334,207.39999999999998,elec 470u/63V,BSC0902NS PG-TDSON,False,0.0,hold 1.9 < 3.0; electronics do not fit
LNGT18,0.002584883453675702,0.0028594982773892117,potcore,0.0010554460941730572,0.0007406824542780289,0.0001717861701517071,8,0.021221987770325364,0.00020624928448309852,89.63405421848914,8.118794483092877e-05,screen,18,0.01758087030996945,0.04244397554065073,0.5573128943924429,0.39920889751597943,0.1635404428502729,0.5659430121328849,0.5245145735627688,0.10699553097532119,4.902210108978752,0.5659430121328849,0.05502844385590244,0.9716309059115718,0.15535711207279498,0.0009439052460208186,0.00014664239309215545,14976.864602303562,789.2215245594224,4.723360115833415,0.016301823005247143,0.028833333333333336,50.099999999999994,elec 100u/63V,IRLML6344 SOT-23,False,0.0,hold 1.0 < 3.0; pivot 0.16 < 1.5
LNGT44,0.0029873633014013143,0.012346121697207755,potcore,0.0018246645254136108,0.001684579999742306,0.0002289965935673783,8,0.021457233661091472,0.0002922668838295555,91.17760474188312,0.00020382384618825006,screen,18,0.017775754386865173,0.042914467322182945,0.8730773411612379,0.8000175646016381,0.06742502885727662,0.27000221016071313,1.588073185781406,0.5522833594676627,2.8754681062853766,0.27000221016071313,0.17543442834991085,0.9227555785482143,0.32977269912668217,0.003042591620540113,0.001003363651045739,24085.18541931803,4518.680541178038,17.10605341688233,0.5367810180881919,0.020633333333333333,93.30000000000001,elec 220u/63V,BSC0902NS PG-TDSON,False,0.0,hold 0.9 < 3.0; pivot 0.33 < 1.5
LNGT60,0.001,0.003627902284822418,potcore,0.0003286082431466524,0.00013889163952750735,9.302671729100936e-05,20,0.010581455987141247,0.00029001960059597235,54.82664947559619,9.102676865588058e-05,screen,54,0.00335187596868416,0.021162911974282494,0.8999544715338863,0.8697826959894702,0.09195215277272487,0.26780568676856337,0.1641367332509305,0.06124832966691416,2.6798564816959543,0.26780568676856337,0.07169031272512887,0.23338680750845883,0.3807852196214152,9.27623147956504e-05,3.532251841205259e-05,25762.184723980678,1218.9751677003323,2.59420250863862,0.016540195563906852,0.06383333333333334,267.79999999999995,film 10u/250V,BSC0902NS PG-TDSON,False,0.0,hold 0.2 < 3.0; pivot 0.38 < 1.5; electronics do not fit
LNGT18,0.005819648373367529,0.010548382798443294,potcore,0.0030741136945775997,0.00179488523141078,0.0002330681918357547,8,0.02123498472477954,0.0004791317964712101,90.18195997562529,0.0002054598413232359,screen,18,0.01759163733957838,0.04246996944955908,0.5727950645927875,0.46932383102314473,0.07643798388351992,0.3914713890726938,3.1320307553032785,0.6729305899920183,4.65431472708118,0.3914713890726938,0.4122884697230677,0.7743830196306419,0.2940181473878898,0.007076332814073398,0.0020805702642939933,17647.68947466097,2911.353652370349,14.877391112866757,0.4092823519935761,0.020633333333333333,93.30000000000001,elec 220u/63V,BSC0902NS PG-TDSON,False,0.0,hold 0.8 < 3.0; pivot 0.29 < 1.5; electronics do not fit
LNGT44,0.001082795043873694,0.0020471410004732926,potcore,0.0003,7.590303217322189e-05,0.000166146490398071,20,0.01349678561086681,0.00020990529813107314,88.62768821446356,7.749560587142127e-05,screen,54,0.004275361670314788,0.02699357122173362,0.8446853958163155,0.7870115758786855,0.16604254181602324,0.2937455028937866,0.09550750954071159,0.024256082083232152,3.9374664553404704,0.2937455028937866,0.061938542571026746,0.157183708504273,0.14591499925130222,0.00010222497294494762,1.4916156850726422e-05,29343.16807540435,749.2536061732251,2.263034953514235,0.010715769565935082,0.05483333333333334,261.0,elec 220u/63V,BSC0902NS PG-TDSON,False,0.0,hold 0.2 < 3.0; pivot 0.15 < 1.5; electronics do not fit
LNG60,0.00393552262728144,0.0014002844969384122,potcore,0.002421117950879252,0.002350215783536433,0.00024471386866992785,8,0.021312937679425364,0.00040040917663847447,110.80137637173418,0.00010087765789352449,screen,18,0.01765621568166109,0.04262587535885073,nan,nan,nan,nan,0.0,0.0,inf,nan,0.09708089492872679,0.0,0.0,nan,0.0,11502.952011993433,252.0512094489142,2.4278655508587277,0.0053516384557397954,0.016833333333333332,49.099999999999994,elec 100u/63V,IRLML6344 SOT-23,False,0.0,free-space solve failed [prescreen]
LNGT36J,0.003753805792803469,0.004203845833204704,potcore,0.0011037687172287577,0.0015785462046484804,0.00018230331237985628,8,0.015625865389262635,0.0005162540212947801,104.0041645459033,6.35235733151393e-05,screen,18,0.012944890736097852,0.03125173077852527,0.6937787674765188,0.5218782311135844,0.10628591766830887,0.5561320871923743,2.033929200135708,0.5196454004249762,3.9140714003670984,0.5561320871923743,0.06888054594685261,3.010025974383403,1.2448415408449454,0.0008699529550505126,0.0010829535770276936,13730.64464744739,1866.5075499428888,14.138051295830449,0.11427639603608993,0.025633333333333334,93.7,elec 470u/63V,BSC0902NS PG-TDSON,False,0.0,pivot 1.24 < 1.5; electronics do not fit
LNGT36J,0.0023185881843726277,0.004186756625080613,potcore,0.0003,0.0001356736572044759,0.0002120140387573988,16,0.009535664850866668,0.00019385822998385868,135.07976190381794,6.18360992522057e-05,screen,42,0.003793523340049765,0.019071329701733336,0.6883930401225309,0.6452631477695979,0.1013369473401524,0.2233977724522462,0.42161468703659405,0.1191383832165941,3.5388652729162584,0.2233977724522462,0.08624902458345782,0.49830188681264764,0.7238875713175583,0.00015806448108914324,0.00011442091332719002,28848.43750004171,1858.919941535792,8.704196305278264,0.09838269940956199,0.07243333333333334,207.39999999999998,elec 470u/63V,BSC0902NS PG-TDSON,False,0.0,hold 0.5 < 3.0; pivot 0.72 < 1.5; electronics do not fit
LNGT28,0.006692531156388125,0.007507375105523612,none,0.0005341301089034645,0.0,0.0002617008023655914,12,0.014225171290479618,0.00027700882556444165,159.53251691938897,0.00013436924055076237,screen,30,0.00762324631895681,0.028450342580959236,nan,nan,nan,nan,0.0,0.0,inf,nan,0.11531627156636577,0.0,0.0,nan,0.0,25207.48151911703,1328.8053936776794,8.409712362129115,0.142545465090897,0.04103333333333334,149.89999999999998,elec 220u/63V,BSC0902NS PG-TDSON,False,0.0,open-circuit demag margin 0.94 > 0.8 [prescreen]
LNGT18,0.004697408735504726,0.0037637871934374655,potcore,0.0003869477488802061,0.0007822551856010042,0.0001039152709827061,8,0.015169992469276087,0.00016197768484151065,32.80021590480368,5.247968915199728e-05,screen,18,0.012567233243743745,0.030339984938552174,0.5587522340543374,0.36069098591061377,0.1623771424543513,0.6377914696443273,3.100919620468061,0.35011098099446747,8.856961902937465,0.6377914696443273,0.04497319063649143,7.028583388576904,1.187529684907807,0.000551434803995352,0.0006548451990357987,2518.7311360531826,1038.8052653887405,13.52785793611523,0.08643543680636812,0.023633333333333333,93.6,elec 100u/63V,BSC0902NS PG-TDSON,False,0.0,pivot 1.19 < 1.5; electronics do not fit
LNG13,0.002042683468463254,0.011160011603949072,potcore,0.0010333075508234466,0.0009893168411882383,0.0001564051157092256,12,0.020406920546187642,0.00032647501314268747,68.33101059578429,0.00021657771360871495,screen,30,0.010936035760714127,0.040813841092375285,0.6693219801435963,0.5994672210246108,0.10750284412654129,0.2732375412598726,0.38470694682619155,0.07284008700633934,5.281527832232135,0.2732375412598726,0.12246064396195899,0.3202318190951838,0.11306035216974851,0.000864817710328304,9.77765948923536e-05,35234.11793859102,1707.481775404208,3.311391404507491,0.03562263638811343,0.03803333333333334,149.8,elec 100u/63V,BSC0902NS PG-TDSON,False,0.0,hold 0.3 < 3.0; pivot 0.11 < 1.5; electronics do not fit
LNGT60,0.001128299357959397,0.0019028005995427148,none,0.0005114039047821204,0.0,9.303932585342034e-05,20,0.01049834948740723,0.00016200226525555218,53.43061417975132,8.125003431163052e-05,screen,54,0.003325550415788753,0.02099669897481446,nan,nan,nan,nan,0.0,0.0,inf,nan,0.04147186237129591,0.0,0.0,nan,0.0,12726.172538906943,639.3410014463522,2.684262080616889,0.015806552200185592,0.03683333333333334,259.7,elec 100u/63V,BSC0902NS PG-TDSON,False,0.0,open-circuit demag margin 0.88 > 0.8 [prescreen]
LNGT18,0.005832802156386711,0.004373811774930255,potcore,0.0032346816502406453,0.001991808911629613,0.0001723079606787047,8,0.021576282054805936,0.0005243627267107129,90.01189370052211,8.914138989480724e-05,screen,18,0.0178743773053757,0.04315256410961187,0.5675548431120221,0.2979776633169391,0.11816111183475476,0.7409038003414973,3.352739401030511,0.4685558836119257,7.155473910999626,0.7409038003414973,0.25352318923250994,1.3480720405713524,0.318202984666878,0.004421294139083663,0.0014068689911465966,8674.384523649172,1207.1720498807506,12.526518963491378,0.12588752962650973,0.017633333333333334,93.1,elec 100u/63V,BSC0902NS PG-TDSON,False,0.0,hold 1.3 < 3.0; pivot 0.32 < 1.5
LNG40,0.0018883532170472274,0.003908248805640018,potcore,0.00032313684923783914,0.00016207266261130638,0.00010028949940437006,12,0.012496970543978542,0.0003281419814962658,24.232831274348566,6.128561658125654e-05,screen,30,0.006697106330189157,0.024993941087957085,1.210119850687155,1.020588481138557,0.3365787192873676,0.6075990918856228,1.0610264299557781,0.08942941916062035,11.864400327258238,0.6075990918856228,0.05100257846321367,2.120630787281966,0.3775087046176563,0.00022057050687702035,8.32672863280038e-05,6046.416926906683,574.5125744290826,2.3025316397184077,0.004873725131575195,0.04103333333333334,149.89999999999998,elec 220u/63V,BSC0902NS PG-TDSON,False,0.0,hold 2.1 < 3.0; pivot 0.38 < 1.5; electronics do not fit
LNGT60,0.0025832994593337536,0.009435239025421614,potcore,0.0008618021905055209,0.0003636801356587911,0.00011240481362767004,12,0.02109958242695058,0.0003429536702936098,39.43301646833968,9.534616888145868e-05,screen,30,0.011307232143870633,0.04219916485390116,0.8999864201323935,0.8656009165784267,0.0579710356950405,0.27463979717720144,1.5526157195171948,0.5439432301363709,2.8543708855939647,0.27463979717720144,0.09156732891961952,1.7284404675609117,0.8886185550945312,0.0006685978389781055,0.0005941284456120502,11791.53411929033,3170.240312541662,10.601855296210898,0.16075269068841067,0.028033333333333334,148.89999999999998,elec 470u/63V,BSC0902NS PG-TDSON,False,0.0,hold 1.7 < 3.0; pivot 0.89 < 1.5; electronics do not fit
LNGT36J,0.0030830114880051065,0.006643208064879876,none,0.0003839483014868709,0.0,0.0001705032020580806,16,0.014326643102463468,0.00028808531465739345,46.17306013912434,5.2562864372562095e-05,screen,42,0.005699492992228913,0.028653286204926937,0.6263032172985982,0.49666029960596586,0.366192365826084,0.6141741309881122,0.9943068713148678,0.3247862231475935,3.061419482879427,0.6141741309881122,0.06229492607306286,1.627041980114422,4.847547714827002,0.00017152452924084892,0.0008314733397582544,8802.88135027603,2949.5843808066647,15.471222612370827,0.2642089887192849,0.03443333333333333,204.4,elec 220u/63V,BSC0902NS PG-TDSON,False,0.0,hold 1.6 < 3.0; electronics do not fit
LNG40,0.0020932458698249305,0.009483462850947498,potcore,0.0011239462262407614,0.0009799874178094573,0.00026259030659458565,16,0.019428282590882834,0.00035307488162940575,157.69554765687852,5.884077344590427e-05,screen,42,0.007729051368547,0.03885656518176567,1.2273162873256207,1.0656502693598184,0.2897606925106643,0.5224656868069963,1.0781593287796079,0.16207986819783973,6.652024960086795,0.5224656868069963,0.13503881110303453,0.8138705464672039,0.4825487037361118,0.0005042224016869412,0.00024331186632874256,39569.964304708374,1394.0690390892821,5.555690647022506,0.03813939310727825,0.025433333333333332,203.7,elec 220u/63V,BSC0902NS PG-TDSON,False,0.0,hold 0.8 < 3.0; pivot 0.48 < 1.5; electronics do not fit
LNGT18,0.002233667575898136,0.005434501125807464,none,0.0003,0.0,0.00011266987340316011,20,0.016246929678697078,0.00032744223077411656,24.610652235588944,3.910454723648192e-05,screen,54,0.005146521728305069,0.032493859357394156,0.4844261217091021,0.367117942923067,0.3950913489577179,0.6394448836428742,0.32946615655804984,0.08429556742330963,3.9084635957613236,0.6394448836428742,0.06777865120699711,0.4955059571277172,1.0010474050910843,0.00013465729796400058,0.00013479833870343972,4957.624369842559,1499.92231072286,7.445918370530678,0.05853660996791594,0.04683333333333334,260.4,elec 470u/63V,BSC0902NS PG-TDSON,False,0.0,hold 0.5 < 3.0; pivot 1.00 < 1.5; electronics do not fit
LNGT60,0.0022142271780494077,0.008162049788183537,potcore,0.000914071335657088,0.000618997214518128,0.00011520807173170306,20,0.021601054617143324,0.00045448327016917717,122.37112392184952,6.094746323595417e-05,screen,54,0.006842541891911971,0.04320210923428665,0.8999838809387227,0.8471500058627861,0.06639636121926819,0.3122567199898672,1.096857408752771,0.39014897580688007,2.811380976931501,0.3122567199898672,0.12721414781681037,0.8789127257376756,1.290855344586962,0.00033602844391107846,0.00043376411275585576,30071.131878053257,2742.448728829668,11.16008983652064,0.2049532358373135,0.03283333333333333,259.29999999999995,elec 470u/63V,BSC0902NS PG-TDSON,False,0.0,hold 0.9 < 3.0; pivot 1.29 < 1.5; electronics do not fit
LNG60,0.004473094853502359,0.0031672837867702855,none,0.0003,0.0,0.00013955622004537435,16,0.014130640836826816,0.00028808563968115873,116.24753124540237,5.872243831638308e-05,screen,42,0.005621518442889787,0.028261281673653632,nan,nan,nan,nan,0.0,0.0,inf,nan,0.06771970053264675,0.0,0.0,nan,0.0,13696.029575520832,570.1110816186514,4.83892104703593,0.028874897240620742,0.04343333333333334,205.1,elec 220u/63V,BSC0902NS PG-TDSON,False,0.0,open-circuit demag margin 1.00 > 0.8 [prescreen]
LNGT36J,0.0017802724908932538,0.008727809248196813,potcore,0.0009930381661868114,0.0008369685516660768,0.0002563044358799523,20,0.020975247968970157,0.0003636439712049282,158.6489580124535,0.00010791138712908055,screen,54,0.006644305820467409,0.04195049593794031,0.6968709573744758,0.6703669962390947,0.05891992524901959,0.1590578095489141,0.2758164849673535,0.1236643253165658,2.230364207796359,0.1590578095489141,0.1365390549725421,0.20591800379420672,0.43930339093898746,0.00035021090822879593,0.0001538488395287326,59744.2776234786,3875.147306199385,10.290325814094304,0.3085242396471813,0.03683333333333334,259.7,elec 100u/63V,BSC0902NS PG-TDSON,False,0.0,hold 0.2 < 3.0; pivot 0.44 < 1.5; electronics do not fit
LNGT44,0.004552288245374068,0.011493559565412967,potcore,0.0016515356330562723,0.000912134910015571,9.677170340766638e-05,8,0.020928439344938623,0.00016766982921678493,35.807861060783225,0.00020380938161914167,screen,18,0.01733768683195254,0.041856878689877246,0.8770873756381384,0.7752243923404227,0.038554020452473345,0.3166355877394905,5.556023603334763,1.2337257407807458,4.503451147755669,0.3166355877394905,0.1793237094246943,3.158328946766234,0.8713692327924236,0.0030333998850993215,0.002643211330631622,2414.6794750169033,4206.642800941146,62.38131499725863,7.137986653873515,0.026133333333333335,93.8,elec 100u/160V,BSC160N10 PG-TDSON,False,0.0,pivot 0.87 < 1.5; electronics do not fit
LNGT36J,0.004808956657247544,0.014298912267398784,none,0.0005489481155438478,0.0,0.0002362108965232359,16,0.021463014818034937,0.0002954209941354354,88.6890612384306,0.00020733775299095966,screen,42,0.008538518177120018,0.042926029636069875,0.6506676994043042,0.5547120028253408,0.28867336059449816,0.51974826557658,2.667198774098653,0.9794101950854972,2.7232703799512943,0.51974826557658,0.1563353742099386,1.7391182718208478,5.41795829262088,0.0006448773182033016,0.0034939184138826915,21497.527091968575,6348.71704672506,26.191931403720645,2.986982867632186,0.04043480617680588,187.4,elec 100u/63V,BSC160N10 PG-TDSON,False,0.0,hold 1.7 < 3.0; electronics do not fit
LNGT60,0.002953517905501428,0.005953195042323932,potcore,0.000568598746302214,0.00016093997491481137,0.00010859460239362074,12,0.019566396239990902,0.00032786912602511564,21.63015913862901,5.260035397768236e-05,screen,30,0.010485600142585835,0.039132792479981804,0.9001687023907801,0.8288066989829104,0.08366672218664367,0.33646279951359603,2.154044910125958,0.4523089179119315,4.762331284711413,0.33646279951359603,0.06280567096723014,3.49612447500933,1.1656383370896433,0.0004252656121861151,0.0004957059010100324,3892.537062130086,2000.2735342208412,11.115176085775891,0.09747934899459866,0.028033333333333334,148.89999999999998,elec 470u/63V,BSC0902NS PG-TDSON,False,0.0,pivot 1.17 < 1.5; electronics do not fit
LNG40,0.004824450813700816,0.010030528966285037,potcore,0.0016100081175230453,0.0007042396663437546,0.0001793768970395239,8,0.02119202861715703,0.0003621793222711294,42.38999155010009,6.122048591564695e-05,screen,18,0.017556051334850376,0.04238405723431406,1.237085202939549,0.9698654021593697,0.2583567526367217,0.6755862513259411,10.105866490689111,0.6828152779743346,14.800293456627909,0.6755862513259411,0.15383818524084084,6.69638478531216,0.6271991622088701,0.002635067764001802,0.0016527122939455307,5899.055499347936,1474.4877580439004,10.595513741329594,0.06185621186819485,0.017633333333333334,93.1,elec 100u/63V,BSC0902NS PG-TDSON,False,0.0,pivot 0.63 < 1.5
LNGT36J,0.003072699661917805,0.00413421173611746,potcore,0.0008815168092592087,0.001226068601815646,0.0001547487302567904,8,0.015711683906199977,0.0003006598376058693,91.28452530860042,5.8832715207444926e-05,screen,18,0.013015985123334234,0.031423367812399954,0.6947726930949372,0.5608505857119813,0.09238098690345828,0.47464044255650356,1.3409752497435472,0.3725202835558909,3.5997375416534996,0.47464044255650356,0.052015359002907574,2.6279684955526155,1.0135405626724905,0.0006605556958771425,0.0006694999916758375,13706.374774162856,1835.5900108361523,12.225038754685663,0.07913377624813887,0.023633333333333333,93.6,elec 100u/63V,BSC0902NS PG-TDSON,False,0.0,hold 2.6 < 3.0; pivot 1.01 < 1.5; electronics do not fit
LNG37,0.0036145998411643496,0.012247557646249138,potcore,0.0022850046517756684,0.0021696614462970282,0.00022918330316382246,8,0.021371415144154127,0.0005078610675184663,102.72367413682781,0.00020851470429594443,screen,18,0.017704659999628787,0.042742830288308255,1.1921625794811281,0.9434346855510991,0.2419767540262955,0.6586801052094408,4.492143819875313,0.482059310841976,9.318653781480188,0.6586801052094408,0.26128971853757943,1.7525173398994232,0.3089205675034429,0.004513471557153117,0.0013943041948463889,30895.407602010313,1800.3909739986234,5.9860927589732364,0.06724594181485671,0.020633333333333333,93.30000000000001,elec 220u/63V,BSC0902NS PG-TDSON,False,0.0,hold 1.8 < 3.0; pivot 0.31 < 1.5; electronics do not fit
LNG52,0.002323047340039163,0.005129088865375079,potcore,0.0003,0.000176502631692004,0.00010023677395088681,12,0.012524197480463514,0.00033492900162996806,42.845951225701846,3.607879350696952e-05,screen,30,0.0067116972014762,0.025048394960927027,1.2813204280200896,1.0862391514371197,0.4569716146383714,0.7798279811441199,2.1038499537870496,0.1626770301104044,12.932679877172731,0.7798279811441199,0.05602884409493085,3.827666512094346,0.7189099099213163,0.00024283547528856038,0.00017457682966539898,7844.691915805628,877.0741959791386,4.790382927152158,0.012418917065388963,0.04203333333333334,150.0,elec 470u/63V,BSC0902NS PG-TDSON,False,0.0,pivot 0.72 < 1.5; electronics do not fit
LNGT18,0.004099316444649369,0.007884945449431665,none,0.0003294288262049607,0.0,0.00011533516949395607,20,0.016504729757712226,0.00046146160510791335,119.75005889160192,9.817477911798809e-05,screen,54,0.00522818477076594,0.03300945951542445,0.464680004300315,0.32537886087628587,0.4437128921527123,0.7060390443896497,1.1275984068508373,0.2513276151513348,4.486567885394781,0.7060390443896497,0.12343515582193118,0.9312077389503305,3.139058612326178,0.00024912250382991556,0.0007820101411715577,26802.605787022345,2176.2449440431396,9.723138947105674,0.25059746938136807,0.06083333333333334,261.5,elec 470u/63V,BSC0902NS PG-TDSON,False,0.0,hold 0.9 < 3.0; electronics do not fit
LNG40,0.0024509911063503058,0.006282806003122362,potcore,0.0008169036414539365,0.00034643172346876386,0.00011250015736103018,12,0.021207805014296893,0.0003283152729976439,21.04842711943657,4.03559199837907e-05,screen,30,0.011365228453635134,0.042415610028593786,1.2371107204199834,1.0238883389120101,0.24277252058738377,0.571252606156827,2.3693207232424265,0.1804253435768265,13.131862055917614,0.571252606156827,0.06607155986328857,3.6554452667470234,0.4531217321900793,0.0004849096693570188,0.00021972310933477098,3626.6051809193737,923.5724824589872,5.360315533886424,0.017393189214335067,0.023033333333333333,148.5,elec 220u/63V,BSC0902NS PG-TDSON,False,0.0,pivot 0.45 < 1.5
LNGT72,0.003161461205768169,0.010372452030954538,potcore,0.0003519658120037201,0.00015925728731170028,0.0001823434421265001,16,0.019551797483187104,0.00038544651153221655,42.40492654171181,5.613657483423503e-05,screen,42,0.007778188647816772,0.03910359496637421,1.0497450554180605,1.0100146625949942,0.14603757351005514,0.3574240041986043,2.323015731629843,0.7337905745013694,3.1657748305208138,0.3574240041986043,0.09848359331073983,2.4044694164482228,2.756319721669587,0.0003700664341360198,0.0010200214107370506,9951.89759778809,3547.378594586452,15.11534129456006,0.2693401643823485,0.04043333333333334,205.0,elec 100u/63V,BSC0902NS PG-TDSON,False,0.0,hold 2.4 < 3.0; electronics do not fit
LNG40,0.00590746172967422,0.00967674259048097,potcore,0.0018727032740567466,0.002484660923038273,0.00021934360883645647,8,0.020017639759008804,0.0005762866637663846,130.4424106070682,0.00018080663328014956,screen,18,0.01658315574976068,0.04003527951801761,1.237977334087338,0.6083277985994192,0.33227052008473273,0.9469482029568519,16.35348873195311,0.8369158502301244,19.54018283613154,0.9469482029568519,0.2494605321821697,6.682509181924733,0.8182015324456213,0.004036173457788246,0.003302403308378685,26050.07925273815,1422.4811608007026,7.122890869457939,0.08255995545263409,0.020633333333333333,93.30000000000001,elec 220u/63V,BSC0902NS PG-TDSON,False,0.0,demag margin 0.95 > 0.8; pivot 0.82 < 1.5; electronics do not fit
LNGT44,0.003647586615602104,0.0032022466578331887,potcore,0.0005299264178832185,0.0007669783629213424,0.00013524537131569188,8,0.02090380690451224,0.00019657480674138125,89.44847859739801,7.728542784451336e-05,screen,18,0.01731728065015463,0.04180761380902448,0.8512529348565305,0.5552510597615865,0.1899241458648435,0.7401190319857913,3.3458087747532574,0.5128002214354892,6.524585276869198,0.7401190319857913,0.06098466042776037,5.592570898804705,0.9218105895845569,0.001030388737904947,0.0009498232499894466,12312.367967313592,1172.022276766947,8.514658578867651,0.050428331780035376,0.03863333333333334,94.7,elec 220u/63V,BSC0902NS PG-TDSON,False,0.0,pivot 0.92 < 1.5
LNG60,0.0016816413119106575,0.003800273861878441,potcore,0.0009966817649701446,0.0009102366814368577,0.00016822604886687626,20,0.02121734959912812,0.0003852082618851456,114.16262960468259,0.00010827914843628775,screen,54,0.006720996082855862,0.04243469919825624,1.3244032169744595,1.0042228260528956,0.38732021332112004,0.8646245671852768,0.983795461219848,0.12588986765896765,7.814731078158919,0.8646245671852768,0.0863494452884315,1.161385114102536,0.7957865584862193,0.0002240352504836364,0.0001782842409619711,31586.98042848728,684.0492951381193,2.4723118592800937,0.01786961105861328,0.03283333333333333,259.29999999999995,elec 470u/63V,BSC0902NS PG-TDSON,False,0.0,demag margin 0.86 > 0.8; hold 1.2 < 3.0; pivot 0.80 < 1.5; electronics do not fit
LNGT38,0.002276956543893521,0.003651017969183413,potcore,0.00033376475809847626,0.00010723358159271651,0.00017702106467802685,16,0.02126448402230494,0.00016062617114086524,40.935570781802355,7.744979797590104e-05,screen,42,0.008459537715967176,0.04252896804460988,0.7849590895003821,0.7109608306845794,0.15307146562014853,0.32660606851651697,0.5846680055696147,0.12023199227576124,4.8628322171409595,0.32660606851651697,0.06464449921930186,0.921952923962938,0.44049032953497025,0.00026418949440855556,0.00011637291745170181,6020.099631742691,1226.7420376456269,8.341620336027253,0.11317237308296217,0.04343333333333334,205.1,elec 220u/63V,BSC0902NS PG-TDSON,False,0.0,hold 0.9 < 3.0; pivot 0.44 < 1.5; electronics do not fit
LNGT72,0.006084411156401535,0.009559880480377933,potcore,0.0033231327783736896,0.0020843820055302673,0.0003793526247796635,8,0.023329511008423103,0.00020887222430229167,64.85440558895355,8.224257367112344e-05,screen,18,0.01932679972644254,0.046659022016846206,1.0487077168124337,0.8559121821639856,0.1625242777898821,0.6727644012780433,10.552612979891846,2.4571325881198387,4.294686021793618,0.6727644012780433,0.44776325984050896,2.402384667706326,0.9440693748442955,0.008443241276012004,0.007971005513104205,4475.641974409117,3269.4791242892534,47.37647166678605,1.661363364970199,0.017633333333333334,85.1,elec 100u/63V,BSC160N10 PG-TDSON,False,0.0,hold 2.4 < 3.0; pivot 0.94 < 1.5; electronics do not fit
LNGT60,0.002996031236604806,0.003141030888041684,potcore,0.000421810851714289,0.00010104349842193117,0.00011616772329107244,12,0.021211160395028055,0.00020672428018822118,20.56515429455174,6.180376956909626e-05,screen,30,0.011367026596749562,0.04242232079005611,0.8982081795230807,0.7752936596197944,0.21372383978358925,0.5620904825003125,2.220849944316816,0.30471365470205203,7.288317769967859,0.5620904825003125,0.06281254373442596,3.6041580444491235,0.7484459781024189,0.00046106416795124776,0.00034508162215024957,3256.9934672678987,1055.386378382006,6.663870815190945,0.04116796146059532,0.04103333333333334,149.89999999999998,elec 220u/63V,BSC0902NS PG-TDSON,False,0.0,pivot 0.75 < 1.5; electronics do not fit
LNGT72,0.00368761044581746,0.005941797573932777,potcore,0.0012661907202601223,0.0005914588754121447,0.0001741429835596885,8,0.021273929773940273,0.0003309114102534284,65.01430830848616,7.68388993606367e-05,screen,18,0.017623900474677705,0.04254785954788055,1.048985713236992,0.8912157245527595,0.14707674811799562,0.5562180178712264,4.421652975654948,0.8751401165473692,5.052508612105904,0.5562180178712264,0.07770694129483402,5.800371806332759,1.206596669551335,0.0013361728535382976,0.0016122217150242137,10467.642717973635,2032.0947702850096,12.621297790430065,0.11016196456899802,0.020633333333333333,93.30000000000001,elec 220u/63V,BSC0902NS PG-TDSON,False,0.0,pivot 1.21 < 1.5
LNG13,0.0031303135465626745,0.003282096425598327,potcore,0.0003,0.0005230032951498433,0.00015672045920868432,12,0.014641587037952855,0.00031458600845869387,68.50934543854427,6.187324003095188e-05,screen,30,0.007846402845458922,0.02928317407590571,0.6034282041600707,0.3743874475262987,0.3471478858346653,0.6907264301248951,0.8892654007736535,0.08635283046669234,10.298045772994751,0.6907264301248951,0.05682559931905042,1.5952118352758549,0.46167144727303505,0.00028792723102994837,0.0001329277814589138,10984.983390462688,502.160753116544,3.131793947982639,0.009102914819172294,0.04103333333333334,149.89999999999998,elec 220u/63V,BSC0902NS PG-TDSON,False,0.0,hold 1.6 < 3.0; pivot 0.46 < 1.5; electronics do not fit
LNGT18,0.00422868644670125,0.005618125814786546,none,0.0006281825603111383,0.0,0.00030387968472905314,16,0.0147358477895082,0.00032186478125761334,100.01389918672018,8.372659166216749e-05,screen,42,0.005862284738314753,0.0294716955790164,0.4015056063483394,0.2704565454357757,0.5808689608376462,0.7829795574711566,0.6943786456249318,0.1692612344221,4.102408020334446,0.7829795574711566,0.06802559134925877,1.0405309994831662,2.7915848402470664,0.00019265335294943206,0.000537808179516402,16754.696075650925,1550.6027248810867,9.256021350950446,0.1506369114137708,0.030433333333333337,204.1,elec 470u/63V,BSC0902NS PG-TDSON,False,0.0,hold 1.0 < 3.0; electronics do not fit
LNGT28,0.003680021896704058,0.0037321634965924457,potcore,0.0007737871602852333,0.0013837921799263243,0.00018234636891891414,8,0.013567380217090646,0.0004037440776734104,103.92619438644817,6.385492794437397e-05,screen,18,0.011239585783582744,0.027134760434181292,0.9393203472904925,0.3595789184837951,0.40693612397663304,0.899629303483162,3.3939386975838346,0.17488522031058856,19.406663933958207,0.899629303483162,0.056165506103411075,6.159781536075473,0.6643673398915089,0.0006159149998154745,0.000409193810026686,14215.417910365411,660.5929388968628,4.829468300615421,0.013404035464807172,0.029633333333333338,94.1,elec 100u/63V,BSC0902NS PG-TDSON,False,0.0,demag margin 0.90 > 0.8; pivot 0.66 < 1.5; electronics do not fit
LNGT18,0.0017708205723238237,0.00835115691783532,potcore,0.0005397184061753356,0.0007673769881815948,0.00024176490995730585,20,0.01577787272906206,0.0005159245083773892,130.25483013409394,9.613040128871698e-05,screen,54,0.004997939083408516,0.03155574545812412,0.5712742936420473,0.5386020338633656,0.07504757989418051,0.18287535008913058,0.17212160986113828,0.06065217375777708,2.837847338308598,0.18287535008913058,0.12334467918165962,0.14224793559102752,0.31614553900192205,0.00023797675651617315,7.523528995873472e-05,53915.62423302293,2304.9193093225485,5.568457703670894,0.0804811864078231,0.07483333333333334,262.59999999999997,elec 470u/63V,BSC0902NS PG-TDSON,False,0.0,hold 0.1 < 3.0; pivot 0.32 < 1.5; electronics do not fit
LNG52,0.00220152712701886,0.005661979077188117,potcore,0.0003,0.0001608262351854751,0.00010043407182236036,12,0.012307434894451685,0.00034474720838277323,45.013841890362,9.325298835702962e-05,screen,30,0.006595534481733898,0.02461486978890337,1.2944008525810342,1.1260640023532504,0.3752393501249999,0.6641651424248489,1.8274327047161512,0.15454060784549287,11.824935401724238,0.6641651424248489,0.07011883825900869,2.656670379445642,0.5210532870176326,0.00029864333134532755,0.0001556090894433789,14410.618189966905,968.198422199168,3.0243206863751757,0.01279409871094747,0.056033333333333345,151.1,elec 470u/63V,BSC0902NS PG-TDSON,False,0.0,hold 2.7 < 3.0; pivot 0.52 < 1.5; electronics do not fit
LNGT72,0.0065667043908246335,0.010154384421181481,potcore,0.0014534539958949808,0.0025505879491654676,0.000221298035357069,8,0.020100130461525416,0.0005980331704094583,124.75615417497956,0.00018650116532674085,screen,18,0.01665149328526481,0.04020026092305083,1.0497234745305395,0.8366013810667171,0.12605033175250824,0.7158406837925333,16.087494818050708,3.0450872928192037,5.283098076034654,0.7158406837925333,0.22920072034087371,7.15489779530576,2.901899633638608,0.0037236595128885782,0.010805686176246283,25086.130671351977,3472.7994720440665,17.270623039841148,0.5006567425637555,0.023633333333333333,93.6,elec 100u/63V,BSC0902NS PG-TDSON,False,0.0,electronics do not fit
LNGT36J,0.0091349880250737,0.003497037069964154,none,0.0003,0.0,0.00013526033216966428,8,0.015655627849861995,0.00036252617832604545,103.13962169990987,6.596115892897286e-05,screen,18,0.01296954676575755,0.03131125569972399,nan,nan,nan,nan,0.0,0.0,inf,nan,0.10520571652380983,0.0,0.0,nan,0.0,7863.700308879928,1552.6844590640844,20.364876767539094,0.2462035778304189,0.06643333333333333,107.4,film 22u/250V,SQJ850EP PowerPAK,False,0.0,open-circuit demag margin 0.84 > 0.8 [prescreen]
LNG60,0.002235861498388223,0.006488442856365633,potcore,0.0006506536111499736,0.0009393418737470575,0.0001548975568933992,20,0.02087182049470235,0.0005260304328666235,114.86414787713895,9.045435112854902e-05,screen,54,0.0066115432152152355,0.0417436409894047,1.3435403257922303,1.0932641487900587,0.2764592101622029,0.6706600873099391,2.187453769182339,0.25258197716855496,8.66037155027332,0.6706600873099391,0.1230870792279481,1.811579549967091,1.1528284126422275,0.0003141510170813967,0.00036216221835188786,33617.93655439455,1167.919714145814,3.99049187737057,0.03889072944966398,0.06083333333333334,261.5,elec 470u/63V,BSC0902NS PG-TDSON,False,0.0,hold 1.8 < 3.0; pivot 1.15 < 1.5; electronics do not fit
LNGT36J,0.004031261543604239,0.00591248160800615,none,0.0003,0.0,0.00022117710771173545,16,0.01275075793345137,0.00028040590976436764,125.04444477129991,5.99347833155983e-05,screen,42,0.005072566892855536,0.02550151586690274,0.5810264821565203,0.417076287602146,0.4747159662094245,0.7157930167860271,1.4298464107406224,0.4170252336914827,3.4286807972834317,0.7157930167860271,0.07587575223866029,1.9209558012406527,6.499378332106483,0.00018593798912819637,0.0012084813376552503,19947.738272526287,2625.1418339547304,16.455971027296254,0.34083584504125797,0.04043333333333334,205.0,elec 100u/63V,BSC0902NS PG-TDSON,False,0.0,hold 1.9 < 3.0; electronics do not fit
LNGT72,0.004208713457671626,0.00909254690327425,potcore,0.002747883381064188,0.0026110716875077495,0.0002607591343608313,8,0.020569082076258946,0.0005970542816332888,160.60859363039,0.00018536429159137646,screen,18,0.017039985523103592,0.04113816415251789,1.0495792197277216,0.8854198767051115,0.13246546196224546,0.6056419592951376,5.177640277543213,1.340173061042494,3.863411695140051,0.6056419592951376,0.2976627316863893,1.7731211234653321,0.8108106671399704,0.00494873823655792,0.004012489751084608,34980.361251407776,3109.6510409197936,14.277630718959676,0.3400798303375717,0.020633333333333333,93.30000000000001,elec 220u/63V,BSC0902NS PG-TDSON,False,0.0,hold 1.8 < 3.0; pivot 0.81 < 1.5; electronics do not fit
LNG40,0.0047681980795394015,0.009911217440043611,potcore,0.0015915959250162007,0.000696564150017051,9.76270957573816e-05,8,0.020908741538608847,0.0001603282122062455,35.994283651751196,6.068088460753419e-05,screen,18,0.017321368634890956,0.04181748307721769,1.2482279029676766,0.966486890803879,0.18044944773351326,0.6785813711759235,12.365880240740363,0.7014714066461711,17.628487952008328,0.6785813711759235,0.1492003472290274,8.448628131575518,0.6917121407201091,0.0025214643736485754,0.001744127519645945,2164.9163106766255,1456.9489636864107,24.223492615593713,0.32045565151802546,0.017633333333333334,85.1,elec 100u/63V,BSC160N10 PG-TDSON,False,0.0,pivot 0.69 < 1.5
LNG37,0.0046063095212235715,0.011634156678137851,potcore,0.0016707286129405677,0.000922345368700469,0.00017852150468980867,8,0.0212117264234868,0.00036952093928166885,26.617367833549842,0.00020434898292725446,screen,18,0.017572369531911956,0.0424234528469736,1.1938112980382125,0.9585312168702875,0.19592730745225656,0.5969420047370413,8.64175292664837,0.6692659225465583,12.912285887448867,0.5969420047370413,0.1814772358727165,4.854121942344979,0.5550832098879857,0.00311138161579092,0.001727075694479691,7336.909970822085,1710.221031686264,6.20446243147315,0.0707983780528205,0.022833333333333334,49.599999999999994,elec 100u/63V,IRLML6344 SOT-23,False,0.0,pivot 0.56 < 1.5
LNG40,0.003295991717503271,0.005433220097566299,potcore,0.0010903950269979517,0.0004631970090358464,0.00018017356087580524,8,0.01437555689220563,0.00027926673663216663,52.04290271395415,5.889534136468457e-05,screen,18,0.011909101262835186,0.02875111378441126,1.2099590995245437,0.9078098178303102,0.38348737914170317,0.7979523593343253,3.6519525990689243,0.265257464560944,13.767577116495708,0.7979523593343253,0.0565584631327566,6.582009801942761,0.7685428762436973,0.0006571694799243327,0.0005050629222806214,7888.040322467971,798.6833543422459,5.269471048581452,0.014718294831814112,0.01983333333333333,49.3,elec 220u/63V,IRLML6344 SOT-23,False,0.0,pivot 0.77 < 1.5; electronics do not fit
LNGT36J,0.0022112171479522227,0.0105290272172168,potcore,0.0011864263439485716,0.0010370408409278212,0.00025984154287921643,16,0.021020777575446663,0.00036233960662716087,145.4375235811907,6.11230541311963e-05,screen,42,0.008362585263386646,0.04204155515089333,0.6974730663797691,0.668188090790398,0.05409332281202537,0.1650010957518308,0.47783400466599024,0.20688550827713584,2.3096543041859765,0.1650010957518308,0.160177865717757,0.30409238354438506,0.41351792140261673,0.0006471134084618863,0.0002675929915789217,36990.34279544218,4674.888084444259,18.38058516463829,0.4336536520201504,0.025433333333333332,203.7,elec 220u/63V,BSC0902NS PG-TDSON,False,0.0,hold 0.3 < 3.0; pivot 0.41 < 1.5; electronics do not fit
LNGT36J,0.003644855664183774,0.003249991608288153,potcore,0.0005302988684039858,0.0007620401347551557,0.00014022024630921197,8,0.020869714879911027,0.00019742377685776145,88.71875889604661,6.969009933719429e-05,screen,18,0.01728903789223747,0.041739429759822054,0.6909612303002589,0.5152479694479681,0.12680212748038078,0.565693538849361,2.180952196351141,0.44009836585085876,4.955601669037384,0.565693538849361,0.06109746499214704,3.638764490458447,0.7775681977227821,0.001030611099202583,0.0008013704149600479,12324.591751826661,1442.9962740799401,10.387430359226096,0.06767524603047687,0.03863333333333334,94.7,elec 220u/63V,BSC0902NS PG-TDSON,False,0.0,pivot 0.78 < 1.5
LNGT44,0.010031774384144017,0.013548768567502275,none,0.0005482837136754249,0.0,0.00023123602152971582,8,0.021497106842636147,0.00031326956061673237,89.41878093978198,0.00021493308149827872,screen,18,0.01780878641200671,0.042994213685272294,nan,nan,nan,nan,0.0,0.0,inf,nan,0.20019328740914372,0.0,0.0,nan,0.0,12342.63298185495,4958.849295705832,35.92541879337906,2.496602802778037,0.029633333333333338,86.1,elec 100u/63V,BSC160N10 PG-TDSON,False,0.0,open-circuit demag margin 0.81 > 0.8 [prescreen]
LNG40,0.0019320828057721702,0.002866164630128545,potcore,0.0003,9.127464945053249e-05,0.00013454341393477352,16,0.01954937783603218,0.00019933215968245097,41.67691777267321,5.2502493384005885e-05,screen,42,0.007777226052329153,0.03909875567206436,1.1603971491783227,0.9559679488683039,0.5908080095643128,0.7977703071311443,0.6535357065254863,0.05502283589529746,11.87753586109401,0.7977703071311443,0.04358175927253081,1.5286059853481422,0.3597282984215437,0.0001637445360651426,5.8903543334538834e-05,8472.55965107213,421.3262006288961,2.072523315532078,0.004735851474248333,0.028433333333333335,204.0,elec 100u/63V,BSC0902NS PG-TDSON,False,0.0,hold 1.5 < 3.0; pivot 0.36 < 1.5; electronics do not fit
LNGT44,0.004668468900630295,0.010701426680992394,potcore,0.001181113740951592,0.0011600909991965622,0.00019090864994974837,8,0.020905048911331096,0.00036646645795873395,90.74328439401732,7.738866269873994e-05,screen,18,0.01731830956229249,0.04181009782266219,0.8716531886102341,0.7585650924172478,0.07573734195198206,0.36100946331643097,5.070260821244145,1.2049193831471534,4.207966850031931,0.36100946331643097,0.12954200608268424,3.9897958567843825,1.3088791981600616,0.0021888546053203985,0.002864946260700721,15861.869932350859,3916.7221652432163,22.40695673642691,0.34969192407294253,0.017633333333333334,85.1,elec 100u/63V,BSC160N10 PG-TDSON,False,0.0,pivot 1.31 < 1.5
LNG40,0.005814512475432359,0.009502848254339877,potcore,0.0011085083004854165,0.00030785158267624947,0.0001801490994545371,8,0.01936959301924614,0.00036173317529860114,41.85360790726286,5.2605728238232455e-05,screen,18,0.016046296252437954,0.03873918603849228,1.2254431636433434,0.9976904635996976,0.2834195721496424,0.6284910231189099,14.377148748076355,0.7614453309873481,18.88139327012991,0.6284910231189099,0.1243267230679776,11.787976780962104,0.8037330770552154,0.00194643583184551,0.0015644148604197195,4957.956894098405,1396.9186933879619,11.792375069049012,0.06583822508964202,0.017633333333333334,93.1,elec 100u/63V,BSC0902NS PG-TDSON,False,0.0,pivot 0.80 < 1.5
LNG40,0.005847091728462171,0.009591661190831274,potcore,0.0011188683393554715,0.00032161012267132644,0.0001801490994545371,8,0.019550619842851037,0.00041076421169963985,36.24276870601054,5.2605728238232455e-05,screen,18,0.016196263783418895,0.039101239685702074,1.226068133310322,0.995766721970008,0.2812368222731682,0.6309471697367579,14.561212716110209,0.7766228218546424,18.749401004385597,0.6309471697367579,0.12695804858052884,11.691447947732884,0.8149319316834717,0.002006207629857965,0.0016349226591582707,4285.079153927745,1409.9741950521973,11.92541999740662,0.06733221678273166,0.017633333333333334,93.1,elec 100u/63V,BSC0902NS PG-TDSON,False,0.0,pivot 0.81 < 1.5
LNGT60,0.003039909667444017,0.003011746849203223,potcore,0.00040475240143023056,0.00010130038079748629,0.00011235791874459052,12,0.021207964486339964,0.00020991400017096406,20.567827916514883,6.113600954873811e-05,screen,30,0.011365313914445447,0.04241592897267993,0.8980558702304329,0.7687172165696324,0.23617005402607183,0.6034851406391395,2.361726499221536,0.30271133141557116,7.801909787048201,0.6034851406391395,0.0622713982448093,3.866090158011489,0.9125272563745005,0.00045702311636881175,0.00041704605047975586,3174.0278323324105,1011.9469413322829,6.557456849605284,0.03943294655526101,0.04103333333333334,149.89999999999998,elec 220u/63V,BSC0902NS PG-TDSON,False,0.0,pivot 0.91 < 1.5; electronics do not fit
LNGT60,0.002399901336471686,0.0064200096440360874,potcore,0.0008377897730971729,0.0003496895599364221,0.0001163099619075121,12,0.021243764099602585,0.00032512555301490107,21.04575349747343,6.188287167545503e-05,screen,30,0.011384498869371578,0.04248752819920517,0.8999742634466719,0.8316052274488528,0.08092628876884235,0.3387772383103996,1.3006615306373102,0.36357195888318283,3.5774528229093105,0.3387772383103996,0.07001475305043982,1.8936762250674581,0.7609180641566573,0.000514720652272157,0.00039166024230838164,4568.188717297327,2157.1232403961253,9.93791780299018,0.09167533775762002,0.026033333333333332,148.8,elec 100u/63V,BSC0902NS PG-TDSON,False,0.0,hold 1.9 < 3.0; pivot 0.76 < 1.5
LNGT60,0.0032188056046019414,0.004789259184623156,none,0.0005096794881934637,0.0,0.00011844781061185307,12,0.014289435505184083,0.0002786551514463492,23.227427362982226,5.7138750465743484e-05,screen,30,0.007657685407821374,0.028578871010368167,nan,nan,nan,nan,0.0,0.0,inf,nan,0.04939865273718913,0.0,0.0,nan,0.0,3811.871291965081,1609.1910860333803,9.80551708101618,0.08240679030889811,0.03203333333333334,149.3,elec 100u/63V,BSC0902NS PG-TDSON,False,0.0,open-circuit demag margin 0.91 > 0.8 [prescreen]
LNGT18,0.004102954215684473,0.008120999532060446,potcore,0.0016833479828371812,0.0011730301924489802,0.00022673759710037486,8,0.02126734490227198,0.00032910394198179386,82.54635889939001,6.12952187012237e-05,screen,18,0.017618445388374718,0.04253468980454396,0.5703768742540047,0.4830939484092593,0.08767950278001091,0.35117542693951537,1.4522802303839517,0.33089871058341164,4.38889661378075,0.35117542693951537,0.13134888373372264,1.1270807485839962,0.33487802479468165,0.002257848349887111,0.000756103795696127,11642.74958905241,2241.395870848683,15.891355094045677,0.1393127844674582,0.017633333333333334,93.1,elec 100u/63V,BSC0902NS PG-TDSON,False,0.0,hold 1.1 < 3.0; pivot 0.33 < 1.5
LNGT72,0.002350282787540656,0.0064186674731297735,potcore,0.0003,0.00011980186673817923,0.0001839010675488584,16,0.014474270384107436,0.00028957230503745275,42.03274161456631,5.627230293247117e-05,screen,42,0.005758222776392164,0.028948540768214872,1.049512680900485,0.9952842422241035,0.16271193790200109,0.35034363867995133,1.1104454825608794,0.31109890479886404,3.569429096122405,0.35034363867995133,0.07543480525300085,1.5005706952050066,1.4543472598696754,0.000209844491726205,0.000305186761540751,10447.737284411816,2195.1842758103826,8.831540356509956,0.09216942949151093,0.05243333333333334,205.8,elec 220u/63V,BSC0902NS PG-TDSON,False,0.0,hold 1.5 < 3.0; pivot 1.45 < 1.5; electronics do not fit
LNGT36J,0.002123055894488271,0.009505554325599606,potcore,0.0010642001911537204,0.0009019327182037897,0.0002590805812931395,16,0.01928183294957493,0.00038402904852346805,161.26906915385584,5.866218148199777e-05,screen,42,0.007670790078838087,0.03856366589914986,0.6971194091553833,0.6669735512362097,0.05550388546639963,0.16687671345925462,0.4221939173898719,0.18422131145605042,2.291775658597428,0.16687671345925462,0.12762055713915227,0.3372269917844444,0.4811641903892406,0.0004729313147168375,0.00022755761315544626,40800.77679366359,4220.466120566225,16.68180598867429,0.34281801495524233,0.025433333333333332,203.7,elec 220u/63V,BSC0902NS PG-TDSON,False,0.0,hold 0.3 < 3.0; pivot 0.48 < 1.5; electronics do not fit
LNGT44,0.0025240980524835616,0.0023885018544139843,potcore,0.00036195261546573206,0.0005531183792490531,0.00013529418506635715,8,0.015606387670915114,0.00019979657177949525,89.69359173231541,6.29865023279479e-05,screen,18,0.012928754865890598,0.03121277534183023,0.8416879194604169,0.581563869809671,0.22439763322574993,0.7067889754599994,1.3142870978293084,0.24052044158224653,5.464346768962192,0.7067889754599994,0.057456100434070664,2.331766669684531,0.4004209284037441,0.0007247590482801918,0.0002902086909813684,15075.826722776546,874.1916787155183,5.201001110475508,0.015334297858134546,0.04763333333333334,95.4,elec 220u/63V,BSC0902NS PG-TDSON,False,0.0,hold 2.3 < 3.0; pivot 0.40 < 1.5; electronics do not fit
LNGT36J,0.0050859967567525146,0.005654913093051724,potcore,0.001500219457436537,0.002063841193369485,0.00015488662610256928,8,0.020923284622859764,0.0005130322562566661,103.7590514109859,7.782249883170476e-05,screen,18,0.017333416520361886,0.04184656924571953,0.6969422289680697,0.5189884588265373,0.0759160950624682,0.5598196549899302,4.197190326729593,0.9740689451952715,4.308925304962044,0.5598196549899302,0.12437695470267333,3.439931042674,1.2255852596510197,0.0021034146301852365,0.0025779139656893265,12987.15027524106,2510.7814133149654,20.059542873123473,0.2818316380313942,0.020633333333333333,85.30000000000001,elec 220u/63V,BSC160N10 PG-TDSON,False,0.0,pivot 1.23 < 1.5
LNGT72,0.00599967080024315,0.00388354349567969,potcore,0.00037334279807217267,0.0002672312132855293,0.00010511481267968412,8,0.01571731463363024,0.00015233289142442086,33.395649123668306,5.230794352912335e-05,screen,18,0.013020649770669518,0.03143462926726048,0.9263844039429525,0.5614079495337443,0.7677747046853142,0.9533057295235978,12.757030931899378,1.122218220362075,11.367691862803138,0.9533057295235978,0.04890830731945414,26.588752945418165,3.3920027715923324,0.0006213210790639717,0.002107522822233731,1809.5189776177351,1328.171875522454,24.512128626175954,0.2828604379428311,0.020633333333333333,85.30000000000001,elec 220u/63V,BSC160N10 PG-TDSON,False,0.0,demag margin 0.95 > 0.8; electronics do not fit
LNGT18,0.006101741319473559,0.012217710837853498,potcore,0.0013728981194487894,0.00124014012846374,0.0002449742135778617,8,0.022919276161851257,0.0004387890434618115,64.4078679688974,9.083910082653788e-05,screen,18,0.01898695005202633,0.045838552323702514,0.5725458544180212,0.4946098326838635,0.07048768587741758,0.3117825352478977,3.640628228397852,0.7354401774939616,4.9502710618876185,0.3117825352478977,0.20550994368439837,1.805820107632135,0.5112071799839139,0.0038070523268253498,0.0019461924840475848,10318.98642228461,3372.0881912475656,21.047513981830193,0.3621737330200747,0.017633333333333334,85.1,elec 100u/63V,BSC160N10 PG-TDSON,False,0.0,hold 1.8 < 3.0; pivot 0.51 < 1.5
LNG40,0.008711352058458946,0.010702942736276278,none,0.00037934103876248964,0.0,0.00010407968607189534,8,0.01951726616787179,0.00017734529727658362,33.33300659026704,6.34134952485971e-05,screen,18,0.01616863269435612,0.03903453233574358,nan,nan,nan,nan,0.0,0.0,inf,nan,0.12334940017439526,0.0,0.0,nan,0.0,1716.1196819388215,1573.3325822326128,30.55958502439175,0.5329900554393094,0.017633333333333334,85.1,elec 100u/63V,BSC160N10 PG-TDSON,False,0.0,open-circuit demag margin 0.99 > 0.8 [prescreen]
LNGT18,0.0027336663721487086,0.012096533735956884,potcore,0.0010860384619439957,0.0006861865147349603,0.0001800554197461657,12,0.020967574176861334,0.0003442523501367288,42.9580345363562,0.00019651552141148666,screen,30,0.011236489135859314,0.04193514835372267,0.5757619080720213,0.5409996822560356,0.047886499830581075,0.17083245430752578,0.5806229810813378,0.17382408909783012,3.340290658762243,0.17083245430752578,0.1490865146871189,0.3969966589440372,0.21218521679498434,0.001081775428184724,0.0002295367537528627,18652.83725177309,3338.6433111241,7.688994051036951,0.1742718200352798,0.04103333333333334,149.89999999999998,elec 220u/63V,BSC0902NS PG-TDSON,False,0.0,hold 0.4 < 3.0; pivot 0.21 < 1.5; electronics do not fit
LNGT60,0.002550242633957749,0.004774515203846611,none,0.0005134240657089171,0.0,0.00011649556978306355,16,0.014439649444135737,0.0002792641367513686,26.033911540015836,5.866977937554915e-05,screen,42,0.005744449710130804,0.028879298888271475,nan,nan,nan,nan,0.0,0.0,inf,nan,0.05155046262815276,0.0,0.0,nan,0.0,5139.306887920139,1604.2371084924612,8.126497966072135,0.08136555887242464,0.03443333333333333,204.4,elec 220u/63V,BSC0902NS PG-TDSON,False,0.0,open-circuit demag margin 0.86 > 0.8 [prescreen]
LNGT36J,0.0017170916588623488,0.008859443786883357,potcore,0.0009127492058103243,0.0007925240846352068,0.0002501881984160621,20,0.02097246142065642,0.0003284781572344733,155.9113998061311,3.5107892172982466e-05,screen,54,0.006643423128677192,0.04194492284131284,0.6971097645206823,0.672915836002527,0.056507171971488024,0.15109969532123416,0.25236704231129103,0.11364139590419248,2.220731629555605,0.15109969532123416,0.11703772444582093,0.2198050981825312,0.4591825324286297,0.0003001517958996909,0.00013782446175422127,35434.790872197955,3933.5930413762103,17.30762288284898,0.28395097712259865,0.02783333333333333,258.9,elec 220u/63V,BSC0902NS PG-TDSON,False,0.0,hold 0.2 < 3.0; pivot 0.46 < 1.5; electronics do not fit
LNGT72,0.0029232777062956667,0.010192770381559503,potcore,0.0004935993451838423,0.00014036075103898956,0.00018199594361214608,16,0.01958297380187775,0.00035677672428750145,42.88407796271211,5.134620923991835e-05,screen,42,0.007790591358530649,0.0391659476037555,1.0501882921802952,1.022104644425954,0.08020122945308415,0.24577636071830217,1.9969557642915639,0.6519042698804435,3.063265354371428,0.24577636071830217,0.09305684916465601,2.1875152721401787,1.9802596747134968,0.00035023222697418914,0.0006935507558620914,9804.530666174689,3485.92747049335,15.247112840672221,0.2506703167796619,0.030433333333333337,204.1,elec 470u/63V,BSC0902NS PG-TDSON,False,0.0,hold 2.2 < 3.0; electronics do not fit
LNG40,0.007591121068509479,0.012308916432745728,potcore,0.0015721656068548174,0.0004256918627647102,0.0002443269111172307,8,0.023434244367178704,0.00043410070105582134,65.09094679434246,9.192687420197807e-05,screen,18,0.019413563681701454,0.04686848873435741,1.2250575713662437,0.9916522947706206,0.27239423358607023,0.6218895746253738,23.7832852977513,1.2925391573045582,18.400436971943353,0.6218895746253738,0.2637798396837446,9.190967665502306,0.7068984336838016,0.004996290280296718,0.0035318697733713517,8788.021838218028,1809.410715613622,13.401907595054542,0.14859980544724108,0.017633333333333334,93.1,elec 100u/63V,BSC0902NS PG-TDSON,False,0.0,pivot 0.71 < 1.5
LNG60,0.0022488568298051734,0.002861410989970576,potcore,0.00031294735765690995,7.565135645049984e-05,0.00011301667185974808,16,0.021173634981687315,0.00021905187434450554,21.872555695707778,6.1668634779535e-05,screen,42,0.008423395720480332,0.04234726996337463,1.2716167133306417,1.0071995658424173,0.6904718223189734,0.9167702520434472,1.4509701210855732,0.09503889400776173,15.26711917509345,0.9167702520434472,0.052729109630739984,2.805039775782426,0.4530842820735088,0.00021457295347289542,9.721963257665923e-05,4275.989547502037,515.0539781947036,2.6346057910596774,0.008989073118402554,0.03443333333333333,204.4,elec 220u/63V,BSC0902NS PG-TDSON,False,0.0,demag margin 0.92 > 0.8; hold 2.8 < 3.0; pivot 0.45 < 1.5; electronics do not fit
LNGT72,0.005191586016427469,0.013413014695111122,potcore,0.0008834338601581478,0.0002507400350560703,0.00024932480670616404,12,0.02350412373954616,0.00043346660664880413,63.69589978660599,9.080248999322521e-05,screen,30,0.012595821949625146,0.04700824747909232,1.0500958802579488,0.9878189472209055,0.09284812500339759,0.3057367135502727,7.635968836584029,1.9204497474423001,3.9761357186012236,0.3057367135502727,0.19908024805398222,3.9099118545549696,2.1136593737092255,0.0016192831638985729,0.0034226130380637506,12779.258597948481,4587.251025728004,22.864321853357207,0.7120420908903531,0.023033333333333333,135.7,elec 220u/63V,BSC160N10 PG-TDSON,True,0.13976060996614964,
LNGT44,0.006169583119664323,0.010828417867085723,potcore,0.0007558317269102405,0.0008649394955133992,9.9221829632578e-05,8,0.020037782569277525,0.00017985249842834258,42.94223651468313,0.0001875329500306114,screen,18,0.016599842600155904,0.04007556513855505,0.872193438759784,0.7368759090771634,0.08265724480706123,0.41643485235730815,13.538838999885462,1.9745793788418635,6.856568616565976,0.41643485235730815,0.13193103520723212,10.460813182848604,2.136440327316474,0.0021367402857205933,0.0045650181154152005,2984.71276733168,3963.2009393533745,57.02013069923473,5.487524999634731,0.026133333333333335,93.8,elec 100u/160V,BSC160N10 PG-TDSON,False,0.0,electronics do not fit
LNGT72,0.004567112426917477,0.010489866686840536,potcore,0.0026332887644600306,0.002636563953647244,0.00021908782528350784,8,0.020909474175005972,0.0005878173307884422,122.7412381255876,0.0002073721077132748,screen,18,0.017321975570754912,0.041818948350011945,1.0498494889769083,0.8957596998038184,0.1046000858156221,0.5672618639542152,6.308152983517783,1.714279498089236,3.679769250317089,0.5672618639542152,0.3280996728192451,1.9598706648520443,0.9636413194084995,0.005545031492552395,0.005343421463644872,28953.1032057837,3587.534406899463,15.208677694797954,0.4316937528801976,0.020633333333333333,93.30000000000001,elec 220u/63V,BSC0902NS PG-TDSON,False,0.0,hold 2.0 < 3.0; pivot 0.96 < 1.5; electronics do not fit
LNGT36J,0.0026901856289304237,0.0022789887610258778,potcore,0.0003974052889754322,0.0005684136802275908,0.00013500754531629457,8,0.014961094814628586,0.00018254127769266708,89.14611533523725,6.314254433145004e-05,screen,18,0.012394176760337893,0.029922189629257172,0.6861422889254188,0.5040300762890408,0.15903757501939755,0.586261436662468,1.0396357022445513,0.23693748558849553,4.387805921305981,0.586261436662468,0.06350285537495413,1.6688562298340874,0.36900088004537723,0.0007679125000817265,0.0002833603883280029,13987.25374104865,1011.8710098954897,6.449040778305316,0.023634957918041058,0.053633333333333345,95.9,elec 470u/63V,BSC0902NS PG-TDSON,False,0.0,hold 1.7 < 3.0; pivot 0.37 < 1.5; electronics do not fit
LNGT44,0.005118701000373788,0.00583543027360103,potcore,0.001483189637224365,0.0021390330825925966,0.00015517326585263186,8,0.021568577479146294,0.0005302875503434942,104.30652780806406,7.766645682820261e-05,screen,18,0.017867994625914593,0.04313715495829259,0.8676396533723825,0.574363294615799,0.1127078983946407,0.7164619617822487,6.607637609011733,1.1514245857391787,5.738662949228095,0.7164619617822487,0.12776774154533435,5.271764374067955,1.4315610242132986,0.0022273980201042757,0.00318865619099115,13152.439348836288,2135.7674801379767,16.937883851810472,0.2005369028461994,0.020633333333333333,93.30000000000001,elec 220u/63V,BSC0902NS PG-TDSON,False,0.0,pivot 1.43 < 1.5
LNG40,0.0047845742032501465,0.009836395612044475,potcore,0.0015935932640452116,0.000692880419148058,0.00010305437367821881,8,0.020936526550660688,0.00016089746842767752,33.72262195974972,6.105564778509307e-05,screen,18,0.017344386492536102,0.041873053101321375,1.2477489717227435,0.9648256474955691,0.18694354730690818,0.682001017241607,12.257935207337612,0.6744972737582385,18.173439217978586,0.682001017241607,0.14889587258458725,8.392003471669094,0.7112520594474369,0.0025196626581065118,0.0017921152546910594,2036.828976590587,1445.9501549705378,23.939776490382396,0.3149260133974394,0.017633333333333334,85.1,elec 100u/63V,BSC160N10 PG-TDSON,False,0.0,pivot 0.71 < 1.5
LNGT18,0.009200730910067201,0.01253088765475694,none,0.0005137801098688558,0.0,0.00018030852972482903,8,0.01991994803443923,0.00036753703069019423,41.986687147681074,0.00020748812655240514,screen,18,0.016502225275264012,0.03983989606887846,0.42262168850946247,0.26901955813604744,0.5374966285026843,0.7844289730590805,4.682453303781748,0.9457226557627882,4.9511907907134125,0.7844289730590805,0.17363351155644768,2.7489756893112856,1.573012358236711,0.002795611754790499,0.004397531839117273,8147.264759740653,3458.5249927129157,17.823405909064334,0.593221871188379,0.03863333333333334,94.7,elec 220u/63V,BSC0902NS PG-TDSON,False,0.0,hold 2.7 < 3.0; electronics do not fit
LNGT60,0.0029739932302800987,0.0033760802718970162,potcore,0.0004266756584606481,0.00012909743985825233,0.00011348925187812034,12,0.021460644754065963,0.0002057278570223055,21.033878584049052,6.110814172387643e-05,screen,30,0.01150072486180637,0.04292128950813193,0.8988691597984886,0.7788289085305149,0.18996541718607296,0.5372119748191496,2.2725004775940083,0.32478498476116974,6.99693823365969,0.5372119748191496,0.06391468614742625,3.624384923002892,0.7739390414578391,0.00047467240917001556,0.00036736750935952505,3409.0653560822457,1134.3629713573976,6.999001344225615,0.044901669621503826,0.04103333333333334,149.89999999999998,elec 220u/63V,BSC0902NS PG-TDSON,False,0.0,pivot 0.77 < 1.5; electronics do not fit
LNGT72,0.0038021373878089812,0.006890285819170064,potcore,0.0012667835910331437,0.0005368929347747167,0.00017682145497264058,8,0.021276372796786933,0.00033190783341934405,64.54558401898886,6.990327413072918e-05,screen,18,0.017625924341070253,0.04255274559357387,1.049334411794104,0.9132488183826792,0.12679801407503644,0.4877014918714232,4.679797728532616,0.9336570587497505,5.012330474745491,0.4877014918714232,0.08209981141294989,5.810532242005723,1.2489719171830846,0.0014118704837628446,0.0017633865849194894,10262.787959854799,2356.4777501561616,14.820556870760326,0.1381875991721781,0.017633333333333334,93.1,elec 100u/63V,BSC0902NS PG-TDSON,False,0.0,pivot 1.25 < 1.5
LNG40,0.004061288670885926,0.005802668287340032,potcore,0.0007853695149924708,0.00022553381475711237,0.0001740338460241864,8,0.01938413556601636,0.0003308014726790423,43.698248911697796,5.0800934699337184e-05,screen,18,0.016058343692645295,0.03876827113203272,1.200472130627224,0.9618477312910885,0.3721286298704413,0.703698935246469,5.286684124034355,0.3242857432558448,16.30254870582896,0.703698935246469,0.05901276143537322,9.132052877982657,0.5824834773888873,0.0009245863641545676,0.0005385562805391006,5779.746084178454,852.9922382389848,6.449118456665148,0.019015813995300158,0.020633333333333333,93.30000000000001,elec 220u/63V,BSC0902NS PG-TDSON,False,0.0,pivot 0.58 < 1.5
LNGT72,0.004732940304800718,0.01011427325860145,potcore,0.0016090493061137292,0.00075350184569608,0.00018025823699003917,8,0.021440414050774955,0.00036184311287298715,64.2877829660809,7.864369289953197e-05,screen,18,0.01776182056545131,0.04288082810154991,1.0498058812653446,0.926648423632829,0.10025774753614926,0.4463308051657375,7.680956915641333,1.6632954683199108,4.6179148936176935,0.4463308051657375,0.15364701535044525,5.095915211035702,1.4743544459349984,0.0026626397099704492,0.003925674694318006,10304.438298058676,3459.0814544416958,21.58066954964816,0.32963721595251827,0.017633333333333334,85.1,elec 100u/63V,BSC160N10 PG-TDSON,False,0.0,pivot 1.47 < 1.5
LNGT18,0.009813648793795432,0.012507570346987332,none,0.0004141686677596149,0.0,0.0001042717449940865,8,0.021133204092733747,0.00016196182044239487,33.88404108068684,0.00010122615326307946,screen,18,0.017507319503217836,0.042266408185467494,0.4167036130584088,0.25859411885178574,0.5491505520735385,0.7975467682527131,5.346161438327977,1.0226787617593323,5.227605811555998,0.7975467682527131,0.21288942806031216,2.559876222657684,1.3511797157436638,0.003636424295746955,0.004913462746250723,1293.207626791687,3452.089415768504,90.45008485473937,7.4533789078738035,0.06106105096366124,189.8,elec 100u/160V,IPB65R110 D2PAK,False,0.0,hold 2.6 < 3.0; pivot 1.35 < 1.5; electronics do not fit
LNG40,0.01145127338990101,0.014632570552405046,none,0.0005066159082154334,0.0,0.00019374211473746603,8,0.023235260776327045,0.00043839405746016883,64.52622327098632,0.00020394816976515643,screen,18,0.01924872027766054,0.04647052155265409,nan,nan,nan,nan,0.0,0.0,inf,nan,0.2634079299985003,0.0,0.0,nan,0.0,10973.737926053738,2150.987871203542,12.64793496671151,0.2936307737163012,0.029633333333333338,94.1,elec 100u/63V,BSC0902NS PG-TDSON,False,0.0,open-circuit demag margin 0.99 > 0.8 [prescreen]
LNGT36J,0.0061663739946138125,0.003994428097432765,none,0.0003,0.0,9.814798734985515e-05,8,0.020869986688085367,0.0001585335625296327,37.10728811844932,6.0551769661989154e-05,screen,18,0.017289263065501822,0.04173997337617073,0.4641517597650107,0.2870860869921275,0.6614371747244503,0.8412185126107449,1.916824860594532,0.48930766043466084,3.9174225453404548,0.8412185126107449,0.05253623378943919,3.719242450256702,1.584105883935964,0.0008862091224287505,0.0014038490852371108,2146.2067787431997,1773.5260752601478,30.66374764634708,0.5124126160435475,0.023633333333333333,85.6,elec 100u/63V,BSC160N10 PG-TDSON,False,0.0,demag margin 0.84 > 0.8
LNGT36J,0.003970857168756502,0.009701067892487862,potcore,0.0015871127864105555,0.00113133571687329,0.00013969935471673842,8,0.02090846973043451,0.00019921842653437423,87.6057544293485,6.981921428273932e-05,screen,18,0.01732114346162661,0.04181693946086902,0.6986533140308598,0.6318940059973356,0.04265863091791134,0.26427813564065156,2.3886483520942474,0.7310430032622209,3.267452586831548,0.26427813564065156,0.13654161131267123,1.7832744542046814,0.6383082373000087,0.0023075035630076533,0.0014728985318669047,9309.067457612413,4307.274144264611,40.5348873730375,1.0324651655981043,0.017633333333333334,85.1,elec 100u/63V,BSC160N10 PG-TDSON,False,0.0,hold 1.8 < 3.0; pivot 0.64 < 1.5
LNGT60,0.004085226551776498,0.005710074306750905,potcore,0.0007810694257279286,0.00021472534835301934,0.00011539049065609983,8,0.019378715925583476,0.00032842033219042914,22.109726542734943,5.118897712168987e-05,screen,18,0.01605385391550432,0.03875743185116695,0.8999252800544838,0.7928126055799273,0.10115655532672699,0.44451518093738207,4.86567675890112,0.8127915911738992,5.986376842154232,0.44451518093738207,0.0585928525495303,8.46505150520779,1.2790847999713855,0.0009177507466494079,0.0011738810302016477,2908.2665429173026,1918.584967068304,14.58579822203337,0.09801202529301276,0.020633333333333333,93.30000000000001,elec 220u/63V,BSC0902NS PG-TDSON,False,0.0,pivot 1.28 < 1.5
LNG40,0.0023408113960326155,0.006380124696668862,potcore,0.0008254496029467395,0.00039520713782367973,0.00017114351272911672,12,0.021213224654729773,0.000330696413486257,42.636949488399424,6.082706923274417e-05,screen,30,0.01136813283018965,0.042426449309459546,1.222971034567368,1.034588801253531,0.2682150697322816,0.5470528220291236,1.5869533319527436,0.16763438043210055,9.466753346551908,0.5470528220291236,0.06896744673266439,2.3455840512917208,0.3960072840612293,0.0005062923925581816,0.00020049547531782725,9339.482891449188,937.8783304103227,4.281636517218827,0.016726602738820217,0.026033333333333332,148.8,elec 100u/63V,BSC0902NS PG-TDSON,False,0.0,hold 2.3 < 3.0; pivot 0.40 < 1.5
LNGT44,0.004380371849200872,0.005787482990164419,potcore,0.0007745384268515326,0.00025781607574072073,0.00015205576887172384,8,0.019341101130147028,0.00032402846633567875,44.905158841948364,5.11867175634908e-05,screen,18,0.01602269279867299,0.038682202260294056,0.86393875433291,0.7380340556711116,0.10976238205145172,0.4049160055801202,4.519392894056685,0.750248512518195,6.023861185525617,0.4049160055801202,0.061661715041067544,7.471288230801081,1.2225151911621104,0.0009639442208220498,0.0011784364533878797,5648.578122460031,2118.2187744001776,16.839450294264775,0.13063381517058834,0.020633333333333333,93.30000000000001,elec 220u/63V,BSC0902NS PG-TDSON,False,0.0,pivot 1.22 < 1.5
LNG40,0.004968195752218522,0.005752982316496191,potcore,0.0015929675098811788,0.002101998998089433,0.0001742817473620602,8,0.021611611915015625,0.0005370605566868579,103.09961787781349,7.7280673964049e-05,screen,18,0.017903645519886897,0.04322322383003125,1.2336088223387314,0.37023671016552123,0.4280000852619866,0.983459071432735,11.520788477675872,0.3296432980363751,34.949257413401405,0.983459071432735,0.13144132569023437,8.93472654303322,0.47375108238074637,0.002296012240970767,0.0010877382843193439,12973.548900418373,845.68840052494,6.720609110665847,0.031414538429810665,0.020633333333333333,93.30000000000001,elec 220u/63V,BSC0902NS PG-TDSON,False,0.0,demag margin 0.98 > 0.8; pivot 0.47 < 1.5
LNG40,0.004373836599911477,0.0064806965920078735,potcore,0.0007903495919982077,0.00021997045501714194,0.00017646516150616765,8,0.018386803135582594,0.00033086973767119785,43.53157051200364,5.337148990422315e-05,screen,18,0.01523212645488492,0.03677360627116519,1.2038347629829973,0.977195426619971,0.3689572103341966,0.6867894139390717,6.293549217877507,0.3839017754016316,16.39364447141017,0.6867894139390717,0.06466625475885766,9.920850761698182,0.6823048746946749,0.0009610346432114105,0.0006557186218136031,5816.497764084216,952.6623990251574,7.129873005947524,0.02441829999297267,0.020633333333333333,93.30000000000001,elec 220u/63V,BSC0902NS PG-TDSON,False,0.0,pivot 0.68 < 1.5
LNGT72,0.0047473248474747725,0.009685593738205397,potcore,0.001661723631588477,0.0006972194442187817,0.00018050539292101004,8,0.021179341582189908,0.0003627712710467474,62.86762141424808,6.913751246473849e-05,screen,18,0.01754554105095101,0.042358683164379816,1.0497886621198798,0.9246877042660177,0.0997147936072434,0.4504192132480477,7.645385484274651,1.5656810737058542,4.8831052585815415,0.4504192132480477,0.1521066188398939,5.123683181853987,1.4370253784201692,0.0026038482814844492,0.003741796062048898,9204.545225522126,3312.4730584662457,22.62439882495548,0.31850067358754597,0.017633333333333334,85.1,elec 100u/63V,BSC160N10 PG-TDSON,False,0.0,pivot 1.44 < 1.5
LNG40,0.004729370375096926,0.006969201753890446,none,0.0005129376983447658,0.0,0.00010347881308512572,12,0.020761425711563017,0.00015271128042663768,20.759505964548325,5.2023463122648805e-05,screen,30,0.011126014506264114,0.041522851423126034,nan,nan,nan,nan,0.0,0.0,inf,nan,0.06389236017223743,0.0,0.0,nan,0.0,1374.2553570286482,1024.4726578218956,15.475687354462297,0.18689187146935154,0.018753333333333334,77.9,elec 100u/63V,IRLML6344 SOT-23,False,0.0,open-circuit demag margin 0.99 > 0.8 [prescreen]
LNGT18,0.004189477094413486,0.011660834713018337,potcore,0.0016667635993754953,0.0011050335815138142,0.0001130073506394284,8,0.021210529265633965,0.0003418591694177486,33.60823871221895,0.00019565574528299318,screen,18,0.017571377773874065,0.04242105853126793,0.5771154174909795,0.5114919110015704,0.04136621532137005,0.2598224618023304,1.8587752049383828,0.41475348190220923,4.481638578206429,0.2598224618023304,0.1767205766247187,1.0721875087433315,0.3050449850616041,0.003029658888988386,0.0009241822505332184,9661.23636173708,3218.390380793061,11.195713274874748,0.22071845611735982,0.025633333333333334,93.7,elec 470u/63V,BSC0902NS PG-TDSON,False,0.0,hold 1.1 < 3.0; pivot 0.31 < 1.5; electronics do not fit
LNGT72,0.005307489539570339,0.01068128495451513,potcore,0.0008632295047583563,0.0008490209995174864,0.00017982770265336792,8,0.0200141121239024,0.00035779886919242517,21.696250398237872,0.00018705158783354346,screen,18,0.016580233361152327,0.0400282242478048,1.0496433149414588,0.9187489863161749,0.11962919324928416,0.475510571295941,10.81048023831712,1.957895663971081,5.52147922754519,0.475510571295941,0.12495155929218436,8.819303731652807,2.50164651557612,0.002021310895018447,0.0050566053574189465,5615.284323181889,3652.9994544441743,14.11440388531149,0.33537369049540805,0.02963333333333333,94.0,elec 220u/63V,BSC0902NS PG-TDSON,False,0.0,electronics do not fit
LNG37,0.005117927806420564,0.01066759235163032,potcore,0.0027057709170377853,0.0027597547054071287,0.0002199918373935098,8,0.021297744761109818,0.0006,129.6772716102915,0.00020379856042045187,screen,18,0.017643629456024438,0.042595489522219636,1.1919361829169783,0.7296321870677837,0.2661664636781374,0.8807750064519082,10.310086587856198,0.7853856934296157,13.12741838068656,0.8807750064519082,0.37089163923888213,2.833650357387143,0.45682844584517207,0.006384630521524103,0.0029166808384435065,28370.49735522469,1568.136075689657,7.167713884707601,0.0942334179431091,0.020633333333333333,93.30000000000001,elec 220u/63V,BSC0902NS PG-TDSON,False,0.0,demag margin 0.88 > 0.8; hold 2.8 < 3.0; pivot 0.46 < 1.5; electronics do not fit
LNGT72,0.003118333554024989,0.010349634466967727,potcore,0.00035037868459878796,0.00016502717453147783,0.00016536465300310578,16,0.019576970360498075,0.0003619151929606358,41.79783133646096,5.5170530807498855e-05,screen,42,0.007788203041056138,0.03915394072099615,1.0498088611991976,1.0100951822991158,0.1389255111270489,0.35240830066469986,2.4171929362947027,0.7477612878980167,3.2325729820669338,0.35240830066469986,0.09736271774008692,2.5307521878657306,2.7451407338612013,0.00036632561767272387,0.001005615374930259,9832.30142393362,3539.5749877029625,15.046991742811638,0.26231662889052937,0.04043333333333334,205.0,elec 100u/63V,BSC0902NS PG-TDSON,False,0.0,hold 2.5 < 3.0; electronics do not fit
LNGT72,0.004774136574583551,0.010131713753597067,potcore,0.0016196451006750703,0.0007624837949633417,0.00018235595240446694,8,0.02141524117346398,0.0003853744314445679,64.89487817133174,7.960973692626814e-05,screen,18,0.01774096667107899,0.04283048234692796,1.0497986720129326,0.9257907640693117,0.10120150067667168,0.4490567530455624,7.810842124304568,1.6822831598603833,4.643000839973223,0.4490567530455624,0.15591391877274588,5.106742562526699,1.4853011344633724,0.0026987519260048896,0.004008459297330274,10396.960333364023,3465.046103730197,21.62783520852987,0.3351465876473618,0.017633333333333334,85.1,elec 100u/63V,BSC160N10 PG-TDSON,False,0.0,pivot 1.49 < 1.5
LNG40,0.005895506514131067,0.009581468784481108,potcore,0.001044842256514691,0.0002775529106027644,0.0001834788718950498,8,0.019240063149349645,0.0003626332396346108,41.97561280923388,5.538091783904004e-05,screen,18,0.015938990194750854,0.03848012629869929,1.2230526375921398,1.0045376180743715,0.30487700515152416,0.6333755397823283,14.257381251409935,0.7611297956442734,18.731865882797944,0.6333755397823283,0.12173229616530057,11.938917241390074,0.8081282964653922,0.0018930732351775748,0.0015298460486282822,5106.54177895151,1408.4759113187229,11.577627690884489,0.06681005321929775,0.017633333333333334,93.1,elec 100u/63V,BSC0902NS PG-TDSON,False,0.0,pivot 0.81 < 1.5
LNGT72,0.00507051775843924,0.013197591074014501,potcore,0.0009664373270430839,0.0002683374889031928,0.00024599503426565134,12,0.023633653609442654,0.0004325665423127945,63.57389488463498,8.802730039241764e-05,screen,30,0.012665236797694095,0.04726730721888531,1.0501221695249965,0.9864246411179584,0.08940208940292571,0.30520367895465705,7.350759455782353,1.8547804638786412,3.9631425923102217,0.30520367895465705,0.20335140475961555,3.684817871720455,2.012645388506215,0.0016631392201055207,0.0033473094817892,12546.20513624535,4513.57614731296,22.87110822969876,0.690689828431879,0.023033333333333333,135.7,elec 220u/63V,BSC160N10 PG-TDSON,True,0.13518231459646088,
LNGT36J,0.0028081116098533556,0.0024012244605445426,potcore,0.0004067990354289329,0.0006009865242414551,0.0001350066283202399,8,0.015895099053069954,0.00019742913769923664,89.03325494009202,6.538651635932169e-05,screen,18,0.01316793120609063,0.03179019810613991,0.6871553508409437,0.5060579938230538,0.15287183701202717,0.5828944128559015,1.1520761345109385,0.2578314151713306,4.468331113744911,0.5828944128559015,0.058808911894663335,1.9969584504344502,0.4315736104304501,0.0007555470094145077,0.00032607415070294837,13982.7113593608,1066.1436604817768,6.788543215038961,0.02711963769348838,0.04763333333333334,95.4,elec 220u/63V,BSC0902NS PG-TDSON,False,0.0,hold 2.0 < 3.0; pivot 0.43 < 1.5; electronics do not fit
LNGT44,0.004985937554300895,0.005582804623120217,potcore,0.0014649167023481524,0.0020646579563032602,0.00015517418284868652,8,0.020634573240704925,0.0005153996903369247,104.4193882032093,7.542248480033097e-05,screen,18,0.017094240180161854,0.04126914648140985,0.8670833317325102,0.5695621933347884,0.11590459497891499,0.7229500353013066,6.194744978800796,1.085042485802396,5.709218818486856,0.7229500353013066,0.11928687157798545,5.2937298677533615,1.4714505290166549,0.001989496816356382,0.002927446142904549,13034.909375358544,2043.3064920619995,16.36841558838156,0.18186814276087881,0.020633333333333333,93.30000000000001,elec 220u/63V,BSC0902NS PG-TDSON,False,0.0,pivot 1.47 < 1.5
LNGT72,0.007304630154714919,0.005882045678356958,potcore,0.0012569739027297293,0.0003906698361424826,0.00015911245772447433,8,0.020596059781390178,0.00043200794564111715,65.4469062787653,7.763944044815712e-05,screen,18,0.01706233458579771,0.041192119562780356,1.0482835909657868,0.803644707388852,0.17580360359592828,0.770219505054426,24.349026883242452,2.694708501264806,9.035866726146384,0.770219505054426,0.12268315860625384,20.23147995154968,3.0033391787648025,0.0020423219304119356,0.006133785469256729,6689.414389538866,2011.6596219980797,19.681378829150468,0.27066739784226795,0.017633333333333334,93.1,elec 100u/63V,BSC0902NS PG-TDSON,True,0.34609794650912035,
LNGT38,0.003828686697512321,0.013317640147164364,potcore,0.0011097397343877214,0.0014992956390032033,0.00024509897508425896,12,0.023902141316064947,0.0005144909172643531,102.0080449188266,9.098554837677283e-05,screen,30,0.012809118926028349,0.047804282632129894,0.7985977591721553,0.7270364346628454,0.0717568325999597,0.28659362319480963,2.4297095188952293,0.7613557955506275,3.1912931287769544,0.28659362319480963,0.21020701844130643,1.1782518639997765,0.9791344465659322,0.001738739756338132,0.0017024599890443208,24723.316519686257,4474.727089447227,18.46265898737179,0.46521335362285726,0.026033333333333332,148.8,elec 100u/63V,BSC0902NS PG-TDSON,False,0.0,hold 1.2 < 3.0; pivot 0.98 < 1.5
LNGT44,0.005106386766126818,0.00583543027360103,potcore,0.0014831896372243648,0.002145190199716081,0.00015517326585263186,8,0.021568577479146294,0.0005302875503434942,104.30652780806406,7.766645682820261e-05,screen,18,0.017867994625914593,0.04313715495829259,0.8676278152354371,0.5746229503225515,0.11279054694026407,0.7161309859326201,6.592531133075037,1.1474732408468489,5.745259147141132,0.7161309859326201,0.12765951200925632,5.264171166353389,1.4265691283084545,0.0022255112351344444,0.0031748456227464164,13172.871385348988,2135.7674801379767,16.91161202001433,0.1999152920305732,0.020633333333333333,93.30000000000001,elec 220u/63V,BSC0902NS PG-TDSON,False,0.0,pivot 1.43 < 1.5
LNGT44,0.0024284448022328566,0.012743139453397246,potcore,0.0004269322877945393,0.00015346175493907268,0.0001907703868394939,20,0.020911450739499238,0.00036748296099807206,63.240895578618165,7.733554721935706e-05,screen,54,0.006624096843499394,0.041822901478998475,0.8750782241059347,0.8533666020090896,0.04622809998910859,0.12724116020428855,0.8103382098830072,0.2702807126821601,2.998135537832233,0.12724116020428855,0.11727832549687713,0.7043354603027259,0.874432783502385,0.0002998938726510847,0.0002622370338175978,23220.578955419413,4663.989039943392,12.702303608413716,0.3369053480082679,0.04583333333333334,260.29999999999995,elec 220u/63V,BSC0902NS PG-TDSON,False,0.0,hold 0.7 < 3.0; pivot 0.87 < 1.5; electronics do not fit
LNGT72,0.003855181984523425,0.013355391816091137,potcore,0.0009350868479498744,0.0008542907230328151,0.00024946306981641855,12,0.023497721911378014,0.0004324501036094661,91.19828860200516,9.08556054726081e-05,screen,30,0.01259239122024967,0.04699544382275603,1.049819520217839,0.9767085591165875,0.0895643783545361,0.32956379404002434,4.130209489500168,1.331105454917219,3.102841682635148,0.32956379404002434,0.17075077922582746,2.4657008139581906,1.895221693830753,0.0013884780432729304,0.0026314737090185327,22749.553138664312,4567.544001103169,18.310346294539176,0.4569157219877654,0.026033333333333332,148.8,elec 100u/63V,BSC0902NS PG-TDSON,False,0.0,hold 2.5 < 3.0
LNGT72,0.005191586016427469,0.013413014695111122,potcore,0.0008834338601581478,0.0002507400350560703,0.00024932480670616404,12,0.02350412373954616,0.00043346660664880413,63.69589978660599,0.00010486505411593026,screen,30,0.012595821949625146,0.04700824747909232,1.0500958802579488,0.9878189472209055,0.09284812500339759,0.3057367135502727,7.635968836584029,1.9204497474423001,3.9761357186012236,0.3057367135502727,0.19908024805398222,3.9099118545549696,2.1136593737092255,0.0016192831638985729,0.0034226130380637506,13733.213513402363,4587.251025728004,21.276089630851992,0.7120420908903531,0.023033333333333333,135.7,elec 220u/63V,BSC160N10 PG-TDSON,True,0.13976060996614964,
LNG40,0.002495539286162137,0.00704186267467392,potcore,0.0008259650287580095,0.0003513548507281086,0.0001102433063600885,12,0.021190682223343024,0.00032940704021531674,20.538283979703618,6.121499955903266e-05,screen,30,0.011356052377618622,0.04238136444668605,1.2415095457061796,1.044002405335126,0.22053506309216986,0.5343844201490034,2.5157052790424737,0.1989476685311347,12.64506036997751,0.5343844201490034,0.07379372549240693,3.4751320945781523,0.4504880797011272,0.0005411466042781395,0.00024378009459804487,4499.345218084645,1035.1538131770662,4.725194877745805,0.020501637901102928,0.026033333333333332,148.8,elec 100u/63V,BSC0902NS PG-TDSON,False,0.0,pivot 0.45 < 1.5
LNGT60,0.004753890168998567,0.009957085560924693,potcore,0.0015976123078449843,0.0006966508007155166,0.00018163374804046562,8,0.021209151408110898,0.0003610875550534566,42.90013468983304,6.122059801171115e-05,screen,18,0.01757023631932792,0.042418302816221796,0.8999712662598016,0.8062700164691649,0.0859910809813855,0.4047622537892625,5.65059364238186,1.324813335595882,4.265199851600456,0.4047622537892625,0.15013418833088388,3.83659069130382,1.192951147461326,0.002573700465657987,0.0030702989237284444,6022.056616700158,3345.580748470697,23.833363560064246,0.31297579604974846,0.017633333333333334,85.1,elec 100u/63V,BSC160N10 PG-TDSON,False,0.0,pivot 1.19 < 1.5
LNGT72,0.0038889882669888506,0.003061579687526234,potcore,0.0006668537147959831,0.000306748371643432,0.00010239402819271208,8,0.01988239557993496,0.0001610246386746343,34.64329257711473,6.0485820967491716e-05,screen,18,0.016471115803351876,0.03976479115986992,1.0473643585956165,0.7624374924462357,0.20704945103494501,0.8341251162464558,6.431360972655373,0.7564407247285496,8.502134750827013,0.8341251162464558,0.04300772665571832,15.243594649880652,1.7528002652984322,0.0006911468059757643,0.0012114423048744838,2934.039139379357,1047.060253133972,12.363030270571315,0.0832043350765562,0.01983333333333333,49.3,elec 220u/63V,IRLML6344 SOT-23,False,0.0,demag margin 0.83 > 0.8
LNG40,0.005002734409207868,0.009925626012207122,potcore,0.0016718091882171166,0.0007211570933094486,0.0001784708949752375,8,0.02186420278554977,0.0002091932471970489,63.610364866236345,7.799738409223747e-05,screen,18,0.018112898648500637,0.04372840557109954,1.237057196792679,0.958629152096149,0.261565100612785,0.700241033791774,11.045903236520127,0.7410423832528249,14.905899427821991,0.700241033791774,0.16255851208763153,6.926638325931778,0.6338428176221804,0.0028727542144253906,0.001820874625607383,6206.294246395817,1459.067023794447,14.954461078244389,0.1569871410126642,0.016833333333333332,49.099999999999994,elec 100u/63V,IRLML6344 SOT-23,False,0.0,pivot 0.63 < 1.5
LNG40,0.006554224677498146,0.010425809357848292,potcore,0.0010741668846710195,0.00032222868742980436,0.000102355528225149,8,0.021026987443695255,0.00015663417019209396,32.0939328008402,6.034031118541497e-05,screen,18,0.0174193267500547,0.04205397488739051,1.2429721579383344,0.9840380113826594,0.32292814918701335,0.7501857887632188,27.59017381722874,0.9321383597924432,29.598796710149525,0.7501857887632188,0.1495357300890588,18.80790635253154,0.8653471375989347,0.0025414240714300854,0.002199214045637055,1536.008822048525,1532.593975603699,32.0225817442888,0.5568814363506462,0.017633333333333334,85.1,elec 100u/63V,BSC160N10 PG-TDSON,False,0.0,pivot 0.87 < 1.5
LNGT72,0.0028312321554337695,0.012811096564646858,potcore,0.0009626657604666269,0.0004062792917097895,0.00024687260072790956,16,0.023376137433170848,0.0004334075482803053,66.63199034667156,9.138269180334204e-05,screen,42,0.00929960567404851,0.046752274866341696,1.0498768116913377,1.0218869568735176,0.0840919736665917,0.25193574710486366,1.82600237567495,0.7044553400328047,2.592076845623624,0.25193574710486366,0.16396554471108504,1.1352192182058087,1.1995036350369805,0.0007366385914690692,0.0008836006681756698,20362.818307165762,4381.395025109226,14.336967830985234,0.39445536105416656,0.028433333333333335,204.0,elec 100u/63V,BSC0902NS PG-TDSON,False,0.0,hold 1.1 < 3.0; pivot 1.20 < 1.5
LNG37,0.005504888604786611,0.005944115380799335,potcore,0.0011376700684495875,0.00095457240800428,0.00015446618317938694,8,0.020915200830352167,0.0003762418418351791,25.6908042432349,7.602986499301343e-05,screen,18,0.017326719687377774,0.041830401660704335,1.1788173245448967,0.5223277830860061,0.3807854292355415,0.9438393019736695,14.520200559035334,0.515654519451713,28.15877687734498,0.9438393019736695,0.09825498244489791,15.064302406600147,0.7882744758358485,0.001661008021331431,0.0013093302273741738,3208.408732438551,873.7849609775022,6.996689092693584,0.03349746025567228,0.020633333333333333,93.30000000000001,elec 220u/63V,BSC0902NS PG-TDSON,False,0.0,demag margin 0.94 > 0.8; pivot 0.79 < 1.5
LNGT36J,0.003936380932260903,0.011207128334703328,potcore,0.0021744381059265283,0.002033829738127805,0.000178941947612991,8,0.021219810215994398,0.0005209318376929891,104.68561500130085,0.0002061416167659458,screen,18,0.01757906636489607,0.042439620431988796,0.6987112760623964,0.6340689491535154,0.041647097920472165,0.2635463219768427,2.147456862206371,0.7446094024656177,2.8840044929536464,0.2635463219768427,0.2376427708584617,0.9211510122077204,0.4226690126734118,0.004075878328603423,0.0017227474689277646,29249.371803437007,4975.964980608278,17.809338187519735,0.5884421169872642,0.020633333333333333,93.30000000000001,elec 220u/63V,BSC0902NS PG-TDSON,False,0.0,hold 0.9 < 3.0; pivot 0.42 < 1.5; electronics do not fit
LNGT36J,0.004679551248627649,0.0030584618236758686,potcore,0.0005341885877027481,0.00019547170260152328,0.00013815263704690644,8,0.020861752957716407,0.00019821419752261396,64.86652749233845,6.926270930651843e-05,screen,18,0.01728244201992633,0.041723505915432814,0.6851655487458073,0.538606666417629,0.15328135838528453,0.5182427569199333,3.707844276799017,0.5765909749398567,6.430631830797866,0.5182427569199333,0.06063123825644501,6.233845593798385,0.8632185562877484,0.0010223564571657476,0.000882517064966074,7273.970530171304,1357.9570497120856,12.109749129886751,0.09141390837443243,0.035633333333333336,94.6,elec 100u/63V,BSC0902NS PG-TDSON,False,0.0,pivot 0.86 < 1.5
LNGT72,0.0035003455334684757,0.003199971126837033,potcore,0.0006514806214868413,0.0007754178262153567,0.00017987815875203627,8,0.02128524707686606,0.0002085775306764476,88.38326688730949,7.785494730531198e-05,screen,18,0.017633276035400398,0.04257049415373212,1.0435353323984515,0.6852451581671881,0.2855855821437359,0.8997767178272718,4.069162135171443,0.6198421425251371,6.564836199414147,0.8997767178272718,0.0630561600091051,6.578221118480258,1.1120233432426019,0.0010848290930551454,0.0012063552749060225,13460.307363356156,1094.3901253782653,7.186000432164424,0.0361828858865635,0.03863333333333334,94.7,elec 220u/63V,BSC0902NS PG-TDSON,False,0.0,demag margin 0.90 > 0.8; pivot 1.11 < 1.5
LNGT72,0.004560169589968876,0.0032308906523272323,potcore,0.0006472486969851607,0.00019375922575105367,0.00017680685157752242,8,0.021276249585635038,0.00020505505504174904,64.5307489123862,6.987732209539146e-05,screen,18,0.017625822269609952,0.042552499171270075,1.0358072398899756,0.7799310399868455,0.33676958270663426,0.8205182926647572,6.758976907884669,0.8202254190749211,8.240389471845045,0.8205182926647572,0.06344665176154612,10.85933540419439,1.3236045971153265,0.0010910857726294967,0.0014441661444995297,7753.823813100757,1104.9646030959134,9.196003814141644,0.053183516320427254,0.035633333333333336,94.6,elec 100u/63V,BSC0902NS PG-TDSON,False,0.0,demag margin 0.82 > 0.8; pivot 1.32 < 1.5
LNGT72,0.0037938024137945795,0.0066636858839611065,potcore,0.0012755556380525097,0.0005420850568168405,0.00021616599941177368,8,0.021277408365823335,0.00033617319582160074,64.545870590204,7.745350930997384e-05,screen,18,0.017626782234549557,0.04255481673164667,1.0485400299803818,0.9110764691063667,0.14989493836843923,0.4987657554365089,4.242981378662171,0.9051100911756375,4.687806953020499,0.4987657554365089,0.08387130171381141,5.156900297268885,1.1670314537829587,0.0014424050047340017,0.0016833320096185374,10667.774960011226,2278.9805723146983,13.789078383226299,0.13254217404746702,0.020633333333333333,93.30000000000001,elec 220u/63V,BSC0902NS PG-TDSON,False,0.0,pivot 1.17 < 1.5
LNGT44,0.0038431462117553598,0.0029013744085663908,potcore,0.0006740628693948227,0.0003527373089469918,0.00010254440954523238,8,0.01985555075948364,0.0001623503471697851,34.57564819929826,5.984313720137426e-05,screen,18,0.01644887682593106,0.03971110151896728,0.8567480883632613,0.5846705587256742,0.162423411460764,0.6989206904190307,4.070149995756683,0.5071456576649194,8.02560356032055,0.6989206904190307,0.04539533396496623,9.139663188477966,0.9990881315388654,0.0007285313784046962,0.0007278670536177821,3002.1840161339173,1061.903033535299,12.229758573082197,0.0805550236917588,0.022833333333333334,49.599999999999994,elec 100u/63V,IRLML6344 SOT-23,False,0.0,pivot 1.00 < 1.5
LNGT72,0.004774248479729351,0.010880721243038013,potcore,0.0011730608102794183,0.001085186136834918,0.00019075826859722806,8,0.020931893731782416,0.0003651407494635831,90.8109287718338,7.803134646485739e-05,screen,18,0.017340548539713306,0.04186378746356483,1.0498117290465656,0.9249902113027527,0.09576172059315628,0.45221581012167805,7.993928088127803,1.7872469487172995,4.472760797753783,0.45221581012167805,0.1316534644227059,6.189548036491499,1.9689886540775503,0.0022273882351057516,0.004385702163149044,15808.266021935424,3721.2066651190003,21.37655280740411,0.32091273685094834,0.017633333333333334,85.1,elec 100u/63V,BSC160N10 PG-TDSON,True,0.1812899256786068,
LNGT72,0.006340144822863163,0.0065916858433544695,potcore,0.001067359272473275,0.0003528153314366088,0.000143652509187086,8,0.02058717713233849,0.00036217710677468093,62.6067223246754,6.924752763409529e-05,screen,18,0.01705497595838369,0.04117435426467698,1.0490340998414753,0.8614832271314599,0.14324105277503468,0.6290768201734626,17.919263154394287,2.2022747746888625,8.13670635487614,0.6290768201734626,0.1039247520917668,17.576489651770952,2.379869773753491,0.001729302250534016,0.004115514155729791,7052.90379627302,2254.3565584272287,20.011314367969426,0.2495732363883001,0.017633333333333334,85.1,elec 100u/63V,BSC160N10 PG-TDSON,True,0.2930923027608814,
LNGT72,0.0026122747367705234,0.010073908679479342,potcore,0.0009332571512818254,0.00038387205672983795,0.0001807519067442317,16,0.021188224231241597,0.00043260210991318357,65.70780536833796,8.442347675574869e-05,screen,42,0.008429199684814601,0.042376448462483195,1.049876465109793,1.0023477521333835,0.08492648673383409,0.2879435925069795,1.792352283683272,0.6216560135169985,2.883189810298943,0.2879435925069795,0.1282150776589455,1.4250013192341922,1.3800735937639483,0.0005221109231721067,0.000720551498085542,18515.759752541086,3445.276768381935,12.22642648005995,0.26502180625493,0.030433333333333337,204.1,elec 470u/63V,BSC0902NS PG-TDSON,False,0.0,hold 1.4 < 3.0; pivot 1.38 < 1.5; electronics do not fit
LNGT72,0.006565795550498416,0.010754277881020043,potcore,0.0011340384474437444,0.0003268725397981192,0.0001793114773420481,8,0.021465006948126933,0.00036111685438515635,63.687787076114425,7.884342781371272e-05,screen,18,0.017782193988693788,0.042930013896253866,1.0496420002370943,0.9306954317978722,0.10180758753375481,0.4252598673786267,17.315148708241587,2.585894327469076,6.696000112730304,0.4252598673786267,0.15912600541207417,11.092158268857956,1.9325232752728263,0.002760751408165661,0.0053352163535223705,8815.466568097401,3677.9630353088546,26.571631218507928,0.5010077450068874,0.017633333333333334,85.1,elec 100u/63V,BSC160N10 PG-TDSON,True,0.24755302435076904,
LNGT72,0.0036540571649946478,0.012524526294222411,potcore,0.0012246764483689852,0.0005711578312237252,0.0002502715663541551,12,0.022869880100186504,0.0004341928651366349,64.29589567657247,9.060275507904444e-05,screen,30,0.012255931807683154,0.04573976020037301,1.0497877415994703,0.9857275661008545,0.09695378168117487,0.31753464312245333,3.5180681839020784,1.1121878896716304,3.163195910126998,0.31753464312245333,0.18006131177507284,1.991658321515521,1.4808119531182915,0.0014250656104588771,0.00211025418994532,15319.699145049726,4283.387992624064,17.97713289983451,0.439211316303811,0.023033333333333333,148.5,elec 220u/63V,BSC0902NS PG-TDSON,False,0.0,hold 2.0 < 3.0; pivot 1.48 < 1.5
LNGT72,0.0074131930371696695,0.006098868525634426,potcore,0.0012608914525110459,0.0003573618846177933,0.00014603728966851507,8,0.021599545745686757,0.0004285072770567697,63.98685700675797,7.757835599520553e-05,screen,18,0.017893649577923082,0.04319909149137351,1.0487623114765827,0.8161452991787421,0.16116454657129425,0.7455693405943151,26.06772689776698,2.84664457181179,9.157352187869307,0.7455693405943151,0.12846607331844484,20.684532291940812,2.661794044042228,0.002242787751921675,0.005969839080115973,6540.869025768183,2085.813035766974,20.40472297131474,0.29069963546169136,0.017633333333333334,85.1,elec 100u/63V,BSC160N10 PG-TDSON,True,0.3562193363565647,
LNGT44,0.0020726713085011264,0.013643373767338013,potcore,0.0006009491874860167,0.0008667631751608725,0.0002584607828902808,20,0.023473155473005696,0.0005352468799355286,92.74452597999712,0.00010495315494892733,screen,54,0.007435565184485665,0.04694631094601139,0.8732531593644564,0.8400725794322588,0.06391978772969033,0.17154421909146464,0.5980649737143946,0.255188178981767,2.343623345331862,0.17154421909146464,0.15714591262160052,0.38795046022998453,0.6880304887461552,0.0004510661506386959,0.0003103472640807888,43586.147626698345,4993.474798845713,10.625335764437422,0.319922354967307,0.05483333333333334,261.0,elec 220u/63V,BSC0902NS PG-TDSON,False,0.0,hold 0.4 < 3.0; pivot 0.69 < 1.5; electronics do not fit
LNGT72,0.0015654366593735062,0.0023195047685881324,potcore,0.0003,0.00012408802832034442,0.0001049398934973604,20,0.01995584367199825,0.0001506020953316888,34.7629816073251,6.204613637701998e-05,screen,54,0.006321390262386763,0.0399116873439965,1.0432310537459601,0.9126605393168596,0.20002092148815165,0.4926183229155817,0.634063841469437,0.12362050671024417,5.129115373678479,0.4926183229155817,0.07817258702427977,0.8268171866686624,0.5111164102262071,0.00019076128997162203,9.750122574041601e-05,6289.6903763673845,793.2706308571413,4.384389485010673,0.03220303190363854,0.06383333333333334,267.79999999999995,film 10u/250V,BSC0902NS PG-TDSON,False,0.0,hold 0.8 < 3.0; pivot 0.51 < 1.5; electronics do not fit
LNGT72,0.0045890651720551035,0.010624676163908664,potcore,0.0015897711457501307,0.0007331898995975705,0.00017981008709981862,8,0.02134179308140069,0.0003957969747875134,64.77518914112137,7.804942151673987e-05,screen,18,0.017680120279352906,0.04268358616280138,1.0498397518422007,0.9352337803150812,0.09566120701516964,0.42154453505277756,7.009970662850678,1.5749119081896863,4.451023975625676,0.42154453505277756,0.15341020128221966,4.657929953652338,1.427835996458172,0.0026463071665566162,0.0037784926300947676,10793.76231428774,3633.639248056763,21.806082319592974,0.33401617044790066,0.017633333333333334,85.1,elec 100u/63V,BSC160N10 PG-TDSON,False,0.0,pivot 1.43 < 1.5
LNGT72,0.004531586604607069,0.005761697028979552,potcore,0.0007768819455212804,0.0002332011625585581,0.00015166584745658786,8,0.01927952456664555,0.0003296266234386994,43.678765293542355,5.1656028707521964e-05,screen,18,0.01597168110321971,0.0385590491332911,1.0481730878892388,0.8998461639619515,0.15194505184460413,0.5228994962721282,7.5738601458135095,1.1166095318778317,6.782908375389156,0.5228994962721282,0.06284091465397958,12.285866063320093,1.8412567522037067,0.0009792507793610222,0.0018030521095992243,5374.0793538935895,1970.5003839110068,16.015584830790758,0.11924745759572636,0.020633333333333333,93.30000000000001,elec 220u/63V,BSC0902NS PG-TDSON,True,0.19367894554408285,
LNGT44,0.007132563650201203,0.00590174414402322,potcore,0.0012613523136496198,0.0004200286105000007,0.00015950237913961034,8,0.020657636344891657,0.00042640978853809646,66.6732998271713,7.717012930412595e-05,screen,18,0.01711334628125099,0.041315272689783314,0.8628342527117899,0.6444549589894064,0.127950649724293,0.6017215565648227,15.017859965410686,1.8535883481712894,8.102047026907018,0.6017215565648227,0.12074269068262321,12.678801232772363,2.041012233560217,0.002016028121535814,0.004114738059256021,6909.990673536309,2160.0383567124986,20.84183493138923,0.3016918938259631,0.017633333333333334,85.1,elec 100u/63V,BSC160N10 PG-TDSON,True,0.22636321731572706,
LNGT72,0.00513439213704328,0.00721983005633698,potcore,0.0008257557645524985,0.0002598404264305429,0.00010195061381930873,8,0.021028595225352067,0.00015571596295653115,32.972924241745176,6.566101355187216e-05,screen,18,0.017420658679989875,0.042057190450704135,1.04973216684579,0.9100388195202875,0.12216749206042449,0.5137063263934906,12.292720865058635,1.5500284481991127,7.9306420984342765,0.5137063263934906,0.07910615873940735,15.840493815160212,2.0590999144368833,0.0013445460034825025,0.0027685545607272744,1996.169549585514,2469.181879267247,40.78618825794343,0.9830516369166048,0.017633333333333334,85.1,elec 100u/63V,BSC160N10 PG-TDSON,True,0.1557650791046412,
LNG40,0.004846935980657519,0.010014347088986401,potcore,0.0016378245367273468,0.0006761988587908653,0.0001784141075444404,8,0.02127476501513012,0.00033282604065490684,63.66659257808388,6.989822708284102e-05,screen,18,0.01762459241113508,0.04254953003026024,1.2374477558219175,0.9729811944392673,0.2524993990119775,0.6671744798328592,10.347944990689681,0.6654793869953138,15.54961008997045,0.6671744798328592,0.15523169952975266,6.795238303025011,0.5959524824676917,0.002669317861332929,0.0015907866059567087,9395.976819232686,1472.109022081001,9.974925134713825,0.06259331595742595,0.016833333333333332,49.099999999999994,elec 100u/63V,IRLML6344 SOT-23,False,0.0,pivot 0.60 < 1.5
LNGT60,0.0022828985665289472,0.010787497382895469,potcore,0.0007672004858742073,0.00033454351232092497,0.00018163374804046562,16,0.021209151408110898,0.0003610875550534566,42.90013468983304,6.122059801171115e-05,screen,42,0.008437525033401892,0.042418302816221796,0.8999825337490006,0.8890178642701025,0.06814245123726607,0.22416934346847248,0.9151569690888535,0.38863052834058326,2.354825219203674,0.22416934346847248,0.10512871158941758,0.8873710213880505,0.8957964447545507,0.00042852262198191825,0.00038386904126830063,12215.497527261365,3624.5991206528774,12.729386594826645,0.20832040677807107,0.028433333333333335,204.0,elec 100u/63V,BSC0902NS PG-TDSON,False,0.0,hold 0.9 < 3.0; pivot 0.90 < 1.5; electronics do not fit
LNGT60,0.004753890168998567,0.009957085560924693,potcore,0.0015976123078449843,0.0006966508007155166,0.00018163374804046562,8,0.021209151408110898,0.00031910735409389245,42.90013468983304,6.122059801171115e-05,screen,18,0.01757023631932792,0.042418302816221796,0.8999712662598016,0.8062700164691649,0.0859910809813855,0.4047622537892625,5.65059364238186,1.324813335595882,4.265199851600456,0.4047622537892625,0.15013418833088388,3.83659069130382,1.192951147461326,0.002573700465657987,0.0030702989237284444,6022.05661670016,3345.580748470697,23.83336356006424,0.31297579604974823,0.017633333333333334,85.1,elec 100u/63V,BSC160N10 PG-TDSON,False,0.0,pivot 1.19 < 1.5
LNGT72,0.007275099682513183,0.006020485959747539,potcore,0.0012118239508956698,0.00025523019958696117,0.00015910842277544335,8,0.020899737172754382,0.0004328836125943044,73.74185508406755,7.794392983609433e-05,screen,18,0.01731390917397598,0.041799474345508764,1.0481523329037972,0.835561357185904,0.17629594717699837,0.7063436384728757,23.64975428375364,2.4940114022456976,9.482616744437717,0.7063436384728757,0.12007681046914523,20.07698442161209,2.5250448468099904,0.0020284068867250744,0.0051218183565590455,7659.383203569565,2059.0061982336583,19.823389514782654,0.2756643704402996,0.017633333333333334,93.1,elec 100u/63V,BSC0902NS PG-TDSON,True,0.3244670042494402,
LNGT36J,0.0036106409180286445,0.013121981940250436,potcore,0.0010928427295431792,0.00156054940922327,0.00024510301003329,12,0.023527671189651544,0.0005136152503111658,103.66165584431353,9.068105898883562e-05,screen,30,0.012608440990104247,0.04705534237930309,0.6979990082812769,0.6532813547206755,0.04914564103908464,0.205709288671211,1.6272314095274,0.6177190556340519,2.6342580736110586,0.205709288671211,0.19842733626083947,0.835947125761274,0.805769564360453,0.00161558944365731,0.0013017928022010974,26078.267658620865,5826.1599814711935,23.159106992811598,0.729543950503835,0.026033333333333332,136.0,elec 100u/63V,BSC160N10 PG-TDSON,False,0.0,hold 0.8 < 3.0; pivot 0.81 < 1.5; electronics do not fit
LNGT72,0.006325888119999997,0.010509961182574827,potcore,0.001291967840694011,0.00033377444568010795,0.00018287370698346145,8,0.02148735995824627,0.0003837698259963012,63.556705345334635,7.998814312821102e-05,screen,18,0.017800711828596372,0.04297471991649254,1.0496829921023965,0.9311288416415655,0.09689486056389562,0.42134666109248486,15.290805381084006,2.4356648846101,6.277877337600879,0.42134666109248486,0.16411659149818394,9.497490432088128,1.7315465215820647,0.002850300546800071,0.00493542799727512,8867.306653817786,3594.4067244405906,25.763025684715924,0.477817286324263,0.017633333333333334,85.1,elec 100u/63V,BSC160N10 PG-TDSON,True,0.2303918726761982,
LNGT72,0.0037522972229880646,0.012834856134408717,potcore,0.0012738930474621175,0.0006060559180518448,0.0002454772796866569,12,0.023561534824660363,0.0004502289793072631,64.91206771063209,8.764889419047477e-05,screen,30,0.012626588457411037,0.047123069649320726,1.0498095650143398,0.9836716440031624,0.09604723403380222,0.3218620620394858,3.8603865128356016,1.2226937224817873,3.157280062745316,0.3218620620394858,0.19524234089441084,2.0155230823948886,1.4626061539851183,0.0015919453177222766,0.0023283890185083964,14953.74742129515,4389.520797967782,19.05427871873432,0.4773343931966259,0.023033333333333333,148.5,elec 220u/63V,BSC0902NS PG-TDSON,False,0.0,hold 2.0 < 3.0; pivot 1.46 < 1.5
LNGT72,0.006949664884744147,0.006089835725567106,potcore,0.0011829771170598356,0.00038270808535689115,0.0001511999261537642,8,0.020926765175072377,0.0004349732356168615,64.68954026999465,7.729895055455238e-05,screen,18,0.01733629990422391,0.04185353035014475,1.0487081430251817,0.8274622245136258,0.16128062719514294,0.7216219158070614,21.894609557486497,2.474996609874796,8.84631900913759,0.7216219158070614,0.1182665362669688,18.871495590659368,2.550404339548335,0.002000410322221576,0.0051018551666711905,6950.740201215634,2082.72381814395,19.383611299633483,0.26138790732630185,0.020633333333333333,93.30000000000001,elec 220u/63V,BSC0902NS PG-TDSON,True,0.32190551347092256,
LNGT36J,0.0028547118350633048,0.012892084067815859,potcore,0.000825308704386126,0.001103404275774348,0.0002495319178467537,16,0.023463117773992802,0.0005072032706845263,104.0728123287533,9.119090348081632e-05,screen,42,0.00933420860506528,0.046926235547985605,0.6980887759532316,0.6674668555260072,0.045548984482420916,0.16339285312383744,0.9021965883018713,0.3683055457407454,2.44958730254075,0.16339285312383744,0.1723055244184548,0.5337439571776366,0.7206045434906165,0.0007769875172127335,0.0005599007351389894,32788.07904782609,5724.085326110241,18.168849020679033,0.6321580102027287,0.03443333333333334,204.5,elec 100u/63V,BSC0902NS PG-TDSON,False,0.0,hold 0.5 < 3.0; pivot 0.72 < 1.5; electronics do not fit
LNGT72,0.005191586016427469,0.013413014695111122,potcore,0.0008834338601581478,0.0002507400350560703,0.00024932480670616404,12,0.02350412373954616,0.00043346660664880413,63.69589978660599,9.071323792938732e-05,screen,30,0.012595821949625146,0.04700824747909232,1.0500958802579488,0.9878189472209055,0.09284812500339759,0.3057367135502727,7.635968836584029,1.9204497474423001,3.9761357186012236,0.3057367135502727,0.19908024805398222,3.9099118545549696,2.1136593737092255,0.0016192831638985729,0.0034226130380637506,12772.976525633323,4587.251025728004,22.87556710406534,0.7120420908903529,0.023033333333333333,135.7,elec 220u/63V,BSC160N10 PG-TDSON,True,0.13976060996614964,
LNGT72,0.005191586016427469,0.013413014695111122,potcore,0.0008834338601581478,0.0002507400350560703,0.00024932480670616404,12,0.02350412373954616,0.00043346660664880413,63.69589978660599,0.00010495430617976816,screen,30,0.012595821949625146,0.04700824747909232,1.0500958802579488,0.9878189472209055,0.09284812500339759,0.3057367135502727,7.635968836584029,1.9204497474423001,3.9761357186012236,0.3057367135502727,0.19908024805398222,3.9099118545549696,2.1136593737092255,0.0016192831638985729,0.0034226130380637506,13739.05653214796,4587.251025728004,21.267041222742222,0.7120420908903531,0.023033333333333333,135.7,elec 220u/63V,BSC160N10 PG-TDSON,True,0.13976060996614964,
LNGT72,0.003574081219591702,0.005866646808330836,potcore,0.0007986271355028305,0.0007607515327922288,0.00015443503923254703,12,0.021556041285488242,0.0004303697928714055,91.43954042196808,7.764198760528774e-05,screen,30,0.01155184770891703,0.043112082570976484,1.049197257236061,0.8836816899338024,0.1374538269277633,0.5777651706854197,4.469485442998217,0.8803762194264393,5.076790290757813,0.5777651706854197,0.09131860010977352,4.989181169151743,2.247828607869723,0.0006812065487073722,0.0015312355680526313,16416.625395197407,2006.393208449146,11.17548025065,0.1454522000174035,0.03203333333333334,149.3,elec 100u/63V,BSC0902NS PG-TDSON,True,0.1230965054528047,
LNGT44,0.00521599582186462,0.013347492083989033,potcore,0.0016585479268110856,0.0022926497351304933,0.00025020129643650335,8,0.02351025810503607,0.0005323678610815549,104.06527598810115,9.088007469552298e-05,screen,18,0.019476535523995843,0.04702051621007214,0.8716637857692985,0.7527936921280001,0.0792222710469613,0.38114104415710937,5.931764981556959,1.5700066359934113,3.778178286363531,0.38114104415710937,0.25442752370544464,2.376571240911365,0.9933790687132079,0.004834778657751725,0.004802767920471902,18625.632321563215,4885.1821027399865,27.294526972123855,0.6093437052843301,0.017633333333333334,85.1,elec 100u/63V,BSC160N10 PG-TDSON,False,0.0,hold 2.4 < 3.0; pivot 0.99 < 1.5
LNGT72,0.003730259768826494,0.0030188896496217477,potcore,0.0006781002600557965,0.0007567252472717908,0.0001812203787167617,8,0.021471867115301926,0.00018584273918460572,88.27511266488051,7.55220457758391e-05,screen,18,0.017787877137261845,0.04294373423060385,1.0426786782931179,0.6253502904108731,0.3080855446900353,0.9286624150956596,4.705428714980087,0.6226938571801992,7.556568385447232,0.9286624150956596,0.055024067314513134,8.717209857538418,1.3036884653959162,0.000954943350112104,0.001244948630647684,10291.605907119267,1032.4602601706376,8.85581381672689,0.053305645909969564,0.029633333333333338,94.1,elec 100u/63V,BSC0902NS PG-TDSON,False,0.0,demag margin 0.93 > 0.8; pivot 1.30 < 1.5
LNGT72,0.0036122237846896825,0.013452322035942698,potcore,0.0009290140578572945,0.0008855836666959649,0.0002481208498516931,12,0.02331110187294215,0.00045518489510130793,91.30644282443416,9.318850700208099e-05,screen,30,0.012492381843068962,0.0466222037458843,1.049838542250302,0.9822530304902743,0.08928978522910738,0.32202954890249136,3.5878419069500542,1.196726056112694,2.998047789319791,0.32202954890249136,0.16293100839293068,2.24471157198331,1.7736037704595582,0.0013143684025580587,0.0023311687545498794,24320.169014800806,4600.694136292403,17.27261911101206,0.41703259969770745,0.026033333333333332,148.8,elec 100u/63V,BSC0902NS PG-TDSON,False,0.0,hold 2.2 < 3.0
LNGT36J,0.004712455612604056,0.0036137593989098503,potcore,0.0005340470243703699,0.00018679568052236767,0.0001078718093807118,8,0.020847103341435448,0.0001577569046823257,37.322841513673666,6.260692554905172e-05,screen,18,0.01727030588043206,0.041694206682870896,0.690232429936074,0.5624866946292294,0.12818097514461346,0.4648993403258652,4.436291680222507,0.6139302064681001,7.2260521366821155,0.4648993403258652,0.04823319418496616,9.375729345158897,1.1663508998451069,0.0008127310480209542,0.0009479295891912967,2634.585425884073,1604.5091731159735,22.730271331151783,0.29112139699327727,0.020633333333333333,85.30000000000001,elec 220u/63V,BSC160N10 PG-TDSON,False,0.0,pivot 1.17 < 1.5
LNG37,0.004476080190318594,0.012757281016295948,potcore,0.0008845390917616178,0.0006130164676787351,0.0002396009846753074,12,0.023527007086196074,0.00043424326449611117,63.480346391381644,0.00010280989822886768,screen,30,0.012608085098135078,0.04705401417239215,1.1812567259467601,1.0090584820803035,0.2507680862508278,0.511631178828545,6.475723511934589,0.6015509076258249,10.765046531959689,0.511631178828545,0.17542231437883551,3.763002041946036,0.9692405428678887,0.0014282429273724383,0.0013843109502736848,14886.013320501352,1875.3203093955044,7.9971702478101925,0.09862769228014766,0.026033333333333332,148.8,elec 100u/63V,BSC0902NS PG-TDSON,False,0.0,pivot 0.97 < 1.5
LNGT72,0.004232531337626644,0.010992981689467697,potcore,0.0007002127147588558,0.00020010364136865958,0.00022108080345515589,12,0.021487823656211394,0.00036052557334130845,63.721459020786455,8.162247568648404e-05,screen,30,0.011515289991568435,0.04297564731242279,1.0500956867916136,0.9890172880738513,0.10758181433606918,0.31529321459220316,4.793075487080834,1.0757139265198734,4.455715752037616,0.31529321459220316,0.12351533353901248,3.9557094605457497,2.248963172348353,0.0009184676600914878,0.0020655999425387215,13503.557468271361,3759.5997377979525,17.741042032038656,0.3853534681012276,0.026033333333333332,148.8,elec 100u/63V,BSC0902NS PG-TDSON,True,0.10581107428549928,
LNGT72,0.005763140329346076,0.012402727503459035,potcore,0.0019260709652934604,0.0009172695162954222,0.00024998854522967134,8,0.02345671413410972,0.0004347841461804828,64.26222373190043,0.00010188627132897817,screen,18,0.019432178246113832,0.04691342826821944,1.0497033517953893,0.9283767906740265,0.10875277453106431,0.4428456291786372,10.820469608068683,2.334538620819406,4.634949926110358,0.4428456291786372,0.2547439007684421,4.329854548793909,1.3819210305926057,0.004829765868804721,0.006674355026939612,10694.804111063706,4241.73280618299,25.48744042164247,0.5956767173204196,0.017633333333333334,85.1,elec 100u/63V,BSC160N10 PG-TDSON,False,0.0,pivot 1.38 < 1.5
LNGT72,0.004859358682665719,0.006463035884245923,potcore,0.0008080851293330392,0.00017299397558456984,0.00015663815236931328,12,0.021581507777764207,0.0004335807489487668,53.59824468486734,7.752023986678322e-05,screen,30,0.011565495160995825,0.043163015555528414,1.0484537824488076,0.9143026016771555,0.16422883964221754,0.5053376426398313,8.653548139595442,1.107365879196314,7.814533843029256,0.5053376426398313,0.10639537163234661,8.290915153598746,2.551329668558372,0.000794611930489159,0.0020273169932474343,7957.2866016371445,2210.3582724121056,14.888407249474993,0.2577524763214798,0.026033333333333332,148.8,elec 100u/63V,BSC0902NS PG-TDSON,True,0.14387505781871499,
LNGT44,0.005542043287346478,0.012724473016236259,potcore,0.0016205883148258078,0.0023647130545764094,0.00024785992018948257,8,0.023491193440928246,0.0005301734080435316,102.7212364974158,0.00010501127107734964,screen,18,0.019460741839124746,0.04698238688185649,0.8712066084751117,0.7387326820583093,0.08270662042046305,0.41399146062184283,6.7728380589261326,1.7358245211935108,3.901798814473074,0.41399146062184283,0.25302387463740705,2.728601931779369,1.1529922972116424,0.004804206775028658,0.005539213405820028,18681.17356128111,4657.157123942471,25.608077392184597,0.619772599676827,0.017633333333333334,85.1,elec 100u/63V,BSC160N10 PG-TDSON,False,0.0,hold 2.7 < 3.0; pivot 1.15 < 1.5
LNG52,0.0026985645676743455,0.003603411855637785,potcore,0.00043579182356772795,0.00012255352248978884,0.00010628319179592072,12,0.01987044195098071,0.00016511409804348536,34.503349535849196,6.058856930831991e-05,screen,30,0.010648537748029567,0.03974088390196142,1.2570695358008614,1.0074027135226222,0.5193562292624607,0.8354320629665516,2.7154499586063823,0.15188966205666374,17.877779974211546,0.8354320629665516,0.051463977590775076,5.378602472725506,0.4897661972190966,0.00035388441621992794,0.00017332062478713409,4465.930101682246,616.1834273140612,4.760574323097024,0.02059684289000629,0.030753333333333334,78.8,elec 220u/63V,IRLML6344 SOT-23,False,0.0,demag margin 0.84 > 0.8; pivot 0.49 < 1.5; electronics do not fit
LNGT72,0.007506545971947557,0.012575611983263827,potcore,0.0013576671525815272,0.0006194463559124135,0.0002454356431029554,8,0.02351607736850041,0.000429377147279953,63.83584282787152,0.00010476230577510208,screen,18,0.019481356359695747,0.04703215473700082,1.0494686641987283,0.9207694742618912,0.1134075324561961,0.45663065855104,21.213502279923055,3.6937731517979553,5.743044147039003,0.45663065855104,0.24285188246436099,8.904343256329957,2.1179265363479636,0.0046159539006140286,0.009776251256669342,9549.185457803642,4300.859298276228,28.751036347837218,0.7793895263905574,0.017633333333333334,85.1,elec 100u/63V,BSC160N10 PG-TDSON,True,0.27414589616491214,
LNGT44,0.007152879821836776,0.005896031149402948,potcore,0.0012029314820456802,0.00028950138640716967,0.00015084173051111747,8,0.020638949141959857,0.0004375894261039175,65.3952857857299,8.61518011353292e-05,screen,18,0.017097865295456652,0.041277898283919714,0.8633160461593892,0.6652297579279302,0.12335652171624852,0.5642329341538332,15.198378567512226,1.7485651795106416,8.691914230938584,0.5642329341538332,0.11899291600223309,13.019884847073694,1.8750720820528248,0.0019850150163086815,0.0037220462395360417,7185.252646082178,2157.947400681479,19.64017048935433,0.29908689063279703,0.020633333333333333,93.30000000000001,elec 220u/63V,BSC0902NS PG-TDSON,True,0.2185903887697453,
LNGT72,0.0035422159086357353,0.013181305229540691,potcore,0.0010558394763083249,0.001522202462644873,0.00025365725904373315,12,0.023499747838291223,0.0005112768708818113,102.72000220408538,0.00010402558611145582,screen,30,0.01259347691121031,0.046999495676582445,1.0498273210415248,0.964437540570917,0.09751825941648348,0.36546515479014796,3.469071503743772,1.1221514104168635,3.0914469041704993,0.36546515479014796,0.19020193642820082,1.8592136961092915,1.6529278089676385,0.001546780536732215,0.002556716563534568,28323.184516907415,4508.006388502917,16.34923593731585,0.41708671110551276,0.026033333333333332,148.8,elec 100u/63V,BSC0902NS PG-TDSON,False,0.0,hold 1.9 < 3.0
LNGT44,0.00493994770780565,0.00558403870004985,potcore,0.001417813057317611,0.0020263737798878953,0.0001551732468327169,8,0.02063429808536465,0.0005164212404052242,104.3074426151239,7.538914349625812e-05,screen,18,0.017094012234014452,0.0412685961707293,0.8670342165006458,0.5738306470472413,0.11598077844841286,0.7172375966904762,6.0275327128868685,1.0383318242182225,5.805015865159579,0.7172375966904762,0.11502200538031807,5.341824720408886,1.4767819532408004,0.0019183407112223156,0.0028329709425002373,13176.991713927748,2043.7581642182452,16.17813777692981,0.17758585804943483,0.020633333333333333,93.30000000000001,elec 220u/63V,BSC0902NS PG-TDSON,False,0.0,pivot 1.48 < 1.5
LNGT44,0.005200843520736482,0.005851559064297691,potcore,0.0015150030376241202,0.0021794348778366515,0.00015517420186860148,8,0.021568852634486563,0.0005069640861153298,104.9751347605285,7.769979813227544e-05,screen,18,0.01786822257206199,0.04313770526897313,0.8676866426442266,0.5695288893231942,0.11263445457909477,0.7229056714979281,6.864264885204722,1.1802242970271704,5.816068100355926,0.7229056714979281,0.13218319252636304,5.2935715787982085,1.438622753184774,0.0023044027686942897,0.003315166255545595,13064.652876359103,2141.670617532955,17.20842978499712,0.20708320991475296,0.020633333333333333,93.30000000000001,elec 220u/63V,BSC0902NS PG-TDSON,False,0.0,pivot 1.44 < 1.5
LNGT72,0.006480609598045197,0.01085499361389353,potcore,0.0010968523339609567,0.0002904307411880978,0.0001904114415657624,8,0.020818563287241406,0.00036449302856287415,61.826327966353574,7.689409971533503e-05,screen,18,0.01724666252539599,0.04163712657448281,1.0495754119205718,0.9357756609657069,0.10639535798324024,0.4137686265223665,16.1832480328677,2.6084065622916106,6.204265955629991,0.4137686265223665,0.15366955793852924,10.73516789538354,1.9945644767778066,0.002585792701236036,0.005157530266196726,8601.614066090695,3712.407815951587,26.68389228002096,0.49275822657835733,0.017633333333333334,85.1,elec 100u/63V,BSC160N10 PG-TDSON,True,0.2481660992260189,
LNGT72,0.003799047085176803,0.013397464593861841,potcore,0.0009406382662341638,0.0008874188281538018,0.0002496716337376297,12,0.023504532704056093,0.00043411432754951305,92.68050059208622,9.185048467890969e-05,screen,30,0.012596041113045485,0.047009065408112186,1.049824164022867,0.9774086881979871,0.08999610721565394,0.32948244508216096,4.008521591394756,1.2916930201756909,3.1033082387094835,0.32948244508216096,0.17062152239088424,2.394867041173424,1.8666314695037889,0.0013878291220410914,0.0025905655134957155,23508.231397913027,4581.93289110075,18.064133657637115,0.4495800044994366,0.026033333333333332,148.8,elec 100u/63V,BSC0902NS PG-TDSON,False,0.0,hold 2.4 < 3.0
LNGT72,0.004223767321155898,0.010227875903778643,potcore,0.0007958700855514269,0.00022735690983595317,0.0001764363066021086,12,0.021231949959057535,0.0003557589699756078,62.787913230787,6.909011445035499e-05,screen,30,0.01137816769053495,0.04246389991811507,1.0501065136124539,0.9753551538593814,0.08810547520149248,0.3235245757091891,5.603557114358071,1.300407695543091,4.3090771713849705,0.3235245757091891,0.12278948475746701,4.651934792408927,2.262009937097251,0.0009021975041904224,0.002040779719703074,11694.612769766884,3497.933559092296,18.780266873233376,0.3655196170329798,0.023033333333333333,148.5,elec 220u/63V,BSC0902NS PG-TDSON,True,0.12872343846242354,
LNGT60,0.006901100380480079,0.011729854353852414,potcore,0.0024383238960440914,0.001006596460446725,0.00025006412058455274,8,0.02358104523257503,0.0004395788433839342,63.65360306809606,8.807469840680114e-05,screen,18,0.019535177500531985,0.04716209046515006,0.8999587710904966,0.7873623773074011,0.09817949130023822,0.47783131315154637,12.222014620858754,2.6247486340346473,4.656451464486188,0.47783131315154637,0.3605861352719574,3.455132985345988,1.1074902222543532,0.006872696779890498,0.0076114444842477055,8126.842782377745,3941.231062894411,30.869744179267954,0.7553700043505462,0.017633333333333334,85.1,elec 100u/63V,BSC160N10 PG-TDSON,False,0.0,pivot 1.11 < 1.5
LNGT72,0.007038063927678594,0.005948576535570398,potcore,0.0011828137628254031,0.0003381168695337524,0.0001459971305408907,8,0.020923401359692166,0.0004289241033850019,64.02030017049762,7.729314861946334e-05,screen,18,0.017333513228320305,0.04184680271938433,1.0486890649174894,0.8257639768971123,0.16402764985976076,0.7263890105477325,22.747790015784435,2.5032279063800917,9.087382718052199,0.7263890105477325,0.11741867481898403,19.748450630234963,2.762401455682687,0.001985749989077337,0.005485438660449116,6769.212565579989,2034.413175165076,19.240604558223676,0.2575259134390289,0.020633333333333333,93.30000000000001,elec 220u/63V,BSC0902NS PG-TDSON,True,0.32958737594977766,
LNGT72,0.0073197663399552455,0.006244654127409448,potcore,0.0012610603936342151,0.0004044720974384947,0.00015124008528138855,8,0.021602909561066967,0.0004345564092886293,64.656097106255,7.758415793029456e-05,screen,18,0.017896436253826687,0.043205819122133934,1.0487766588027936,0.8173844832755812,0.1599041788970811,0.7405814676934603,25.08157828468496,2.8126029814166267,8.917567978987242,0.7405814676934603,0.12945420547846243,19.750117807194428,2.656433690619408,0.002260390739384369,0.006004578114064752,6715.9462922735665,2135.671711574031,20.560646491392117,0.2951814708909855,0.017633333333333334,85.1,elec 100u/63V,BSC160N10 PG-TDSON,True,0.3476311826708398,
LNGT44,0.007152879821836776,0.005896031149402948,potcore,0.0012029314820456802,0.00028950138640716967,0.00014103070847464947,8,0.020638949141959857,0.0004375894261039175,55.09605352494271,8.61518011353292e-05,screen,18,0.017097865295456652,0.041277898283919714,0.8645516693653057,0.6648366881299436,0.11753880517795295,0.5647365298371094,15.686719532073397,1.767024737368353,8.877475906441344,0.5647365298371094,0.11899291600223309,13.438228362893625,1.885968539670318,0.0019850150163086815,0.003743675871531337,6053.633065782334,2157.947400681479,19.64017048935433,0.29908689063279703,0.020633333333333333,93.30000000000001,elec 220u/63V,BSC0902NS PG-TDSON,True,0.22206769448666197,
LNGT72,0.004907456254264742,0.006243011003495171,potcore,0.0011236167923593366,0.0011078131248312816,0.0001549080664929811,8,0.020938595288933815,0.00037081197940172495,90.42920482320075,7.76625858297249e-05,screen,18,0.017346100291435563,0.04187719057786763,1.0494744317190268,0.8251546082459029,0.139930805057612,0.7332117116203297,9.363028508890308,1.585030939881394,5.907158196918814,0.7332117116203297,0.09367120214539493,10.189227158503744,2.3178171715062397,0.001585290090374923,0.0036744125932896754,12587.842855029063,2135.1097631953485,15.338313348809441,0.16444079495307404,0.020633333333333333,93.30000000000001,elec 220u/63V,BSC0902NS PG-TDSON,True,0.2218086502838386,
LNGT44,0.004963464508831052,0.011044424338136093,potcore,0.0015512328107975541,0.002107247821062031,0.0001910234679568788,8,0.021561875921994895,0.0005246163204053524,104.68825175669711,7.80352174633351e-05,screen,18,0.017862442874192336,0.04312375184398979,0.8723982046349178,0.7335839361254178,0.07629309348055441,0.4253064192655365,5.802136149978,1.398757466465818,4.148064470846411,0.4253064192655365,0.1943792984063076,3.042768403892311,1.1404116685823624,0.0033875963875949567,0.0038632544488607476,16892.393630632578,4042.25930775781,25.051337858301782,0.4407527216622691,0.017633333333333334,85.1,elec 100u/63V,BSC160N10 PG-TDSON,False,0.0,pivot 1.14 < 1.5
LNGT72,0.006819740174784693,0.007799246573933836,none,0.0003552699752770552,0.0,0.0001560808359196632,12,0.02157414760302181,0.0004334661381973768,53.648627388246176,7.716347451847743e-05,screen,30,0.01156155085523907,0.04314829520604362,nan,nan,nan,nan,0.0,0.0,inf,nan,0.14020782986679806,0.0,0.0,nan,0.0,6942.893621242983,2667.342328285372,20.610895470044657,0.4916960906794716,0.054513333333333344,158.4,elec 100u/160V,SQJ850EP PowerPAK,False,0.0,open-circuit demag margin 0.97 > 0.8 [prescreen]
LNGT72,0.005193274866493205,0.01283875005393836,potcore,0.0008839222265916921,0.00025027573015928915,0.0002498821231558141,12,0.02351148391428855,0.00043358121740019414,63.645517083227155,9.107000327769309e-05,screen,30,0.012599766255381898,0.0470229678285771,1.050041440065703,0.9815264964797943,0.0975863590506896,0.31611647669192,7.715015712012093,1.8953403638709303,4.070517284956357,0.31611647669192,0.19250959429834538,4.085219805314615,2.14113978349035,0.001566328973300837,0.003353729278768016,12554.37965340056,4390.852518446919,22.259807866894366,0.6768764965199782,0.023033333333333333,135.7,elec 220u/63V,BSC160N10 PG-TDSON,True,0.14169651180258377,
LNGT72,0.006809507303380021,0.007236901736843547,none,0.0003575272939304869,0.0,0.000153282383718205,12,0.021542626991507934,0.0004325476830264856,54.30538891679572,7.73533074555248e-05,screen,30,0.011544659010438914,0.04308525398301587,nan,nan,nan,nan,0.0,0.0,inf,nan,0.11796846995560231,0.0,0.0,nan,0.0,6861.226454816258,2475.020394000493,19.589346884018145,0.44525628695434827,0.03803333333333334,149.8,elec 100u/63V,BSC0902NS PG-TDSON,False,0.0,open-circuit demag margin 0.97 > 0.8 [prescreen]
LNGT72,0.005086107290808685,0.013247946780602995,potcore,0.000962591380657573,0.0002704371282926339,0.0002493508029167596,12,0.023672534395698927,0.00043359960823507576,62.8667506527066,8.819423280367607e-05,screen,30,0.012686072948251005,0.047345068791397854,1.0501148268762186,0.9864628520030752,0.0901553793354142,0.30525495255718066,7.341959741720504,1.8571916511342959,3.953259071155278,0.30525495255718066,0.20417046582817822,3.665642201366797,2.0142111213816394,0.0016725851565374892,0.0033689396237556613,12415.94715006448,4530.797798966224,22.941184594520625,0.6962466596895387,0.023033333333333333,135.7,elec 220u/63V,BSC160N10 PG-TDSON,True,0.13486725884440173,
LNGT72,0.0063166694592253474,0.0064431534148873815,potcore,0.0010525133205202572,0.00035249835771781595,0.00013797477340159252,8,0.02046593200228126,0.0003621695708925947,62.60161164457623,6.913942657195147e-05,screen,18,0.0169545332039009,0.04093186400456252,1.0490548630141205,0.8560224063264322,0.16384113236461756,0.6619702321745675,18.278360951393726,1.968712256220973,9.284424828278267,0.6619702321745675,0.10107921952838143,18.433438825682302,2.429157142992805,0.0016720471311524466,0.004061665232059594,7024.060031703299,2203.5584678914843,19.63911339317082,0.2400004400966764,0.017633333333333334,93.1,elec 100u/63V,BSC0902NS PG-TDSON,True,0.2753610547853314,
LNGT72,0.004733605364299181,0.009800381569611763,potcore,0.001670798366769612,0.0006954726474324533,0.00018618312870650355,8,0.021182052754755817,0.0003627788069288336,62.87273209434725,6.924561352688233e-05,screen,18,0.017547787059844475,0.04236410550951163,1.0497762608155352,0.9265093542139003,0.10063055384236715,0.4452667025899202,7.5600352018954124,1.6028168861516836,4.716717965236088,0.4452667025899202,0.1537718014836027,5.011619703795842,1.404478690059627,0.0026326908006236334,0.0036975581269919114,9260.40511140945,3351.7304968072226,22.756288849456187,0.3227287474171663,0.017633333333333334,85.1,elec 100u/63V,BSC160N10 PG-TDSON,False,0.0,pivot 1.40 < 1.5
LNGT72,0.003956009042343958,0.010592277516255903,potcore,0.0006860841783052925,0.00019842824128350685,0.00017980198826779672,12,0.02072428347369003,0.00036052799694262337,63.73486303501004,7.867082711154469e-05,screen,30,0.011106110040977812,0.04144856694738006,1.0501534116546323,0.990652633508234,0.08607479945415884,0.29954675765013566,4.5591938824302884,1.1589705294114299,3.9338307288500456,0.29954675765013566,0.11157237283939192,4.165454398872814,2.0849285740723964,0.0008001782747912786,0.0016683145494642909,13803.86470605756,3622.558910559519,16.72598949042491,0.33013275364317174,0.026033333333333332,148.8,elec 100u/63V,BSC0902NS PG-TDSON,False,0.0,electronics do not fit
LNGT72,0.004742184795264813,0.010205742649257612,potcore,0.0015438582771988094,0.0007255449475674837,0.00022153705217739834,8,0.021489742095233005,0.00036184068927167223,64.27437895185732,8.159534147447133e-05,screen,18,0.017802685255491044,0.04297948419046601,1.0496160120358935,0.9302873686224794,0.11282257630410314,0.43690233062648154,7.13623162078475,1.525346945295476,4.6784317776323245,0.43690233062648154,0.14900748087579685,4.881933480027124,1.4991348293352502,0.0025881794480452284,0.0038800299551342856,10614.264398504247,3490.363986046103,21.135800757955153,0.32805396131491543,0.017633333333333334,85.1,elec 100u/63V,BSC160N10 PG-TDSON,False,0.0,pivot 1.50 < 1.5
LNGT44,0.006565588704024506,0.005695150998205372,potcore,0.0011821864753622368,0.0005184939060479345,0.0001547703649347322,8,0.02024657509431322,0.0004268388370163475,63.866612778233446,7.487695078948704e-05,screen,18,0.016772811991339724,0.04049315018862644,0.863145036839869,0.6374974245036336,0.12795413064833128,0.6144512631732343,12.623748355944537,1.653868966464177,7.632858837017164,0.6144512631732343,0.10818466643664539,11.894703228291926,2.0528679374857153,0.0017704040207911895,0.0036344056506780265,6879.889116068241,2084.4252653431663,19.3499021628008,0.25231798441011544,0.020633333333333333,93.30000000000001,elec 220u/63V,BSC0902NS PG-TDSON,True,0.2138673196001124,
LNGT72,0.005511991516354086,0.012282064437086317,potcore,0.0015943838583089899,0.002308568992888592,0.0002458385250009401,8,0.0234339362764466,0.0005189595506688297,104.27667266476197,0.00010527449848187318,screen,18,0.019413308450982096,0.0468678725528932,1.0497890306036428,0.9017245682790157,0.1094378260715007,0.5392837428983436,10.167241578245664,2.4007909440183104,4.2349549858049285,0.5392837428983436,0.2402523093541971,4.313865143722824,1.7194664585559867,0.004550592259739661,0.00782459075718684,18855.379679855465,4200.46603748352,23.230008064917225,0.5112866012198838,0.017633333333333334,85.1,elec 100u/63V,BSC160N10 PG-TDSON,True,0.18396429827333935,
LNGT72,0.0032892833702237645,0.012026436551249619,potcore,0.000552435408468914,0.00013490344194202336,0.0001887955688555474,16,0.021869433371621595,0.0003643305999963433,64.78518708586573,7.9056328822914e-05,screen,42,0.008700201530401895,0.04373886674324319,1.0501832198787417,1.0288281205059548,0.07269422786104035,0.23135561368762536,2.5953825839379303,0.8250672600202649,3.1456618262542424,0.23135561368762536,0.12520117149882026,2.1131191513518464,1.9789126640756167,0.0005262293205147546,0.0010413618665745547,17701.17958293795,4113.0413005273695,15.053468549824846,0.3762089271333173,0.03443333333333334,204.5,elec 100u/63V,BSC0902NS PG-TDSON,False,0.0,hold 2.1 < 3.0; electronics do not fit
LNGT72,0.0037543233139535103,0.013343780258427704,potcore,0.0009393324847038981,0.0009040061589062115,0.0002512875064478447,12,0.023456103287420562,0.0004342767561160439,89.72164147257406,0.00010384007175787366,screen,30,0.012570087866890683,0.046912206574841124,1.0498187333358737,0.9773127551164456,0.09121718520030199,0.33042385950026276,3.947215733864487,1.2608701221420195,3.130549026856779,0.33042385950026276,0.1687156521507002,2.3848797220157336,1.8285974467514328,0.0013694992625548678,0.0025042628548358013,24376.205101614527,4563.572848382275,16.797169421150326,0.43946920080843216,0.026033333333333332,148.8,elec 100u/63V,BSC0902NS PG-TDSON,False,0.0,hold 2.4 < 3.0
LNGT72,0.006943274761911795,0.006054473392552138,potcore,0.0011786287305124562,0.00035651426805076506,0.00014804761164733697,8,0.020787008641625696,0.00043268374694697926,62.94815361734986,7.756287686002388e-05,screen,18,0.017220521801056182,0.04157401728325139,1.0486334710975733,0.827024363804429,0.16178500829782763,0.7183016363644559,22.197801775748665,2.5377685153038096,8.746976582728724,0.7183016363644559,0.11704502917731148,19.332498593546244,2.5557817527233753,0.001966527749611586,0.005026015738681454,6770.128054910223,2070.6299002528312,19.252564794732155,0.25874597683527145,0.020633333333333333,93.30000000000001,elec 220u/63V,BSC0902NS PG-TDSON,True,0.330833782980003,
LNGT72,0.0047293623156538156,0.01309778075970879,potcore,0.0011398733600319348,0.00028782848206116774,0.0002491473487720786,12,0.02377341014288933,0.0004348560309826767,64.67084333965701,0.00010898478846016982,screen,30,0.012740132098242115,0.04754682028577866,1.050179415888366,0.9904018680442461,0.08421927677915778,0.2975905053144037,6.151882753918091,1.5612983255298953,3.9402352858030376,0.2975905053144037,0.21203948052979657,2.957483367370582,1.776980633331377,0.001744451007639065,0.0030998556563700246,14526.056923499447,4479.441019820406,19.942729810826762,0.6501691449362869,0.023033333333333333,148.5,elec 220u/63V,BSC0902NS PG-TDSON,False,0.0,hold 3.0 < 3.0
LNGT72,0.005086246816790818,0.007208849294860436,potcore,0.0008434011294248277,0.0002696144852620029,0.00010063970437371335,8,0.021046994707291353,0.0001549993426043429,34.95160499835009,6.573432993926142e-05,screen,18,0.017435901309909657,0.04209398941458271,1.0497621396781476,0.9097268366967967,0.11396812160814365,0.5071182598383318,12.06735048010073,1.5298059430738578,7.888157667797822,0.5071182598383318,0.07930840077970484,15.510426013959696,2.022947262290537,0.0013491629077712047,0.002729285410659699,2107.311094756697,2465.4264588422693,40.89126278333622,0.989226619866022,0.017633333333333334,85.1,elec 100u/63V,BSC160N10 PG-TDSON,True,0.15318861604208503,
LNGT72,0.003852196831721317,0.0072870955161177505,potcore,0.0012485382476073996,0.0005267525749748679,0.00017813236441823594,8,0.021257973314847644,0.0003326244537715323,62.566903262383946,6.982995774333992e-05,screen,18,0.017610681711150468,0.04251594662969529,1.0494261898167716,0.9195265337218843,0.12103182033743996,0.4673683231790611,4.80893421208327,0.9778394157227253,4.917918151753953,0.4673683231790611,0.0845541660701325,5.797554205218392,1.2487601123127825,0.0014528205571620568,0.0018142243621320092,10099.98324112291,2492.1866665122707,15.438481268028355,0.14979366233132368,0.017633333333333334,93.1,elec 100u/63V,BSC0902NS PG-TDSON,False,0.0,pivot 1.25 < 1.5
LNGT44,0.005559887343236063,0.006302257822510378,potcore,0.0010831153431655235,0.0006645927704470577,0.00015603959995536717,8,0.021438822399241875,0.00035984394040698085,64.1422660346999,7.77172611750389e-05,screen,18,0.017760501998148163,0.04287764479848375,0.8655667509911564,0.6757631184629788,0.1140374301906721,0.5436267045372322,8.46535975588149,1.2996408662407073,6.513614626760756,0.5436267045372322,0.09721069331946863,8.876921334404939,1.6623174156840241,0.0016844963544322938,0.0028001676266290504,8259.128161008397,2306.6263630387984,17.913784474149953,0.22445779192889354,0.020633333333333333,93.30000000000001,elec 220u/63V,BSC0902NS PG-TDSON,True,0.17083100360411754,
LNGT72,0.004006396913546284,0.009510585499533264,potcore,0.0022202264567323035,0.002274151876502932,0.0001793928389032735,8,0.021570444286019643,0.000508963258581336,105.1206516919095,7.862622985676852e-05,screen,18,0.017869541139365137,0.043140888572039286,1.049889025586896,0.9007312194075743,0.09717160779622809,0.5504279989287746,4.986862236147855,1.3033541266322846,3.826175967258666,0.5504279989287746,0.22276319754470073,2.281996218091597,0.9251607958189952,0.0038838070142701913,0.003593145988129606,16720.281560040235,3252.6202408403765,20.44927043815961,0.29591405819297384,0.017633333333333334,85.1,elec 100u/63V,BSC160N10 PG-TDSON,False,0.0,hold 2.3 < 3.0; pivot 0.93 < 1.5
LNGT72,0.006657135255095092,0.006421882026686145,potcore,0.001130346686339305,0.00032137776263974223,0.00014463064987659525,8,0.02149543142171192,0.00038467666107596483,63.556537796464994,7.751957132975908e-05,screen,18,0.017807398447867717,0.04299086284342384,1.0488628284958983,0.8513437572360889,0.1487998767261367,0.6547550303267178,20.295606002115115,2.4410185288969983,8.314400633118469,0.6547550303267178,0.11131518279928604,18.585686708127334,2.354436849380549,0.001933996474671301,0.004553472566538187,7206.287218902886,2196.2836531266616,19.370333261980967,0.2617749331438468,0.017633333333333334,93.1,elec 100u/63V,BSC0902NS PG-TDSON,True,0.3172547970361541,
LNGT72,0.007042752181196183,0.010281206094125006,potcore,0.0014406295611700782,0.00037109300273716685,0.00018428034677538127,8,0.02159147428222111,0.00042760044197710605,63.98702455562761,8.004692779365747e-05,screen,18,0.017886962958651744,0.04318294856444222,1.0496226312258317,0.914870656206215,0.10281210941773616,0.4690208124349128,20.03737898485619,2.978491790826001,6.7273574654705985,0.4690208124349128,0.19541128183181453,10.452550429105138,1.9334433502347939,0.003410256451113122,0.006593537657999973,8065.57494527444,3516.172484190752,27.89502504338583,0.5605839883029207,0.017633333333333334,85.1,elec 100u/63V,BSC160N10 PG-TDSON,True,0.2636695348593963,
LNGT72,0.005116734457661627,0.006342112667451098,potcore,0.000816232354254171,0.00024213967012727522,0.00010410583465020103,8,0.021021108509831972,0.0001566421783871451,34.29122214305599,6.473405545274451e-05,screen,18,0.01741445648177777,0.042042217019663944,1.0495397672694569,0.8953520939804315,0.14315895846148213,0.5647960243589019,12.187395406508934,1.415079914413458,8.612513881635111,0.5647960243589019,0.0725943182701568,17.113516701295193,2.0520155984288584,0.001233426722973404,0.0025310108750604154,2110.3728933209086,2169.0025322682754,35.24388883986311,0.723674001451001,0.017633333333333334,85.1,elec 100u/63V,BSC160N10 PG-TDSON,True,0.16012238489595593,
LNGT72,0.007416537461005105,0.006999514608600762,potcore,0.0012718230662624003,0.0003823249095264452,0.00011985681220716134,8,0.021607032461206856,0.0004275810616261557,62.66855910544716,7.850531409433319e-05,screen,18,0.01789985177613519,0.04321406492241371,1.0495937023166817,0.8425226146194482,0.12107729520684449,0.6745544236155169,27.820029689679245,3.132307973592127,8.881639329281938,0.6745544236155169,0.14249450688772483,19.901712997387925,2.643840456786185,0.0024885613709109355,0.006579359231609622,6719.0753603002895,2393.8339961414604,22.327198197865613,0.35221676198760654,0.017633333333333334,85.1,elec 100u/63V,BSC160N10 PG-TDSON,True,0.3612731647869375,
LNGT72,0.007002396395078962,0.00610642739078276,potcore,0.0011990467379272255,0.0003608054568112941,0.00016410580584816576,8,0.02076220713258504,0.0004293566827680465,63.63784318043765,7.759802936346966e-05,screen,18,0.017199975558232265,0.04152441426517008,1.0481565543740183,0.8282250009871506,0.17228079819690617,0.7180929725317382,21.90996925672636,2.445802388481944,8.958192763204144,0.7180929725317382,0.11991512921627452,18.625107197553614,2.5060266564104925,0.0020123457807168454,0.005042992168391598,6810.028099012032,2088.3981676477038,19.515507595388424,0.26598240289360237,0.020633333333333333,93.30000000000001,elec 220u/63V,BSC0902NS PG-TDSON,True,0.31662466580349724,
LNGT72,0.007836370047611075,0.012287776377610242,potcore,0.0014246275319830233,0.0006638555493654488,0.00024832595833144326,8,0.023349930017305547,0.0004320284101530236,65.64490592619916,0.00010480371685978953,screen,18,0.01934371538726119,0.046699860034611095,1.049396938392433,0.9120608669596965,0.11840098660786101,0.4839024801230712,23.674538983079195,3.9150950770767823,6.0469895409936925,0.4839024801230712,0.2591080526169429,9.313900906320535,2.222281519232646,0.004890143480470897,0.010867275483046484,9369.871733733717,4202.419521142703,29.441964838712657,0.8176223866360683,0.017633333333333334,85.1,elec 100u/63V,BSC160N10 PG-TDSON,True,0.2861664372027937,
LNGT72,0.004371003268737604,0.006596872128827042,potcore,0.0007261530640937786,0.0001532449841296095,0.0001549023934395535,12,0.021463012325832736,0.0003539865806698819,53.064224040980065,6.581840086532807e-05,screen,30,0.011501993639692228,0.04292602465166547,1.0487612117729952,0.9307305080064376,0.15182928240020296,0.45340470794477394,6.520522543817142,0.9040948680798503,7.212210547844018,0.45340470794477394,0.09346356716420384,7.111660910174416,2.381444765920525,0.0006941983703452293,0.0016531950755692046,8016.097787170888,2256.1302680588483,14.93492285005716,0.22021381079544095,0.026033333333333332,148.8,elec 100u/63V,BSC0902NS PG-TDSON,True,0.12369705984741015,
LNGT72,0.007286078784277841,0.010599749924672868,potcore,0.0012618521728254637,0.0003736455715633564,0.00018104723627180788,8,0.021583502400058404,0.00044106806594164735,51.75239561397805,7.883994293890923e-05,screen,18,0.017880358835232875,0.04316700480011681,1.0495802856783727,0.9148610365282437,0.10765124264523059,0.47158393219067996,22.39332434263096,3.2651012302461297,6.858385931557445,0.47158393219067996,0.1893978563281853,12.052426837571192,2.19648601177419,0.0033040916651178582,0.007257391124051066,6503.862160683982,3625.1144742381207,28.845684884102667,0.5904056712001511,0.017633333333333334,85.1,elec 100u/63V,BSC160N10 PG-TDSON,True,0.2889486938230299,
LNGT72,0.006156913541680715,0.006640948574937059,potcore,0.0011057930036640943,0.00036946593848996535,0.00014322902851433814,8,0.020625086621138933,0.0003618564533012382,62.599510792283795,6.945516339281602e-05,screen,18,0.017086381207191238,0.041250173242277866,1.049174681352509,0.8652269854974217,0.1354628954931004,0.6163519541638108,16.50519315309271,2.05478577568443,8.032561519750146,0.6163519541638108,0.10394437665900058,16.186412522034217,2.22116987643597,0.001732813762660739,0.0038488737310957023,7197.694376698199,2271.204412628474,19.75303169305159,0.24390155425829474,0.017633333333333334,93.1,elec 100u/63V,BSC0902NS PG-TDSON,True,0.27414237694112054,
LNGT72,0.004910292075651117,0.010053270052077784,potcore,0.00157295719853733,0.0007392359422562997,0.000180681717662787,8,0.02140250456197451,0.0003621637663464298,64.2949944984725,7.843605714081124e-05,screen,18,0.01773041531664376,0.04280500912394902,1.0497937976733127,0.9237644767047334,0.1001299878150541,0.4532398594986283,8.366500908170543,1.7129753863729469,4.884192134182247,0.4532398594986283,0.15407294377980293,5.535393184750476,1.5148129266893813,0.002665299924650013,0.004037430779364074,10068.729989114188,3438.2183578106024,21.95512548642969,0.34027505359649146,0.017633333333333334,85.1,elec 100u/63V,BSC160N10 PG-TDSON,True,0.16829072630594372,
LNGT72,0.007962313649712864,0.012504993478565814,potcore,0.00137766278511967,0.0003973494247150042,0.00024583483413645094,8,0.023443509099974454,0.0004207503895451363,63.12219521787029,6.808654515922782e-05,screen,18,0.01942123883765298,0.04688701819994891,1.0493713888175091,0.9269007206691015,0.11533091443429365,0.43812283366644444,23.795283441315387,3.7454639488617567,6.353093706467727,0.43812283366644444,0.2557451177021913,9.484501801986791,2.015775680282813,0.004846018621631665,0.009768486483682748,7255.696370436896,4276.707769669509,37.20596465789075,0.8482599169097776,0.017633333333333334,85.1,elec 100u/63V,BSC160N10 PG-TDSON,True,0.2755293465299761,
LNGT72,0.0034710514541604724,0.013039961205170581,potcore,0.0011177864909007918,0.0015054618033002154,0.00024599872513014054,12,0.023624080785914804,0.0005307757034364879,104.72837233152666,0.00010510684076699295,screen,30,0.012660106737026949,0.04724816157182961,1.049843160104481,0.9650563456997048,0.09591223966009027,0.3642966106442491,3.364372578238302,1.0985299734998932,3.062613364585294,0.3642966106442491,0.19457593930690611,1.7625682451353462,1.544432343844737,0.0015907232074513149,0.002456764371692252,28945.87812008539,4459.666732168339,16.135410923220967,0.41047083220262454,0.026033333333333332,148.8,elec 100u/63V,BSC0902NS PG-TDSON,False,0.0,hold 1.8 < 3.0
LNGT72,0.005097354052476059,0.013413014695111122,potcore,0.0008834338601581478,0.00029785601703177523,0.00024932480670616404,12,0.02350412373954616,0.00043346660664880413,63.69589978660599,9.071323792938732e-05,screen,30,0.012595821949625146,0.04700824747909232,1.0500755329001954,0.9851207918906317,0.092492987953145,0.3091104989007992,7.40922671255072,1.8813720480093037,3.938203887099571,0.3091104989007992,0.19627768124760891,3.84798134311034,2.1556616697005233,0.0015964875862879266,0.00344148709591359,12957.17715791254,4587.251025728004,22.550365567267544,0.6919410581859538,0.023033333333333333,135.7,elec 220u/63V,BSC160N10 PG-TDSON,True,0.13805884361699827,
LNGT72,0.007209363901132626,0.006093359392490056,potcore,0.0012116023569977616,0.00034634632174826164,0.0001459971305408907,8,0.021432657617423478,0.0004289241033850019,64.02030017049762,7.729314861946334e-05,screen,18,0.01775539492567166,0.042865315234846955,1.0487917642664484,0.8255852210192313,0.16125789450461717,0.7265668186954478,24.093584924882148,2.6355339337178343,9.14182307297951,0.7265668186954478,0.12146597902727532,20.219842196069074,2.6005203154773593,0.002104194056171045,0.00547199939077951,6688.308268095228,2083.928912231599,19.94730941626299,0.27679112272605805,0.017633333333333334,93.1,elec 100u/63V,BSC0902NS PG-TDSON,True,0.33843487689767204,
LNGT72,0.007018757725892401,0.005699334343094789,potcore,0.001179308626430418,0.0003372266996148641,0.00014359178466058858,8,0.020874541470695052,0.00042892068807176304,86.1891570968557,7.753991154578558e-05,screen,18,0.017293036370963008,0.041749082941390105,1.0486062094596198,0.8155360761735213,0.1689237668403312,0.7500771638926914,22.734618415711036,2.4461577257309575,9.294011656144335,0.7500771638926914,0.11368494269382108,20.385234641145292,2.7939292346749918,0.0019181165830634039,0.0053590819969357465,9029.24130635185,1949.172345338418,18.605939943485332,0.24158559789336506,0.020633333333333333,93.30000000000001,elec 220u/63V,BSC0902NS PG-TDSON,True,0.3317735522981807,
LNGT36J,0.005083015775439572,0.013492143111119634,potcore,0.0009690206550114881,0.00026897197512647247,0.00024840038014595353,12,0.023682513498439767,0.0004325699576260333,64.02417512159029,8.77805374660954e-05,screen,30,0.012691420733292196,0.047365026996879535,0.6976761328612667,0.666004785672455,0.04428709410864038,0.16001500030146165,3.201819157693554,0.906268996204204,3.5329677734800367,0.16001500030146165,0.20786231951156414,1.5701893314278772,0.9170440423192634,0.0017035470199758208,0.0015622276454795617,12704.502774753484,5990.511541337118,30.189104350675183,1.200024055257772,0.023033333333333333,135.7,elec 220u/63V,BSC160N10 PG-TDSON,False,0.0,hold 1.6 < 3.0; pivot 0.92 < 1.5
LNGT72,0.004345568495369099,0.0060000321356886085,potcore,0.0007219185947883235,0.00015235278118278282,0.00016111816727469865,12,0.021280451998205836,0.00035737921116229187,52.78548246347303,6.561820572219811e-05,screen,30,0.01140415985497705,0.04256090399641167,1.0479267018830958,0.9196437158729436,0.1712908251101309,0.4892752489350119,6.381302808459371,0.8613263680964899,7.408693202510325,0.4892752489350119,0.08783225598035352,7.406044347385854,2.4228790464257184,0.0006468229910919518,0.0015671738718630991,7728.760334909588,2052.0109904055043,14.01471716746807,0.193323337943388,0.026033333333333332,148.8,elec 100u/63V,BSC0902NS PG-TDSON,True,0.1244854416999445,
LNGT72,0.005205072633469576,0.013540495382172169,potcore,0.0008886241419764072,0.0002594855520158908,0.0002515803902009588,12,0.02369404424191545,0.0004289269708875254,63.924258660734196,9.127019842082306e-05,screen,30,0.012697600040097075,0.0473880884838309,1.050096854250324,0.9878718328398342,0.09258198979565857,0.30537305983950425,7.701005160076315,1.940430321531321,3.968709968415123,0.30537305983950425,0.20222753494709375,3.8818443627219934,2.095758854042416,0.0016581737874266122,0.0034751323965403693,12872.477695289079,4630.849420702882,22.99663073382193,0.7240168556317608,0.023033333333333333,135.7,elec 220u/63V,BSC160N10 PG-TDSON,True,0.1400113204979241,
LNGT72,0.004501861317833859,0.005820978812583472,potcore,0.0007791964233000485,0.00023222679632428956,0.00015309785407412033,8,0.019302975866999354,0.0003310086132998212,43.515491524614504,5.1639047816036285e-05,screen,18,0.01599110879654337,0.03860595173399871,1.0482085699134527,0.9021896022391744,0.15029772827799612,0.5155313563535837,7.420763216738973,1.0994349577474087,6.749615486070316,0.5155313563535837,0.06296807468617367,12.013212307832958,1.8111680012768683,0.0009824258708162957,0.001779338300849037,5396.370168808821,1990.7747539035474,16.053298647232847,0.1197703463300002,0.020633333333333333,93.30000000000001,elec 220u/63V,BSC0902NS PG-TDSON,True,0.1901611827347511,
LNGT72,0.004261893031843844,0.010156926536212418,potcore,0.0007957051329018747,0.00022884676974485046,0.000191402229761289,12,0.02120849865870373,0.00035437698011448604,64.02325193103138,6.910709534184067e-05,screen,30,0.011365600176552427,0.04241699731740746,1.0500417900552572,0.9740792318729148,0.09409403281125993,0.32624600301095685,5.474471004821699,1.2365656181849578,4.427157705433519,0.32624600301095685,0.12318262447472386,4.530265967619611,2.2405899589778335,0.0009040864102394376,0.0020256869328307983,11811.09404765661,3473.668875384647,18.82937995721559,0.36752419646069834,0.023033333333333333,148.5,elec 220u/63V,BSC0902NS PG-TDSON,True,0.12296728035214813,
LNGT72,0.005114958895546192,0.006665571051762333,potcore,0.0008410857889617143,0.0002442103801136684,9.888626837983776e-05,8,0.020955045501597252,0.00015,34.5261155606946,6.50725005725154e-05,screen,18,0.017359728093813795,0.041910091003194504,1.0496943413573352,0.9019076516239795,0.12501393951128398,0.536470577464275,12.328918320557623,1.4797878857260447,8.33154429731566,0.536470577464275,0.07569588250168588,16.602890797618535,2.0397641067961247,0.0012820825023321441,0.0026151458702084666,1940.8993631499413,2279.6252997027177,40.55161644490618,0.9630666552272037,0.017633333333333334,85.1,elec 100u/63V,BSC160N10 PG-TDSON,True,0.1530025587592526,
LNGT36J,0.0049798148153553405,0.013064595832501613,potcore,0.0008546169809280021,0.000266986092317822,0.0002510782427000396,12,0.022769236435263903,0.000462907190684678,56.962660109291846,0.00010552688348267629,screen,30,0.012201997030204515,0.045538472870527806,0.6973742212303928,0.6654095087694059,0.0468540525330068,0.16189397925999835,2.9959333353058932,0.8526847736916645,3.5135297682578757,0.16189397925999835,0.18560501094259588,1.6454073800070845,0.9797769925487324,0.0014624759275294649,0.001432900265949737,12645.502673472785,5800.680549630716,26.129621184956193,1.0807384392550532,0.026033333333333332,136.0,elec 100u/63V,BSC160N10 PG-TDSON,False,0.0,hold 1.6 < 3.0; pivot 0.98 < 1.5
LNGT72,0.006583536517399587,0.006359177625192355,potcore,0.0010977394699872474,0.00023989534028527194,0.0001538437356138586,8,0.02082584536176234,0.0003648627488157927,62.47531233983088,7.69031499081244e-05,screen,18,0.017252695193453554,0.04165169072352468,1.0485455283853984,0.8650238139213846,0.1583855744463869,0.6258367691044664,18.939879213311613,2.1618751185326883,8.760857207222275,0.6258367691044664,0.10608642520923547,18.199035928850027,2.246185722963936,0.0017857372698846157,0.0040110975605794205,7113.102102856294,2174.8387478157856,19.101895079503674,0.25254545012859453,0.017633333333333334,93.1,elec 100u/63V,BSC0902NS PG-TDSON,True,0.29071498128995504,
LNGT72,0.005002987776378184,0.010862743268926259,potcore,0.0010232167405201625,0.001158620482837233,0.0001914757724448849,8,0.02093131321441288,0.00037044225914880643,88.5070223667425,7.765353563693553e-05,screen,18,0.017340067623377996,0.04186262642882576,1.04977071439555,0.9185873104943377,0.10162629093878782,0.47281694180155887,9.07365358818802,1.9391827763364393,4.679112097586918,0.47281694180155887,0.12524838640432437,7.38483928010873,2.209809689149049,0.0021189647118496197,0.004682508751210212,15178.43843852604,3715.058197972781,21.66288319799367,0.32797161617971327,0.017633333333333334,85.1,elec 100u/63V,BSC160N10 PG-TDSON,True,0.20033531244724073,
LNGT72,0.003623022442277069,0.006622590832619741,potcore,0.000586900338800209,0.00017250644597177945,9.935062042042679e-05,12,0.020988649854938722,0.00015051777504326453,33.095612882177,6.579116282257523e-05,screen,30,0.011247783557700862,0.041977299709877444,1.0498793302525307,0.9430259283751928,0.11135387657548157,0.412369622347779,5.162295300789025,0.803213352646778,6.427053638710115,0.412369622347779,0.06842317440331455,7.690784065437284,2.33029187463756,0.0004969792812869667,0.001158106781046233,2650.3461858971013,2264.9260647559513,28.282764208232297,0.7894098246633824,0.020033333333333334,135.5,elec 100u/63V,BSC160N10 PG-TDSON,True,0.08388947262725914,
LNGT72,0.007773744599708232,0.012652696628938608,potcore,0.0014606508358920478,0.00040885833972527255,0.0001882533066923583,8,0.023666112264335903,0.0004386909456566751,64.76950414551396,8.827913162127094e-05,screen,18,0.019605649337064338,0.04733222452867181,1.0497862868680743,0.9281413605950275,0.09005598423731824,0.4296905560458934,25.1356379355282,3.737338229559512,6.725545399323069,0.4296905560458934,0.2622476688780652,9.770330800536962,1.906177675217813,0.0050164173938438885,0.009562182845719544,8600.061023328231,4327.222247097004,32.58954076158916,0.8438340447107845,0.017633333333333334,85.1,elec 100u/63V,BSC160N10 PG-TDSON,True,0.27749305013077663,
LNGT72,0.004471777428988067,0.006384949879859087,potcore,0.0007428774019017089,0.00015677716402082858,0.0001566783291762246,12,0.021216007522433366,0.00035509326096545336,53.19672103249823,6.949049841489325e-05,screen,30,0.011369624164497289,0.04243201504486673,1.0484516052119823,0.9228932462350251,0.16073379916444044,0.4772061047538779,6.9739891910389,0.9445359516646711,7.3835084612161,0.4772061047538779,0.09419066974061205,7.54752182609574,2.514291163230076,0.0006915476471340259,0.0017387521381416321,7998.6680715660905,2183.6528589118075,14.52281441460098,0.21984584441356897,0.026033333333333332,148.8,elec 100u/63V,BSC0902NS PG-TDSON,True,0.1297934124515073,
LNGT72,0.004585869459626689,0.010547682610686095,potcore,0.0008657680575369235,0.00025173842694500284,0.0001763961297951973,12,0.021597450214388376,0.0004342464579589212,63.189436883156105,7.711985590224497e-05,screen,30,0.011574038687033486,0.04319490042877675,1.050070581671602,0.9683816882614351,0.08788862184593174,0.33596240683517287,6.946883137653599,1.5091967901565935,4.603033337311031,0.33596240683517287,0.1430798196927774,4.949286579209813,2.3617410010143565,0.0010693784503474641,0.0025255949317868013,11682.553540207953,3607.3074528546445,19.511464323769722,0.44038974443452755,0.023033333333333333,148.5,elec 220u/63V,BSC0902NS PG-TDSON,True,0.13952531371281385,
LNGT28,0.005191586016427469,0.014272501719713527,potcore,0.0008834338601581478,0.0002507400350560703,0.00024932480670616404,12,0.02350412373954616,0.00043346660664880413,63.69589978660599,9.071318608854682e-05,screen,30,0.012595821949625146,0.04700824747909232,0.9830680848297279,0.887639106194933,0.14056530973574166,0.3090216683483361,5.282446551973295,0.5964058360427292,8.857134241045282,0.3090216683483361,0.20910577616379905,2.57513543265099,0.65395163413077,0.0017008290180760112,0.0011122599157478404,13108.515959992556,2526.2328043892944,12.275277539968643,0.2050332615082573,0.023033333333333333,148.5,elec 220u/63V,BSC0902NS PG-TDSON,False,0.0,hold 2.6 < 3.0; pivot 0.65 < 1.5
LNGT72,0.005191586016427469,0.013413014695111122,potcore,0.0008834338601581478,0.0002507400350560703,0.00024932480670616404,12,0.02350412373954616,0.00043346660664880413,65.70661884866918,9.080254183406571e-05,screen,30,0.012595821949625146,0.04700824747909232,1.0500958802579488,0.9878189472209055,0.09284812500339759,0.3057367135502727,7.635968836584029,1.9204497474423001,3.9761357186012236,0.3057367135502727,0.19908024805398222,3.9099118545549696,2.1136593737092255,0.0016192831638985729,0.0034226130380637506,13182.67135517505,4587.251025728004,22.86431532652543,0.7120420908903532,0.023033333333333333,135.7,elec 220u/63V,BSC160N10 PG-TDSON,True,0.1397606099661496,
LNGT72,0.006529378546945146,0.009793437435938267,potcore,0.0012303085533918031,0.0003514633304128975,0.0001764363066021086,8,0.021231949959057535,0.0003557589699756078,48.387453667087215,6.909011445035499e-05,screen,18,0.01758912325733702,0.04246389991811507,1.049566978696239,0.9175234213744977,0.10625238789737196,0.4617336941439375,17.247563052775895,2.6619587697619673,6.479275054405961,0.4617336941439375,0.15545074390879776,11.310086572274109,1.9844657781814325,0.0026677049517460313,0.005293969183025149,6013.56861219318,3349.355603090887,26.950185407471828,0.45162911972194075,0.017633333333333334,85.1,elec 100u/63V,BSC160N10 PG-TDSON,True,0.2609091100920439,
LNGT72,0.0042918604816556795,0.006602353086135656,potcore,0.0007327885054427219,0.00021726518572799588,0.0001560128283721321,12,0.02149022311593394,0.0003834562093245495,53.43561080839561,7.728775069081767e-05,screen,30,0.011516575858158289,0.04298044623186788,1.0488326540462685,0.9253922419002439,0.13227745532368373,0.44625995706725446,6.46100768919725,1.0478610695534334,6.165901069261725,0.44625995706725446,0.09518357191395474,6.9194129837723395,2.268675335921698,0.0007078699644150016,0.0016059271293080843,8859.960620400787,2258.0047554583944,13.618329526020311,0.21500551733148968,0.028033333333333334,148.89999999999998,elec 470u/63V,BSC0902NS PG-TDSON,True,0.1380543014973717,
LNGT72,0.006962024777494598,0.010332438071606198,potcore,0.0014244633868570385,0.0003697621713897054,0.00018347901859391697,8,0.02157864462007654,0.0004338943656205185,63.719339221806365,8.022063230417655e-05,screen,18,0.01787633451852985,0.04315728924015308,1.0496361869657087,0.9165550546232233,0.10171508748754057,0.4636591806508636,19.53699122036954,2.9358748731553397,6.654572168251879,0.4636591806508636,0.1922169923577946,10.36088602922883,1.916092739779736,0.0033525174607345887,0.006423734366498342,8135.640311812347,3533.6938204893195,27.6763262169835,0.5530259011363546,0.017633333333333334,85.1,elec 100u/63V,BSC160N10 PG-TDSON,True,0.26114593166914823,
LNGT38,0.007893321814752967,0.01368588400806335,none,0.00035527183445069604,0.0,0.0002493238554726301,12,0.02350420096436022,0.0004334619796116385,63.64217963119437,9.080788839313427e-05,screen,30,0.012595863334278272,0.04700840192872044,0.6552314787000255,0.4121711183629892,0.5706046514282784,0.812878508448261,8.236150021388843,1.5465977414758791,5.325334313193354,0.812878508448261,0.22246136804896288,3.773989066717376,4.7247858499275415,0.0018094669610902996,0.008549343893670836,9761.658462206988,4598.457026709285,29.9801339345358,1.2242834349717544,0.036513333333333335,155.7,elec 100u/63V,SQJ850EP PowerPAK,False,0.0,demag margin 0.81 > 0.8; electronics do not fit
LNGT72,0.0050089716766165875,0.013478030661611153,potcore,0.0008553952617007337,0.00025055223317414733,0.000249883074389348,12,0.02351140668947449,0.0004335858444373597,63.69923723863879,9.106460487778403e-05,screen,30,0.012599724870728772,0.04702281337894898,1.0501200845935628,0.9919207389800779,0.0912180778608195,0.29859454872597724,6.989121977200279,1.8221338488706889,3.835679789128529,0.29859454872597724,0.1887942807406008,3.7736774687829047,2.056854200804906,0.0015360947681901768,0.003159522976786403,13245.857316073223,4609.486486271015,22.166988986132434,0.6712036006865828,0.023033333333333333,135.7,elec 220u/63V,BSC160N10 PG-TDSON,True,0.1351543673788765,
LNGT72,0.006400386319817362,0.010871875248855514,potcore,0.0010876177531075522,0.0002948187932312815,0.00019132506273058334,8,0.020710385656026092,0.00037114736622087026,64.85429527025788,7.77983010267906e-05,screen,18,0.017157045241406432,0.041420771312052185,1.0495958587018763,0.9367250611753143,0.1052926547079975,0.4106349506327999,15.533154044587812,2.560942523361832,6.065405179104504,0.4106349506327999,0.15100136889086643,10.48599768449459,1.9829265632415796,0.0025276921446439646,0.005012227897311594,9176.675483727357,3718.1813351085857,26.27749347823165,0.48348220741075487,0.017633333333333334,85.1,elec 100u/63V,BSC160N10 PG-TDSON,True,0.2444975101044541,
LNGT72,0.003861784669762326,0.013441590181683926,potcore,0.0009514797854408612,0.0008928124850369818,0.00024875801257280875,12,0.023725631815302482,0.00042745998989151694,113.30286572128358,7.823042976878913e-05,screen,30,0.012714527769656904,0.047451263630604965,1.0498243241500809,0.9755930734970789,0.08994942356748509,0.3324238170247533,4.16999982677682,1.3419358375707895,3.107450974947858,0.3324238170247533,0.1720189953783319,2.471101717613658,1.9193344272160204,0.0014123578753507228,0.002710787093710315,26182.23106318584,4597.023842135903,19.89349088876637,0.46439653839887207,0.023033333333333333,148.5,elec 220u/63V,BSC0902NS PG-TDSON,False,0.0,hold 2.5 < 3.0
LNGT72,0.0045210756413262415,0.0057936652680239216,potcore,0.0007701800740564071,0.00016326442502363428,0.0001512948095421201,8,0.01948183964554109,0.0003272455646828693,44.14263614727204,5.156512992880861e-05,screen,18,0.01613928440232194,0.03896367929108218,1.0481115051546834,0.9101533905392062,0.15088298648111814,0.49474157350240205,7.411027947159961,1.038429430605482,7.13676608995835,0.49474157350240205,0.06248333836217633,12.09052664922449,1.6682353242416608,0.0009838962325766005,0.0016413704505725737,5452.107594411393,1981.4335216641812,16.042548222358146,0.11943877284381228,0.020633333333333333,93.30000000000001,elec 220u/63V,BSC0902NS PG-TDSON,True,0.18261017155266293,
LNGT72,0.005063054124681304,0.0063737593912140565,potcore,0.0008767684971546938,0.0002887722564693414,0.000157009190283781,12,0.021379192698868666,0.00043596180770459695,53.13437383113765,7.761113864549657e-05,screen,30,0.011457074836982427,0.04275838539773733,1.0485709395223228,0.8945523149046514,0.14535576690333096,0.5369663466907056,10.00524631718651,1.422139296936989,7.035349025750052,0.5369663466907056,0.11514555286364098,8.857509120081751,2.7888827298045427,0.0008519008145791304,0.002375851469286159,7544.993149632492,2179.825711795207,15.351064203801682,0.2743419936196137,0.026033333333333332,148.8,elec 100u/63V,BSC0902NS PG-TDSON,True,0.17373154591969428,
LNGT72,0.004042249620328595,0.010900189293264096,potcore,0.0007649203049453195,0.0001976746036500036,0.0002207459497849207,12,0.02146350023518683,0.00036019438201621303,62.893300272031226,6.753975657803785e-05,screen,30,0.011502255109527045,0.04292700047037366,1.0501173161710897,0.9933592450968894,0.09257834252204493,0.2939112147761885,4.325865335415008,1.1177813984786378,3.870045915330806,0.2939112147761885,0.12040866844672998,3.6622352168149837,1.9911501090112251,0.0008943527847886836,0.0017807906449264803,12370.098503259513,3727.864738296321,18.953585235995345,0.3639431045526277,0.023033333333333333,148.5,elec 220u/63V,BSC0902NS PG-TDSON,True,0.10835852761343702,
LNGT72,0.005134173078513817,0.013180013212297267,potcore,0.0009720255331260947,0.00027336177408431934,0.0002496856565869948,12,0.023696857816723493,0.00043393079956017123,63.69490940146183,8.792603702404694e-05,screen,30,0.012699107830292395,0.047393715633446985,1.0501007969156708,0.984669107890159,0.0910184117118841,0.3082713158916806,7.525929503207737,1.8776567388635959,4.00814981111117,0.3082713158916806,0.20670326822394886,3.7114515461558053,2.025807308497366,0.00169507402364883,0.003433893345551836,12425.692650294683,4507.564518605665,23.106069151567404,0.7041430478835085,0.023033333333333333,135.7,elec 220u/63V,BSC160N10 PG-TDSON,True,0.136019172021548,
LNGT72,0.004868998162192376,0.006393907668293873,potcore,0.0008074871248349217,0.00017063085294374264,0.0001565672378196763,12,0.021591600035198718,0.0004335810545102843,52.933935179682614,7.743284248286509e-05,screen,30,0.011570903585454593,0.043183200070397436,1.048385665930704,0.9131351896245538,0.16677903504138697,0.5102790296128159,8.791287291978062,1.1055805268152068,7.951738547080514,0.5102790296128159,0.10583070511268924,8.467823079336297,2.5277552494787106,0.0007907643445221148,0.0019988587229663674,7813.368242719902,2186.7164225565048,14.81454627148859,0.2549136964886978,0.026033333333333332,148.8,elec 100u/63V,BSC0902NS PG-TDSON,True,0.14486207060279715,
LNGT72,0.0074151775437465385,0.01428461979208034,none,0.00038283343040157615,0.0,0.0002494217174663966,12,0.023662442138264416,0.00043359930267355826,63.531060157891325,8.828163018759418e-05,screen,30,0.012680664523792236,0.04732488427652883,nan,nan,nan,nan,0.0,0.0,inf,nan,0.20731828971883387,0.0,0.0,nan,0.0,10278.292999054484,4885.339968891477,30.196728920254255,1.2074840528288535,0.03290019050014896,155.3,elec 470u/63V,SQJ850EP PowerPAK,False,0.0,open-circuit demag margin 0.90 > 0.8 [prescreen]
LNGT72,0.0050763866208770715,0.006414394966382103,potcore,0.0008053864032519231,0.00024019984764720695,0.00010071538955557137,8,0.021027352602393655,0.00015975542259329345,34.05014430157337,6.461700980658464e-05,screen,18,0.017419629257425292,0.04205470520478731,1.0495977918605846,0.8979908035962166,0.14014188222006105,0.5576506365786787,12.108723588430303,1.4114685839589982,8.578811973601852,0.5576506365786787,0.07214398726444635,17.10918084261195,2.0413640860984295,0.0012261393969069988,0.002502996929396335,2198.6324791144375,2193.723078502679,33.97411258601719,0.6712520261829642,0.017633333333333334,85.1,elec 100u/63V,BSC160N10 PG-TDSON,True,0.16283830224890664,
LNGT72,0.006638942801316039,0.01126811892498187,potcore,0.0011526928883282884,0.00033057562190048716,0.00018270192243667778,8,0.02145876285556525,0.00035800361017900804,63.92886491759705,7.896047345987257e-05,screen,18,0.01777702121304626,0.0429175257111305,1.0496830290965562,0.9344400723139232,0.09849376527053831,0.41403357148820663,17.38447448686039,2.793069110934727,6.224147629860298,0.41403357148820663,0.16868508271823063,10.505479537010222,1.976030510349697,0.002925744969910708,0.005781361326045714,8920.262182100452,3853.6966723437995,27.61829741888249,0.5420583734415422,0.017633333333333334,85.1,elec 100u/63V,BSC160N10 PG-TDSON,True,0.25370029321890336,
LNGT72,0.004305567663528263,0.0068855761832047994,potcore,0.0007307668508821512,0.00020781081269407158,0.0001416162510908043,12,0.021527100077521226,0.00038511156787526503,63.5652351980902,7.731388821539548e-05,screen,30,0.011536338162311543,0.04305420015504245,1.0492591461871654,0.9299693607669662,0.11937393686965571,0.43158309701427827,6.774399522470031,1.097141945463378,6.17458802890711,0.43158309701427827,0.09751248519550165,7.081766015225037,2.292393560698001,0.0007264342584055727,0.0016652732162393627,10686.616920542016,2354.8670546560415,14.007021988568967,0.22753090537702964,0.028033333333333334,148.89999999999998,elec 470u/63V,BSC0902NS PG-TDSON,True,0.14170646386305638,
LNGT72,0.0030906971462348835,0.01369692306428513,potcore,0.0005224867340559301,0.00013751846108311398,0.000252339205491955,20,0.023472455083736854,0.0004330316998495039,63.687202384980786,9.091892104375091e-05,screen,54,0.007435343322960955,0.04694491016747371,1.0501385939729577,1.0407695224972846,0.07229520390804282,0.1948166940982984,1.8225730112966922,0.6414071761472735,2.8415226381536636,0.1948166940982984,0.1588106278448746,1.169866661777363,1.8122257667187784,0.00045583088976122087,0.0008260684836916315,20941.569582379463,4684.347687985514,14.245971299943626,0.49819821540721526,0.04283333333333334,260.2,elec 100u/63V,BSC0902NS PG-TDSON,False,0.0,hold 1.2 < 3.0; electronics do not fit
LNG40,0.004272715463730074,0.010960485584176031,potcore,0.0007069951255154508,0.00020121354302822067,0.00024082365982939835,12,0.02151094304794832,0.0003566372493081303,62.90168285477912,8.68432722745459e-05,screen,30,0.011527679636259251,0.04302188609589664,1.2254189750592486,1.0884053630195898,0.31632542625570786,0.5141374520679305,4.664940014952872,0.36841320500741476,12.662249755295782,0.5141374520679305,0.12498783702608793,3.804602630356434,0.8564399165550699,0.0009304172749405717,0.0007968464933114988,13613.996641629157,1611.1913808738766,7.444298094520043,0.0721896521715672,0.026033333333333332,148.8,elec 100u/63V,BSC0902NS PG-TDSON,False,0.0,pivot 0.86 < 1.5
LNGT72,0.00504337497765596,0.013284396040676357,potcore,0.000954365388208664,0.0002691433259386324,0.00025018754282348215,12,0.023649415003962,0.000437487932268254,63.686526818713936,8.850242461738668e-05,screen,30,0.012673683303560189,0.047298830007924,1.050121389078395,0.9877561373104016,0.08983607564694965,0.30311127549550415,7.17080504652261,1.8340382326813396,3.909844908761247,0.30311127549550415,0.20168642259248004,3.6242841963416783,2.0031148081945673,0.0016506219937263856,0.0033063853583649634,12712.23511263464,4543.263445911314,22.761116886906468,0.6877546984408557,0.023033333333333333,135.7,elec 220u/63V,BSC160N10 PG-TDSON,True,0.13363515148125982,
LNGT72,0.003418641745592504,0.00684913803680131,potcore,0.0005324617570340069,0.00012654128966903752,0.00010088876255606816,12,0.02162522409472094,0.00015277553106805147,34.587880939210194,6.455476674660016e-05,screen,30,0.011588922664645064,0.04325044818944188,1.0500628186204357,0.9602781251489089,0.11390101248781276,0.38186335145288297,4.341037817174114,0.6894068724512561,6.296771892828851,0.38186335145288297,0.0646373401736818,6.846066051489512,2.0566332025847425,0.000483720681331803,0.0009948360140038996,3040.492103634259,2342.405208586048,26.646618279034286,0.6875491926456577,0.020033333333333334,135.5,elec 100u/63V,BSC160N10 PG-TDSON,True,0.0752156625273668,
LNG40,0.006676877331809836,0.006247119461275554,potcore,0.0011393704992228935,0.0003378982665307782,0.0001558394553716353,8,0.021513983641419196,0.0003904361008497915,52.89787417075878,7.734999375080215e-05,screen,18,0.017822767609897473,0.04302796728283839,1.2138467223314564,0.7590197452872074,0.46246342328167417,0.901484072218641,22.519116335594713,0.7721272825260738,29.165031265210178,0.901484072218641,0.11032678060376792,20.806613110177533,0.8112844531680529,0.001918478284592918,0.0015564316060307495,5920.298944541031,918.3265608075064,8.205248301870522,0.046869060516310214,0.017633333333333334,93.1,elec 100u/63V,BSC0902NS PG-TDSON,False,0.0,demag margin 0.90 > 0.8; pivot 0.81 < 1.5
LNGT72,0.005189986850434693,0.007247397091379344,potcore,0.0007981097491150585,0.0002598280443953624,0.00010133030021986993,8,0.021029381418137937,0.00015651570190641366,32.925767514439904,6.566125848826152e-05,screen,18,0.017421309983418967,0.042058762836275874,1.0497109919730077,0.9093761616290453,0.1332748973270642,0.5264501367359347,12.70451809001818,1.5716641316531248,8.083481600267339,0.5264501367359347,0.07873440590473313,16.448436924069675,2.114385141112172,0.0013382774531074941,0.002829633961535927,2004.4427790721256,2478.609805251736,40.71462206793844,0.9796084607453031,0.017633333333333334,85.1,elec 100u/63V,BSC160N10 PG-TDSON,True,0.1590212213953279,
LNGT72,0.005085092335421031,0.0072085023569856905,potcore,0.0008438273655937891,0.00026962652301223267,0.00010195898041974046,8,0.02104620851450548,0.00015575258103391014,30.708771316888146,6.573408500287204e-05,screen,18,0.01743525000648056,0.04209241702901096,1.0497521493313147,0.9097994777617912,0.11468312533348647,0.5068696251075538,12.002042897489499,1.5257932865578328,7.866100213722877,0.5068696251075538,0.07930998773197956,15.426176092470715,2.019719642499457,0.0013491395065167115,0.0027248835617838265,1869.7696380504538,2465.307806089106,40.489786603801264,0.9698936305891076,0.017633333333333334,85.1,elec 100u/63V,BSC160N10 PG-TDSON,True,0.15343434049227403,
LNGT72,0.005389268152145054,0.01200860678340902,potcore,0.0015588852276685566,0.0022571691762387756,0.0002458385250009401,8,0.02291218447621744,0.0005189595506688297,104.27667266476197,0.00010527449848187318,screen,18,0.018981075107287103,0.04582436895243488,1.0497726980168798,0.9019194447778908,0.11104751971539073,0.5390552019253505,9.656550316340269,2.2886355873222293,4.219348143423181,0.5390552019253505,0.2258851535355457,4.357780115269734,1.7422401956617657,0.004183206398965503,0.007288150335027208,19068.856722462035,4106.943519925885,22.45852550643546,0.4778902498474012,0.017633333333333334,85.1,elec 100u/63V,BSC160N10 PG-TDSON,True,0.18096059795561695,
LNGT72,0.0044873660984722456,0.009480044441132679,potcore,0.0011025721291726012,0.0010199778041802153,0.00019075826859722806,8,0.020931893731782416,0.0003657362982195566,90.8109287718338,7.803134646485739e-05,screen,18,0.017340548539713306,0.04186378746356483,1.0497004560523167,0.9168777910136138,0.10677728027095436,0.47892747497564936,6.933019931192207,1.5063208080580572,4.602618442302625,0.47892747497564936,0.11117890387613058,6.356690305703268,1.8530146639623148,0.0018809879677039248,0.0034854982868920458,15820.684337960663,3242.1751988673764,18.61012676573659,0.24322615431633854,0.020633333333333333,93.30000000000001,elec 220u/63V,BSC0902NS PG-TDSON,True,0.17205232804537476,
LNGT72,0.0018899399862103983,0.007010207104427728,potcore,0.0003,8.935994054083842e-05,0.00010157218669378777,20,0.021054863148392694,0.00015735348336107027,34.45650594625673,3.875087259689044e-05,screen,54,0.006669525431735761,0.04210972629678539,1.0502060270724418,1.0269827515232797,0.07978256074675162,0.24662989098807178,0.9059042404951775,0.26533320666654986,3.4142135915677057,0.24662989098807178,0.06594978299544291,1.400231728588553,1.3720536115231772,0.00016979756840131802,0.00023297136695288212,5797.255911717467,2397.490829714283,14.249699907705608,0.21244997650423963,0.03683333333333334,259.7,elec 100u/63V,BSC0902NS PG-TDSON,False,0.0,hold 1.4 < 3.0; pivot 1.37 < 1.5; electronics do not fit
LNGT72,0.0048857487312264775,0.01228853679113281,potcore,0.000834354518557748,0.0002361485043308542,0.0002484680095679476,12,0.021709874377765746,0.0004358685458810273,63.28953814192263,9.103418877340377e-05,screen,30,0.011634286614606908,0.04341974875553149,1.0500204065106291,0.985077143953048,0.0985477595438362,0.3103734399699191,6.554811427827873,1.6362882482377263,4.005902648807366,0.3103734399699191,0.16678762101640457,4.006151608488217,2.2226576431366665,0.0012530594814393863,0.0027851222337261197,12954.707125724932,4202.679582567421,20.53196935737719,0.5756480003652007,0.023033333333333333,135.7,elec 220u/63V,BSC160N10 PG-TDSON,True,0.13150876684047028,
LNGT72,0.005183164116270431,0.007209269161573715,potcore,0.0008325831696397913,0.00025542987934072767,9.790619227891379e-05,8,0.02112815387119874,0.00015,32.570328831422046,6.538578407792327e-05,screen,18,0.017503135762712257,0.04225630774239748,1.0497603689890767,0.9092122887171332,0.12083417527417022,0.516958655604659,12.728305005170741,1.5804594087687764,8.05354755367394,0.516958655604659,0.08005919327677945,16.206541911877498,2.0707131158242866,0.0013671868385646345,0.0028310517183981303,1812.7829361980716,2465.5700532582105,44.298975783580694,1.1548171259380613,0.017633333333333334,85.1,elec 100u/63V,BSC160N10 PG-TDSON,True,0.1526859398644058,
LNGT72,0.004967482506087874,0.013469667905865937,potcore,0.0008494089669322386,0.00025517873604910486,0.0002539274959297429,12,0.02341184804362782,0.00044029418058544247,64.10183264896192,9.133983435173293e-05,screen,30,0.012546371553220468,0.04682369608725564,1.0501132661214647,0.9923111075679062,0.091929849590186,0.2978091760746949,6.813141249421139,1.7892151113676038,3.807893867056292,0.2978091760746949,0.18628488819920383,3.728213372923948,2.0487574820124497,0.0015092593829731662,0.003092106453163767,13446.240811591593,4606.62642380615,21.961022432421746,0.6607795439017115,0.023033333333333333,135.7,elec 220u/63V,BSC160N10 PG-TDSON,True,0.13343667527014738,
LNGT72,0.005134173078513817,0.013180013212297267,potcore,0.0009720255331260947,0.00027336177408431934,0.0002496856565869948,12,0.023696857816723493,0.00043393079956017123,52.65593747842898,8.792603702404694e-05,screen,30,0.012699107830292395,0.047393715633446985,1.0501007969156708,0.984669107890159,0.0910184117118841,0.3082713158916806,7.525929503207737,1.8776567388635959,4.00814981111117,0.3082713158916806,0.20670326822394886,3.7114515461558053,2.025807308497366,0.00169507402364883,0.003433893345551836,10272.19445742826,4507.564518605665,23.106069151567397,0.704143047883508,0.023033333333333333,135.7,elec 220u/63V,BSC160N10 PG-TDSON,True,0.136019172021548,
LNGT72,0.0029576814513815526,0.006027607415256362,potcore,0.0005049738729830996,0.00014074194911161195,0.00014765663319376844,12,0.01927386435773829,0.00032974340791455453,43.84986450610529,5.2183320938643965e-05,screen,30,0.010328832779365948,0.03854772871547658,1.0493545037286616,0.9601407277631467,0.12088784182952507,0.35724149671916466,2.4717714458715436,0.5267213468739917,4.69274970635065,0.35724149671916466,0.06447815762265172,3.907749209932223,1.3418148645147805,0.0004300629011011115,0.0005770647933738214,8020.025271324257,2061.441736017676,11.27102942366163,0.09943748699800017,0.03203333333333334,149.3,elec 100u/63V,BSC0902NS PG-TDSON,False,0.0,pivot 1.34 < 1.5; electronics do not fit
LNGT72,0.0029752753332368234,0.011107199445652307,potcore,0.0005655289339657296,0.00015737544023520952,0.0002241465123359121,16,0.021469160444094092,0.0003600775975403579,62.72220105946829,6.701246434691585e-05,screen,42,0.008540963059176931,0.042938320888188185,1.050183169797518,1.0278206449106613,0.08044151576397532,0.23087300723435397,1.8695056347870462,0.6378369734010121,2.9310085691938657,0.23087300723435397,0.10747960682464423,1.7730937626010395,1.6352015983009511,0.0004434761308273739,0.0007251728779372435,16449.729122548488,3798.662210413089,14.484156738601742,0.29523056358532895,0.030433333333333337,204.1,elec 470u/63V,BSC0902NS PG-TDSON,False,0.0,hold 1.8 < 3.0; electronics do not fit
LNGT72,0.004504559755562265,0.006461365671210033,potcore,0.0007484645755838433,0.0001583819086478281,0.00015780790902820207,12,0.0213143261494557,0.0003616560905728686,53.37418813794263,7.0756332611268e-05,screen,30,0.011422312957920431,0.0426286522989114,1.0484788443759907,0.9233206559001017,0.1599466584728057,0.47562361967414774,7.07937198904249,0.96142996769211,7.36337770502032,0.47562361967414774,0.0958447458645193,7.529348784747364,2.5174888489334846,0.0007069528987698331,0.0017797460393742573,8081.976579996624,2209.787059553831,14.593656526219046,0.22603974826737824,0.026033333333333332,148.8,elec 100u/63V,BSC0902NS PG-TDSON,True,0.1305415133766829,
LNGT72,0.005158714266147053,0.012733623990231974,potcore,0.0008778701690972544,0.00024806291404489225,0.0002487525433038367,12,0.023413165287266217,0.0004270183877927789,63.46804997778276,8.980416908131835e-05,screen,30,0.012547077461958756,0.046826330574532435,1.0500375255490078,0.9814180597819467,0.09786171510472662,0.3163325898543351,7.59985610304158,1.8662870838661543,4.072179553050276,0.3163325898543351,0.18902138866732576,4.0985044648590305,2.1431086243815627,0.0015315163688436493,0.0032822059384503594,12466.01705297363,4354.899404659335,22.172035533771687,0.6622148108835869,0.023033333333333333,135.7,elec 220u/63V,BSC160N10 PG-TDSON,True,0.14094761138071724,
LNGT72,0.004251953298840299,0.005837432428254246,potcore,0.00067687066457804,0.00019338211124054,0.0001500707873515797,12,0.02146377757409657,0.0003637052543798798,79.85657718546913,6.763494419540236e-05,screen,30,0.011502403735000834,0.04292755514819314,1.0481142498932776,0.9130461709063016,0.17558308495143987,0.5153538671803494,6.4298189005967545,0.8718799722761873,7.374660624226344,0.5153538671803494,0.08533292087489935,7.680917884244907,2.4349810469692343,0.0006338307908946414,0.0015433659628139717,12037.78885554729,1996.4018904629522,13.243779532277157,0.17794520101834652,0.028033333333333334,148.89999999999998,elec 470u/63V,BSC0902NS PG-TDSON,True,0.12943194833730887,
LNGT72,0.0034335646709107008,0.010984744209028363,potcore,0.0008534764469603451,0.000763592841162988,0.00022511020166588803,12,0.021555763946578498,0.0004268589205077388,90.81593254007399,7.754679998792323e-05,screen,30,0.011551699083443237,0.043111527893156996,1.0497451149301522,0.9675865047895713,0.09665749771112614,0.3471554244004152,3.3049829526126238,1.003957743711365,3.29195424141556,0.3471554244004152,0.12505208466500212,2.6940725094763196,1.9311231130832662,0.0009328351825192289,0.0018014195816601303,21338.573790910705,3756.7825194877005,15.988683742436905,0.2973586419208893,0.026033333333333332,148.8,elec 100u/63V,BSC0902NS PG-TDSON,False,0.0,hold 2.7 < 3.0
LNGT72,0.0037328896287928373,0.006052091927033253,potcore,0.000592027415251123,0.00013027611907607327,9.937356227304964e-05,12,0.021005565292448014,0.0001526024913887636,33.19407278218643,6.561624337197398e-05,screen,30,0.01125684851334133,0.04201113058489603,1.0496459555467297,0.9368318052934159,0.13063671084232173,0.4405703742545538,5.53842157951607,0.7408300845028111,7.475967425422576,0.4405703742545538,0.06665793266857092,8.46964413308988,2.2696910657362817,0.0004845479675773263,0.001099774192930931,2659.724997783896,2069.8154390453724,25.8318451669294,0.656770261320682,0.020033333333333334,135.5,elec 100u/63V,BSC160N10 PG-TDSON,True,0.084687464497169,
LNGT72,0.004317504556472551,0.006561963189061302,potcore,0.0007328413211381822,0.00020690265524209742,0.00016109522542207577,12,0.021263536560696544,0.0003552944948167928,48.46976711236944,6.579312517279936e-05,screen,30,0.011395094899336582,0.04252707312139309,1.0486598625942398,0.9255572780232142,0.13635347243444973,0.4470919416282807,6.382037350270994,1.0416671622395488,6.126752941457646,0.4470919416282807,0.09297180465054086,6.997438225577177,2.347254726219611,0.0006841279307687261,0.0016058225188357352,7365.192537719981,2244.191410658965,14.768851523315798,0.2152609356846493,0.026033333333333332,148.8,elec 100u/63V,BSC0902NS PG-TDSON,True,0.13778674616260464,
LNGT72,0.004508713010966509,0.005808852769273393,potcore,0.0007880638751888666,0.0002572784816944991,0.00015314673237309799,8,0.01929665544455159,0.000331161732597019,40.92989622167924,5.238264327252632e-05,screen,18,0.015985872787147786,0.03859331088910318,1.0482512065826446,0.8985359124992885,0.15047613238241375,0.5259660240103622,7.498018992610915,1.1111131148994333,6.748204923573025,0.5259660240103622,0.06340724412302919,12.054207163591096,1.8503270115281827,0.0009889538564716487,0.001829888033784457,5095.401763394073,1986.6276470915004,15.958008259668867,0.12005694555368637,0.020633333333333333,93.30000000000001,elec 220u/63V,BSC0902NS PG-TDSON,True,0.19172281520173723,
LNGT72,0.004928162721946688,0.006256012552566485,potcore,0.0011140301202281853,0.0010667664827642173,0.0001375304707858291,8,0.020944915711381584,0.0003706588601045272,93.014800126136,7.691899037323488e-05,screen,18,0.017351336300831147,0.04188983142276317,1.0496466111066747,0.8269347265166201,0.1275482132759549,0.7269542282460458,9.81933333923422,1.6082092611668322,6.105755996026181,0.7269542282460458,0.09315449940632028,10.74506778638035,2.3205407019385165,0.0015770213089076465,0.003659542135144548,12874.832938543525,2139.556292977738,15.457319089101436,0.16540339866857334,0.020633333333333333,93.30000000000001,elec 220u/63V,BSC0902NS PG-TDSON,True,0.2269030603931901,
LNGT72,0.005380566743961861,0.0072310739287437574,potcore,0.0008858518563779847,0.0002600832378240924,8.956138427599322e-05,8,0.02116912285879382,0.00015,32.916298567176376,6.552596697199833e-05,screen,18,0.01753707558330941,0.04233824571758764,1.0498307283340038,0.9049620437932083,0.11106620384189751,0.5247876440584504,14.390603030870336,1.7151048768022101,8.390509073533405,0.5247876440584504,0.08551603789425069,17.153881861502732,2.113358058876844,0.001463206233892033,0.0030922786861945642,1758.7529356797127,2473.027283630365,46.28444551894388,1.2633569639669902,0.017633333333333334,85.1,elec 100u/63V,BSC160N10 PG-TDSON,True,0.1610068477244281,
LNGT72,0.00531894588455063,0.012288301589242311,potcore,0.0015485292774471994,0.0022658473490813538,0.0002569168450986602,8,0.02340054250889524,0.000525839032615671,108.45199284113582,0.00010548286144913626,screen,18,0.01938564414814508,0.04680108501779048,1.049753639838469,0.9066856957691501,0.11260139251252815,0.5260018511788922,9.348515950206234,2.2503409228948033,4.154266518061828,0.5260018511788922,0.2300467461790212,4.142452822817731,1.64055435318817,0.004351080609235694,0.007138184234554252,20246.075032857872,4202.599143520871,22.512030183015305,0.48112036101390476,0.020633333333333333,85.30000000000001,elec 220u/63V,BSC160N10 PG-TDSON,True,0.17613856301890288,
LNGT72,0.004131241360638906,0.0059171661958845895,potcore,0.0007128992777090419,0.00021467588237430516,0.00015026284670669745,12,0.021454414758439597,0.0003611258651966674,60.52569838337382,6.741316632360963e-05,screen,30,0.011497386217212502,0.042908829516879195,1.0484427668748117,0.9151518885123349,0.14229592226379065,0.4755864570430139,6.022844888702868,0.9678228118509661,6.223086307693189,0.4755864570430139,0.08418282117235155,7.293050071132229,2.3141988675232192,0.0006250153888820521,0.0014464099051354296,9291.983213033891,2023.6708389925295,13.181695233400994,0.17570273333874872,0.026033333333333332,148.8,elec 100u/63V,BSC0902NS PG-TDSON,True,0.13861071762442317,
LNGT72,0.0034791568628694063,0.01086705367932872,potcore,0.0008570928937235161,0.0007403638628635037,0.00025669354225789164,12,0.02156512676223547,0.0004294383096909512,92.0216329691739,7.776857785971596e-05,screen,30,0.011556716601231571,0.04313025352447094,1.0495959954823861,0.9676584406904049,0.10530558496934071,0.3471229629276221,3.206074691701704,0.9764820197162551,3.2832910662638937,0.3471229629276221,0.1253062705816709,2.6081455501104607,1.8801602976480192,0.0009351373045355248,0.0017582080328372787,21327.708102969427,3716.532358330422,16.035542822752905,0.2999595877416684,0.026033333333333332,148.8,elec 100u/63V,BSC0902NS PG-TDSON,False,0.0,hold 2.6 < 3.0
LNGT72,0.0032175048947020914,0.005747016339061513,potcore,0.0007162673261117237,0.0006842299495441386,0.00015486785315987087,12,0.0209387137847347,0.0003678930465166782,90.80175785082858,7.76325467823174e-05,screen,30,0.011221022898332158,0.0418774275694694,1.0491062822010186,0.8979319557997898,0.13714063630324744,0.5379921462206693,3.4610651985544596,0.7284751065091989,4.751109773866727,0.5379921462206693,0.08013147552022123,4.40288795157023,2.0535687288363356,0.0005806356572941905,0.001192375228666681,17749.47629277598,1965.4795879590374,10.054888305591279,0.11773066414294887,0.03203333333333334,149.3,elec 100u/63V,BSC0902NS PG-TDSON,False,0.0,electronics do not fit
LNGT72,0.005303588228852475,0.011112843108291665,potcore,0.0013078637631692674,0.0012066629919970367,0.0001903254546699042,8,0.021549221232535963,0.0004276174958183105,91.4487113429733,7.804078728782774e-05,screen,18,0.017851959386189317,0.043098442465071926,1.0498266298648886,0.9146039521938375,0.09566988148896421,0.4836992610029225,10.262179143137235,2.1483016687256864,4.7768799384792535,0.4836992610029225,0.1610607900978333,6.495023983639795,1.9623946162873098,0.002805281923932909,0.0055050701446940475,14598.771368529477,3800.5923430357493,23.80743305973153,0.3980973578253316,0.017633333333333334,85.1,elec 100u/63V,BSC160N10 PG-TDSON,True,0.19958898388758745,
LNGT72,0.006172203728774159,0.00961859407259566,potcore,0.0011725405346928793,0.0003911599689289417,0.00019074982651964617,8,0.0209484314785544,0.00035487211372729397,63.37477921255104,6.911652639270496e-05,screen,18,0.0173542488577214,0.0418968629571088,1.0494461566966224,0.9200138463412934,0.11248676867876557,0.45735586260562716,14.585194946548231,2.279333812096265,6.398885002778277,0.45735586260562716,0.14068874114543167,10.567783009702692,1.908435697147676,0.0023821327642461736,0.004546147202632467,8208.707502368172,3289.5591728277154,25.396822365084205,0.40122055628429415,0.017633333333333334,85.1,elec 100u/63V,BSC160N10 PG-TDSON,True,0.23519245176955586,
LNGT72,0.003290918509364688,0.01184069095466729,potcore,0.000790721875729116,0.000695177539018028,0.00019141067183887093,12,0.02119196091193174,0.00036464561585077525,91.45940149031415,7.802191541399309e-05,screen,30,0.011356737624768057,0.04238392182386348,1.0498892602863403,0.9825412584107815,0.07971653823141317,0.31780885294358385,3.128354901662273,1.0256643364401912,3.0500767068883015,0.31780885294358385,0.11998273849410493,2.657836363722262,1.9942630329696147,0.0008799145046100844,0.001754780968717663,23299.912199728573,4049.5163064962135,15.895610873663538,0.29570748136601405,0.026033333333333332,148.8,elec 100u/63V,BSC0902NS PG-TDSON,False,0.0,hold 2.7 < 3.0; electronics do not fit
LNGT72,0.0028922387902798577,0.005874817408901483,potcore,0.0005213950752256068,0.00014651041026713486,0.00015056321252920006,12,0.019278437786716503,0.0003315252816326702,44.50813664140257,5.123895846425337e-05,screen,30,0.010331283672568655,0.03855687557343301,1.049254938958574,0.9585929769677476,0.12227783959542111,0.3584748987565544,2.310070194200311,0.4833688268024695,4.779104621788798,0.3584748987565544,0.0638373639908282,3.6887669973675847,1.2563314277990922,0.00042588990525950303,0.0005350588727598915,8087.41571212946,2009.187553844307,11.057326266855359,0.09397055702021087,0.03203333333333334,149.3,elec 100u/63V,BSC0902NS PG-TDSON,False,0.0,pivot 1.26 < 1.5; electronics do not fit
LNGT72,0.007732824825890559,0.013181318088410367,potcore,0.0013259547929340377,0.0003985190310695401,0.0002509857093167358,8,0.023512493469403536,0.00043168718624338897,62.86986589077857,9.148167512105264e-05,screen,18,0.01947838736047154,0.04702498693880707,1.0494576567890437,0.93502687253128,0.1106090073462827,0.4144294881586841,21.894719773418565,3.697298155635981,5.921816107809245,0.4144294881586841,0.2518497766056431,8.861940172528957,1.979235430938333,0.004786249854727722,0.009473115293800558,8777.732584884712,4508.010786236346,32.2882966442734,0.8583548927046495,0.017633333333333334,85.1,elec 100u/63V,BSC160N10 PG-TDSON,True,0.2674829406769717,
LNGT72,0.004375741622729545,0.005761697028979552,potcore,0.0007768819455212804,0.00031112365349732023,0.00015166584745658786,8,0.01927952456664555,0.0003296266234386994,43.678765293542355,5.1656028707521964e-05,screen,18,0.01597168110321971,0.0385590491332911,1.0483796832480456,0.8940748270884527,0.14975958829418257,0.5387378000989383,7.102283024044836,1.1061052116944097,6.420983238262715,0.5387378000989383,0.06180342251049646,11.714302686887978,1.889943336927448,0.0009630835259771245,0.0018201732928250594,5512.751311680227,1970.5003839110068,15.612716575355737,0.11332362958571345,0.020633333333333333,93.30000000000001,elec 220u/63V,BSC0902NS PG-TDSON,True,0.19247023308133063,
LNGT72,0.00462164069527607,0.005806724074314052,potcore,0.00073185490018678,0.0002332011625585581,0.00015166584745658786,8,0.01927952456664555,0.0003296266234386994,43.678765293542355,5.1656028707521964e-05,screen,18,0.01597168110321971,0.0385590491332911,1.0479727264068182,0.8981012500100733,0.1841817352892591,0.5616907141920234,7.964265982036963,1.0546741658621435,7.5513995125940845,0.5616907141920234,0.06241103650699044,13.008144512580856,2.0167004700864264,0.0009725519826807494,0.001961346040655753,5350.179964652463,1985.899633415406,16.212846027155628,0.122203048681091,0.020633333333333333,93.30000000000001,elec 220u/63V,BSC0902NS PG-TDSON,True,0.18708514765830772,
LNGT72,0.004465295254682528,0.006994438140246541,potcore,0.0007384888538753235,0.00015637560427455725,0.00015815687150155046,12,0.021194685239826934,0.0003543211383839638,53.127853311646035,6.809662202106333e-05,screen,30,0.011358197587686926,0.04238937047965387,1.0489236199311438,0.9346189084605838,0.14714435209422064,0.4417200164419491,6.845362496959302,0.9613856868407218,7.120308311905846,0.4417200164419491,0.09891816023912878,7.05425920286841,2.449712123648243,0.0007255269749904692,0.0017773322266679882,8194.068876868529,2392.0978439643172,15.50963572200396,0.24570841090248416,0.026033333333333332,148.8,elec 100u/63V,BSC0902NS PG-TDSON,True,0.12577616203846592,
LNGT72,0.005076358528591126,0.012521763169956259,potcore,0.0009717089212143068,0.0002689932459052019,0.0002445164919403255,12,0.02365497589204909,0.00043333866489428407,63.64276260548718,8.604539324343954e-05,screen,30,0.01267666337450446,0.04730995178409818,1.0500655022415497,0.9788872158904246,0.09421340010481775,0.3176488688151315,7.464447330779571,1.8294670036701897,4.080121322661054,0.3176488688151315,0.19612789789423846,3.8796207819007504,2.0158171728207264,0.0016055078957922285,0.003236410387437243,12130.73644517277,4282.443004125041,22.467432601053233,0.6515170384960447,0.023033333333333333,135.7,elec 220u/63V,BSC160N10 PG-TDSON,True,0.13752338778969309,
LNGT72,0.0046096258720985895,0.006281129196976039,potcore,0.0010535165415188402,0.0010244977594024746,0.00016097567781293634,8,0.02093234226024992,0.00036570272399690987,90.4177250009021,7.765511074648375e-05,screen,18,0.017340920112862004,0.04186468452049984,1.0493651801997426,0.8431193345096417,0.14123822198170366,0.6886257546801565,7.949055586396112,1.4526754927488428,5.472010525457695,0.6886257546801565,0.08573866375367063,9.450827054465755,2.259667713500635,0.001450606590189917,0.003277888876843402,13307.619088609403,2148.146185365805,14.595435123056157,0.14888352629688034,0.020633333333333333,93.30000000000001,elec 220u/63V,BSC0902NS PG-TDSON,True,0.20902561099878755,
LNGT72,0.004777999056280895,0.009439216735310417,potcore,0.0011763515743117676,0.0011032013100844274,0.00019044746377946462,8,0.020938146760466313,0.0003708455536243716,90.82240859413244,7.803882154809854e-05,screen,18,0.017345728718286862,0.041876293520932625,1.0496969515587542,0.9064570261876542,0.1093884664354498,0.5102626562891243,8.151747934034463,1.7100967533018472,4.766834343317186,0.5102626562891243,0.11966428989434041,6.944119192852706,2.043204822430846,0.0020251533550471766,0.004137803101194398,14931.09467720685,3228.2121234761626,19.636470523119847,0.270819587320062,0.017633333333333334,93.1,elec 100u/63V,BSC0902NS PG-TDSON,True,0.1883289293195236,
LNG60,0.004544989065425096,0.005231689511683047,potcore,0.0007461651657831518,0.00021728216998566412,0.00015656888508685252,8,0.01930136992669667,0.00032637508303351215,44.03511881082082,5.11687570196998e-05,screen,18,0.015989778392035903,0.03860273985339334,1.309710258100614,0.9763412427165649,0.5809388232292413,0.9162361913548845,9.570468722121237,0.4604851246740589,20.783448170872877,0.9162361913548845,0.05909636855307335,16.508340057347375,1.0073278023924368,0.000921942927753148,0.0009286987433448278,5228.425505439653,941.7041121029484,7.931269637092183,0.028968953468541798,0.020633333333333333,93.30000000000001,elec 220u/63V,BSC0902NS PG-TDSON,False,0.0,demag margin 0.92 > 0.8; pivot 1.01 < 1.5
LNGT72,0.003576201724588013,0.006486725483191036,potcore,0.000805649711594835,0.0007807778385270284,0.00015449108249884812,12,0.021534195925437122,0.0004336213332765927,91.0831869046896,7.812925929310989e-05,screen,30,0.0115401408157489,0.043068391850874244,1.049421158455654,0.8978898645922317,0.12573895758239426,0.5366497255696614,4.429331927693394,0.9036932017180527,4.90136687901667,0.5366497255696614,0.09259121471414053,4.876401293889123,2.3310953651467625,0.0006899998624760695,0.001608455481369869,17009.272209237824,2218.4601152513346,11.879662741142699,0.16539150106169181,0.028033333333333334,148.89999999999998,elec 470u/63V,BSC0902NS PG-TDSON,True,0.12087307634674849,
LNGT72,0.004096831560799262,0.011067355866317678,potcore,0.0007034278414779877,0.00019292261294062596,0.00021788723052567504,12,0.02155389143760387,0.00035958466486321096,65.19170696651531,6.80320433267565e-05,screen,30,0.011550695608908094,0.04310778287520774,1.0501049740232185,0.994294413422963,0.09383123231366744,0.2944937227042059,4.446993866110251,1.1761970717888146,3.780823786057432,0.2944937227042059,0.11772800903412452,3.850505282672471,2.086796542008957,0.000878124416388215,0.0018324669955725604,12967.998924570926,3785.035706280646,19.027834599377833,0.3694736827093858,0.023033333333333333,148.5,elec 220u/63V,BSC0902NS PG-TDSON,True,0.11356928086355832,
LNGT72,0.00514056243808817,0.01204477523971018,potcore,0.0016774515548253679,0.002287240724391244,0.00025977556435790585,8,0.023310151306478198,0.000526448749768673,106.15358614665172,0.00010499057470041761,screen,18,0.01931076162422438,0.046620302612956396,1.049742166387469,0.9071487360406633,0.11488425443212003,0.5268101584484666,8.392045332602464,2.065679221815716,4.06260819394113,0.5268101584484666,0.2348877665221334,3.641987203008103,1.4827733406322818,0.0044254822088675575,0.006561987038751278,19741.29802937497,4119.313131980882,22.150512127930774,0.46361808191454973,0.017633333333333334,85.1,elec 100u/63V,BSC160N10 PG-TDSON,False,0.0,pivot 1.48 < 1.5
LNGT72,0.005462441520700588,0.006607238944631875,potcore,0.000858044422641275,0.00022231594388055087,0.00010113878560704694,8,0.02155562786051673,0.00015,32.27558143462571,6.404332016404592e-05,screen,18,0.017857266810586744,0.04311125572103346,1.049603792579536,0.8957938018961127,0.1460711183866799,0.5706290609077767,14.34140291584126,1.6054717400555265,8.932828001908804,0.5706290609077767,0.08082149157529978,18.08821738576991,2.085252662891228,0.0014081296612896137,0.00293630612590029,1709.7666826233065,2259.675719064101,42.65631587498196,1.0487767128389538,0.017633333333333334,85.1,elec 100u/63V,BSC160N10 PG-TDSON,True,0.16266624225530632,
LNGT72,0.003446848568951469,0.012510651121611215,potcore,0.000983504355065977,0.0014056384678454697,0.00024558850194996134,12,0.02298178071042165,0.0005380029450825606,106.31798848220956,0.00010578594506442741,screen,30,0.012315899163973269,0.0459635614208433,1.0498149349289385,0.9634586214013388,0.09727167105881065,0.3657523457553633,3.326920848249489,1.0664781243550843,3.119539700133399,0.3657523457553633,0.1690277188135543,2.0063908144251545,1.689628313371752,0.001344287526979877,0.0022713462668976932,29921.342521809864,4278.642683591035,15.203083993371777,0.36676055318520856,0.028033333333333334,148.89999999999998,elec 470u/63V,BSC0902NS PG-TDSON,False,0.0,hold 2.0 < 3.0; electronics do not fit
LNGT44,0.0042448203336908725,0.010238402410046131,potcore,0.0007853435792839397,0.00022735690983595317,0.0001764363066021086,12,0.021231949959057535,0.0003557589699756078,62.787913230787,6.909011445035499e-05,screen,30,0.01137816769053495,0.04246389991811507,0.8713200713448108,0.805819503856323,0.06679195942414669,0.24355204503377303,3.714181321491496,0.8201708617159945,4.528545812662177,0.24355204503377303,0.12250828186288121,3.0904992686738173,1.4349112429736086,0.000900131361880537,0.0012916086113155284,11677.27018723108,3747.255282076884,20.14874501764371,0.42072970224280937,0.023033333333333333,135.7,elec 220u/63V,BSC160N10 PG-TDSON,False,0.0,pivot 1.43 < 1.5
LNGT72,0.004679813168558124,0.010833503587452399,potcore,0.001220278465865032,0.001085186136834918,0.00019075826859722806,8,0.020931893731782416,0.0003651407494635831,90.8109287718338,7.803134646485739e-05,screen,18,0.017340548539713306,0.04186378746356483,1.0498190950208623,0.9261255170360547,0.09514967879507921,0.44924772736819,7.484264262526096,1.7441019744836366,4.291185017861072,0.44924772736819,0.1330027326131239,5.736137357358431,1.8977702297459969,0.0022502159222199327,0.004270392787689422,15894.489662510687,3705.0582269087204,21.168328514056714,0.3146913053506255,0.017633333333333334,85.1,elec 100u/63V,BSC160N10 PG-TDSON,True,0.17550110562241777,
LNGT72,0.0041945580086438046,0.01127988507170893,potcore,0.0007164685618868581,0.00020616626353815243,0.00021587678519280546,12,0.02088894410870296,0.0003641009226807462,63.446299220176684,9.620460276107056e-05,screen,30,0.011194351409331633,0.04177788821740592,1.050107802699235,0.9925041081698531,0.092877509986846,0.29772341863178187,4.792969341345022,1.261806239946286,3.7984986835609997,0.29772341863178187,0.12763612567877786,3.827912753132212,2.1394139010500766,0.0009226578120805423,0.001973946949077561,14814.451493908697,3857.7206945244543,16.521577028572693,0.3939037440565103,0.028033333333333334,148.89999999999998,elec 470u/63V,BSC0902NS PG-TDSON,False,0.0,electronics do not fit
LNGT72,0.005567011017711073,0.011815990980590692,potcore,0.001366909658678587,0.0012576518404226681,0.0002482607569786593,8,0.0217528240008452,0.0004369083726638642,90.65416769357975,9.119553527383664e-05,screen,18,0.018020629442130103,0.0435056480016904,1.0496529376089523,0.9180460875540105,0.10972862719268313,0.47583892437442216,10.46047149408295,2.3071425303441293,4.533951135009715,0.47583892437442216,0.18316810467765557,5.821466482628601,1.9442155469414377,0.0032204799962532735,0.006261307277329518,15359.132447662827,4041.068915362017,23.851590600111404,0.4669289257275904,0.017633333333333334,85.1,elec 100u/63V,BSC160N10 PG-TDSON,True,0.19686498420395424,
LNGT72,0.004746757435664401,0.005364485166102262,potcore,0.000730453575954639,0.0001667787282238902,9.895665816673715e-05,8,0.019269723887887735,0.00015577009891640519,33.763614353097715,5.0806023462502565e-05,screen,18,0.015963561955095813,0.03853944777577547,1.0492095045764263,0.8901013244158863,0.17449764159684839,0.5985898139951112,10.311532838323236,1.1256494171697258,9.160518968907759,0.5985898139951112,0.05779672902443311,18.1865768178721,2.184522881522992,0.0009001893291411728,0.0019664841872117237,2225.8114738913305,1834.6539268069735,27.830096296435617,0.3541499069304699,0.017633333333333334,85.1,elec 100u/63V,BSC160N10 PG-TDSON,True,0.1637233311444647,
LNGT72,0.003634988079280285,0.006534361073668246,potcore,0.0005930628290764405,0.00018193915903323325,0.00015208275156290032,12,0.02101536597120583,0.0003264590159110578,43.10922372263108,6.646624861699339e-05,screen,30,0.011262100681258196,0.04203073194241166,1.049078249676579,0.9425503521593422,0.14112543813268935,0.41544389557593897,4.210390304278324,0.7132690284125215,5.902948448005835,0.41544389557593897,0.07648597219609728,5.611404269468235,1.973644529405678,0.0005562490869002337,0.0010978379673475499,7685.538776748581,2234.75148719454,12.535022543560514,0.15665442449501818,0.028033333333333334,148.89999999999998,elec 470u/63V,BSC0902NS PG-TDSON,True,0.10626481730656161,
LNGT72,0.005988954808422957,0.0066672706173161065,none,0.00035510843208571923,0.0,0.00015015018138272884,12,0.021455713546923938,0.00036164625361127,53.785991425610526,6.747038377639444e-05,screen,30,0.011498082235863537,0.042911427093847876,nan,nan,nan,nan,0.0,0.0,inf,nan,0.09331407047433055,0.0,0.0,nan,0.0,6840.293556534324,2280.2065511221085,17.92951852046136,0.3253431699451373,0.03203333333333334,149.3,elec 100u/63V,BSC0902NS PG-TDSON,False,0.0,open-circuit demag margin 0.97 > 0.8 [prescreen]
LNGT72,0.0042717750263982805,0.008654592904907946,potcore,0.0007369221759085546,0.00022188506565394886,0.0001561254936961007,12,0.0214889243274496,0.00038293582090994694,60.175317766158905,7.723053323803286e-05,screen,30,0.011515879839507255,0.0429778486548992,1.0498385846440472,0.9551789294960031,0.0999427266930363,0.36458512181279834,6.186553782306881,1.2035121842226175,5.140416410742821,0.36458512181279834,0.10952548424452563,5.757906435211045,2.3052187987902886,0.0008144799934007688,0.0018775545920260424,11099.94710276167,2959.8707734785175,16.046127309608732,0.2982776821429687,0.026033333333333332,148.8,elec 100u/63V,BSC0902NS PG-TDSON,True,0.1347926095828978,
LNGT72,0.004480727246407862,0.005806724074314052,potcore,0.00073185490018678,0.0003036578869926622,0.00015166584745658786,8,0.01927952456664555,0.0003296266234386994,50.872982229966446,5.1656028707521964e-05,screen,18,0.01597168110321971,0.0385590491332911,1.048188927254188,0.8927741860547664,0.17114858869058053,0.5636286168727647,7.512412869636359,1.0652327100395758,7.052367805488489,0.5636286168727647,0.06146034617942735,12.459925296345805,2.0651228443181133,0.0009577373631080823,0.0019778453074114927,6375.104205311794,1985.899633415406,15.847370255855717,0.11675565750058985,0.020633333333333333,93.30000000000001,elec 220u/63V,BSC0902NS PG-TDSON,True,0.18860795159456217,
LNGT72,0.0033950066591077292,0.006632841947108252,potcore,0.0005401265599734824,0.00012894960202090218,0.00010465348542230927,12,0.021237804353512846,0.00015,35.31826919155732,6.45472389314571e-05,screen,30,0.011381305051067898,0.04247560870702569,1.0500197581151371,0.955523550906972,0.11623416880439257,0.387932706011216,4.214189567169451,0.6984672261749165,6.033482186770629,0.387932706011216,0.06327268500807211,6.789359351182687,2.1195591409462393,0.00046502515098101414,0.0009856483095317136,3005.060486401654,2268.431945911022,26.660724624664105,0.6881970821970145,0.020033333333333334,135.5,elec 100u/63V,BSC160N10 PG-TDSON,True,0.07578020375060966,
LNGT44,0.0045191135556665535,0.011135499944063923,potcore,0.0008492666640114523,0.0002392628223309335,0.0001726715837358675,12,0.022924086667052666,0.0003596902606716898,62.05752497843987,6.909764226549805e-05,screen,30,0.012284981019315659,0.04584817333410533,0.8723291141953766,0.8073603494457452,0.061697613644906495,0.2397182973379133,4.452808390504383,0.9691979373942189,4.594323015664048,0.2397182973379133,0.1462649766180773,3.103306377268633,1.3590180985354101,0.001160333818482426,0.0015769146596603183,11259.59944180913,4075.5929795273955,22.46271853950939,0.522972820354805,0.023033333333333333,135.7,elec 220u/63V,BSC160N10 PG-TDSON,False,0.0,pivot 1.36 < 1.5
LNGT72,0.003805233354908447,0.009862167807926816,potcore,0.000712623384793503,0.00020707910224993618,0.0001769306800001948,12,0.020936268341870862,0.00035556259221106363,63.287084503187195,6.929022799078212e-05,screen,30,0.011219712389451155,0.041872536683741725,1.050123661811595,0.9849018969438592,0.08806600348926141,0.3078894558357885,4.242527266436538,1.0517827420502595,4.0336536214375425,0.3078894558357885,0.10545263170433641,4.101079726545572,1.951275965185241,0.0007640244572416264,0.0014908225602292843,12801.31815628846,3372.861390310971,16.674733118892874,0.288988814080127,0.026033333333333332,148.8,elec 100u/63V,BSC0902NS PG-TDSON,True,0.11281479981079143,
LNGT72,0.004979349106116853,0.00980038047913877,potcore,0.001231270909760816,0.0011287939108013123,0.00019026389519914187,8,0.021227575348969085,0.00036593267598410075,86.81676335338094,7.783123292443024e-05,screen,18,0.01758549921167956,0.04245515069793817,1.0497351240582051,0.9064145257858173,0.10598407799767781,0.5093848106649588,8.92279136737309,1.8729012310256097,4.764154788070125,0.5093848106649588,0.13191615213569216,6.894991834249035,1.9630541168093283,0.0022633591550322144,0.004443096507104071,13931.489438041675,3351.730123865459,20.886952703955046,0.3055952406666044,0.017633333333333334,85.1,elec 100u/63V,BSC160N10 PG-TDSON,True,0.19527659809594095,
LNGT72,0.0044982215451275275,0.005518020201099942,potcore,0.000778238762759336,0.00023122195939076783,0.00015309840847294983,8,0.019296354678429196,0.0003310063094315077,42.1889132493146,5.168020299375749e-05,screen,18,0.015985623624333794,0.03859270935685839,1.0478624979235236,0.894923353896426,0.15843353850303404,0.5375382670113944,7.410218644643857,1.0705079316117825,6.9221520231866505,0.5375382670113944,0.06127607826682813,12.327387640622925,1.8169285000816122,0.0009556994665778723,0.0017364375983381305,5140.119216461584,1887.16290877618,15.489397987249488,0.1115927031504556,0.020633333333333333,93.30000000000001,elec 220u/63V,BSC0902NS PG-TDSON,True,0.1909494811592857,
LNGT72,0.004512299102305188,0.005811158086067177,potcore,0.000789025599982438,0.00025832023102278085,0.00020127148507229428,8,0.01930327663312175,0.00033116403646533244,43.469835325078634,5.234148809480512e-05,screen,18,0.01599135795935737,0.0386065532662435,1.046046472544266,0.900684338985211,0.17992794940274728,0.5237021011859092,6.470644169600227,1.0699301293572996,6.047725914109086,0.5237021011859092,0.0634992295956626,10.387476501856408,1.7942557008169746,0.0009907283692163053,0.0017776200244274602,5406.269681524093,1987.4160654349746,15.980085007990002,0.12029476987003875,0.020633333333333333,93.30000000000001,elec 220u/63V,BSC0902NS PG-TDSON,True,0.17947321478967612,
LNGT72,0.004548144398263897,0.005808852769273393,potcore,0.0007880638751888666,0.0002375627880458051,0.00015314673237309799,8,0.01929665544455159,0.000331161732597019,40.92989622167924,5.238264327252632e-05,screen,18,0.015985872787147786,0.03859331088910318,1.0481974174659399,0.9000615011180797,0.15110143488367644,0.5218137303516043,7.632429477053012,1.1195100975885233,6.8176513043460885,0.5218137303516043,0.06367620866176185,12.21846349277804,1.839205124974424,0.0009931488585019797,0.00182660447041934,5063.224181366024,1986.6276470915004,16.059423899464072,0.12158775576924546,0.020633333333333333,93.30000000000001,elec 220u/63V,BSC0902NS PG-TDSON,True,0.19285013688117367,
LNGT72,0.008184209346405822,0.007182665604224429,none,0.00034173876957028067,0.0,9.875863027187566e-05,8,0.020939183144481684,0.00015,27.234584396480876,6.586479972105025e-05,screen,18,0.017346587286916848,0.04187836628896337,nan,nan,nan,nan,0.0,0.0,inf,nan,0.09375200273043738,0.0,0.0,nan,0.0,1069.5259143193712,2456.4716366447547,62.55199917090159,2.3194139973770564,0.026133333333333335,93.8,elec 100u/160V,BSC160N10 PG-TDSON,False,0.0,open-circuit demag margin 0.98 > 0.8 [prescreen]
LNGT72,0.0031441689515986733,0.006658955476211601,potcore,0.0007349326914874578,0.0007515927476317574,0.00015550005664153227,12,0.020988061999390857,0.00037240331474970047,91.45944959541606,7.758894893124988e-05,screen,30,0.01124746852686223,0.041976123998781714,1.0494845086680429,0.9165137033467667,0.12074041849153488,0.48374201733753736,3.231933716589545,0.7157019098186169,4.515753936451876,0.48374201733753736,0.08226782304979144,4.004639554473497,2.079036110808546,0.0005975206324447094,0.001242266971805711,19164.820222611423,2277.3627728643673,10.868160687963092,0.13746851131213417,0.028033333333333334,148.89999999999998,elec 470u/63V,BSC0902NS PG-TDSON,False,0.0,electronics do not fit
LNGT72,0.003723755268188961,0.00602689816033296,potcore,0.0005907516057224304,0.00012995427744698772,0.00010036624123810388,12,0.020994029791001664,0.00015574461952675984,34.094643320041044,6.570534139876186e-05,screen,30,0.011250666656747656,0.04198805958200333,1.0496242689719117,0.9367109518116022,0.13162304192646354,0.44099495643497894,5.478710380024396,0.7340457184872641,7.463718188173662,0.44099495643497894,0.06632650786608507,8.42019605383421,2.261497941001526,0.0004818740104431825,0.001089757082439405,2852.4091268214347,2061.1991708338724,24.637367017352346,0.5982469890952722,0.020033333333333334,135.5,elec 100u/63V,BSC160N10 PG-TDSON,True,0.08596467087462102,
LNGT72,0.004051278785363954,0.010928302648829435,potcore,0.0007664200579674984,0.0001981157180350166,0.00026961697581001594,12,0.021475035736633175,0.00035553614690218263,61.99272973417662,6.745065855124996e-05,screen,30,0.011508436966120719,0.04295007147326635,1.0499506474976321,0.9948983903787846,0.10415987778970012,0.2918426704558526,3.841885299672381,1.0328857306807677,3.7195646968036065,0.2918426704558526,0.12101578787770091,3.2361851056854674,1.9099445713156318,0.000899345343235815,0.0017176997560512384,12173.573955132882,3737.479505899667,19.03274730577943,0.3665054326363266,0.023033333333333333,148.5,elec 220u/63V,BSC0902NS PG-TDSON,True,0.09884272151632059,
LNGT72,0.00344499666275865,0.007090733491644662,potcore,0.00043424129109529086,0.00012175479172783821,8.423426022262031e-05,12,0.021629526423232702,0.00015,34.51424940213703,6.460976717740639e-05,screen,30,0.011591228275545665,0.043259052846465404,1.0497772504013294,0.9627653459662742,0.14775221381063428,0.4315976409595456,4.731875342070473,0.7672511518191729,6.1673095320236015,0.4315976409595456,0.0616725690102652,7.821179403609173,2.216477538153696,0.0004616253104306447,0.0010231821316127512,2978.9640203466615,2425.0308541424743,28.09638489625357,0.7650508862174371,0.020033333333333334,135.5,elec 100u/63V,BSC160N10 PG-TDSON,True,0.08203815694008808,
LNGT72,0.005144208347095254,0.013298065962234472,potcore,0.0008785123154889086,0.0002572955198843942,0.0002665375767227958,12,0.023507104360962726,0.0004427486647882954,63.77286877571195,9.10096044469778e-05,screen,30,0.01259741925982817,0.04701420872192545,1.0500459519024425,0.9875502887682052,0.09712165051177461,0.30609862090269335,7.224916212476702,1.841125145805534,3.924185289053579,0.30609862090269335,0.19532386876622979,3.7705828669488746,2.0778539050745843,0.0015889309170739711,0.0033015663109358918,12864.989879331544,4547.938559084189,22.544525230792214,0.6938421411206902,0.023033333333333333,135.7,elec 220u/63V,BSC160N10 PG-TDSON,True,0.1350568723456661,
LNGT72,0.004095041374050975,0.0058676259479507826,potcore,0.0007178842454187626,0.0002060955671954748,0.00014918232418638356,12,0.021287033247687943,0.00036036979338352167,60.51906837743339,4.340193411605759e-05,screen,30,0.011407686735944887,0.04257406649537589,1.0484638449789918,0.9160134721996193,0.14113695364981482,0.4723149442146133,5.894011005350548,0.9434092963901872,6.247565110819968,0.4723149442146133,0.08030014823976524,7.482135829310411,2.379568952669437,0.0005915371817264869,0.0014076035119859269,7473.750527090544,2006.7280741991676,16.24958086266924,0.1719034802339197,0.023033333333333333,148.5,elec 220u/63V,BSC0902NS PG-TDSON,True,0.1376029026482892,
LNGT72,0.005077451401152382,0.013551133515617377,potcore,0.0008763580198758864,0.00026401431777663836,0.0002509635969096619,12,0.02367878820022614,0.00043434191625050546,63.70586724457922,9.069088315703076e-05,screen,30,0.012689424351996383,0.04735757640045228,1.0501123873604288,0.9899339818951662,0.09123931888907331,0.3010917164099016,7.199020122730169,1.8738646637489285,3.8418036595703353,0.3010917164099016,0.19557414202357665,3.752260196480854,2.0925680446176567,0.0016025864594591463,0.003353521213801159,13067.134423671574,4634.487662341143,22.594399521053376,0.6944748102927232,0.023033333333333333,135.7,elec 220u/63V,BSC160N10 PG-TDSON,True,0.13665641714326004,
LNGT72,0.004187516170180389,0.005941385064889955,potcore,0.0007122246046504482,0.00018708121173337353,0.00015468397570713428,12,0.021463318976280607,0.00035982745231446085,62.70239526464276,6.677370635653685e-05,screen,30,0.011502157973171959,0.042926637952561214,1.0482485005933295,0.9178483601509629,0.14554681534694036,0.46982981827657505,6.123301875524153,0.9736035063535617,6.28931781322128,0.46982981827657505,0.08494138368436213,7.348476873780038,2.2594419204991745,0.0006309090738820205,0.0014255024095523481,9500.42981976345,2031.9536921923645,13.410799930572848,0.1801383203863534,0.026033333333333332,148.8,elec 100u/63V,BSC0902NS PG-TDSON,True,0.13862822242775125,
LNGT72,0.0053314991906582305,0.010369034925198589,potcore,0.0013256349271316325,0.0011655733771744666,0.00022049701331033344,8,0.021549306466847308,0.00043073672257315775,91.63044542935653,7.840803782678874e-05,screen,18,0.017852029996604794,0.043098612933694616,1.049638820745124,0.9070363181901033,0.1120868582332957,0.5079844904941394,9.811724057201966,2.124851957340241,4.617603604480605,0.5079844904941394,0.1545993122975476,6.469470853452465,1.9792332495209606,0.0026927495598613347,0.005329579461510486,14182.841657005089,3546.2099444179175,22.910838649357338,0.3704120178562181,0.017633333333333334,85.1,elec 100u/63V,BSC160N10 PG-TDSON,True,0.20135373167719064,
LNGT72,0.004161002599986788,0.010943448277885657,potcore,0.000709391162095556,0.0001967771799101625,0.00022054776842052543,12,0.021486075349192064,0.0003611648515878266,62.95489459562457,6.780375018531674e-05,screen,30,0.011514353076660532,0.04297215069838413,1.0500670061064519,0.9910923434481217,0.0965129712724668,0.3004064673649738,4.598734278419453,1.2052781008949562,3.815496419460995,0.3004064673649738,0.11901169316513191,3.9389428061636007,2.133682508159894,0.0008849063074926732,0.0018881091096574776,12278.901748455186,3742.6593110368945,19.188908524600247,0.37449456501456607,0.023033333333333333,148.5,elec 220u/63V,BSC0902NS PG-TDSON,True,0.11593544680631225,
LNGT72,0.004825227417119282,0.013415781534285584,potcore,0.0009162010931670784,0.00025625907894129594,0.00025412567729413816,12,0.023389272929622583,0.0004628178794861285,64.04023832536856,9.107584074445404e-05,screen,30,0.012534273586086981,0.046778545859245166,1.0501530372708827,0.9945500140905077,0.08819766780761311,0.2918586752032163,6.320626363872114,1.7105746830772801,3.6950309310678375,0.2918586752032163,0.18880139104072405,3.4126042018162273,1.9502517886205621,0.0015281728297147947,0.002980321794472624,13553.044945363084,4588.19728472567,21.679943420992558,0.6421119272366358,0.023033333333333333,135.7,elec 220u/63V,BSC160N10 PG-TDSON,True,0.12709913004235424,
LNGT72,0.004259393128825578,0.005860310883896181,potcore,0.0007301905540137276,0.0002287290906842488,0.00015401794523880989,12,0.0212436520885845,0.0003550342026577004,74.0917250893224,6.552548479989032e-05,screen,30,0.0113844388428479,0.042487304177169,1.0482318288127868,0.9094698417518566,0.1481520337962086,0.49394023563555756,6.4601237662908995,1.009950132767643,6.39647796133036,0.49394023563555756,0.08647015090645843,7.615626111070686,2.4370105618417783,0.0006356908488906647,0.0015491853128127158,10893.159414017166,2004.2263222924937,13.632095156616892,0.1826529621793346,0.026033333333333332,148.8,elec 100u/63V,BSC0902NS PG-TDSON,True,0.14327219792688753,
LNGT72,0.0036317164886410943,0.006916953757728877,potcore,0.0008013975098719488,0.0007393421629057798,0.00016151231941581294,12,0.021575925757600287,0.0004306300850304979,91.02794973246051,7.790962797819676e-05,screen,30,0.011562503765405713,0.043151851515200575,1.049433947654968,0.9079386630419176,0.12168327846038021,0.5054267130958914,4.544193643065426,0.9559710229763217,4.7534847122431865,0.5054267130958914,0.09608584172799395,4.820903335165467,2.306658557357962,0.000717429780755651,0.001654865543083469,17222.476920419133,2365.598185143276,12.50316976352676,0.18269331047716833,0.028033333333333334,148.89999999999998,elec 470u/63V,BSC0902NS PG-TDSON,True,0.12263155706422808,
LNGT72,0.006126291977321654,0.009492796276230219,potcore,0.0011366053241910056,0.00030117670026635885,0.00018895865964227746,8,0.020970422676665934,0.00036069376769070515,62.02143255723921,6.734630803456732e-05,screen,18,0.017372466962742663,0.04194084535333187,1.04940350209811,0.9258126913496606,0.11282788628911268,0.4397352077945474,14.10583518155786,2.2204808971328736,6.3526037084000935,0.4397352077945474,0.13438699704285312,10.699723335388477,1.8340451890707463,0.0022778207342827234,0.004177626159276824,7968.617311817488,3246.536326470735,25.26847832411551,0.3870031327238551,0.017633333333333334,85.1,elec 100u/63V,BSC160N10 PG-TDSON,True,0.2334355790634856,
LNGT72,0.003147711124956646,0.010858467524813491,potcore,0.0007916866604661029,0.0007292650200585267,0.00022223475392210788,12,0.02143122431898721,0.00037034616794987956,91.69427630892444,7.823227009156907e-05,screen,30,0.01148495849816572,0.04286244863797442,1.0497621386535794,0.9753440974259616,0.09571271594737292,0.33345372632556436,2.6837070155756697,0.8723721370515116,3.0763327960544466,0.33345372632556436,0.1107964395309674,2.4691091543634305,1.8411134475489732,0.0008217190377325356,0.0015128779704763735,23290.44199893996,3713.595893486214,14.620396125265046,0.250839236771492,0.026033333333333332,148.8,elec 100u/63V,BSC0902NS PG-TDSON,False,0.0,hold 2.5 < 3.0
LNGT72,0.0035570114465873536,0.006114994588487387,potcore,0.0004536742662911146,0.00012523900782883014,7.817608368618802e-05,12,0.021456671634787164,0.00015,35.37350262683812,6.457918705940191e-05,screen,30,0.011498595673601996,0.04291334326957433,1.0496426439518773,0.9413291983730502,0.16721586635163307,0.48580388945877917,5.452094050179947,0.7573009132153673,7.199376040669631,0.48580388945877917,0.059403518957331564,9.355826491144901,2.3118773844171665,0.00044108784477463105,0.0010197410128757792,2953.0627755404,2091.328149262686,25.051144321842763,0.6079095565644217,0.020033333333333334,135.5,elec 100u/63V,BSC160N10 PG-TDSON,True,0.08998692454315904,
LNG13,0.0034402179779181455,0.0059415694084548375,potcore,0.000624542151111454,0.0001820006115223995,0.00015632102324312976,12,0.018717705511118538,0.0003700603521680429,59.666445158672744,6.744374644161411e-05,screen,30,0.010030788151735574,0.037435411022237075,0.6511803685477554,0.5628667824879267,0.15631199583289204,0.3436993791167574,1.0213910522554932,0.0984851249150911,10.37101849782985,0.3436993791167574,0.0739875372951893,1.4072280060791917,0.270895924271802,0.0004792495838694393,0.00012982675897918824,10696.620908873101,909.0601194935902,5.070796303597812,0.02601269064675319,0.03203333333333334,149.3,elec 100u/63V,BSC0902NS PG-TDSON,False,0.0,hold 1.4 < 3.0; pivot 0.27 < 1.5; electronics do not fit
LNGT72,0.004495360016690937,0.005433897679823229,potcore,0.0007729178884979672,0.00021451043273908716,0.00016047026679425776,8,0.019253353979335978,0.00033145552684160087,42.54688926327895,7.332364279722777e-05,screen,18,0.01595000067882192,0.038506707958671955,1.0473505287954967,0.8955034463453142,0.16610564606931963,0.5370783797254257,7.217388169920876,1.0446480915609044,6.90891815935519,0.5370783797254257,0.06350505287613073,11.585179685605466,1.6887072318233114,0.0009882567419069955,0.001668876306956487,6149.605237787895,1858.3930064995443,12.8575475006637,0.10909449025097592,0.023633333333333333,93.6,elec 100u/63V,BSC0902NS PG-TDSON,True,0.18563922745593142,
LNGT72,0.0040478073095927495,0.011031728662359913,potcore,0.0007706940744646592,0.00021327825370147756,0.0002663070561817841,12,0.021518036435726393,0.0003550869294920894,61.63475372021228,6.693101254033319e-05,screen,30,0.011531480971312721,0.04303607287145279,1.0499710778060565,0.9941454424356196,0.10278530123837536,0.2930700510423811,3.8865245818940135,1.0821325919952234,3.5915419336257908,0.2930700510423811,0.12236529262654745,3.237681758660891,1.9490457055952064,0.0009111952645538853,0.0017759612173374381,12102.228830995722,3772.85120252709,19.2145395644144,0.3706624722946515,0.023033333333333333,148.5,elec 220u/63V,BSC0902NS PG-TDSON,True,0.10208019594230544,
LNGT72,0.003651819977826221,0.00705666777542887,potcore,0.00046149761230298544,0.0001303379638896382,8.584855185227888e-05,12,0.021486193667098866,0.00015,37.31980934163319,5.145734866339782e-05,screen,30,0.011514416483035687,0.04297238733419773,1.0497520195224341,0.9537106717648468,0.15574159123418302,0.45298178138360334,5.517115359971467,0.8556756399184565,6.447671410275549,0.45298178138360334,0.06533934080996531,8.60732712567232,2.4128720622703104,0.00048583052359676325,0.0011722468973847868,3037.8086797296046,2413.380379196674,29.64863989672817,0.6784974427222066,0.020033333333333334,135.5,elec 100u/63V,BSC160N10 PG-TDSON,True,0.09396781998311443,
LNGT72,0.006666618921189197,0.008263464109706957,potcore,0.0011473439056352516,0.00034361403092762787,0.00015451120206644214,8,0.021632257083583437,0.00039023784278485464,57.36975782666275,7.707256893155792e-05,screen,18,0.01792074853752343,0.043264514167166875,1.0494140083458587,0.893782255847454,0.1204072493590929,0.536471093678785,19.43582641350597,2.554088131892874,7.609692935341969,0.536471093678785,0.1343007626617748,14.752156985794782,2.1654622700323913,0.0023482018332282683,0.0050849424722767085,7041.735513836491,2826.104725519779,23.02457162403752,0.3677269519360012,0.017633333333333334,85.1,elec 100u/63V,BSC160N10 PG-TDSON,True,0.28456185087584646,
LNGT72,0.004927146217358145,0.005461065079740427,potcore,0.0007322748009027501,0.0001744494853546687,9.9790224755785e-05,8,0.02003002833854814,0.0001508673160562691,33.342863885971795,5.0672079774890915e-05,screen,18,0.016593418785088142,0.04006005667709628,1.049207903216016,0.886218890199389,0.18699590526140838,0.6193016208292638,11.31198914409455,1.2093173246357554,9.354028850534913,0.6193016208292638,0.060773265259269106,18.97393468722667,2.0892054693947646,0.000983896108814084,0.0020555611318506107,1995.5010086419272,1867.684257271226,31.20717138326501,0.4441401666876307,0.017633333333333334,85.1,elec 100u/63V,BSC160N10 PG-TDSON,True,0.164999183579397,
LNGT72,0.003593958047657808,0.006168814006148711,potcore,0.0008058162115514014,0.0007624470739378252,0.0001536014726434992,12,0.02154569800460288,0.00043527257573154165,91.860290889094,7.777593129289939e-05,screen,30,0.011546304761396385,0.04309139600920576,1.0493273819836593,0.890890512807046,0.13072221453242852,0.5566316339997673,4.529417531571518,0.8925276555915029,5.074820374691636,0.5566316339997673,0.09429863213213904,4.8962992876884215,2.2388477394366673,0.000703099070329728,0.001574131764207734,16730.720914516714,2109.734390102859,11.583530426678694,0.15653749030046296,0.03203333333333334,149.3,elec 100u/63V,BSC0902NS PG-TDSON,True,0.12153347355857352,
LNGT72,0.004976201431645826,0.005981790094077218,potcore,0.0008449630283689964,0.00021145917074217414,0.00020177383882066447,8,0.019344642369726165,0.00033339809302147675,43.91451305876396,5.250587063593725e-05,screen,18,0.01602562645759557,0.03868928473945233,1.0459656741292684,0.8991692362700963,0.18180504185901356,0.5311004922006057,8.138352356559555,1.1838052027011525,6.874739474019742,0.5311004922006057,0.07105967901773798,11.674659966537062,1.7999035284861447,0.001111063945765036,0.0019998079163562267,5103.106892922751,2045.7722121744087,17.604783205968687,0.14645754038281686,0.020633333333333333,93.30000000000001,elec 220u/63V,BSC0902NS PG-TDSON,True,0.1897844218012466,
LNGT72,0.0039363748905378105,0.010647210449009674,potcore,0.0007601786370505573,0.00023154526725559165,0.0002202435960365505,12,0.021422134498582417,0.00035796032546006867,62.4486225383459,6.737537403690572e-05,screen,30,0.011480087278092105,0.042844268997164835,1.0500724212222554,0.9891297148511865,0.09440201438669533,0.30105241060713867,4.106814929362005,1.0982533413081046,3.7394058136626938,0.30105241060713867,0.1157760620594835,3.615907824945863,1.926749915742263,0.0008582860971804888,0.0016537026654252626,12410.259695593408,3641.3459735613083,18.323310374818277,0.3393128636453121,0.023033333333333333,148.5,elec 220u/63V,BSC0902NS PG-TDSON,True,0.10847968325189801,
LNGT72,0.004420942120925249,0.005358504724500513,potcore,0.0007703456417815103,0.00023545823508979983,0.00015114946232478726,8,0.01924567174290017,0.0003301701373132651,42.202643600320165,5.3478839582016084e-05,screen,18,0.015943636505779787,0.03849134348580034,1.0477853034039375,0.892007070025664,0.16039885162801304,0.5458339263027927,7.192900313460731,1.032353247286491,6.9674797191436655,0.5458339263027927,0.05947392464424063,12.32844879824856,1.7898593448422533,0.0009251555971811501,0.0016558983910477968,5249.261961694258,1832.6086157791754,14.733676626350336,0.10448326900124398,0.020633333333333333,93.30000000000001,elec 220u/63V,BSC0902NS PG-TDSON,True,0.18890955236768467,
LNGT72,0.00505336952038659,0.00997472744455252,potcore,0.0012391057755306255,0.001128044855065099,0.00019221284134730444,8,0.021257477519537132,0.0003667688481023434,86.80303300237537,7.603259633617165e-05,screen,18,0.01761027098086692,0.042514955039074265,1.0497390000211548,0.9074052271570792,0.105171328871438,0.5059740382731578,9.132268997136697,1.9296203418462525,4.732676578439768,0.5059740382731578,0.13583614679474512,6.8532146473991595,1.983511128314214,0.0023338997117668117,0.0046293160506588075,13701.74735084778,3411.356786036962,21.611558591680044,0.3196056937428775,0.017633333333333334,85.1,elec 100u/63V,BSC160N10 PG-TDSON,True,0.19717012425335248,
LNG40,0.004479935294989423,0.0054522288559204855,potcore,0.0007751959656529151,0.00023023043204183124,0.00015262720483024455,8,0.019251681673043204,0.0003275926837270538,39.855694181244964,5.241103896190611e-05,screen,18,0.015948615294928102,0.03850336334608641,1.203131336805345,0.9086935645878484,0.42812306196266925,0.8066945277475994,7.568222700218499,0.38389376772740214,19.71436719335489,0.8066945277475994,0.06061799469187276,12.726920471343545,0.6985770371753965,0.0009432468110693572,0.0006589305626019726,4886.404674991011,801.4776418203114,6.5372088294251816,0.020158118580416065,0.020633333333333333,93.30000000000001,elec 220u/63V,BSC0902NS PG-TDSON,False,0.0,demag margin 0.81 > 0.8; pivot 0.70 < 1.5
LNGT72,0.003818791127964218,0.009941430879665609,potcore,0.0007150556960536453,0.00020786165526591742,0.00017740188364290008,12,0.020980941347256858,0.0003589762179155176,65.62030357125684,6.582620025615788e-05,screen,30,0.011243652580884453,0.041961882694513716,1.0501285167307264,0.9854111502535569,0.08763007216710687,0.30702566770669065,4.273684835707809,1.063075482387002,4.02011419368998,0.30702566770669065,0.10653489305381572,4.089230677270674,1.952285583447003,0.0007735126246982069,0.0015101175458125614,12938.36633560886,3399.969360845638,17.243832475018863,0.2936010711645593,0.026033333333333332,148.8,elec 100u/63V,BSC0902NS PG-TDSON,True,0.1131908502223957,
LNGT72,0.004438892313894524,0.005221883495513168,potcore,0.000766539966912675,0.0002472255481108872,0.00015160186114007205,8,0.019310112288339735,0.0003244696413621734,42.83100825529699,5.3554660083491714e-05,screen,18,0.01599702080155536,0.03862022457667947,1.0475711976639606,0.8857867865228406,0.16607155159162595,0.5641281152111257,7.3101573818034735,1.0379014910694686,7.0432092493392435,0.5641281152111257,0.058921974885159975,12.646793432983024,1.81125241517403,0.0009196386222321733,0.0016656976756053413,5271.514853773626,1785.8841554655035,14.510291847321772,0.10148271363306761,0.020633333333333333,93.30000000000001,elec 220u/63V,BSC0902NS PG-TDSON,True,0.1922788172791714,
LNGT72,0.0036410353826238535,0.0064746872421193105,potcore,0.0008059643805879262,0.0007497020167047698,0.00015449902554906284,12,0.021525453563794057,0.00043552677494793145,92.28729746021342,7.574335622931797e-05,screen,30,0.0115354557982645,0.04305090712758811,1.0493999931712146,0.8975841059948425,0.12562405399932688,0.5363314469138752,4.591521612740801,0.9249694559414179,4.963971062231055,0.5363314469138752,0.09321748815136668,5.021000092056377,2.378074643452291,0.0006943849027171578,0.0016512991299477587,16737.420351481327,2214.3430368048043,12.209511993195,0.1693684120399838,0.028033333333333334,148.89999999999998,elec 470u/63V,BSC0902NS PG-TDSON,True,0.12316923644283831,
LNG60,0.0028716178813564387,0.006101806551836828,potcore,0.0005023655042004971,0.00016590390191090643,0.00016258120985561414,12,0.019277362492022297,0.00033342503283912,47.155513251148946,5.2753426613911814e-05,screen,30,0.010330707423878779,0.038554724984044594,1.3310573226844138,1.1635300644912678,0.30679156094338084,0.5299505167456829,2.8147647178508044,0.25705018394502993,10.950253661179019,0.5299505167456829,0.0639133573597574,4.489329267747892,0.6953967507538632,0.0004263731105805949,0.0002964984757065633,8919.598588319612,1098.325179330629,5.8065491440185175,0.026679528232491093,0.03203333333333334,149.3,elec 100u/63V,BSC0902NS PG-TDSON,False,0.0,pivot 0.70 < 1.5; electronics do not fit
LNGT72,0.003705142950972215,0.006902528687593631,potcore,0.0008106945629149946,0.0007310251921628504,0.00020020259463249306,12,0.021601839898699744,0.00042836908865671034,87.3422718063902,7.749768945909007e-05,screen,30,0.011576391111766003,0.04320367979739949,1.0488129041889664,0.9082554469398805,0.14156115669063352,0.5075732212170765,4.304212517749718,0.9428478024942755,4.5651191065652945,0.5075732212170765,0.0977627029881312,4.487986048447897,2.296176718832789,0.0007308268692119041,0.0016781076425818296,16200.170636576117,2360.6648111570216,12.727386161867889,0.18830352763009559,0.028033333333333334,148.89999999999998,elec 470u/63V,BSC0902NS PG-TDSON,True,0.11831687956883895,
LNGT72,0.004564984276658164,0.0058709009302310156,potcore,0.0007206704790066124,0.00022894034686655277,0.00014508173123401177,8,0.019078861873888638,0.0003265405440613439,43.61919384997139,5.086022154959382e-05,screen,18,0.015805446685615274,0.038157723747777275,1.0482901140681287,0.9013532361764018,0.17791405376437297,0.5518982447100378,7.975414595530133,1.0468669369592143,7.618365156030191,0.5518982447100378,0.06163253359493606,13.190894299119453,1.9983852987510098,0.0009504244348109597,0.0018993142180999591,5380.597108593775,2007.8481181390073,16.2771370014907,0.12127653908346636,0.020633333333333333,93.30000000000001,elec 220u/63V,BSC0902NS PG-TDSON,True,0.18705108256190042,
LNGT72,0.003562435305562107,0.006594031726944986,potcore,0.0006014590432236489,0.00024153524796486525,0.00014934745384815123,12,0.021216028663962737,0.0003295450952884133,50.363012102626136,6.726205577492153e-05,screen,30,0.011369635494208732,0.042432057327925474,1.0491146350652434,0.9385147087214213,0.12304485793203407,0.4072292847057582,4.18036520570448,0.8005811645816621,5.221663199994095,0.4072292847057582,0.07685055477642333,5.5449573491240916,1.9125338990939575,0.0005642371313654545,0.0010791226408639622,9188.23471857924,2255.158850615185,12.361089585273367,0.15416113663249045,0.028033333333333334,148.89999999999998,elec 470u/63V,BSC0902NS PG-TDSON,True,0.11599842820962741,
LNGT72,0.0036357151040243645,0.006916953757728877,potcore,0.0008013975098719488,0.0007373428552141448,0.00016151231941581294,12,0.021575925757600287,0.0004306300850304979,95.85336173371886,7.790962797819676e-05,screen,30,0.011562503765405713,0.043151851515200575,1.0494328464822562,0.9079440598649772,0.12166416305088362,0.5053334175205356,4.548448851870057,0.9577165146458395,4.7492642993131,0.5053334175205356,0.09613164551601,4.823118492618073,2.3098833193305732,0.0007177717770477496,0.00165796905488886,18120.93017379151,2365.598185143276,12.513184278206587,0.18298608704257768,0.028033333333333334,148.89999999999998,elec 470u/63V,BSC0902NS PG-TDSON,True,0.12276440108874596,
LNGT44,0.0036317164886410943,0.006916953757728877,potcore,0.0008013975098719488,0.0007393421629057798,0.00016151231941581294,12,0.021575925757600287,0.0004306300850304979,91.02794973246051,7.790962797819676e-05,screen,30,0.011562503765405713,0.043151851515200575,0.86837010421285,0.7435942501619142,0.09230176674600725,0.3958055762202674,2.9840468410479186,0.6742550790450818,4.425694271779302,0.3958055762202674,0.09608584172799395,3.1657544766497896,1.567766889233551,0.000717429780755651,0.0011247626556187954,17222.476920419133,2531.605075328769,13.380585185528638,0.2092341669084467,0.028033333333333334,148.89999999999998,elec 470u/63V,BSC0902NS PG-TDSON,True,0.08212900818409061,
LNGT72,0.004195286457450622,0.011389878265554659,potcore,0.0007150747007087255,0.00021809797782495937,0.00019100378375085732,12,0.021001748538871948,0.0003668433285257713,64.71841634333485,7.830643270533854e-05,screen,30,0.0112548031212645,0.042003497077743895,1.0501520526556496,0.9913604248517789,0.08583331801488342,0.29934469891255827,5.183029001994544,1.326636614296126,3.9068942814792624,0.29934469891255827,0.1266478802019142,4.17173493706688,2.236091798204005,0.0009204579258726148,0.002058228418635624,13690.69246557678,3895.3383668196934,18.413979486857325,0.39827588282580734,0.026033333333333332,148.8,elec 100u/63V,BSC0902NS PG-TDSON,False,0.0,electronics do not fit
LNGT72,0.0053597876486460765,0.012768397164419725,potcore,0.0015622488885007094,0.0012869469227569535,0.0002536819807761136,8,0.023450744839663744,0.0004385916015232543,90.19434507746088,9.106474811125176e-05,screen,18,0.01942723312067919,0.04690148967932749,1.049753788560505,0.9291239887697457,0.1016362873985341,0.44268281916827884,9.398607575726183,2.2219357758037654,4.229918649348144,0.44268281916827884,0.21265580552589067,4.505233095760132,1.5194489571868532,0.004030779053717344,0.00612456302982143,15773.97870260655,4366.791830231546,24.968965448917345,0.5109682283917697,0.017633333333333334,85.1,elec 100u/63V,BSC160N10 PG-TDSON,True,0.1755079204208828,
LNGT44,0.004907456254264742,0.006243011003495171,potcore,0.0011236167923593366,0.0011078131248312816,0.0001549080664929811,8,0.020938595288933815,0.00037081197940172495,90.42920482320075,7.76625858297249e-05,screen,18,0.017346100291435563,0.04187719057786763,0.8675171583914678,0.6606317855685595,0.10669451863184233,0.5755708972198136,6.224220680156312,1.1282063430827074,5.516916934848346,0.5755708972198136,0.09367120214539493,6.773449246101439,1.5866525589526566,0.001585290090374923,0.00251530457857566,12587.842855029063,2284.9420272792327,16.41468621539256,0.18833000862431165,0.020633333333333333,93.30000000000001,elec 220u/63V,BSC0902NS PG-TDSON,True,0.15003108269401488,
LNGT72,0.005245644485217858,0.005652347910478075,potcore,0.0008862310640227574,0.00022791529396193336,0.00015166584745658786,8,0.01927952456664555,0.0003296266234386994,43.678765293542355,5.1656028707521964e-05,screen,18,0.01597168110321971,0.0385590491332911,1.0479311996535017,0.878888049416309,0.16407105307345105,0.5859942146326225,10.940103429042093,1.3703913801979495,7.983196324149254,0.5859942146326225,0.07043568640067327,15.832870854131764,2.122820030867994,0.001097600204937817,0.002330007700926813,4726.387605936735,1933.1029853835016,17.864711620509908,0.14837322765412192,0.017633333333333334,93.1,elec 100u/63V,BSC0902NS PG-TDSON,True,0.22782519296603004,
LNGT72,0.004171452281443832,0.011064603490774136,potcore,0.0007078793103948221,0.00019694651607207557,0.0002204861419609713,12,0.02156751901692358,0.00036883922094246944,62.87799712790597,6.851264068355943e-05,screen,30,0.01155799860665511,0.04313503803384716,1.050079274204003,0.9920907626658333,0.09572729500853105,0.2990098830138474,4.618557951123905,1.218462742752545,3.790479420561059,0.2990098830138474,0.1201487087538216,3.918485843658676,2.131415363248148,0.0008967468500111368,0.0019113400130581196,12363.760005205451,3784.0943938447544,19.244653432913488,0.38061171803618576,0.023033333333333333,148.5,elec 220u/63V,BSC0902NS PG-TDSON,True,0.11626138017169378,
LNGT72,0.00716778574706866,0.014187622671025569,none,0.0003562923633168421,0.0,0.00025398912238929703,12,0.0233304043758963,0.00043261981123079963,64.17873011668051,9.063094385349024e-05,screen,30,0.012502726023225889,0.0466608087517926,nan,nan,nan,nan,0.0,0.0,inf,nan,0.1999199003021289,0.0,0.0,nan,0.0,10835.646157670992,4852.166953490744,28.739025698869057,1.122824404440906,0.036513333333333335,155.7,elec 100u/63V,SQJ850EP PowerPAK,False,0.0,open-circuit demag margin 0.89 > 0.8 [prescreen]
LNGT72,0.00462504124651449,0.005208329725440876,potcore,0.0007906571365024389,0.00020975983571024854,0.00015423433538267994,8,0.019366891937454604,0.00032463909158386944,42.85933819140905,5.2995241717596056e-05,screen,18,0.01604405860301569,0.03873378387490921,1.0472653299282344,0.8857752338440177,0.17061186118575994,0.5662399946530593,7.864272243220913,1.0819953624961467,7.268304944559243,0.5662399946530593,0.06107946009187157,13.124849813401937,1.840764793940219,0.0009561152099975824,0.001759983217514309,5070.601646467389,1781.2487661007797,15.056032516877064,0.10811861528286947,0.020633333333333333,93.30000000000001,elec 220u/63V,BSC0902NS PG-TDSON,True,0.1970764670989418,
LNGT72,0.0034640536556940745,0.006539774882390332,potcore,0.000797146103726815,0.0008084076480598458,0.00020147218892216137,12,0.02149242598115539,0.0004368947377528685,92.05003755563766,7.69882339824968e-05,screen,30,0.011517756370072532,0.04298485196231078,1.0486689628205312,0.903526310959225,0.14973063434583353,0.526414792290152,3.7327095488197055,0.8207316099542473,4.548027032890557,0.526414792290152,0.09494592129842896,4.0075493342800055,2.0867233854190754,0.000706174961774399,0.00147359180693206,17545.697185448003,2236.6030097774933,11.73389628642526,0.15900109203782592,0.03203333333333334,149.3,elec 100u/63V,BSC0902NS PG-TDSON,False,0.0,electronics do not fit
LNGT72,0.002965268740695879,0.005811697754405169,potcore,0.00048453239740565296,0.0001484634408528031,0.0001520642806128323,12,0.019320376954409118,0.0003263745303622255,42.12616449762853,4.9932309507082977e-05,screen,30,0.010353758804797594,0.038640753908818236,1.048979404184985,0.9530135776053781,0.14428104322619195,0.3890762749210362,2.47486300381322,0.4679438146816821,5.28880375413604,0.3890762749210362,0.06311940649881552,3.996862882948761,1.3126862748259844,0.00042201614360557155,0.0005539747994660254,7453.476642249241,1987.6006320065678,11.233682642122274,0.09451858561632139,0.03203333333333334,149.3,elec 100u/63V,BSC0902NS PG-TDSON,False,0.0,pivot 1.31 < 1.5; electronics do not fit
LNGT72,0.002648992524879461,0.006670199131133202,potcore,0.00045762505411446597,0.00013612375563771203,0.00015311687942301785,16,0.020991343695225904,0.0003502015604842988,43.17197247431715,6.82141421036679e-05,screen,42,0.008350875737794885,0.04198268739045181,1.0498859153301208,0.9846368690646009,0.10604124822774845,0.3106085512152019,1.7839686668675332,0.4552716958434049,3.9184704060345243,0.3106085512152019,0.08328574563350383,2.1834715456130978,1.391688313676223,0.00033600058756518415,0.0004676080911028112,10377.414022761855,2281.208102847555,9.490249999499701,0.12901761891879945,0.04343333333333334,205.1,elec 220u/63V,BSC0902NS PG-TDSON,False,0.0,hold 2.2 < 3.0; pivot 1.39 < 1.5; electronics do not fit
LNGT72,0.0030725845090629903,0.0056754397801265545,potcore,0.00047278887541789527,0.00010739220333307743,0.000104575403779273,12,0.019361187943383703,0.00015,33.81283002147832,5.0211591364253835e-05,screen,30,0.010375629347873705,0.038722375886767406,1.04976503767353,0.951682299499514,0.13620477691518168,0.4060951459759532,3.2695939372897738,0.5299377899248718,6.169769356801856,0.4060951459759532,0.05410046032284775,6.160611917374547,1.9310608849147575,0.0003624795613008116,0.0006999701024090584,3193.249010496511,1941.0004048032818,20.55295924104247,0.31815881965368287,0.023033333333333333,135.7,elec 220u/63V,BSC160N10 PG-TDSON,False,0.0,electronics do not fit
LNGT72,0.0062417163087468575,0.010407238447149653,potcore,0.001181271495600112,0.0003064872917777738,0.00022543297911134026,8,0.02137203617969086,0.00043480171302758675,62.844084603650614,6.813418867628658e-05,screen,18,0.017705174482312847,0.04274407235938172,1.049269390065304,0.9345012690015635,0.11598078977203273,0.41461019525733134,13.382980877055505,2.2531384424621783,5.939706422314152,0.41461019525733134,0.15079368033460863,9.046919148914654,1.7331765793329312,0.0026048585790303513,0.004514679881649864,8247.674328374265,3559.2755489251813,27.120301410888697,0.45102085307764406,0.017633333333333334,85.1,elec 100u/63V,BSC160N10 PG-TDSON,True,0.21781319307566246,
LNGT72,0.004218280001541809,0.010178527935199105,potcore,0.0007928395147894648,0.00022331753124899345,0.00017579097908255746,12,0.02116748339954874,0.00036268685052477905,62.824727456872715,7.002621291435678e-05,screen,30,0.011343620165416561,0.04233496679909748,1.0501064150955186,0.9753628668356338,0.08827033729636759,0.3235251232913286,5.57537819707633,1.2527235314543206,4.450605466478085,0.3235251232913286,0.12184837548488707,4.664290396908343,2.250530284692208,0.0008925643438785169,0.0020087430869350324,11775.34263368253,3481.0565538380943,18.572404732519058,0.36231655439247096,0.023033333333333333,148.5,elec 220u/63V,BSC0902NS PG-TDSON,True,0.125525809102965,
LNGT72,0.004830068989564864,0.013473004174002653,potcore,0.0009194301708268961,0.00026081683565140184,0.00025477100481368937,12,0.02345373948913138,0.00045588999893695725,59.857453301139884,9.013974228045224e-05,screen,30,0.01256882111120537,0.04690747897826276,1.0501529586947482,0.9945080725779554,0.08803231232129213,0.29192338808388874,6.3554328602752355,1.7199178172248772,3.695195663784597,0.29192338808388874,0.19021002831018707,3.405984894508255,1.9421888907265674,0.0015438178908994784,0.002998385957009887,12608.779323650198,4607.7674275089075,21.8743794728245,0.6469624204483845,0.023033333333333333,135.7,elec 220u/63V,BSC160N10 PG-TDSON,True,0.127317745344792,
LNGT72,0.004812701654469544,0.0053100900611643695,potcore,0.000739032649833381,0.00017064722663420544,0.00010608155888042436,8,0.019367021819087376,0.00015,34.160370993341076,5.059945734650302e-05,screen,18,0.01604416620048328,0.03873404363817475,1.0489771815192885,0.8862266494160292,0.18404164424816116,0.6108559902861016,10.365365308553544,1.1312710627505298,9.162583265721997,0.6108559902861016,0.05846866521666724,18.071426088086287,2.0917057156042445,0.0009152529335199246,0.0019144397922671778,2060.1894092185944,1816.0508009182145,30.112264835712505,0.41292883550416637,0.017633333333333334,85.1,elec 100u/63V,BSC160N10 PG-TDSON,True,0.1578961585284018,
LNGT72,0.004049495189212599,0.011105825464787347,potcore,0.0006966775657768372,0.00018933186641822625,0.00021076232981198786,12,0.021456593506404224,0.0003296592248402807,64.79495032627196,5.7212214620191025e-05,screen,30,0.011498553804727765,0.04291318701280845,1.050134051892142,0.9960313696444453,0.09114096131114306,0.29140715101987924,4.394809918064909,1.1715551634498944,3.7512616180389258,0.29140715101987924,0.11602877692315423,3.861049542636836,2.0856319509225942,0.0008615431827910189,0.001796861989128494,11960.860109613515,3798.192308957273,20.575751219655967,0.36332176782712206,0.023033333333333333,135.7,elec 220u/63V,BSC160N10 PG-TDSON,True,0.11378703935445755,
LNGT72,0.0031103977998882346,0.006201222883486105,potcore,0.0003792859756071735,0.00010725765352372088,8.4663108770215e-05,12,0.019407345963924474,0.00015,34.261635290830306,5.216649501846266e-05,screen,30,0.010400365356529943,0.03881469192784895,1.0496158285000103,0.9580303486013809,0.16833860598511377,0.4584845732993853,3.6686151468200037,0.6100536407924236,6.013594381724678,0.4584845732993853,0.05321894359498385,7.026950560173736,2.1814560176600835,0.000357423381885471,0.0007797033872664787,3287.2691083995232,2120.818226152248,22.10427506434098,0.3823274408068854,0.023033333333333333,135.7,elec 220u/63V,BSC160N10 PG-TDSON,False,0.0,electronics do not fit
LNGT72,0.004844333653400939,0.0065969511682849626,potcore,0.0008851277163093595,0.00035072456237260287,0.0001512369989089932,8,0.021501705025953777,0.0003309499606593447,43.931379404849075,6.409930086646569e-05,screen,18,0.01781259567179159,0.043003410051907554,1.049015270811415,0.8974617172037886,0.13325359512194832,0.5266215296167398,9.071712893409954,1.402376326320154,6.4688149130513315,0.5266215296167398,0.07816225082777414,11.831048436829604,1.7905862519951086,0.001358391843326359,0.002432317759482472,5918.965324943163,2256.157299553457,16.74551156872243,0.16176800936621538,0.020633333333333333,93.30000000000001,elec 220u/63V,BSC0902NS PG-TDSON,True,0.21091056176341935,
LNGT72,0.00443444167661027,0.005202568569584501,potcore,0.0007627086762690929,0.00023791516452596905,0.00015154945894644694,8,0.019233093339350082,0.00032432886951656295,43.00384282245904,5.459012627304744e-05,screen,18,0.015933216215092888,0.038466186678700165,1.0475116718120299,0.8867128554567004,0.16674042522724317,0.5617610613953186,7.241882358565955,1.030708822418245,7.026118532268967,0.5617610613953186,0.058550472529047104,12.608169939819371,1.813131355088782,0.0009101954327003842,0.001650303878287668,5344.066747627781,1779.2784507978995,14.317899541480555,0.10071988708742843,0.020633333333333333,93.30000000000001,elec 220u/63V,BSC0902NS PG-TDSON,True,0.19149324242403068,
LNGT72,0.0035912438259770563,0.00618940714997181,potcore,0.0008093245534720971,0.0007741227303865703,0.0001536538748371243,12,0.02162271695359253,0.0004921700786254706,93.2464203116583,7.674046510334364e-05,screen,30,0.01158757909176373,0.04324543390718506,1.0493400552179866,0.8907386208801695,0.13054625431965036,0.5573456141913847,4.46783534665968,0.8941308522676734,4.9968473130397655,0.5573456141913847,0.09481591231954709,4.8033797637993265,2.251258555384929,0.0007094830983106596,0.0015972298949728794,16888.37269352518,2116.777245290359,11.687443444220836,0.15723699334000465,0.03203333333333334,149.3,elec 100u/63V,BSC0902NS PG-TDSON,True,0.12098070490767097,
LNGT72,0.0039008099237425884,0.006974714989567712,potcore,0.0006783347797571761,0.00019241004236023195,0.00016054009262206006,12,0.02093235225563256,0.00035499487779956467,63.083377007910485,6.91642931592005e-05,screen,30,0.01121761376516107,0.04186470451126512,1.04916661007746,0.9425339287595353,0.12210240406557755,0.3952681122046465,4.87619821169603,0.9059874569741689,5.382191744664582,0.3952681122046465,0.08553539043475547,5.811209083901396,2.075203987111252,0.0006196043228167373,0.0012858053611406605,10962.097923811965,2385.3525264321574,13.726942941717942,0.19548834005663335,0.026033333333333332,148.8,elec 100u/63V,BSC0902NS PG-TDSON,True,0.12135154257133286,
LNGT72,0.004460535608034392,0.009149541609841627,potcore,0.0011067845905253467,0.0010475866090959428,0.00017736626519107107,8,0.020936258346488223,0.0003662704384084088,90.62143249617881,7.778104557806538e-05,screen,18,0.01734416430492466,0.041872516692976446,1.0497396736824565,0.9114769093050902,0.10535986743691256,0.4956233849568669,6.9834445654194095,1.4875340927466463,4.694645050134535,0.4956233849568669,0.10878483279324802,6.54383490788864,1.8832752116570548,0.0018408674791962623,0.00346686009151593,15600.007836217692,3129.143230565837,18.177390999846406,0.23130199813980287,0.020633333333333333,93.30000000000001,elec 220u/63V,BSC0902NS PG-TDSON,True,0.17385239796205953,
LNGT72,0.003568722019361486,0.005948587023088535,potcore,0.000613773617293013,0.0002849399715440296,0.00014967436600673526,12,0.021221196314341287,0.0003268152401364229,52.37267631937138,6.803104700269338e-05,screen,30,0.01137240482970013,0.042442392628682574,1.0487093634124665,0.9229950994423304,0.13700948839759983,0.45415317377423553,4.253395256174457,0.7807519817247909,5.44781871290049,0.45415317377423553,0.07421280849532869,5.8423539934925905,2.0125992997517463,0.0005450035016519531,0.0010968736657869706,9199.697508683405,2034.416761896279,11.581668904757917,0.13688022308285588,0.028033333333333334,148.89999999999998,elec 470u/63V,BSC0902NS PG-TDSON,True,0.11881297326407987,
LNGT72,0.003677333523559357,0.006505251755469458,potcore,0.0008025891423029817,0.0007155971925527471,0.00015930155752101447,12,0.021549160355907218,0.000433099648023396,89.42987620522283,7.687299637751589e-05,screen,30,0.011548160229868208,0.043098320711814436,1.0493241949433518,0.8996130153819766,0.12735995938364847,0.529789674309152,4.712604769746187,0.9463844448145521,4.979588153173461,0.529789674309152,0.09349336307058245,5.13820265174217,2.3427234214143473,0.0006972069336655578,0.0016333630130707813,16262.973559403328,2224.7961003705545,12.234124289217682,0.17258809896186456,0.028033333333333334,148.89999999999998,elec 470u/63V,BSC0902NS PG-TDSON,True,0.12543480034417773,
LNG60,0.0051154923611329796,0.005740624203111132,potcore,0.000874648190876457,0.00026314615206342177,0.00015217983886636128,8,0.019251372750972176,0.00032987431992840936,32.30516282237147,5.279194487244626e-05,screen,18,0.015948359375505032,0.03850274550194435,1.3223466680743279,1.008547939778865,0.42827276222644584,0.8647116538929898,14.112562831370997,0.699409136433753,20.177835970702564,0.8647116538929898,0.07238333572082972,19.87459501546847,1.0916005210138044,0.001126303424585471,0.0012294734050971325,3622.780240646603,1033.3123565600038,9.21428342534001,0.040339759507161156,0.020633333333333333,93.30000000000001,elec 220u/63V,BSC0902NS PG-TDSON,False,0.0,demag margin 0.86 > 0.8; pivot 1.09 < 1.5
LNGT72,0.004240251243361686,0.010092003694010789,potcore,0.0007990044099127992,0.0002245730223808288,0.00017527698767278406,12,0.02119563521522211,0.0003478635965550809,64.75945005776474,6.889029674943248e-05,screen,30,0.01135870667796686,0.04239127043044422,1.050093234218833,0.9737140757418059,0.088937804604114,0.32642228914974275,5.667007604229998,1.2563510336349175,4.51068805812498,0.32642228914974275,0.12228305550501446,4.7240937327230155,2.2558638038437846,0.000896939769982868,0.0020233739613323217,11936.289152954163,3451.46526335169,18.725668378502284,0.3623464164373805,0.023033333333333333,148.5,elec 220u/63V,BSC0902NS PG-TDSON,True,0.12619703078392014,
LNGT72,0.004542362151852819,0.005364485166102262,potcore,0.000730453575954639,0.00026897637012968155,9.895665816673715e-05,8,0.019269723887887735,0.00015577009891640519,33.763614353097715,5.0806023462502565e-05,screen,18,0.015963561955095813,0.03853944777577547,1.0493789443517083,0.8801902074053947,0.1497678988422329,0.6015407389329849,9.445755314211798,1.1313097064178683,8.349398277612629,0.6015407389329849,0.05650210794385867,17.04131222090876,2.2508556709371677,0.0008800254876628486,0.001980810359475169,2312.0927686306536,1834.6539268069735,26.79154941209125,0.32821118329273485,0.017633333333333334,85.1,elec 100u/63V,BSC160N10 PG-TDSON,True,0.1647937746329577,
LNGT72,0.004746757435664401,0.005364485166102262,potcore,0.000730453575954639,0.0001667787282238902,9.895665816673715e-05,8,0.019269723887887735,0.00015577009891640519,37.61614406370075,5.0806023462502565e-05,screen,18,0.015963561955095813,0.03853944777577547,1.0492095045764263,0.8901013244158863,0.17449764159684839,0.5985898139951112,10.311532838323236,1.1256494171697258,9.160518968907759,0.5985898139951112,0.05779672902443311,18.1865768178721,2.184522881522992,0.0009001893291411728,0.0019664841872117237,2479.7832419517827,1834.6539268069735,27.830096296435613,0.35414990693046977,0.017633333333333334,85.1,elec 100u/63V,BSC160N10 PG-TDSON,True,0.1637233311444647,
LNGT72,0.004404810464425425,0.005666065020157048,potcore,0.0008119092857761039,0.00025569625421654037,0.00020168891430104706,8,0.019143781707247953,0.00033154185623216,42.828940287017716,5.121862850954586e-05,screen,18,0.015859228036504133,0.038287563414495906,1.0459776247272763,0.900318970643305,0.17980967597432293,0.5239025351176141,6.084785873543616,0.9856847471082321,6.173156165188669,0.5239025351176141,0.062306790689009475,9.954991884721528,1.7142950538489385,0.0009640914332964572,0.0016527371755582505,5294.408561079007,1937.7942368937106,15.675721414958874,0.11327277181612347,0.020633333333333333,93.30000000000001,elec 220u/63V,BSC0902NS PG-TDSON,True,0.1695116786117585,
LNGT72,0.0039702238799114685,0.010800890609812232,potcore,0.0007677230901480211,0.00023362740825112172,0.00021982616680779775,12,0.02158162942445621,0.00035758250569324103,63.31867532291048,6.849823362216498e-05,screen,30,0.011565560351261593,0.04316325884891242,1.0500873388146703,0.9897084039860945,0.09322295106635756,0.30003354396744014,4.204287603397627,1.1267920701068916,3.7312009153550334,0.30003354396744014,0.11863938578637316,3.6123890755229757,1.9238788791219728,0.0008860611256117573,0.001704674285175501,12661.364713649862,3693.9045885557834,18.472980646740176,0.3506263751857362,0.023033333333333333,148.5,elec 220u/63V,BSC0902NS PG-TDSON,True,0.10965730617669713,
LNGT72,0.0030130037948829127,0.0056375499904354675,potcore,0.0005201551180006429,0.00010666615870747892,9.792029714193539e-05,12,0.019341882868446226,0.00015,35.02682475413194,5.050054358299574e-05,screen,30,0.010365283789395066,0.03868376573689245,1.0498745481043372,0.9527889344920897,0.09960112981756437,0.36984173248189256,3.2526856989651654,0.5657812618789912,5.749016303867707,0.36984173248189256,0.054936750212388405,6.035456550011864,1.742109674351253,0.00036771578766663657,0.0006406012311057387,3319.3331496454107,1928.04209672893,20.345409633837928,0.31355966270132596,0.023033333333333333,135.7,elec 220u/63V,BSC160N10 PG-TDSON,False,0.0,electronics do not fit
LNGT72,0.005563285510179566,0.006425101961960611,potcore,0.0012230286392214316,0.001138963611628952,0.0001625486804406147,8,0.021503766777041796,0.0004378175433776618,89.7647393314263,7.821510785770357e-05,screen,18,0.017814303682317383,0.04300753355408359,1.0494380103626906,0.8059131604230433,0.14381421140147163,0.7721658072442414,12.575210161092736,1.9788094994996728,6.354937230831105,0.7721658072442414,0.1114923242344655,11.497443269713445,2.4882125466484513,0.0019378252860094937,0.004821721189861445,11464.291733310069,2197.3848709905287,17.205396089334652,0.20838310652226538,0.020633333333333333,93.30000000000001,elec 220u/63V,BSC0902NS PG-TDSON,True,0.2544807485659746,
LNGT72,0.004437676369826568,0.005214776987120172,potcore,0.0007663649453096255,0.0002472639993151726,0.00015160351392301088,8,0.019277264391148796,0.0003245315805452611,42.87140311728155,5.167538990443413e-05,screen,18,0.01596980871253151,0.03855452878229759,1.047561344314785,0.8856000532967065,0.16628022670677564,0.5646687039899327,7.305839450420002,1.0368254334215834,7.046354395754272,0.5646687039899327,0.05883991412320075,12.656950643611696,1.8147113226645237,0.0009167956464469123,0.0016637194401767533,5181.8168642816245,1783.4537295950988,14.755280972881424,0.10125611009151203,0.020633333333333333,93.30000000000001,elec 220u/63V,BSC0902NS PG-TDSON,True,0.1922752767461074,
LNGT72,0.004477110487441081,0.005769734461693918,potcore,0.0007770742525223493,0.0002610642127873077,0.00015166419467364906,8,0.01931237246383649,0.0003295646842556117,43.638370431557796,5.2544847180601215e-05,screen,18,0.015998893192243558,0.03862474492767298,1.0482584244497317,0.8978367568702016,0.1507878483685151,0.5282109601603958,7.426843862062224,1.1057812088281038,6.716377347317306,0.5282109601603958,0.06255722047799213,12.102019328177388,1.8448348199451052,0.0009764908565266437,0.0018014643334783723,5465.5466200760475,1973.2491858993199,15.754943633953717,0.11738330960726634,0.020633333333333333,93.30000000000001,elec 220u/63V,BSC0902NS PG-TDSON,True,0.19230121531749295,
LNGT72,0.004777157575783668,0.005544217950707959,potcore,0.0007355851920686161,0.0001665539809860936,9.443750911592261e-05,8,0.01944248877843366,0.00015,34.007709546543055,5.090370581236388e-05,screen,18,0.01610668507662786,0.03888497755686732,1.049387627763447,0.894160947316589,0.16570167477527778,0.5858243598357876,10.660198741333836,1.1670554815572847,9.13426902987438,0.5858243598357876,0.059377174781410955,18.301081894897877,2.1797414214574404,0.0009330963591872072,0.0020339087843314857,2065.489062761373,1896.122539142122,31.219136299657436,0.44651255761323316,0.017633333333333334,85.1,elec 100u/63V,BSC160N10 PG-TDSON,True,0.15899982660430928,
LNGT72,0.004106993850517041,0.011024540880929766,potcore,0.0007815836355101087,0.00021761597103914628,0.0002708262052325986,12,0.021790876648336368,0.0003737076984639329,61.39065852676694,6.683333019047186e-05,screen,30,0.011677695600575879,0.043581753296672736,1.0499311612661506,0.9922892855508765,0.10457107459646788,0.29622960356599287,4.00303586475804,1.1013699791809737,3.6345968570297065,0.29622960356599287,0.125253723185288,3.2578405870664247,1.9411377813118245,0.0009445303314920338,0.0018334635120541684,11883.77628914017,3770.3929812779797,19.477555146917243,0.3803235745026021,0.023033333333333333,148.5,elec 220u/63V,BSC0902NS PG-TDSON,True,0.10293458632737172,
LNG52,0.003120653193924333,0.006453523450483109,potcore,0.0006886230537562359,0.0006353002744820974,0.00016151231941581294,12,0.01996519948142662,0.0004306300850304979,91.02794973246051,7.790962797819676e-05,screen,30,0.010699318155549064,0.03993039896285324,1.2840676810540357,1.0166204073561205,0.2940253981584307,0.6971202335753883,4.22947188360917,0.3728300936573506,11.34423415802981,0.6971202335753883,0.08627288248627918,4.997385199509809,1.0805953970287834,0.0005960717297704207,0.0006441123674889015,19187.91625093496,1103.5525100326117,5.235280428404227,0.032030394597843306,0.03803333333333334,149.8,elec 100u/63V,BSC0902NS PG-TDSON,False,0.0,pivot 1.08 < 1.5; electronics do not fit
LNGT72,0.002796163935450813,0.005507967848896089,potcore,0.00048284944274843214,0.00015570878693433416,0.00015164256705632278,12,0.019305880836306792,0.0003248825066563478,43.02083127603373,5.3469295626719284e-05,screen,30,0.010345990358519784,0.038611761672613584,1.0487796803286924,0.9519839165073841,0.13270425391898374,0.37405364902774296,2.172364704876408,0.4609766058425012,4.712527007538914,0.37405364902774296,0.06041173844922908,3.6655774251985633,1.2172796170061555,0.0004036096274514316,0.0004913057727240757,8070.032412260612,1883.7250043224624,10.042018599365386,0.08087937096436888,0.03203333333333333,149.2,elec 220u/63V,BSC0902NS PG-TDSON,False,0.0,pivot 1.22 < 1.5; electronics do not fit
LNGT72,0.00562875185497618,0.006021584481114805,potcore,0.0012680890046462385,0.0012289881580986198,0.00015445037658259737,8,0.02153842737747006,0.00043320846798241826,90.89336388395287,7.821462374988232e-05,screen,18,0.017843017463872145,0.04307685475494012,1.049496921697048,0.7673135384718883,0.14741317455588046,0.8294308195152565,12.946538862356816,1.9130617944610446,6.767444156713278,0.8294308195152565,0.11191923927510339,11.791795054132752,2.539622849707448,0.001948380830576167,0.00494815247726321,11207.181139049408,2059.3818925412634,16.70216135639738,0.1963703073798611,0.020633333333333333,93.30000000000001,elec 220u/63V,BSC0902NS PG-TDSON,False,0.0,demag margin 0.83 > 0.8
LNGT36J,0.0035084019806133414,0.006587428615763785,potcore,0.0005976647121537201,0.0002550441060489213,0.00014926416280752782,12,0.02121702314210677,0.00032800271275770483,45.36201395258463,6.716860857104824e-05,screen,30,0.0113701684334399,0.04243404628421354,0.695863948920343,0.6410680727709765,0.06069667378782831,0.23057742085351118,1.7421985926564276,0.44385586941687377,3.9251448785509644,0.23057742085351118,0.07599431307758713,2.3369399746771853,0.998069493569238,0.0005579767541459922,0.0005568995764338977,8370.400899392627,2924.8183053991206,15.850572794896484,0.25313228114077674,0.028033333333333334,148.89999999999998,elec 470u/63V,BSC0902NS PG-TDSON,False,0.0,hold 2.3 < 3.0; pivot 1.00 < 1.5
LNGT72,0.003634523114433168,0.006493321287742451,potcore,0.0008096118283258783,0.0007651840004385142,0.0001545743735394715,12,0.02153320144729309,0.00043516371580730115,96.0841850547311,7.822270649698319e-05,screen,30,0.011539607876517732,0.04306640289458618,1.0494118329126958,0.8972459190638499,0.12558649256694035,0.5377194094964625,4.615817768115128,0.9467384323803317,4.875494233935169,0.5377194094964625,0.09365122194157438,5.024191667185786,2.3839313508880506,0.0006978669223886019,0.0016636668350299463,17738.481348038105,2220.715880407918,12.028970880908814,0.16977785588940164,0.028033333333333334,148.89999999999998,elec 470u/63V,BSC0902NS PG-TDSON,True,0.12528124078829142,
LNGT72,0.0036366509556092046,0.006180473078013305,potcore,0.0008027732311758494,0.0007411519715895697,0.0001535385538060952,12,0.021612312908950587,0.0004303544017254057,91.03967487789792,7.778277509368339e-05,screen,30,0.011582003581044076,0.04322462581790117,1.0493151695282188,0.8912290169814733,0.13040576064179646,0.5548424984350712,4.667378248356141,0.9194762140381911,5.076127231021855,0.5548424984350712,0.09071238830425404,5.244902136464832,2.361308502300915,0.0006784508805654572,0.0016020318326727566,16463.612386869234,2113.72179268055,11.68835491665498,0.15939748825660446,0.028033333333333334,148.89999999999998,elec 470u/63V,BSC0902NS PG-TDSON,True,0.12585967470585996,
LNGT72,0.0036005476780407975,0.006925036934496905,potcore,0.0008070019599843828,0.0007630277135267404,0.00016157523825321692,12,0.021578050575996963,0.0004355482590366338,91.84856574365661,7.790278417741276e-05,screen,30,0.011563642452152616,0.04315610115199393,1.0494487287597196,0.9076155604453352,0.12181329648753449,0.5072106631088835,4.445018739180673,0.9345252481721319,4.756445850847614,0.5072106631088835,0.09624199970908195,4.708037904001141,2.2830937809377043,0.0007186665102087547,0.0016407830400258108,17474.408092796566,2368.3626315979413,12.448531001334189,0.18108415408992598,0.028033333333333334,148.89999999999998,elec 470u/63V,BSC0902NS PG-TDSON,True,0.1201158742982676,
LNGT72,0.004394761810091873,0.005433897679823229,potcore,0.0007729178884979672,0.00026480953603861906,0.00016047026679425776,8,0.019253353979335978,0.00033145552684160087,42.54688926327895,7.332364279722777e-05,screen,18,0.01595000067882192,0.038506707958671955,1.0475488231180405,0.8912320886733288,0.1644233814244394,0.5483776129971245,6.936494366625672,1.0208942189644306,6.794528010611988,0.5483776129971245,0.06287508064013052,11.245854893486586,1.7158445264082984,0.0009784532021688932,0.0016788735712881676,6251.109974474116,1858.3930064995443,12.648768263245909,0.10558032984442844,0.023633333333333333,93.6,elec 100u/63V,BSC0902NS PG-TDSON,True,0.18260185096566656,
LNGT72,0.004376314967259757,0.005374375155107639,potcore,0.0008324404132135571,0.00021451043273908716,0.00016047026679425776,8,0.019253353979335978,0.00033145552684160087,42.54688926327895,7.332364279722777e-05,screen,18,0.01595000067882192,0.038506707958671955,1.0476164061077164,0.8971936933746394,0.15955210899081115,0.5295468040221514,6.6379117050150365,0.9762135494220884,6.799651273990854,0.5295468040221514,0.06100602916082701,11.091485248036495,1.6645185487566578,0.0009493672847223588,0.0015802394550031094,6185.3922571374915,1838.0363030468127,12.643131396780717,0.10548624801810687,0.020633333333333333,93.30000000000001,elec 220u/63V,BSC0902NS PG-TDSON,True,0.17600473041885073,
LNGT72,0.003631118679136706,0.005923828272672607,potcore,0.0005953360462159106,0.00019269331258680732,0.00015209871041736538,12,0.021019862331328677,0.00032280347245424243,43.35285581705333,6.585717357092164e-05,screen,30,0.01126451027338579,0.04203972466265735,1.048477153667541,0.9311573132993167,0.15423081216311016,0.44844592273665496,4.220293541086708,0.6726804584178991,6.273845907479704,0.44844592273665496,0.07321589493455596,5.875817205839783,1.977605647093458,0.0005325811669557335,0.0010532355233072823,7412.345803593309,2025.9492692540314,11.849242991342443,0.13869971164537245,0.028033333333333334,148.89999999999998,elec 470u/63V,BSC0902NS PG-TDSON,True,0.10605277578432004,
LNGT72,0.003586674429468157,0.00649287160076391,potcore,0.0007962206456919808,0.000745358848297788,0.00015441908037808194,12,0.021551544925365398,0.00043402533632822085,91.19590832754582,7.825106265135949e-05,screen,30,0.011549438116789438,0.043103089850730796,1.0494079058460482,0.899857303918317,0.12495079647837408,0.5299079506896505,4.446751017730091,0.9028400240909309,4.925292298829488,0.5299079506896505,0.09187808186270321,4.933576717407013,2.32732206375079,0.0006852371345355722,0.0015947675021060058,17046.196217325938,2220.5620874612573,11.879845449503343,0.1656544414688182,0.028033333333333334,148.89999999999998,elec 470u/63V,BSC0902NS PG-TDSON,True,0.12109188923043622,
LNGT28,0.0027887513323936086,0.005552076633552966,potcore,0.0004792041855973573,0.0001328424509264684,0.0001534826481788726,12,0.018492413938203913,0.0003293409412158961,42.1687500616229,5.174740749510938e-05,screen,30,0.009910054761687551,0.036984827876407826,0.964523661743675,0.8480005854380651,0.20107168404445488,0.38951440784704,1.30392242230011,0.13796866623391876,9.450859081940944,0.38951440784704,0.05955722107764605,2.2317642715547916,0.39119506717021785,0.00038113479097425554,0.00014909805015608083,7829.963438002034,982.7175641388749,5.292485931953891,0.021741989440850287,0.03203333333333333,149.2,elec 220u/63V,BSC0902NS PG-TDSON,False,0.0,hold 2.2 < 3.0; pivot 0.39 < 1.5; electronics do not fit
LNGT72,0.006291238830541513,0.010572816178833074,potcore,0.001198533491572587,0.00033203260355267497,0.00026923273610409315,8,0.02161004179677095,0.0003572015151177942,62.01289292186833,6.738345404989808e-05,screen,18,0.01790234479134395,0.0432200835935419,1.048799313636307,0.9348340625004008,0.1290619521716089,0.4154410850661571,12.616742477818985,2.2828524646126422,5.5267445765312795,0.4154410850661571,0.15593501242538463,8.247732977476518,1.7199825599149405,0.002723669166344248,0.004684663465090172,8078.329807292226,3615.9031331609112,27.75729874387442,0.4672509334443098,0.017633333333333334,85.1,elec 100u/63V,BSC160N10 PG-TDSON,True,0.2130451928261466,
LNGT72,0.003434301683666189,0.00661522342585842,potcore,0.0005425425987383375,0.00011893123371428591,0.00010250755469653477,12,0.02120135079139736,0.00015,39.82814063377834,6.444404744684327e-05,screen,30,0.011361769646007734,0.04240270158279472,1.050030868849669,0.9556665598014743,0.11783910076816352,0.3902612582923746,4.3778474589468575,0.6808893345068143,6.429602047031395,0.3902612582923746,0.06369651466973204,7.006093812148941,2.0527474504693903,0.0004673365665760382,0.0009593239455500808,3353.2404080660826,2262.4064116435793,26.87175083449207,0.698016993121444,0.020033333333333334,135.5,elec 100u/63V,BSC160N10 PG-TDSON,True,0.07466673113217834,
LNG40,0.003609503829128367,0.006901473995037258,potcore,0.0008328642979856203,0.0008487336135050265,0.00016365825014158744,12,0.021612379319715772,0.0004528325913938203,91.34349029149786,6.95149672795444e-05,screen,30,0.011582039170465876,0.043224758639431544,1.226787867237707,0.893812076172325,0.3269538131430587,0.8156998377995653,5.371206895766181,0.4128366131309658,13.01049065156983,0.8156998377995653,0.09890938019302511,5.5356088334962505,1.1100304475468368,0.0007397596242884461,0.0008211557068259837,16280.229247201793,1014.516677270477,5.692149223067378,0.03378486091992471,0.028033333333333334,148.89999999999998,elec 470u/63V,BSC0902NS PG-TDSON,False,0.0,demag margin 0.82 > 0.8; pivot 1.11 < 1.5
LNG60,0.004977134371716277,0.009622019534111305,potcore,0.0009438741501052671,0.0003066572156641495,0.00018978107109997064,8,0.020936249725208404,0.0003583995929350105,64.53844508888824,5.3531634784422834e-05,screen,18,0.017344157162822612,0.04187249945041681,1.342978262048034,1.1443399090451618,0.26581787298333887,0.5629687714237861,12.011956865777895,0.8680559314915944,13.837768316538725,0.5629687714237861,0.09963773326841224,12.289123755366788,0.9339245735574948,0.0016860786805944676,0.0015746703127585717,8897.9879648248,1731.963516140035,12.56219189374486,0.07602980246981791,0.017633333333333334,93.1,elec 100u/63V,BSC0902NS PG-TDSON,False,0.0,pivot 0.93 < 1.5
LNGT72,0.0030355166933725528,0.010664722152632509,potcore,0.0007597077824721363,0.0006795882349407762,0.00022122079353380792,12,0.02141777850515643,0.0003652970307446148,88.72110622129145,7.776986773508018e-05,screen,30,0.011477752908250647,0.04283555701031286,1.0497615240281688,0.9795645675717239,0.09477942850796202,0.32521929219649875,2.4483701355610172,0.8047278456955634,3.042482186564301,0.32521929219649875,0.10360761711578367,2.4088867381161214,1.7536170868388765,0.0007679212237587684,0.0013466397793295965,23082.099184047674,3647.334976200318,14.019331225807264,0.22927526956296174,0.026033333333333332,148.8,elec 100u/63V,BSC0902NS PG-TDSON,False,0.0,hold 2.4 < 3.0
LNG40,0.004738205612415316,0.006604009907355422,none,0.0003423224247334871,0.0,0.00010236963444916535,12,0.021220551315308794,0.00015,37.768321156304545,6.455275237019124e-05,screen,30,0.011372059175760379,0.04244110263061759,nan,nan,nan,nan,0.0,0.0,inf,nan,0.06256025738411443,0.0,0.0,nan,0.0,2489.0411295506087,970.789456381247,14.730607513255936,0.21011029846736354,0.018753333333333334,77.9,elec 100u/63V,IRLML6344 SOT-23,False,0.0,open-circuit demag margin 0.99 > 0.8 [prescreen]
LNGT72,0.00353992395419638,0.006518004842178017,potcore,0.0006132974898685621,0.00029754688532466475,0.00015195821697987916,12,0.021238449352545336,0.0003286796288419533,50.985370267384596,5.732836279362148e-05,screen,30,0.011381650705007648,0.04247689870509067,1.0490596292276588,0.9322568642293906,0.12634847073508165,0.4253684145086908,4.11835300662644,0.8096068650356535,5.086855342370492,0.4253684145086908,0.07512558101623933,5.58813280015281,2.0736490487288575,0.0005521552569821362,0.0011449762233916446,8568.356546180747,2229.157656024882,13.264437335706344,0.15129983798992727,0.026033333333333332,148.8,elec 100u/63V,BSC0902NS PG-TDSON,True,0.11775516146203718,
LNGT72,0.003750794940606331,0.0069168824063872165,potcore,0.0008013234040125891,0.0006791190748102909,0.00014560033873661958,12,0.021575930659465583,0.0004304826868125322,91.02055622900355,7.790278176834902e-05,screen,30,0.011562506392307407,0.043151861318931166,1.0495770096804438,0.907403948910979,0.11276643304896612,0.5033099247987043,5.049225972508946,1.0147330488724617,4.975915565300136,0.5033099247987043,0.09745331108598235,5.281523308558666,2.381178860870301,0.0007276402249620272,0.0017326415219984896,16820.38097864447,2365.573782984428,12.800889694553325,0.19148049231622244,0.028033333333333334,148.89999999999998,elec 470u/63V,BSC0902NS PG-TDSON,True,0.12967007798875665,
LNGT72,0.003598231965973586,0.006925108240455465,potcore,0.0008070761227206786,0.0007648694461336485,0.00016157559241793864,12,0.021578045674131668,0.0004356956572545995,91.85595924711356,7.79096303872605e-05,screen,30,0.011563639825250922,0.043156091348263335,1.049449475978095,0.9075782826327425,0.12184601842157992,0.5073881904723611,4.444271064283457,0.9334846019051216,4.76094737418622,0.5073881904723611,0.09622850427527291,4.707906149153194,2.281226356289662,0.000718565572712673,0.001639210723194525,17484.555222860818,2368.387018235769,12.442436118936177,0.1809227758793797,0.028033333333333334,148.89999999999998,elec 470u/63V,BSC0902NS PG-TDSON,True,0.1200414573552849,
LNGT72,0.004826580570503647,0.0052976832240429145,potcore,0.0008358124246908647,0.0002516520493455955,0.00015146370605156428,8,0.01925196040736831,0.0003300577759942428,40.07080711409064,5.306764029064418e-05,screen,18,0.01594884620600362,0.03850392081473662,1.0476678151659353,0.8761319275069036,0.16737493427714015,0.5907820763148739,8.93678448175472,1.195371464694962,7.47615678113517,0.5907820763148739,0.06507455977980355,13.99912973909306,1.939308853839716,0.0010126078899932885,0.0019637594465319375,4596.323727838674,1811.8076626226768,15.795361614122776,0.1191602572288168,0.020633333333333333,93.30000000000001,elec 220u/63V,BSC0902NS PG-TDSON,True,0.21063804569247901,
LNGT72,0.003352013200742144,0.006534679553327733,potcore,0.0007493283351349178,0.000703422080810077,0.0001541048366513049,12,0.021545256260897254,0.0004341376976472431,93.32774481377534,7.86622619427314e-05,screen,30,0.011546068031658018,0.04309051252179451,1.0494253161410476,0.9099725596804347,0.12218189618689321,0.5001126943743901,3.798411962796332,0.8293544515288734,4.579962108835552,0.5001126943743901,0.0894180088939575,4.330201066440417,2.083349016504758,0.0006666950358380608,0.0013889584472218284,18597.198499420192,2234.860407238085,11.21537105643244,0.1484174558683512,0.03203333333333334,149.3,elec 100u/63V,BSC0902NS PG-TDSON,True,0.11303896095527481,
LNGT72,0.0045406771326869195,0.005329407715892228,potcore,0.00072509626493695,0.0002538093127357209,0.00010436201179373679,8,0.019146007912182836,0.00015403237168106336,34.07579237256298,5.081800281575193e-05,screen,18,0.015861072285057433,0.03829201582436567,1.049217449341643,0.8816560338678416,0.15792389590928962,0.6013050069779412,9.159789521871717,1.1098124805298217,8.25345694211229,0.6013050069779412,0.055952621756208104,16.68768318188373,2.249695031404806,0.0008658721741303081,0.001947948327972631,2284.7491742157385,1822.6574388351419,27.183945245706468,0.33797538849552505,0.017633333333333334,85.1,elec 100u/63V,BSC160N10 PG-TDSON,True,0.16041028029066606,
LNGT72,0.004343295326603472,0.005672245529388742,potcore,0.000848904596853172,0.00027096199228082447,0.00019628356067404742,8,0.019267497682952855,0.00033327958346750187,42.516762267552444,5.120664915629649e-05,screen,18,0.015961717706542512,0.03853499536590571,1.0465723751483222,0.8999101189497779,0.17302284778264856,0.5239145523020472,6.003576643115762,0.9812266546885875,6.118440234403458,0.5239145523020472,0.0631952215766497,9.684045270983038,1.6590151895739687,0.0009841576317869529,0.0016327324600696996,5278.421408158108,1939.9079710509498,15.625619792051417,0.11252353630419941,0.020633333333333333,93.30000000000001,elec 220u/63V,BSC0902NS PG-TDSON,True,0.16805352033419887,
LNGT72,0.00435797136004824,0.007279869434386359,potcore,0.0007092341906197551,0.00022847873953771582,0.00016018121724644302,12,0.022725834232318685,0.0003576737259718275,64.2497096598693,6.870294519636923e-05,screen,30,0.01217873785974671,0.04545166846463737,1.049055472674902,0.9330693145356759,0.14147071518224438,0.44228927146177777,6.582310454828259,1.063839370876461,6.1873160883351375,0.44228927146177777,0.09970447333060764,6.729684602806284,2.388732134737702,0.0007841245307713033,0.001873063464289534,10343.605325711676,2489.7153465601345,15.4649644021683,0.24647022606494395,0.026033333333333332,148.8,elec 100u/63V,BSC0902NS PG-TDSON,True,0.13400834934391875,
LNGT36J,0.0036474848312975216,0.010792409659347201,potcore,0.0009097295141057489,0.0007944362842187283,0.00022115726897716767,12,0.02158163032084014,0.00040427552971081726,90.0969153955017,7.77049164039925e-05,screen,30,0.011565560831632293,0.04316326064168028,0.6974683966054196,0.6520177753709441,0.04999290944539988,0.20319536505670416,1.6759742763773697,0.5834485605678875,2.872531341488091,0.20319536505670416,0.13226208811337256,1.291703886476019,1.024023237372633,0.0009878026488442063,0.0010115328663547064,19880.198828676494,4791.829888750157,21.716537937920673,0.5496939265539489,0.023033333333333333,135.7,elec 220u/63V,BSC160N10 PG-TDSON,False,0.0,hold 1.3 < 3.0; pivot 1.02 < 1.5
LNGT72,0.0035740852477695044,0.005861053058674809,potcore,0.0007988620415327506,0.0007609441534309843,0.00015370264280983298,12,0.021554232101805845,0.000432075471489461,91.40842311840201,7.677561712795132e-05,screen,30,0.011550878170303713,0.04310846420361169,1.0492082085860766,0.8834640818417593,0.13711230137095404,0.5783130862603931,4.4783270757754154,0.8640637934651881,5.182866253214718,0.5783130862603931,0.0912900423519816,5.000614700623408,2.238603704054832,0.0006809363619647587,0.0015243466621199307,16312.613997647035,2004.4801460667845,11.232189356686662,0.14529257065463824,0.03203333333333334,149.3,elec 100u/63V,BSC0902NS PG-TDSON,True,0.12148470510259772,
LNGT72,0.0034175473366207503,0.006108195186246082,potcore,0.0008959371886177313,0.0007739283481175802,0.00015438627125983836,12,0.02162452613727493,0.0004904644000074151,93.27753761522435,7.760683558068006e-05,screen,30,0.011588548630377045,0.04324905227454986,1.0493930345284808,0.8943613812198281,0.12821881322783088,0.548219717137995,3.9691061841061193,0.8324145637433199,4.768184456381061,0.548219717137995,0.09657154460606815,4.189619019573821,2.047521600681626,0.0007226805053893317,0.0014797039451761708,17203.903917569172,2089.00275369616,11.32632650530015,0.14933767593575623,0.03203333333333334,149.3,elec 100u/63V,BSC0902NS PG-TDSON,True,0.1122466246618997,
LNGT72,0.0028657335681098964,0.005757581729752515,potcore,0.0005045592327042517,0.0001746430068474616,0.00016044981344637578,12,0.019332707377121568,0.00032161655867807715,37.77477831121482,7.298097739692572e-05,screen,30,0.010360366658413864,0.038665414754243135,1.0487825318782031,0.9533826555669156,0.13178575633794093,0.37148231134965093,2.2419221895081045,0.47251863336604283,4.744621759225672,0.37148231134965093,0.06876518291798647,3.3234023719785446,1.144543771292963,0.00046005721112896234,0.0005265556154360654,8220.197990943485,1969.09295157536,9.048693206889238,0.08963397615128184,0.03803333333333334,149.8,elec 100u/63V,BSC0902NS PG-TDSON,False,0.0,pivot 1.14 < 1.5; electronics do not fit
LNGT72,0.005186729478978382,0.0060280075068399165,potcore,0.0011608635849605826,0.0010934659680860946,0.0001615956916010989,8,0.020148725229692726,0.00044538722720015756,96.62067669572073,7.824544957771481e-05,screen,18,0.016691750509335364,0.04029745045938545,1.0493308698433366,0.8055350644034227,0.149832631150479,0.7736901042739645,10.638843803993078,1.72338560206246,6.173223097176309,0.7736901042739645,0.09660919139385193,11.225533189505397,2.5362386641825294,0.001573334731281922,0.00399035237717844,12774.835546020504,2061.5785673392515,15.592460311535135,0.17121069659033536,0.020633333333333333,93.30000000000001,elec 220u/63V,BSC0902NS PG-TDSON,True,0.23953728240495709,
LNGT72,0.0033931599415268346,0.00522739322312864,potcore,0.000600581212694413,0.0002134514218866119,0.00015579415327678306,12,0.02092591867427565,0.0003546557945614843,63.43061896297103,6.95407940537328e-05,screen,30,0.01121416601930302,0.0418518373485513,1.0477683703765677,0.9217966498922682,0.1526507477405946,0.45861130872731787,3.5846760496742993,0.6219086363180221,5.763991429508342,0.45861130872731787,0.07097035926708824,5.148774874338436,1.6841925609282538,0.0005139396202469029,0.0008655732851861256,11173.752989067594,1787.7684823099949,10.148717401070545,0.10743683929432395,0.03203333333333334,149.3,elec 100u/63V,BSC0902NS PG-TDSON,True,0.10312165221494542,
LNGT72,0.003563147843226042,0.010712128466872728,potcore,0.0008430590256701668,0.0007217699356013452,0.00019728823620157346,12,0.02156639095308345,0.0004312765905209849,91.29600596218425,7.739142154233707e-05,screen,30,0.011557394079065163,0.0431327819061669,1.049805038325799,0.9624624179617183,0.09019202549955446,0.35476792847439376,3.7900350166764087,1.0802001464825846,3.5086414578055356,0.35476792847439376,0.12468310920451103,3.098607669171034,2.037906088081004,0.0009305413145074584,0.0018963558100456497,20672.759170309837,3663.5479356704727,16.179131746384407,0.30387467401162727,0.026033333333333332,148.8,elec 100u/63V,BSC0902NS PG-TDSON,True,0.10596524512373123,
LNGT72,0.003484242475770441,0.00596179248884828,potcore,0.0006035857015766914,0.000292299129386607,0.00014967790525637672,12,0.02123289603087098,0.0003266631417052319,51.91388829926166,6.764707054395764e-05,screen,30,0.011378674688891739,0.04246579206174196,1.0487536993077005,0.9245617918340462,0.13580769605070767,0.4493903149767511,4.000958943808542,0.7527411328551308,5.315185751352516,0.4493903149767511,0.07283956957519139,5.599222383919357,1.9745866917077992,0.0005352136318802353,0.0010568257147313097,9286.444372555801,2038.9330311861117,11.398220608900196,0.13183003578760974,0.028033333333333334,148.89999999999998,elec 470u/63V,BSC0902NS PG-TDSON,True,0.11545954049226598,
LNGT72,0.0036541304352019142,0.005852956915686939,potcore,0.0008093086286675822,0.0007554596695943388,0.00015443149998290557,12,0.02154434156895855,0.0004305218913025965,91.8983284420778,7.802596406402348e-05,screen,30,0.01154557784972542,0.0430886831379171,1.0491829398134924,0.8809431216716133,0.13807498133650697,0.5848184690168068,4.654531855845325,0.891858555618212,5.218912602816183,0.5848184690168068,0.09291717856632026,5.1063547818397685,2.322522448182526,0.0006927552124782655,0.0016089395320762272,16231.570203027864,2001.7112651649331,11.333094518361449,0.15032368868217474,0.03203333333333334,149.3,elec 100u/63V,BSC0902NS PG-TDSON,True,0.12399670063423224,
LNGT72,0.004408808380405308,0.005340855268533834,potcore,0.0007587329538190917,0.00023594356096468517,0.0001532062810962402,8,0.019202050766139997,0.00032487914892863476,41.57020518738326,5.462856831586819e-05,screen,18,0.015907499705423735,0.038404101532279994,1.0476301040729696,0.8918831398824455,0.1632940751071755,0.5468941355999806,7.08873644530543,1.0296001592355362,6.884941092636114,0.5468941355999806,0.0588807507492843,12.272314708992889,1.7949882072140584,0.0009138524080776153,0.0016403542956334887,5240.222198430572,1826.5725018385713,14.49003321153108,0.1032288502039582,0.020633333333333333,93.30000000000001,elec 220u/63V,BSC0902NS PG-TDSON,True,0.18888612235349553,
LNGT72,0.003988858795709833,0.010652319846844071,potcore,0.000770924787866493,0.00023528441696964313,0.00021816934465800452,12,0.021612671997666297,0.0003570322262811692,64.75231295798626,6.845979157934423e-05,screen,30,0.011582196016106846,0.043225343995332594,1.0500679844313607,0.9873977209112752,0.09428743085028085,0.30390477841484037,4.280517382003252,1.1271875227452075,3.7975201957330675,0.30390477841484037,0.11833792099970782,3.687256266536307,1.933680372816783,0.0008850808821988046,0.0017114635302631917,12815.717977203169,3643.0933876206723,18.40698457862486,0.3479302015169305,0.023033333333333333,148.5,elec 220u/63V,BSC0902NS PG-TDSON,True,0.11046308802100077,
LNGT72,0.003128027888368726,0.005651605320295735,potcore,0.0004318556321887566,0.00013172754253412648,0.00015159582458514246,12,0.01945119818106893,0.0003695542075249655,42.61621899707099,5.4466121470823156e-05,screen,30,0.010423865688870285,0.03890239636213786,1.048310337667733,0.9478527615740183,0.18764666275884848,0.4425052584173651,2.784222297860462,0.49761745898915427,5.595105733460901,0.4425052584173651,0.06836831939520796,4.151260580524342,1.5014794604379376,0.0004602055220441871,0.0006909891389294654,7574.044831021752,1932.8490195411414,10.875393391872395,0.09662903898777947,0.03803333333333334,149.8,elec 100u/63V,BSC0902NS PG-TDSON,False,0.0,electronics do not fit
LNGT72,0.0052932384657295,0.006309623298696363,potcore,0.0012135884778133991,0.0012084737935953356,0.0001615288726145214,8,0.021148612646975266,0.0004374346204426256,92.23618956904467,7.802678897963705e-05,screen,18,0.017520084367504633,0.04229722529395053,1.049456393709257,0.8050089240869422,0.14497078828603818,0.7749968217949207,11.06139579126133,1.7944925403291208,6.164080118846637,0.7749968217949207,0.10606274525631001,10.631096515079681,2.458751776356725,0.0018130085618220427,0.004457738021929899,12113.953746945977,2157.8911681541563,16.430280568424035,0.18957287808781273,0.020633333333333333,93.30000000000001,elec 220u/63V,BSC0902NS PG-TDSON,True,0.23745097608924695,
LNGT72,0.004058554597180055,0.006520233188814967,potcore,0.0007080296307180315,0.00022812674407071424,0.00015186582330084796,12,0.02142064604104305,0.0003501065328463332,62.476802340176164,6.741797379315532e-05,screen,30,0.011479289616100822,0.0428412920820861,1.0489537636862913,0.9276819830538934,0.12824421000022268,0.4373857013904023,5.658999736979726,0.9508863108891308,5.95128952028792,0.4373857013904023,0.08734137074989526,6.604663000143768,2.245802629583432,0.0006474453719754551,0.0014540345188941,10084.136014312333,2229.919750574719,13.815586709002968,0.1930214708973059,0.026033333333333332,148.8,elec 100u/63V,BSC0902NS PG-TDSON,True,0.13033917232019274,
LNGT72,0.003446075606462072,0.01063585238832372,potcore,0.0008579005486709898,0.0007484452968124611,0.00022279685311378446,12,0.021553033382904766,0.0004418791289419564,91.16772852571557,7.820846289510989e-05,screen,30,0.011550235778780721,0.04310606676580953,1.049720278839058,0.9642726698781187,0.09826685222361344,0.3533707629088183,3.313226324738395,0.9907867694525118,3.3440356965699243,0.3533707629088183,0.1228840986810093,2.7484409304608435,1.9332071558965407,0.0009165468145846307,0.001771874860669188,21142.753626059395,3637.461516806712,15.684764149085881,0.2886031019660444,0.026033333333333332,148.8,elec 100u/63V,BSC0902NS PG-TDSON,False,0.0,hold 2.7 < 3.0
LNGT72,0.004133969487067297,0.006009029901233975,potcore,0.0007203645735255139,0.00022001736710302425,0.00015377781420919178,12,0.0215190091298001,0.00035158102570072985,60.523839213146175,6.73645563851086e-05,screen,30,0.011532002236495786,0.0430380182596002,1.0484401669691483,0.9163836460845463,0.14176532527132268,0.47147747530189693,5.990803025005089,0.9661141774510595,6.200926520725409,0.47147747530189693,0.08541267507330377,7.149796963855368,2.291249951256275,0.000636055710592452,0.001457362615891231,9323.88414327341,2055.08822622202,13.340130299927084,0.17982201356507665,0.026033333333333332,148.8,elec 100u/63V,BSC0902NS PG-TDSON,True,0.13694661642694322,
LNGT72,0.0034779571442816373,0.010966308035565609,potcore,0.0008546120942907834,0.0007533239550367766,0.0002471893633921027,12,0.021555068591414532,0.00041402364495908615,92.55045492903417,7.720844376051233e-05,screen,30,0.011551326443733963,0.043110137182829064,1.0496521260202332,0.9676999051076103,0.10247528685727328,0.34706485135856086,3.2908802393211976,0.9691798021754998,3.3955311820719127,0.34706485135856086,0.12601074984238453,2.6621680968928567,1.8934274688103772,0.0009399560931196635,0.0017797386861884556,21472.320892229927,3750.4773481634384,16.165387361511076,0.3026413666388471,0.026033333333333332,148.8,elec 100u/63V,BSC0902NS PG-TDSON,False,0.0,hold 2.7 < 3.0; electronics do not fit
LNGT72,0.0021591912345785974,0.005612513999024829,potcore,0.00035324846425206015,0.00011332747812126561,0.00014964145071730403,16,0.019293498907639955,0.0003242454869018343,42.86586924275022,5.45990627742012e-05,screen,42,0.007675431085511018,0.03858699781527991,1.049712199761414,0.9885786107878468,0.1256071009385706,0.3173296583255091,1.0461441403856975,0.2585984175174574,4.045439065051799,0.3173296583255091,0.07689756272867514,1.3867875830189058,0.8505944316812342,0.00028513641766041603,0.0002425354491314846,10420.507997596327,1919.4797876664916,7.895984496263824,0.07148535140894845,0.05243333333333334,205.8,elec 220u/63V,BSC0902NS PG-TDSON,False,0.0,hold 1.4 < 3.0; pivot 0.85 < 1.5; electronics do not fit
LNGT72,0.0035169876129150053,0.0059273907235065934,potcore,0.0006363066183053122,0.00028646565464775264,0.0001405594257999175,12,0.021160790746051414,0.0003268986227511516,52.51064989908019,6.802211050153962e-05,screen,30,0.011340033583216901,0.04232158149210283,1.0490001503232418,0.9232348375033534,0.12896981897109613,0.45149036165981454,4.279697926862399,0.7818887730462953,5.473538020233217,0.45149036165981454,0.07440170046117922,5.863558298221224,1.9768933331870016,0.0005448353986577233,0.0010770814672907353,9267.789926053607,2027.167627439255,11.485790077304783,0.13460559455327084,0.028033333333333334,148.89999999999998,elec 470u/63V,BSC0902NS PG-TDSON,True,0.11955025835309675,
LNGT72,0.0029839458480813187,0.005688052090976659,potcore,0.0005158461756609881,0.00016348355185353072,0.0001546940618977564,12,0.019252879039287987,0.0003292386151762928,41.65943056196008,7.334088356114531e-05,screen,30,0.010317586781102612,0.03850575807857597,1.0487187323666964,0.9485452788183804,0.13325984755987685,0.3820564976151562,2.53752872951066,0.5217609819588599,4.863393042507614,0.3820564976151562,0.06991730349350272,3.6996214613608376,1.2571106571339419,0.00046583371230365304,0.0005856045241891889,8744.823932336656,1945.3138151140174,9.267272437846513,0.09448029874930002,0.03803333333333334,149.8,elec 100u/63V,BSC0902NS PG-TDSON,False,0.0,pivot 1.26 < 1.5; electronics do not fit
LNGT72,0.005286211546071019,0.005990131937242161,potcore,0.0012964607843420808,0.0010758951661965998,0.0001601952852745833,8,0.021535013009040368,0.0004109638735773506,92.0833670288647,7.823382188744196e-05,screen,18,0.01784018890845111,0.043070026018080736,1.0494080453780643,0.8006728800879968,0.14576886618369,0.781889363953656,11.012348954351898,1.7608290917917566,6.254070315902225,0.781889363953656,0.1063442011117204,10.555945619734876,2.2322206828736615,0.0018510325669875642,0.004131913180702367,11784.048041110114,2048.625122536819,16.008446198199614,0.18044108002753714,0.020633333333333333,93.30000000000001,elec 220u/63V,BSC0902NS PG-TDSON,True,0.23658956571848186,
LNGT72,0.0036568538071753013,0.00579811441636594,potcore,0.000798113654244386,0.0007191678076920253,0.00015466391089192944,12,0.021554637085673397,0.0004302823311742,91.4604108838233,7.764253196580748e-05,screen,30,0.011551095200504229,0.043109274171346794,1.0491256075414468,0.8819060244294966,0.13895924837880175,0.5813676593459826,4.653102602292267,0.897573439954444,5.184091234393515,0.5813676593459826,0.09156685757199821,5.180066217537407,2.3019555154351106,0.0006830139715788024,0.001572267778995064,16084.78301671889,1982.9551303971514,11.275370690533853,0.1480650664932578,0.03203333333333334,149.3,elec 100u/63V,BSC0902NS PG-TDSON,True,0.125513494986085,
LNGT72,0.0026681040062690223,0.007201770111456241,potcore,0.0005994626319950693,0.000568962911121986,0.0001613463665938345,16,0.021579454775811805,0.0004356357207338393,91.8276952818014,7.790223981689302e-05,screen,42,0.008584840872437986,0.04315890955162361,1.0495816235876294,0.9491305017535244,0.1080324747405485,0.38726571583608455,2.069441615322151,0.5543865683810351,3.732849483286551,0.38726571583608455,0.09878121338016282,2.1355503455226463,1.71802923475917,0.0004096792269473171,0.0007038408887690275,23250.824053717155,2463.0053781180345,9.727487800721725,0.15479988329008448,0.04343333333333334,205.1,elec 220u/63V,BSC0902NS PG-TDSON,False,0.0,hold 2.1 < 3.0; electronics do not fit
LNGT72,0.0036702055126333994,0.005797366888426581,potcore,0.0006528106134443417,0.00021004122777767864,0.0001563045199284663,12,0.02121327106856892,0.00032715909400321286,52.83605084925549,7.676276282645116e-05,screen,30,0.011368157703291082,0.04242654213713784,1.048375746156864,0.9263744914642553,0.14089461952526877,0.44271474443389525,4.344126239222565,0.7482461674605073,5.805744724314741,0.44271474443389525,0.07583630107334108,5.8392394910125685,1.8849321012877616,0.0005567181060038884,0.0010493758293748522,9484.52997044425,1982.699475841891,11.045145162788447,0.14047036551625777,0.028033333333333334,148.89999999999998,elec 470u/63V,BSC0902NS PG-TDSON,True,0.11432560846305394,
LNGT72,0.003741843426725568,0.010762279482147656,potcore,0.000760183609482474,0.00031385674022896807,0.00021361344211481945,12,0.021430059744354787,0.00035761647159327875,69.49589021665827,6.804496988526216e-05,screen,30,0.011484334404501154,0.042860119488709575,1.0500157164411403,0.9859192434928592,0.09238222545787006,0.30754504656353354,3.843569033767969,1.0648420316689904,3.6095203978224957,0.30754504656353354,0.11284687595400487,3.471971389856494,1.9520411055986497,0.0008368805698238316,0.0016336252727729402,14494.516472893265,3680.6995828944987,17.647604500067654,0.31787678341214226,0.023033333333333333,148.5,elec 220u/63V,BSC0902NS PG-TDSON,True,0.10664990498792812,
LNGT72,0.006256406931521032,0.006144855638999994,none,0.00036072949226102665,0.0,0.00016049248209519732,8,0.01928932349296937,0.0003305164630515979,44.27243585897676,7.354444531082246e-05,screen,18,0.015979798799579753,0.03857864698593874,nan,nan,nan,nan,0.0,0.0,inf,nan,0.06843412161679309,0.0,0.0,nan,0.0,5516.287923777004,2101.5406285379977,16.866473245703514,0.1882959372994114,0.029633333333333338,94.1,elec 100u/63V,BSC0902NS PG-TDSON,False,0.0,open-circuit demag margin 0.98 > 0.8 [prescreen]
LNGT72,0.004057789486595541,0.007248362840381305,potcore,0.0010066223333781512,0.0008748253533423041,0.00016149010411487335,12,0.022832646903144762,0.00043156914882050087,94.12781513802105,7.768882546460207e-05,screen,30,0.012235978597525227,0.045665293806289524,1.0495825678423194,0.8954991796592078,0.11747986599980476,0.5419985899302162,5.8612531203475795,1.1554130648952985,5.072863808129706,0.5419985899302162,0.12308298947375101,4.854264467031389,2.4285780722569137,0.000972534146920069,0.0023618751037311632,16095.496853414377,2478.9400914104062,14.497049503197495,0.2449114324791711,0.026033333333333332,148.8,elec 100u/63V,BSC0902NS PG-TDSON,True,0.13159785217305595,
LNGT72,0.003568722019361486,0.005948587023088535,potcore,0.000613773617293013,0.0002849399715440296,0.0001488274890638309,12,0.021221196314341287,0.0003268152401364229,52.37267631937138,6.803104700269338e-05,screen,30,0.01137240482970013,0.042442392628682574,1.0487319028235491,0.9229504381884294,0.13650820194827096,0.4542087906074998,4.265958783176824,0.7818153489113818,5.4564786801856044,0.4542087906074998,0.07421280849532869,5.8596109300653385,2.0142531205596548,0.0005450035016519531,0.0010977750039183854,9199.697508683405,2034.416761896279,11.581668904757917,0.13688022308285588,0.028033333333333334,148.89999999999998,elec 470u/63V,BSC0902NS PG-TDSON,True,0.11902204699526871,
LNGT72,0.0034566821213095566,0.005761831349767946,potcore,0.0005945042168927048,0.0002759942914967995,0.00014967436600673526,12,0.020554957627579078,0.0003268152401364229,52.37267631937138,6.803104700269338e-05,screen,30,0.011015368593531518,0.041109915255158155,1.048575746457316,0.9232496244781075,0.1398509851562546,0.4538358800565379,3.9242605948030937,0.7267947577856858,5.399406851473554,0.4538358800565379,0.07027138805451585,5.692595169598397,2.0007092806491977,0.0004998568872499685,0.0010000683133174317,9347.60142892056,1970.5463216206374,11.040563235320056,0.12438868395138042,0.028033333333333334,148.89999999999998,elec 470u/63V,BSC0902NS PG-TDSON,False,0.0,electronics do not fit
LNGT72,0.005947210719752563,0.007175267741285097,none,0.0003573633534468297,0.0,0.0001997261941463167,12,0.021419831144550674,0.0003617643101314309,62.459438253363714,4.490210829862065e-05,screen,30,0.011478852914386727,0.04283966228910135,nan,nan,nan,nan,0.0,0.0,inf,nan,0.09257821150271739,0.0,0.0,nan,0.0,6686.414699816241,2453.941567519503,22.92286953396104,0.35391254509041226,0.028033333333333334,136.1,elec 470u/63V,BSC160N10 PG-TDSON,False,0.0,open-circuit demag margin 0.97 > 0.8 [prescreen]
LNGT72,0.003564651608724191,0.010589440430620507,potcore,0.0008685125703260756,0.0007296819429966413,0.00022071999652272688,12,0.021604143252731484,0.00042456510398534807,87.33145609137239,7.74062021165016e-05,screen,30,0.011577625475471379,0.04320828650546297,1.0497116578067291,0.9611442762358491,0.09815958234894365,0.3584294410816591,3.6705589190199746,1.05849135543301,3.467726873894416,0.3584294410816591,0.1263008608159167,2.962489922918103,1.986216842294914,0.0009442650625971192,0.0018755151709210595,19570.88811910277,3621.588627272213,16.16066712245539,0.3032393717369652,0.026033333333333332,148.8,elec 100u/63V,BSC0902NS PG-TDSON,False,0.0,hold 3.0 < 3.0
LNGT72,0.0029428867936346975,0.005481956233595899,potcore,0.0005042551358547183,0.00013340094828053812,0.00015450972176553888,12,0.019375524353926133,0.00033050345170970464,44.60573112000772,7.318738508997753e-05,screen,30,0.010383312207128115,0.038751048707852266,1.0485624793233854,0.9505351040450665,0.13661986522014632,0.3786951058256703,2.3841864714353322,0.48439214182747,4.922017236779468,0.3786951058256703,0.06830112836494967,3.5583063321957984,1.15501567971051,0.0004579645962265535,0.0005289562893939619,9344.913814021385,1874.8290318897975,8.949052003773707,0.08791875980267833,0.03803333333333334,149.8,elec 100u/63V,BSC0902NS PG-TDSON,False,0.0,pivot 1.16 < 1.5; electronics do not fit
LNGT72,0.0020135320068405765,0.006406829541319854,potcore,0.0005045928002881595,0.00045243907910227124,0.00015325234271102264,20,0.021422450751710544,0.0004313218680033017,89.38069856523931,7.777824531253798e-05,screen,54,0.006785965745379232,0.04284490150342109,1.0495858618020637,0.9680695965510816,0.10683977425507483,0.3475731129515073,1.067275588240073,0.3296975456933718,3.237135375076981,0.3475731129515073,0.09718200651631922,1.1194938364920892,1.3208256703576096,0.00025457789290402744,0.00033625301605318976,27360.936128636346,2191.13570313139,7.157841342721679,0.10759350140190245,0.05483333333333334,261.0,elec 220u/63V,BSC0902NS PG-TDSON,False,0.0,hold 1.1 < 3.0; pivot 1.32 < 1.5; electronics do not fit
LNGT72,0.004703151753344146,0.005486290620674477,potcore,0.0007526553775372901,0.00026914773476117016,0.00010440656310817359,8,0.019737891973887867,0.00015,36.065894025834524,5.1138839087959803e-05,screen,18,0.016351405096478828,0.03947578394777573,1.049298319664264,0.8795155680566726,0.15487791550196636,0.6057953256465394,10.005580007745538,1.1970989628551436,8.358189521676392,0.6057953256465394,0.05974217213718222,17.072308613621274,2.2638851405598515,0.0009530965222841897,0.0021577010543184483,2213.3542976774424,1876.311392270671,30.57388864679716,0.4302240985122091,0.017633333333333334,85.1,elec 100u/63V,BSC160N10 PG-TDSON,True,0.16075488261620838,
LNGT72,0.005419739604154267,0.006155157492821828,potcore,0.0009368389554066316,0.00044758446828394114,0.00015191366566544233,8,0.02111269715232801,0.0003353697065982061,48.99526861411306,5.700752652141361e-05,screen,18,0.01749033099754017,0.04222539430465602,1.048734428086042,0.8609886654407806,0.1525940893664297,0.6309744544651219,12.07380198637547,1.6801567937038815,7.186116219402921,0.6309744544651219,0.08168963625749544,15.066350945658817,2.3279634359237744,0.0013940096771269883,0.003245203557675535,5562.175628768403,2105.063862545065,18.54277467647944,0.1764103856555271,0.017633333333333334,93.1,elec 100u/63V,BSC0902NS PG-TDSON,True,0.25107333631491324,
LNGT72,0.0031278470045294727,0.006480703406404576,potcore,0.0005034865166862972,0.0001354798717780715,0.00011401198955361258,12,0.021229289229419065,0.00015,39.76897430738023,6.502460724866676e-05,screen,30,0.01137674180981914,0.04245857845883813,1.049964996196504,0.9617016027455194,0.11585758486008829,0.37167132355743887,3.2569312521172367,0.5630380808968338,5.784566555301982,0.37167132355743887,0.057882408285602836,5.735786689569967,1.8700965611148874,0.0004252385304574781,0.0007952371134620781,3666.836084491478,2216.4005649903647,24.03815580869871,0.5636003944968676,0.020033333333333334,135.5,elec 100u/63V,BSC160N10 PG-TDSON,True,0.06497196543591793,
LNGT72,0.0036011128031085177,0.010754719237175534,potcore,0.000846176306785422,0.000697939799419703,0.00019717894621895535,12,0.021574906077177228,0.00043265255958159737,86.84530084636134,6.096314828603722e-05,screen,30,0.011561957320313919,0.043149812154354455,1.049805278401605,0.9625857524113213,0.08956218542757607,0.3535336655438698,3.9053499237013165,1.0920035658857985,3.576316090628716,0.3535336655438698,0.12290979217098594,3.238951623673321,2.1050498029298645,0.0009176687877105162,0.0019317385007249098,17333.72992990741,3678.1139791140326,18.428054224626518,0.3105400431304032,0.023033333333333333,148.5,elec 220u/63V,BSC0902NS PG-TDSON,True,0.10743777542590825,
LNGT72,0.005334031116137735,0.006273971016506876,potcore,0.0008426493823297192,0.00018471920738939932,0.00010270160795170191,8,0.021199075173045288,0.00015,39.8580997463005,5.7234278244929025e-05,screen,18,0.01756188889288425,0.042398150346090575,1.0494953455358988,0.896324632157301,0.15371787269170983,0.5722602171706346,13.381881408808807,1.4166102882709124,9.44640986981852,0.5722602171706346,0.07557119094339057,18.050610832670973,2.014622893330916,0.0012948763223289503,0.0026086874829960457,2160.601620969394,2145.6980876453517,39.5831640468931,0.8070858484246223,0.017633333333333334,85.1,elec 100u/63V,BSC160N10 PG-TDSON,True,0.15803311048594457,
LNGT72,0.0035214998246853456,0.006561786657582341,potcore,0.0006107364521009596,0.0002981065368378376,0.000151764163724712,12,0.02124072497089741,0.0003288016940267203,50.95541115486244,6.453813199553573e-05,screen,30,0.011382870205207085,0.04248144994179482,1.049092309306674,0.9333199884449567,0.125239229385233,0.42221338175662537,4.073217421577958,0.8062466897055572,5.052073358670786,0.42221338175662537,0.07699991810790013,5.392353089991426,2.0077964173404723,0.000565991828773322,0.0011363963660550578,9150.669615614488,2244.131036893161,12.496420969581676,0.15117464028843225,0.028033333333333334,148.89999999999998,elec 470u/63V,BSC0902NS PG-TDSON,True,0.1163705413784696,
LNGT72,0.004368350779643805,0.005415240679286725,potcore,0.0007691196616465116,0.00026373328646489514,0.000156783366097621,8,0.018960037961291788,0.00033368553268291716,41.153087655988436,6.832190303631982e-05,screen,18,0.01570700973335157,0.037920075922583577,1.0476982054023052,0.8914099508080705,0.16205493118555261,0.5475580710939705,6.918523854695523,1.0140873250669962,6.822414286894324,0.5475580710939705,0.06215929812628082,11.34588385146405,1.7387163182424523,0.0009525777052403922,0.0016562624004954187,5858.568698673459,1852.01231231606,13.009325135330416,0.10406675196065021,0.023633333333333333,93.6,elec 100u/63V,BSC0902NS PG-TDSON,True,0.18274914388424623,
LNGT72,0.0037653752707116667,0.01083342299898547,potcore,0.0007641381401806413,0.000315315944636903,0.00021730034281145622,12,0.021723375762398973,0.0003553864657519624,70.8896918239488,7.30467096461701e-05,screen,30,0.011641521984825258,0.04344675152479795,1.0500110469334953,0.9860969795062694,0.09298044421394151,0.3072775449320313,3.8655009941115877,1.0739735547542926,3.599251561641991,0.3072775449320313,0.11460025926999415,3.4383587008814955,1.9258780159895152,0.0008615162569890981,0.0016591752197528775,15275.661198076465,3705.0306656530306,17.193919050750896,0.32392291548216834,0.023033333333333333,148.5,elec 220u/63V,BSC0902NS PG-TDSON,True,0.10657119111086628,
LNGT72,0.00453111394723592,0.005331421776053041,potcore,0.0007284383713306039,0.0002803090601715155,0.00010474646152088609,8,0.01926870533826013,0.0001625633982936021,35.551844394904094,5.335759133803996e-05,screen,18,0.0159627181609564,0.03853741067652026,1.0492437884249304,0.8781352992167535,0.154970243144629,0.6066514211203686,9.24205673921307,1.072282515603375,8.619050114803512,0.6066514211203686,0.05622474803487482,16.75606765356431,2.2217632650340637,0.0008756592941515399,0.001945507652431549,2658.2120511612093,1823.34624741014,24.38606131427336,0.2855762252324663,0.017633333333333334,85.1,elec 100u/63V,BSC160N10 PG-TDSON,True,0.16321560694386925,
LNGT72,0.004710590693483685,0.010804149724997282,potcore,0.0012150941169864515,0.0010431755269963065,0.00019037381887007876,8,0.020809196305705126,0.00035660972285104435,89.33487674949268,7.549175794256936e-05,screen,18,0.017238902663814337,0.04161839261141025,1.0498172284392935,0.9266676898229821,0.09431628606964629,0.44647415992941736,7.614049624266133,1.7156371763593,4.438030213604761,0.44647415992941736,0.13222709683708328,5.869839587312215,1.8938891265877258,0.0022239800041449894,0.004211971547598721,15303.036040989911,3695.0192059490705,21.57049649927608,0.31612753966449614,0.017633333333333334,85.1,elec 100u/63V,BSC160N10 PG-TDSON,True,0.17415153773259734,
LNGT72,0.0028659025661860625,0.006360484296870806,potcore,0.0005378570962002484,0.00015631110398432244,0.00017724494179802576,12,0.019295992024788898,0.0003336528999474535,42.87037101343374,5.117715481105947e-05,screen,30,0.010340690960399138,0.038591984049577796,1.0492695231342433,0.9680760436039365,0.12323114652851051,0.33929304869117116,2.0690407378571147,0.48818629167906036,4.238219657378925,0.33929304869117116,0.06206377492793101,3.3983010289724422,1.3108977951124987,0.0004144344610233039,0.0005432812211740858,8057.214689090728,2175.2856295298157,11.574136422652282,0.1028358615184767,0.028033333333333334,148.89999999999998,elec 470u/63V,BSC0902NS PG-TDSON,False,0.0,pivot 1.31 < 1.5; electronics do not fit
LNGT72,0.005362549383284936,0.008932820677891343,potcore,0.0010458992739719511,0.0003338506232556816,0.00019596929887621647,8,0.01944816479155038,0.000355189275731112,62.9334757573059,6.931972233601914e-05,screen,18,0.01611138723985417,0.03889632958310076,1.049275406019057,0.9287631623206644,0.11711955155221794,0.43146101163357686,9.991279166795525,1.724014961626398,5.795355254556475,0.43146101163357686,0.10654986623744746,9.55870761726044,1.9440677857514181,0.0016748913625119538,0.0032561023424927896,8946.517700995906,3055.0246718388394,21.490296844965577,0.2881271296423082,0.017633333333333334,85.1,elec 100u/63V,BSC160N10 PG-TDSON,True,0.20208160423755084,
LNGT72,0.0033657918270542805,0.005906524917082071,potcore,0.0007487234870288807,0.0007050536281940403,0.00015372267329484605,12,0.021545650223596984,0.0004321445558803431,91.43497791148236,7.675032607184357e-05,screen,30,0.0115462791556325,0.04309130044719397,1.0492040348803253,0.8955183135592628,0.13410898404369542,0.5439829534892422,3.8453173293165714,0.7766474594117432,4.951174799733632,0.5439829534892422,0.08547314588515595,4.5859940726402755,2.118837895142193,0.0006372940389334582,0.0013503227600404353,17260.779349173674,2020.0315216420681,10.70064878447582,0.13182315697291058,0.03203333333333334,149.3,elec 100u/63V,BSC0902NS PG-TDSON,True,0.11244642215339662,
LNGT72,0.003559984994847715,0.006217574493913891,potcore,0.0007996328598099704,0.0007593005002269837,0.00015408480616629184,12,0.02155383813910611,0.000434068613256361,93.30119002069499,7.868755299883913e-05,screen,30,0.01155066704632923,0.04310767627821222,1.0493370587443682,0.8934112615171442,0.1298636278349604,0.5495451389210839,4.348750657099173,0.8818224207914261,4.931549203745825,0.5495451389210839,0.09376274791137597,4.7278661548529675,2.230885507341311,0.0006993675962511082,0.0015602090347807266,17282.34611288442,2126.4104769185506,11.47972773332347,0.15554658293347184,0.03203333333333334,149.3,elec 100u/63V,BSC0902NS PG-TDSON,True,0.11957882427310862,
LNGT72,0.0033611010660066516,0.006113111007348527,potcore,0.00042572857864637946,0.00011939136462357856,8.330838138333749e-05,12,0.02112269419727153,0.00015373379252075028,34.50695206734266,6.460346405989235e-05,screen,30,0.011319617704256936,0.04224538839454306,1.0496210317631767,0.9475781392921963,0.1668551272130801,0.470139822301633,4.569746084721854,0.6840834509892392,6.680100327107222,0.470139822301633,0.05880050545689568,7.922130691613703,2.141234716605262,0.0004298143721411731,0.0009203334553245735,3204.794904682078,2090.6839645131963,22.51099789444265,0.4910622613181036,0.023033333333333333,135.7,elec 220u/63V,BSC160N10 PG-TDSON,True,0.08436754773721435,
LNGT72,0.003605429624853598,0.006902114149570807,potcore,0.0006494918553547436,0.00029269837015219067,0.00014148530463920032,12,0.021667622972012586,0.00032316483023040127,52.51794723387457,6.802841361905366e-05,screen,30,0.01161164415450563,0.04333524594402517,1.049419572018008,0.9366088195933142,0.11260766245126348,0.4104125352288996,4.5006494364132825,0.8873707062691741,5.071893183555306,0.4104125352288996,0.08050694004437249,5.69866147622373,2.0422055087414632,0.0006036638267236213,0.0012328055923629315,9622.05191816258,2360.523039153216,12.88392803000662,0.16938626154881462,0.026033333333333332,148.8,elec 100u/63V,BSC0902NS PG-TDSON,True,0.1232309330091297,
LNGT72,0.00454194176957675,0.005335352845668526,potcore,0.0007253877926275391,0.0002538532371937679,0.00010320168908928222,8,0.01914681445866347,0.00016035583184214274,34.0004827410213,5.081312064566368e-05,screen,18,0.01586174045003936,0.03829362891732694,1.0492487005056013,0.8817352147982042,0.15675383923986128,0.6009377681690986,9.208185941028093,1.1131807446166762,8.271959414999522,0.6009377681690986,0.05600418256153613,16.760408922901387,2.252317453652611,0.0008667065919482623,0.0019520983842408427,2469.9879607799703,1824.690673218636,25.117678599081806,0.2885209642719169,0.017633333333333334,85.1,elec 100u/63V,BSC160N10 PG-TDSON,True,0.16744351214484224,
LNGT72,0.00437745328902504,0.0060944274423818615,potcore,0.0008485769275274565,0.0002532368012768968,0.000197443883378502,8,0.01926669113647222,0.00032695612330642246,42.59207189909412,5.121153132638474e-05,screen,18,0.015961049541560586,0.03853338227294444,1.04716748280285,0.9106169033851846,0.1619980355863251,0.4907219295089215,6.048249512096978,1.0153854379448162,5.956604542545829,0.4907219295089215,0.06572193177304245,9.381026687735055,1.6503448038472273,0.0010234639827262936,0.001689068465817127,5395.354977553032,2084.2941852945964,16.45385858173753,0.12478023302269667,0.020633333333333333,93.30000000000001,elec 220u/63V,BSC0902NS PG-TDSON,True,0.16669270520262977,
LNGT72,0.004460363313649914,0.005197861063288805,potcore,0.0007588667146689332,0.0002136769628282432,0.0001515626353698518,8,0.01913313593171874,0.0003268443682595301,44.280458421184974,5.490205840005837e-05,screen,18,0.015850408787291773,0.03826627186343748,1.047405421785553,0.8894786942502901,0.16768063985158574,0.5559546566988378,7.297278952440748,1.0312629311495907,7.076060558393362,0.5559546566988378,0.058418117671884,12.733399993240184,1.7956172967299235,0.0009034181769882644,0.001622193304780343,5496.969394220542,1777.6684836447714,14.319886055659037,0.10132351826096102,0.020633333333333333,93.30000000000001,elec 220u/63V,BSC0902NS PG-TDSON,True,0.1917577112092111,
LNGT44,0.0035980559383257836,0.0069235706360064025,potcore,0.0008051014072606422,0.0007668433379653491,0.00016149914299240804,12,0.021675883165231627,0.0004281145862875307,89.75133413373457,7.759769585118583e-05,screen,30,0.011616070778710364,0.043351766330463254,0.8684163548715026,0.7429724009205746,0.09256561434643791,0.39769101510575466,2.9218080328433693,0.6575358861115569,4.443571970074434,0.39769101510575466,0.096208005414015,3.0957897673683856,1.5424080281979262,0.0007216698718064682,0.0011131094039828649,17055.639238411426,2534.0268527783433,13.334726865901281,0.206970445163385,0.028033333333333334,148.89999999999998,elec 470u/63V,BSC0902NS PG-TDSON,True,0.08036605099692022,
LNGT72,0.003517991963939949,0.006520222982429438,potcore,0.0006217062952709237,0.00033255845447295774,0.00015032564354014073,12,0.021227072947705105,0.00032817709313029246,51.14429562752795,5.7537887962110696e-05,screen,30,0.011375554108028228,0.04245414589541021,1.0491189652337383,0.9294221968765816,0.12589037388448812,0.434032988465824,4.11517505897482,0.8258699707143873,4.98283652984155,0.434032988465824,0.0754985662195331,5.556234967112154,2.127901288594094,0.0005545993788953156,0.0011801327330048263,8636.894053713018,2229.9162599908677,13.204688597120763,0.15048787265298438,0.026033333333333332,148.8,elec 100u/63V,BSC0902NS PG-TDSON,True,0.11951455073622239,
LNGT72,0.003749694548600745,0.0069009150831894454,potcore,0.0008016606222564307,0.0006850640461907142,0.0002018351680722315,12,0.02161321630353998,0.00045247784083997177,87.18334644624684,7.728816429060085e-05,screen,30,0.011582487708745424,0.04322643260707996,1.0487278160737896,0.9097864777638797,0.14203194469430347,0.501715569887029,4.424590207315556,0.9509939241544392,4.652595663268415,0.501715569887029,0.09743496255721054,4.6290217761619905,2.28354938864465,0.000728760432422401,0.0016641604399265846,16035.676611602761,2360.1129584507903,12.831547473338947,0.19088083294834549,0.028033333333333334,148.89999999999998,elec 470u/63V,BSC0902NS PG-TDSON,True,0.11960030416237946,
LNGT72,0.00456834795024613,0.005213454129342206,potcore,0.0007065092950038882,0.0002573025730661716,9.189864391706662e-05,8,0.01931188714197557,0.0001565750967915976,33.389972425162775,4.967852028755171e-05,screen,18,0.015998491138449738,0.03862377428395114,1.0494100251991383,0.8755021301136602,0.16024685923121676,0.6245179558754838,9.864920236306892,1.1323734285407543,8.711719992422847,0.6245179558754838,0.055183370000602514,18.22285215797081,2.2904257318870873,0.0008613666282513793,0.001972896289935778,2309.3058425234194,1783.0013122350347,25.7801992067463,0.2971554492392139,0.017633333333333334,85.1,elec 100u/63V,BSC160N10 PG-TDSON,True,0.17191654222869848,
LNGT72,0.0035618240215785648,0.010897205549727937,potcore,0.0008452750959606446,0.0007351456329507308,0.0001866568593807768,12,0.02152422769899562,0.00043047159264579255,91.6696478901192,7.851892471728791e-05,screen,30,0.011534798859298957,0.04304845539799124,1.0498464282510427,0.9633057677646214,0.08601633624337383,0.3529216593375827,3.9065188499108823,1.1044100491095172,3.5371996597284654,0.3529216593375827,0.12646783840667342,3.1487691458229143,2.0527279805376653,0.0009420159055097688,0.0019337024073514276,21055.944240010074,3726.8442980069544,16.22527589574546,0.31006288466535104,0.026033333333333332,148.8,elec 100u/63V,BSC0902NS PG-TDSON,False,0.0,electronics do not fit
LNGT72,0.0027047153329407916,0.006142896035344226,potcore,0.0005245604425340847,0.00020176488384373724,0.00017788885012321302,12,0.01916755835116921,0.00033206050495217286,43.18161752909829,5.118314388346242e-05,screen,30,0.010271863562144422,0.03833511670233842,1.0490318464966606,0.9627064413434263,0.12736035338856502,0.3509872197482416,1.856982611483405,0.45146363506150267,4.113249589261889,0.3509872197482416,0.0632289298143582,2.9938014784004303,1.174639874276079,0.00041940459822261794,0.0004926493645270254,8392.703128069994,2100.8704440877254,10.809268791048611,0.08970380199657932,0.03203333333333334,149.3,elec 100u/63V,BSC0902NS PG-TDSON,False,0.0,hold 3.0 < 3.0; pivot 1.17 < 1.5; electronics do not fit
LNGT72,0.005892553054992791,0.00935672121731309,potcore,0.0011524138071426894,0.000367714291336196,0.00019579659419373448,8,0.021080880679040504,0.00036019529643084667,64.955448309711,6.584970552899194e-05,screen,18,0.017463973368055035,0.04216176135808101,1.049367391228186,0.9229511044878093,0.11483297020547813,0.44851442652481543,12.719831359415084,2.0746236182815183,6.131151331416613,0.44851442652481543,0.13011200767319173,9.965405331399152,1.8815963199888441,0.002216977250352446,0.004171456235762149,8429.201913984805,3199.9986563210764,24.659196615868733,0.3603746166609384,0.017633333333333334,85.1,elec 100u/63V,BSC160N10 PG-TDSON,True,0.22184872329461655,
LNGT72,0.004482446575088893,0.005435853536206956,potcore,0.0007258499839672925,0.00028371177261499295,9.953158604470967e-05,8,0.019474200304390902,0.00015,35.728397500756714,4.897455195913166e-05,screen,18,0.016132955764897934,0.038948400608781804,1.0494122894885063,0.8821159961795879,0.14503027777524724,0.5929106958271944,9.099543189137428,1.1107875564794962,8.191974366347157,0.5929106958271944,0.056460440349953504,16.428818142269442,2.2158825563104196,0.0008887078205937805,0.001969272157310408,2296.8417708416764,1859.0619093827788,28.918536627189443,0.3686087208584169,0.017633333333333334,85.1,elec 100u/63V,BSC160N10 PG-TDSON,True,0.15645904872331837,
LNGT72,0.0033928700613576478,0.0064609440989355634,potcore,0.0007516445435558815,0.0006896405240155041,0.0001535299087733324,12,0.021340779844394083,0.00047013262195670435,91.36296166611633,8.04937334461023e-05,screen,30,0.01143648945031155,0.042681559688788166,1.049401392554489,0.9081370120922179,0.12303215180831416,0.5050710666572334,3.9407777795537795,0.8210407185410019,4.799734885934261,0.5050710666572334,0.08932921551355433,4.496964076486066,2.118332858321481,0.0006597119759055261,0.0013974895555888653,18165.41092967638,2209.6428818359627,11.113402206562823,0.14912394862464745,0.03203333333333333,149.2,elec 220u/63V,BSC0902NS PG-TDSON,False,0.0,electronics do not fit
LNGT72,0.004489435476853411,0.004436337131376762,potcore,0.0007482948919371934,0.00023691638912765557,0.00015051336253226868,8,0.01924942963512933,0.00032422634649395776,42.704953656997944,5.435201588516259e-05,screen,18,0.015946749645634292,0.03849885927025866,1.0457762763992502,0.8554917182626007,0.20045625614349222,0.6508798451080972,7.580960761555588,1.0218560723898726,7.4188146123412135,0.6508798451080972,0.0546228887153032,14.14752849861282,1.9942147815052929,0.0008498604873498671,0.0016948043460903969,4986.93806559034,1517.2272989308526,12.992565906331183,0.08257489362891599,0.020633333333333333,93.30000000000001,elec 220u/63V,BSC0902NS PG-TDSON,True,0.205786882507298,
LNGT72,0.006036727475117108,0.01035173814557217,potcore,0.001068699311230524,0.00032641087530422517,0.00017796677641437308,8,0.020919932046091612,0.000413547824691417,63.58597366864829,6.130248491670682e-05,screen,18,0.017330639154829356,0.041839864092183224,1.0496312099166671,0.9339570019049966,0.10141145054001972,0.41527610860827374,13.89611512419944,2.311393106288028,6.012008552935354,0.41527610860827374,0.1361035380331873,10.407705173063801,1.877096311652293,0.0023013612310958816,0.00431987667866966,8209.50238293591,3540.294445785682,27.421037099265018,0.41484737012486195,0.017633333333333334,85.1,elec 100u/63V,BSC160N10 PG-TDSON,True,0.23479523126200763,
LNG52,0.0035871567975679555,0.010990607185012971,potcore,0.0006822936332232727,0.00018890120172513022,0.0002424820955861749,12,0.021535308975166628,0.0003547643462809684,61.37519095223484,6.68380961058874e-05,screen,30,0.011540737297301212,0.043070617950333255,1.2980879010738848,1.171646963391968,0.21634564650455207,0.38024560594052026,3.512549258728473,0.4031473378073043,8.712817695468438,0.38024560594052026,0.1056174295950999,3.390141473669232,0.7911694166958827,0.0007871133228230325,0.0006227399884914566,13442.419530651761,1879.3938286372181,8.580907242482729,0.07382130941167604,0.026033333333333332,148.8,elec 100u/63V,BSC0902NS PG-TDSON,False,0.0,pivot 0.79 < 1.5
LNGT72,0.006100742333824556,0.010985712363613512,none,0.00038432101251653915,0.0,0.00027098145399062184,12,0.021773604108896134,0.0003740302816750539,61.65022129474438,6.692624662491766e-05,screen,30,0.011668439274587388,0.04354720821779227,nan,nan,nan,nan,0.0,0.0,inf,nan,0.12618172220624102,0.0,0.0,nan,0.0,9230.78246080327,3757.113628355821,25.09287675245247,0.6321041411174213,0.028033333333333334,136.1,elec 470u/63V,BSC160N10 PG-TDSON,False,0.0,open-circuit demag margin 0.91 > 0.8 [prescreen]
LNGT72,0.003352013200742144,0.007179080168831733,potcore,0.0007493283351349178,0.000703422080810077,0.0001541048366513049,12,0.021545256260897254,0.0004341376976472431,93.32774481377534,7.86622619427314e-05,screen,30,0.011546068031658018,0.04309051252179451,1.0495905506332115,0.9220524305298216,0.11148725343154409,0.46233804378930876,3.7626957053589947,0.8463691677226793,4.445690898078505,0.46233804378930876,0.09363960893234029,4.096099512618879,2.0489000691078414,0.0006981710195207367,0.0014304826501451294,19298.97201835655,2455.245417740453,11.873301727372802,0.16634153245412558,0.03203333333333334,149.3,elec 100u/63V,BSC0902NS PG-TDSON,True,0.11000934468839343,
LNGT72,0.0028704236952199623,0.005362201006486973,potcore,0.0005066147272036033,0.00018081503997620585,0.00015437619143109216,12,0.019000277118992562,0.00034657936538724283,21.52596791251689,7.33634642427386e-05,screen,30,0.01018221782000319,0.038000554237985124,1.04829863938878,0.9433430292390801,0.13921564582861104,0.39549549827289193,2.3209406987185766,0.4697959326287792,4.940316715241817,0.39549549827289193,0.06715535721323429,3.5230140340582845,1.182933572812857,0.00044156146048613337,0.0005223378760693249,4559.00331295917,1833.8727442185448,8.658885097862449,0.08250780680932014,0.03803333333333334,149.8,elec 100u/63V,BSC0902NS PG-TDSON,False,0.0,pivot 1.18 < 1.5; electronics do not fit
LNG40,0.005512801752616573,0.005811838371110981,potcore,0.0012260087126743568,0.001149587655986594,0.00016052911459571263,8,0.021809118145831655,0.000435505318302053,89.69236544358077,7.760216615977692e-05,screen,18,0.018067265038801277,0.04361823629166331,1.2289536554250517,0.46457573252647155,0.4171040691010767,0.9722248360014822,15.756078148716195,0.46483275322419393,33.89623050318244,0.9722248360014822,0.104836114680253,15.320332874598511,0.7044100875829893,0.0018480092074096438,0.0013017563276455978,11099.185093193673,854.3402405533142,6.903911992228586,0.03328946738680407,0.020633333333333333,93.30000000000001,elec 220u/63V,BSC0902NS PG-TDSON,False,0.0,demag margin 0.97 > 0.8; pivot 0.70 < 1.5
LNGT72,0.0038235507318778988,0.009964917244388862,potcore,0.0007146359472782228,0.00021031665670720624,0.00017852293204959112,12,0.021002238088274613,0.0003706989652415752,64.85395547434437,6.580622673418266e-05,screen,30,0.011255065469998698,0.042004476176549226,1.0501248128016183,0.9852977668532658,0.08792864792301301,0.3072669803436274,4.279060979956992,1.0646912885049413,4.019062639242335,0.3072669803436274,0.10682321762670594,4.083323733389217,1.951928438146193,0.0007763933289221169,0.001515464217910071,12786.651269770264,3408.001697580991,17.285400664202104,0.2949287769611139,0.026033333333333332,148.8,elec 100u/63V,BSC0902NS PG-TDSON,True,0.11315120754144758,
LNGT72,0.0035593525115865244,0.010687574516814341,potcore,0.000843635909536234,0.0007182062370449353,0.00019616718779488242,12,0.021545094212065696,0.00043266123515457207,92.06235405909673,7.741139506431229e-05,screen,30,0.011545981189950918,0.04309018842413139,1.0498073278295985,0.9624238180600359,0.08990554966548528,0.35474551086528844,3.785729019456408,1.0795914795938624,3.506631064632506,0.35474551086528844,0.1243690042993364,3.102904143981655,2.039479183156314,0.0009272804792300336,0.0018911692343368646,20842.839857532697,3655.150484750505,16.1447173401741,0.30266140574828276,0.026033333333333332,148.8,elec 100u/63V,BSC0902NS PG-TDSON,True,0.10606318553899419,
LNG37,0.003484242475770441,0.00596179248884828,potcore,0.0006035857015766914,0.000292299129386607,0.00014967790525637672,12,0.02123289603087098,0.0003266631417052319,51.91388829926166,6.764707054395764e-05,screen,30,0.011378674688891739,0.04246579206174196,1.1621821971243351,0.9374677802808996,0.33976044891047497,0.6684714398007574,3.9120297137176254,0.27520825340595667,14.21479794047831,0.6684714398007574,0.07283956957519139,5.474768586041644,0.762542544109417,0.0005352136318802353,0.0004081231644959956,9286.444372555801,876.3834958606972,4.899235174000962,0.024355487528935908,0.028033333333333334,148.89999999999998,elec 470u/63V,BSC0902NS PG-TDSON,False,0.0,pivot 0.76 < 1.5
LNGT72,0.004478453707169759,0.0052189426087782985,potcore,0.0007619445351360373,0.00021454359634481317,0.0001515626353698518,8,0.019210736327456516,0.0003268443682595301,44.280458421184974,5.490205840005837e-05,screen,18,0.015914695060011985,0.03842147265491303,1.0474371068358523,0.8894465770129679,0.1672323950066232,0.5559912889158932,7.372520859255108,1.0405612817236929,7.08513855814672,0.5559912889158932,0.05884915450777099,12.770466875853371,1.79634657655406,0.0009137751581603588,0.0016414568771015053,5485.8558523699285,1784.878372202178,14.407092470908998,0.10256137253677054,0.020633333333333333,93.30000000000001,elec 220u/63V,BSC0902NS PG-TDSON,True,0.19260774034335698,
LNGT72,0.00382253490355455,0.010726179479923817,potcore,0.0008823098257346717,0.00016856444266143112,0.00021730034281145622,12,0.021723375762398973,0.0003553864657519624,70.8896918239488,7.30467096461701e-05,screen,30,0.011641521984825258,0.04344675152479795,1.0502146045753156,1.0004623271827182,0.08607732371012886,0.2806822392809096,3.7258022579938257,0.9716030431787849,3.8346959534051606,0.2806822392809096,0.1231778481669609,3.0833170267717356,1.6092638627021931,0.0009259989407768902,0.0014901766322927578,14690.19534204535,3668.353382133945,17.70217718048455,0.34335650821681934,0.023033333333333333,148.5,elec 220u/63V,BSC0902NS PG-TDSON,True,0.0948095588953806,
LNGT72,0.004121350258547559,0.010082762681403613,potcore,0.0005685977357544311,0.00020734453779314602,0.0001768616744269436,12,0.021004532098903905,0.00035766371536972703,65.79657809449554,6.577776049962653e-05,screen,30,0.011256294826589791,0.04200906419780781,1.050077166945808,0.9779588009757533,0.13095469672110535,0.36393824785502893,5.120806107430694,1.1087110748862465,4.618702043682649,0.36393824785502893,0.1031158502090368,5.062253599012714,2.5547388889988945,0.000749529966699496,0.001914853354397249,12646.91203538907,3448.3048370400356,17.94008354522025,0.3175552262276431,0.026033333333333332,148.8,elec 100u/63V,BSC0902NS PG-TDSON,True,0.12082650112180454,
LNGT72,0.0037319629509611108,0.010766870204120507,potcore,0.000760344247497629,0.00031425315756117224,0.00022438417479520546,12,0.02140646899270774,0.00035605790918250636,69.31961569341956,6.80934096417935e-05,screen,30,0.011471692158795815,0.04281293798541548,1.0499890208107894,0.9865755832238378,0.09510939503713277,0.3066214814270373,3.7223527197861985,1.0425502118085959,3.5704301602209965,0.3066214814270373,0.11262580462810033,3.369074458057828,1.9292996721581466,0.0008343216344181687,0.001609656455757422,14494.312362490085,3682.2696098092133,17.610598409076978,0.3167703812859333,0.023033333333333333,148.5,elec 220u/63V,BSC0902NS PG-TDSON,True,0.10427531199547184,
LNGT72,0.0037714112416773623,0.010293223763064413,potcore,0.0007427616711106472,0.00031404143731603385,0.00019452078088520746,12,0.021428192471780235,0.00035069642427948227,69.78158765992998,6.81480413823536e-05,screen,30,0.011483333736144354,0.04285638494356047,1.0499946393580324,0.9792242616996716,0.09186344749999249,0.3188279771803014,4.09214983997099,1.0782115339317415,3.795312618340115,0.3188279771803014,0.10884778419721537,3.8323302540935056,2.0639410591681497,0.0008071526809346434,0.0016659155591986596,14260.20984905036,3520.2825269680293,17.226317588846577,0.303339898385202,0.023033333333333333,148.5,elec 220u/63V,BSC0902NS PG-TDSON,True,0.11164224973470403,
LNGT72,0.003528611467397629,0.010733421974680052,potcore,0.0008627964288203606,0.0007218015487783948,0.00021638089743118547,12,0.021568258225658003,0.0004381966378347814,91.01030851891255,6.797170636132391e-05,screen,30,0.011558394747421962,0.043136516451316005,1.0497492483939819,0.9643209103789403,0.09504381956435817,0.3517904414462411,3.594017914251555,1.0385666102402709,3.460555999792911,0.3517904414462411,0.12579051371823735,2.9124825995321495,1.9596042562173024,0.0009388874363370958,0.0018398478163551245,19389.48183763716,3670.8303153405777,17.230135509409525,0.30268912486575705,0.026033333333333332,148.8,elec 100u/63V,BSC0902NS PG-TDSON,False,0.0,hold 2.9 < 3.0
LNGT72,0.003619087329460779,0.005085432013439847,potcore,0.0006304125683141722,0.00019247737117558612,0.00015612335196819443,12,0.020923274187487028,0.000305922542131473,63.4751173587992,6.590927926225475e-05,screen,30,0.011212748843104208,0.041846548374974056,1.0472501633730356,0.913667003336426,0.1613965336092535,0.4826375970670765,4.230560089131563,0.6988230708936809,6.053835749471416,0.4826375970670765,0.06967119889698092,6.189785177680869,1.8743946774098084,0.0005044678487578694,0.0009455718506361266,10210.969384779932,1739.2177485964278,10.811613133344448,0.11556300222251446,0.028033333333333334,148.89999999999998,elec 470u/63V,BSC0902NS PG-TDSON,True,0.11571958507699466,
LNGT72,0.0037617164564221323,0.010053543861691036,potcore,0.0007160003265242015,0.0002421422704574385,0.00017707268495148872,12,0.02098358583404548,0.000358806310875928,65.57580517542867,6.945771504763593e-05,screen,30,0.011245069757083266,0.04196717166809096,1.0501103442770128,0.9839445700799976,0.08676070249568531,0.30961691321188406,4.161241008479482,1.0523544331709336,3.954220058674446,0.30961691321188406,0.10648646568591968,3.983450725943201,1.981122002900413,0.000773258461522475,0.0015319193520510978,13496.598453553723,3438.3120006983345,16.705696525391176,0.2907641955398172,0.026033333333333332,148.8,elec 100u/63V,BSC0902NS PG-TDSON,True,0.11187122886894962,
LNGT72,0.0028500769627526536,0.006036352048400418,potcore,0.0004998091969563442,0.0001976965058339206,0.00014391985965045827,12,0.01924284117971678,0.00033021437332093114,44.49869714359944,5.199675783462389e-05,screen,30,0.010312207508370927,0.03848568235943356,1.0493484100446309,0.9547896979815516,0.11869047578841124,0.3674139739535907,2.3813874450993757,0.5223877163397195,4.558658962705605,0.3674139739535907,0.0635044706944464,3.822581483114811,1.356185156048451,0.0004228867309721328,0.0005735127072342613,8374.340464364172,2064.432400552943,10.969765625908819,0.0938560389257332,0.03203333333333334,149.3,elec 100u/63V,BSC0902NS PG-TDSON,False,0.0,pivot 1.36 < 1.5; electronics do not fit
LNGT72,0.005781930485378354,0.010418257878273636,potcore,0.0011875531080719408,0.0004952551343516885,0.0002250463306175858,8,0.021760059149327743,0.0002916944656211631,68.86090307847151,7.270598051906818e-05,screen,18,0.01802662323538461,0.043520118298655486,1.049391683212646,0.9286792927503046,0.11433520365905253,0.4327339031821395,11.507251565797588,2.155949842901262,5.337439367472612,0.4327339031821395,0.14354282467229842,8.171863656063818,1.8530921908817066,0.0025246237761887306,0.004678360604569622,9873.007535280358,3563.0441943695837,24.85103349268611,0.4041118210083252,0.017633333333333334,85.1,elec 100u/63V,BSC160N10 PG-TDSON,True,0.21115488393749143,
LNGT72,0.0030732167829033395,0.006803921028572003,potcore,0.0004973568060075059,0.0001416948586771654,0.00011047542436087791,12,0.021232128214494893,0.00015,38.37745957623781,6.434762430855181e-05,screen,30,0.011378263217335923,0.04246425642898979,1.0500891430679848,0.9676826857285704,0.10655281441592093,0.35704567069833604,3.191998268751917,0.5971300513495844,5.345566282483396,0.35704567069833604,0.05833503915516756,5.577815515878162,1.8803077633703473,0.00042862113719197345,0.0008059396518066944,3598.748358013196,2326.9409917716252,24.814761957212347,0.5943523764323402,0.020033333333333334,135.5,elec 100u/63V,BSC160N10 PG-TDSON,True,0.06653864974965938,
LNGT72,0.0036172043899656324,0.010382732490782906,potcore,0.0008498449491720032,0.0007154692904065574,0.00020082480139430815,12,0.021563551968007622,0.00034544527267761757,92.68752069332669,7.806840448245203e-05,screen,30,0.011555872671548378,0.043127103936015244,1.049761065590384,0.9575917578169892,0.09417000894138938,0.36475125936231184,3.9575399099258886,1.0647943531830906,3.716717597247994,0.36475125936231184,0.12102045441969446,3.3334774108824585,2.1113655247697953,0.0009030871058292411,0.0019067469811119913,20543.51956464259,3550.894511847754,16.02079952809853,0.3005625970892125,0.023033333333333333,148.5,elec 220u/63V,BSC0902NS PG-TDSON,True,0.10705506063309829,
LNGT72,0.003872262903947301,0.006931394560277078,potcore,0.0007016459021745904,0.0002987633217450079,0.00019305971756187755,12,0.021431988284870685,0.00035934515553644463,69.47760257298148,6.796186507755623e-05,screen,30,0.011485367906248765,0.04286397656974137,1.0484183083254106,0.9329563775185346,0.13955723876447237,0.4242262943172024,4.549767027508191,0.8906382176777461,5.108434532903016,0.4242262943172024,0.08754805424727097,5.297532787073274,2.107832476983254,0.0006493211123145594,0.0013686601285275194,11951.201562972481,2370.5369396147607,13.780976122551685,0.19360497286794737,0.026033333333333332,148.8,elec 100u/63V,BSC0902NS PG-TDSON,True,0.11734984851945605,
LNGT72,0.0026591336486333494,0.010982978164430926,potcore,0.0006419172922428695,0.000519735714001671,0.00021393496886336225,16,0.021611287763024078,0.0004507491568968059,87.20163408992363,7.737126909830678e-05,screen,42,0.008597504822132306,0.043222575526048156,1.0499125220841325,1.0044794697932389,0.08387495044679372,0.2800933726436608,1.7459365123297592,0.6491403896575813,2.6896131255224054,0.2800933726436608,0.12095028704334462,1.4714738095865312,1.6283570666732026,0.0005023618703831824,0.0008180245016656225,26116.72027824637,3756.1785322353767,12.54157882210197,0.2555662139474089,0.04043333333333334,205.0,elec 100u/63V,BSC0902NS PG-TDSON,False,0.0,hold 1.5 < 3.0; electronics do not fit
LNGT72,0.003898880801515977,0.0069997666593101145,potcore,0.0006792135615052854,0.00020215215633961645,0.00015509612395080437,12,0.020973630183584193,0.00035447097640174956,65.16846492229453,6.886854906370258e-05,screen,30,0.011239734540080808,0.041947260367168386,1.0492604366958673,0.9415795434267067,0.11912094319010787,0.3973308003209405,5.010888917090183,0.9192383313652017,5.451131383575236,0.3973308003209405,0.08584777974649621,5.949996363163186,2.0867161329652326,0.0006230935219264403,0.001300219304550029,11318.145317448596,2393.9201974840594,13.783893035549097,0.19627093026391054,0.026033333333333332,148.8,elec 100u/63V,BSC0902NS PG-TDSON,True,0.12328309421933299,
LNGT72,0.0019221426375798838,0.010438769483947593,potcore,0.00046481862707548326,0.00041821596493123853,0.00017593939270069535,20,0.021507894419183927,0.00043522931345655724,91.446364394668,7.908394086981094e-05,screen,54,0.006813031640283327,0.043015788838367854,1.0499251655790727,1.0284799032631942,0.07303340392410003,0.23464714808905704,0.8473660358637025,0.36653488813848495,2.3118291417420243,0.23464714808905704,0.11006812631497978,0.7847665289261238,1.2971677349785387,0.00028948438480611314,0.0003755098037506015,36796.605463253574,3570.059163510077,8.872256749413742,0.16808163699884063,0.05483333333333334,261.0,elec 220u/63V,BSC0902NS PG-TDSON,False,0.0,hold 0.8 < 3.0; pivot 1.30 < 1.5; electronics do not fit
LNGT44,0.006741945428777766,0.007728672043267044,none,0.00035825033698319217,0.0,0.00016149914299240804,12,0.021675883165231627,0.00042273289889711613,89.75133413373457,7.759769585118583e-05,screen,30,0.011616070778710364,0.043351766330463254,nan,nan,nan,nan,0.0,0.0,inf,nan,0.1381066510822314,0.0,0.0,nan,0.0,11714.700980871217,2828.693967835738,21.671834209328996,0.5466777824798574,0.054513333333333344,158.4,elec 100u/160V,SQJ850EP PowerPAK,False,0.0,open-circuit demag margin 0.85 > 0.8 [prescreen]
LNG60,0.0032841137190254043,0.005906524917082071,potcore,0.0007487234870288807,0.0007458926822084787,0.00015372267329484605,12,0.021545650223596984,0.0004321445558803431,91.43497791148236,7.675032607184357e-05,screen,30,0.0115462791556325,0.04309130044719397,1.336894731293956,1.0141022286732488,0.3190668263537039,0.8226253999600203,5.452221164565756,0.46029165675791933,11.845144452473178,0.8226253999600203,0.0847383227056008,6.558803103676682,1.3724506840347404,0.000631815143461074,0.0008671351258266586,17568.60081398015,1063.1744850747727,5.53324289100518,0.03524771414463512,0.03203333333333334,149.3,elec 100u/63V,BSC0902NS PG-TDSON,False,0.0,demag margin 0.82 > 0.8; pivot 1.37 < 1.5
LNGT72,0.003284892965945825,0.0056964131370596995,potcore,0.000459019881798619,0.00011959112303782827,6.190183069629909e-05,12,0.02096441569984397,0.0001530296348954906,34.81585336166282,6.498331693370923e-05,screen,30,0.011234796513127084,0.04192883139968794,1.0498453193616912,0.9415232722920086,0.1320565768268852,0.45311114428205596,5.010274628063966,0.6762118729301198,7.409326615863386,0.45311114428205596,0.05737851943955781,8.901089878385262,2.0956085075232673,0.0004162772365525036,0.0008723541184077023,3240.657437192543,1948.1732928744173,20.93010970841271,0.42700812996031057,0.023033333333333333,135.7,elec 220u/63V,BSC160N10 PG-TDSON,True,0.0891725336455456,
LNGT72,0.0037677547823936957,0.01125952266127855,potcore,0.0007715796282035457,0.0003156746744137143,0.0002149806836824289,12,0.021881654259826532,0.0003560906233772221,70.58079052962864,7.266685677235323e-05,screen,30,0.01172634317595511,0.043763308519653064,1.0500594313158185,0.9903945051594161,0.08878132495262812,0.29996154735942304,3.898951863715816,1.114280521831275,3.499075670198422,0.29996154735942304,0.118522588352598,3.3533411536649167,1.906522978930904,0.0008974945940413584,0.001711094067006113,15387.737512059231,3850.7567501572644,17.66273016747293,0.34005040991103874,0.023033333333333333,148.5,elec 220u/63V,BSC0902NS PG-TDSON,True,0.107559002282568,
LNGT60,0.004534455945529943,0.004641476314697339,potcore,0.0007252623046950277,0.0002374106076058222,0.00015078229167384281,8,0.019249377916670727,0.0003236390380037095,42.54907406699251,5.8300510578100274e-05,screen,18,0.015946706800660338,0.038498755833341454,0.8992213923915263,0.7598906821384361,0.17153912334583366,0.5834778048729866,5.7618283276913855,0.7720650609496414,7.462879256062081,0.5834778048729866,0.05838673467690314,10.059516779379269,1.5529089022350338,0.0009084185519311529,0.0014106912562493457,5205.012968643254,1559.5360417383058,12.74863577666823,0.08527903847080023,0.023633333333333333,93.6,elec 100u/63V,BSC0902NS PG-TDSON,True,0.1519117554789511,
LNGT72,0.0064702729604464715,0.006208456547651654,none,0.00035820461688200987,0.0,0.00016020133765268365,8,0.019253405697794584,0.00033204283533184905,42.702768853284375,7.326804400691736e-05,screen,18,0.01595004352379588,0.03850681139558917,nan,nan,nan,nan,0.0,0.0,inf,nan,0.07059817498906376,0.0,0.0,nan,0.0,5190.907758627701,2123.2921392968656,17.4671671407931,0.20118799333584392,0.029633333333333338,94.1,elec 100u/63V,BSC0902NS PG-TDSON,False,0.0,open-circuit demag margin 0.98 > 0.8 [prescreen]
LNGT72,0.002530400061997199,0.006739328742706496,potcore,0.0005565531679520356,0.0005025238710958717,0.00013271402062671892,16,0.021544243694266357,0.00043135244541103485,91.29146400733846,7.74520118900726e-05,screen,42,0.008570833033261581,0.043088487388532715,1.0497178528897122,0.948861742340489,0.09848133859091152,0.3850865541563648,1.98941933562164,0.5270622162187572,3.77454363906809,0.3850865541563648,0.09062071017501114,2.2378442953866506,1.6631365321892517,0.00037522160203597643,0.0006240447540126093,23619.498710772936,2304.8504300056215,8.908451980701292,0.1290792653318023,0.04343333333333334,205.1,elec 220u/63V,BSC0902NS PG-TDSON,False,0.0,hold 2.2 < 3.0; electronics do not fit
LNGT72,0.0034799909028235525,0.010479368265498272,potcore,0.0008371532017252865,0.0007452188308681637,0.00019583194249803636,12,0.021567403519714347,0.00043406184275719315,93.33228676862113,7.860167159499587e-05,screen,30,0.011557936711887224,0.043134807039428694,1.049796368606224,0.9607851928712214,0.09206281656470999,0.35940664836792674,3.6177289029031563,1.029865452671976,3.5128170320860788,0.35940664836792674,0.12063319642009804,3.0570333508777057,2.0142038325518583,0.000900358070532306,0.001813504676335167,21502.977227932854,3583.943946800409,15.555877712176503,0.2853067732381432,0.026033333333333332,148.8,elec 100u/63V,BSC0902NS PG-TDSON,True,0.10351413154114593,
LNGT72,0.004340802098057318,0.006073558444089939,potcore,0.0008395340387354006,0.0002455581223595609,0.00019689883324771053,8,0.019209507127859047,0.00032645361894087684,34.81348499387557,5.051377533274043e-05,screen,18,0.015913676757723715,0.038419014255718094,1.0471521077862627,0.9119011756109122,0.1617317158050283,0.486761975017126,5.8979263918132805,0.9665722115937684,6.101899393619299,0.486761975017126,0.06481373036907581,9.276055162751758,1.6238881224977548,0.0010063252002415664,0.0016341595400424544,4407.638419421101,2077.156987878759,16.406308037613154,0.12236974656456089,0.020633333333333333,93.30000000000001,elec 220u/63V,BSC0902NS PG-TDSON,True,0.16097754367896167,
LNGT72,0.0037897032757247353,0.010867703065347886,potcore,0.0007709374419191684,0.00032269271824341203,0.0002178453929422477,12,0.021780559771012144,0.000355888970117508,87.8512561572472,7.354566323995988e-05,screen,30,0.011672166802681006,0.04356111954202429,1.049999934855111,0.9851446051606262,0.09323316072553212,0.30897698555507414,3.9468959543247237,1.0872818213870024,3.6300578899496587,0.30897698555507414,0.11622201879256712,3.461770363980873,1.9300824114089064,0.0008760078833129762,0.001690767407837921,18900.874096933578,3716.754448348977,17.275473369163805,0.32923670050816906,0.023033333333333333,148.5,elec 220u/63V,BSC0902NS PG-TDSON,True,0.10730534391690058,
LNGT72,0.002175916997239488,0.006692248180937568,potcore,0.0003662656228552906,9.103938779491531e-05,0.00015154945894644694,16,0.019233093339350082,0.00032432886951656295,43.00384282245904,5.459012627304744e-05,screen,42,0.007651400256328114,0.038466186678700165,1.0501052288231811,1.0136434929700684,0.09620833994921517,0.26288142520873803,1.0209741734028919,0.3068238891623331,3.3275576298516936,0.26288142520873803,0.07138573317189129,1.4579221178009487,1.0036524966216844,0.00026386979687586376,0.0002648335804175174,11136.82241326168,2288.7488778806483,8.837798911766326,0.08954093501423153,0.04343333333333334,205.1,elec 220u/63V,BSC0902NS PG-TDSON,False,0.0,hold 1.5 < 3.0; pivot 1.00 < 1.5; electronics do not fit
LNGT72,0.004676092023572237,0.0045270665716517135,potcore,0.0006016832694630556,0.00016178563764849288,8.446872720043095e-05,8,0.019041872495789553,0.00015725777303224884,34.98915952428456,5.4470752160047725e-05,screen,18,0.0157748036814705,0.038083744991579106,1.0480776635387865,0.8497767424464733,0.264657383919993,0.7350643087657623,10.967542414303244,1.0992534294004923,9.97726467888728,0.7350643087657623,0.04904854672512428,22.7936655269279,2.4726960785296765,0.0007549025721512902,0.0018666446298304614,2439.706504494818,1548.256767504886,22.204393406738433,0.24170392805654972,0.017633333333333334,85.1,elec 100u/63V,BSC160N10 PG-TDSON,True,0.18722905246932336,
LNGT72,0.004630712841311063,0.006603068241268783,none,0.0003434397133051398,0.0,0.00014935301671517521,12,0.021330251336611306,0.0003207023659824592,42.22274620005604,6.44847277850072e-05,screen,30,0.01143084723999575,0.04266050267322261,nan,nan,nan,nan,0.0,0.0,inf,nan,0.08066499998954116,0.0,0.0,nan,0.0,6451.598977615561,2258.2493385139237,14.779202645319709,0.21127598636476042,0.03803333333333334,149.8,elec 100u/63V,BSC0902NS PG-TDSON,False,0.0,open-circuit demag margin 0.95 > 0.8 [prescreen]
LNGT72,0.0033458028872458134,0.004757107341489203,potcore,0.0005996095731733406,0.0002342243168366063,0.000156649806635089,12,0.020949397912602773,0.00035319157996174875,63.423282711174856,6.96549698326623e-05,screen,30,0.01122674850520032,0.041898795825205545,1.046861349166791,0.9077898304447451,0.16867968262212743,0.5016751524569425,3.5288416469469657,0.6187421376363941,5.703250889663347,0.5016751524569425,0.06818473632621731,5.275650265739012,1.7134864114611277,0.0004943212422607562,0.0008470127315103899,10914.99706793307,1626.9307107893076,9.453533132411797,0.09337522661043732,0.03203333333333334,149.3,elec 100u/63V,BSC0902NS PG-TDSON,True,0.10704357475329992,
LNGT72,0.003622877307680386,0.011190005976557029,potcore,0.0008439344142766104,0.0006942704749577552,0.00019643258284326754,12,0.02154291171475633,0.00043274080512072045,91.30334221398041,7.727724576340756e-05,screen,30,0.011544811593167862,0.04308582342951266,1.0498357711503878,0.9673588857716497,0.08589397345856936,0.3438227813401651,3.9989128324552685,1.1392583065601427,3.5101019754944938,0.3438227813401651,0.12958730544128047,3.14565051700258,2.0426878513129187,0.0009660896369918163,0.001973419564762491,20780.362095105076,3826.982043982504,16.814733526265147,0.32773503672081356,0.026033333333333332,148.8,elec 100u/63V,BSC0902NS PG-TDSON,False,0.0,electronics do not fit
LNGT72,0.002874817301996225,0.005532619408512198,potcore,0.000495342397103805,0.00016125117921386966,0.0001537391497955243,12,0.01935473721220021,0.00032780100176967156,43.26316665520591,5.4102416422875476e-05,screen,30,0.01037217241145129,0.03870947442440042,1.0486403788353595,0.9492447014225186,0.13485003200195053,0.38072688425042894,2.3202592304403797,0.4821284434832161,4.812533385662306,0.38072688425042894,0.061682209557826495,3.834489732532383,1.2744692127833597,0.00041314049349542746,0.0005265348395140461,7979.8720843354295,1892.1558377111717,10.258391673371865,0.08540169204568464,0.03203333333333334,149.3,elec 100u/63V,BSC0902NS PG-TDSON,False,0.0,pivot 1.27 < 1.5; electronics do not fit
LNGT72,0.005795306147210478,0.010327645132650951,potcore,0.001177120288847496,0.000479942787340753,0.00021511065196237885,8,0.021601731889548847,0.00035191433349885385,63.61121973908144,7.353441949634209e-05,screen,18,0.017895460638797035,0.043203463779097694,1.0494496538323013,0.9281676439806279,0.11181059089091876,0.4336370508816889,11.869736403928021,2.164594853288356,5.483583399404303,0.4336370508816889,0.14170675171941283,8.53849884708401,1.861349404256547,0.0024741966970677942,0.004605344548100655,9138.022965382404,3532.054635366625,24.587189635208507,0.4000837935156473,0.017633333333333334,85.1,elec 100u/63V,BSC160N10 PG-TDSON,True,0.21466308137409135,
LNGT72,0.0031278470045294727,0.006480703406404576,potcore,0.0005034865166862972,0.0001354798717780715,0.00011401198955361258,12,0.021229289229419065,0.00015,39.76897430738023,7.838834323957795e-05,screen,30,0.01137674180981914,0.04245857845883813,1.049964996196504,0.9617016027455194,0.11585758486008829,0.37167132355743887,3.2569312521172367,0.5630380808968338,5.784566555301982,0.37167132355743887,0.057882408285602836,5.735786689569967,1.8700965611148874,0.0004252385304574781,0.0007952371134620781,3666.836084491478,2216.4005649903647,24.03815580869871,0.6794304962862784,0.020033333333333334,135.5,elec 100u/63V,BSC160N10 PG-TDSON,True,0.06200583604772991,
LNGT72,0.0030552161238058435,0.005389679881983836,potcore,0.00048801416498171735,0.00013435108951153187,0.00010915743192720234,12,0.02119268529365432,0.000152260582571307,39.04457977252803,6.545886394339813e-05,screen,30,0.01135712581976321,0.04238537058730864,1.0494297187701749,0.9424780961416844,0.13661666673318748,0.4202959180236883,3.206370317845695,0.4983180311248562,6.43438550800166,0.4202959180236883,0.055206006067683916,5.92049942538269,1.696308535258764,0.0004048767891955882,0.0006867959532406396,3801.605737381813,1843.270519638472,18.931401049478495,0.35190483547380974,0.023033333333333333,148.5,elec 220u/63V,BSC0902NS PG-TDSON,True,0.06722494886111492,
LNGT72,0.00383495203257983,0.011405054251709627,potcore,0.0007908183426271046,0.0003186074570414021,0.00021983524130883913,12,0.021918258195591282,0.0003538300408059151,71.30518506448084,7.223260007762187e-05,screen,30,0.011745959166011042,0.043836516391182564,1.0500595709317808,0.9901380478515174,0.08919774377945572,0.3003089729160068,3.9683504922584114,1.1522444209866016,3.444017970475863,0.3003089729160068,0.12322874086826296,3.28268344197017,1.9437895557277036,0.0009346921858164921,0.0018168449086103952,15314.606789666701,3900.528554084692,18.16095667477166,0.35735671870626656,0.023033333333333333,148.5,elec 220u/63V,BSC0902NS PG-TDSON,True,0.10835712550343746,
LNGT72,0.0033444163379915317,0.005718494759901198,potcore,0.0004233206749244496,0.00011401283988527041,6.194300357324283e-05,12,0.020964625140447345,0.00015304800905614838,34.50715061768618,6.459906455664335e-05,screen,30,0.011234908752008157,0.04192925028089469,1.0497098054868212,0.9406177379219433,0.16194291342257358,0.4909988328186855,5.245826991081352,0.6890184058847966,7.613478749301294,0.4909988328186855,0.056780892940747854,9.417654158847684,2.165833084337484,0.00041194561256830504,0.0008922054366481063,3192.380237867259,1955.7252078862095,21.13987034339647,0.43303412981140055,0.023033333333333333,135.7,elec 220u/63V,BSC160N10 PG-TDSON,True,0.09139985825383432,
LNGT72,0.003310286551962519,0.007111523326190959,potcore,0.000461685426824046,0.00012044457688066265,8.326720850639374e-05,12,0.02112248475666816,0.00015371541836009251,34.815654811319305,6.498771643695823e-05,screen,30,0.011319505465375865,0.04224496951333632,1.0501068215498464,0.9677063245563822,0.11983054183810975,0.3878478452782687,4.346361018752653,0.7314584123068234,5.942048031200294,0.3878478452782687,0.060749521598671766,7.293129537363128,2.193613756626701,0.000444056702896456,0.0009740888921959617,3245.425915262025,2432.140977557308,26.091053358789555,0.6635990594815425,0.020033333333333334,135.5,elec 100u/63V,BSC160N10 PG-TDSON,True,0.08059563520291839,
LNGT72,0.0033804483380817265,0.004793980680612813,potcore,0.0005987935730925046,0.00022946329374646073,0.00015864657237447328,12,0.02092078765770561,0.0003507998848643064,63.35462458544344,6.818736287879174e-05,screen,30,0.011211416315810433,0.04184157531541122,1.0467586199230485,0.908473974465721,0.16971541500678297,0.4998403409353554,3.6169723909736406,0.6339098650314567,5.7058149596617405,0.4998403409353554,0.06862886915808876,5.372412408912976,1.7203034571024336,0.0004968616035800916,0.0008547527343402906,10738.56022343173,1639.5413927695822,9.672854392952999,0.09569835097035571,0.03203333333333334,149.3,elec 100u/63V,BSC0902NS PG-TDSON,True,0.10883137268981713,
LNGT72,0.0035993637896324063,0.010262190683211674,potcore,0.0007440454688837895,0.00038715235090388276,0.00019252401514582317,12,0.021456802726677396,0.0003530881193769246,69.8502457856614,6.961564833622416e-05,screen,30,0.01149866592553424,0.04291360545335479,1.0498502439671469,0.9759080102601518,0.09338248140314215,0.32680290640157816,3.796066545143552,1.0246290858482916,3.7048202101356353,0.32680290640157816,0.1086847870814662,3.560377523795191,2.0103604102113857,0.0008070200591964865,0.0016224011772550653,14928.56782268098,3509.6692136583924,16.421619281385404,0.28159833953878816,0.026033333333333332,148.8,elec 100u/63V,BSC0902NS PG-TDSON,True,0.1074753212811324,
LNGT72,0.0029547475647855627,0.005985300779117188,potcore,0.00048611544541184745,0.00016659931820599727,0.00015259953908366666,12,0.019271375555859494,0.00032868932727065536,43.29214200889991,5.207838355716736e-05,screen,30,0.01032749903445886,0.03854275111171899,1.0491192728044394,0.9551220362675886,0.1380527166329739,0.3821165705123895,2.4589949425902886,0.46982660956677,5.2338349776691935,0.3821165705123895,0.0637597660944449,3.9313518385127852,1.3246208274926399,0.00042521638645644043,0.0005632504816913603,7932.7618209943475,2046.9728664580784,11.171120729799004,0.09748599881262454,0.03203333333333334,149.3,elec 100u/63V,BSC0902NS PG-TDSON,False,0.0,pivot 1.32 < 1.5; electronics do not fit
LNGT72,0.005399813166634243,0.006277097226559589,potcore,0.0009950017914885931,0.0004612280897389509,0.00020063016296850678,8,0.021270350429807596,0.0003311543380366304,51.16306358356332,5.725753970902063e-05,screen,18,0.017620935248909394,0.04254070085961519,1.0473444407881705,0.8660513018123271,0.17694833453535488,0.6196035943248326,10.67377761151541,1.5705273438890985,6.79630167093043,0.6196035943248326,0.08540993531271251,12.739158751747368,2.1458565808397663,0.0014683789370261117,0.0031509306051839825,5830.671900875006,2146.7672514833794,18.837484127733667,0.18286095820387416,0.017633333333333334,93.1,elec 100u/63V,BSC0902NS PG-TDSON,True,0.22683304255024003,
LNGT72,0.0030455105589101673,0.00668502939108615,potcore,0.000490540600685706,0.000136182687952223,0.00010994671958858384,12,0.02123555188163029,0.00015,38.161163268322014,6.409992900779511e-05,screen,30,0.01138009795502409,0.04247110376326058,1.0500802459339356,0.9674531353145369,0.10863827869430567,0.3586965915400573,3.1094286018773483,0.5789568529267206,5.370743236147363,0.3586965915400573,0.05724823948264915,5.536680286285404,1.8496313614133921,0.00042070362118902933,0.0007781466116114083,3613.402245828189,2286.2800517514634,24.14541764142794,0.5605550263173367,0.020033333333333334,135.5,elec 100u/63V,BSC160N10 PG-TDSON,True,0.06585059444336372,
LNGT72,0.0033666996054374514,0.0066546903648539235,potcore,0.0007568752882592635,0.0007149497353706594,0.000154633541423599,12,0.021541832593761853,0.0004383292670317071,93.54404112169112,6.579929782974132e-05,screen,30,0.011544233293969851,0.043083665187523705,1.0494574114032857,0.9112190143350462,0.12069104387765626,0.4963692814750012,3.8544061888073946,0.8251433657205978,4.671195756923212,0.4963692814750012,0.0869681018169988,4.517815399383335,2.175456049053074,0.0006483256440499254,0.0014104039441046403,17087.37729081464,2275.904104780042,12.459329687828296,0.1532152075985805,0.028033333333333334,148.89999999999998,elec 470u/63V,BSC0902NS PG-TDSON,True,0.11290702463518713,
LNGT72,0.0038153923060108147,0.009816817931014205,potcore,0.0007134579381838964,0.00020026136797405693,0.00017973011951260716,12,0.020926458695602942,0.00035559812023980595,63.15192468168045,6.942848887757419e-05,screen,30,0.011214455415860107,0.041852917391205884,1.0501177127258774,0.9850886665354034,0.08927450048861729,0.30760913397875744,4.202177002064666,1.0142050259668072,4.143321019395337,0.30760913397875744,0.10534574355979173,4.066196304875751,1.9313328100349887,0.0007628924129578473,0.0014733991476722523,12733.996917604192,3357.351732406858,16.650170807074286,0.2887130124074235,0.026033333333333332,148.8,elec 100u/63V,BSC0902NS PG-TDSON,True,0.10957010212804714,
LNGT72,0.003756903732532989,0.011307188391007566,potcore,0.0007706923222663451,0.00032288148331062076,0.00021218124417001657,12,0.021891463906094453,0.0003560550953484798,70.71595035113539,7.252859588556116e-05,screen,30,0.011731600149546158,0.043782927812188906,1.0500473091841656,0.9911075900254046,0.08765531003214287,0.29905980894499895,3.8470162839321946,1.1003803838877073,3.4960785745202623,0.29905980894499895,0.11861605876615387,3.306066062840866,1.9142538785903438,0.0008986050530454756,0.0017201582081131832,15467.045372413217,3867.0584297245873,17.680345879704173,0.3400807443924253,0.023033333333333333,148.5,elec 220u/63V,BSC0902NS PG-TDSON,True,0.10617120657836528,
LNGT72,0.004488845653488429,0.005447435483425313,potcore,0.000772226350265532,0.00021631124715341775,0.0001572390655494677,8,0.01925259457852107,0.0003311605950933813,42.59955208557635,5.247908302535293e-05,screen,18,0.015949371570588296,0.03850518915704214,1.0475348991317353,0.8956218959070468,0.1634109642384356,0.5363854373378226,7.28244600030742,1.0492552785524938,6.940585526864312,0.5363854373378226,0.060504907180132406,12.269240134444892,1.7750043158379334,0.0009415317567670758,0.0016712229317600309,5219.588226824863,1863.0229353314571,15.205019844746213,0.10919499430325072,0.020633333333333333,93.30000000000001,elec 220u/63V,BSC0902NS PG-TDSON,True,0.18889995655466316,
LNGT72,0.004397211783613704,0.005736773997824031,potcore,0.0008505432866636973,0.0002565018675825369,0.0001522307306394484,8,0.019304036033936663,0.00033145896821355205,43.41717250278124,7.318604786667997e-05,screen,18,0.015991987067590994,0.038608072067873325,1.0484551486395104,0.8997299012980194,0.1444881094352952,0.5204565762782472,7.018453661751394,1.0729650155533703,6.541176608756159,0.5204565762782472,0.06407151540773717,11.166252225358082,1.7344106923581817,0.0009996966201562632,0.0017338845071133585,6411.331229526318,1961.9767072558188,13.286395304779496,0.11627467765096647,0.020633333333333333,93.30000000000001,elec 220u/63V,BSC0902NS PG-TDSON,True,0.18469791616087966,
LNGT44,0.0017122656608626176,0.0057721705031250035,potcore,0.0003,6.769782041637406e-05,0.000152912846896713,20,0.019153439918404652,0.000326632173041122,40.05152132951999,6.995845290153169e-05,screen,54,0.006067213723532305,0.038306879836809304,0.8694168058792073,0.8369371299637096,0.07304454064508918,0.17054116606903078,0.3457769725094303,0.10131662045139707,3.4128356331753498,0.17054116606903078,0.09691800935749363,0.36368264312266135,0.35654657726671485,0.00022699534013359898,8.093441158012847e-05,13693.581636567385,2112.6144041437515,6.179056956338046,0.07211877772617482,0.07483333333333334,262.59999999999997,elec 470u/63V,BSC0902NS PG-TDSON,False,0.0,hold 0.4 < 3.0; pivot 0.36 < 1.5; electronics do not fit
LNGT72,0.0035036735297782973,0.00696314768926719,potcore,0.0008108115430997009,0.0008331298909549478,0.00016179257719193524,12,0.02172449401296697,0.0004263615621750435,91.27001799159783,7.679563961976351e-05,screen,30,0.01164212125349852,0.04344898802593394,1.049481907298698,0.9072508954187972,0.12279759431746627,0.5109443690436489,4.132256587454722,0.9227295864696118,4.47829640237813,0.5109443690436489,0.09606769620184674,4.384710226101217,2.265380872099633,0.0007222334661289627,0.00163613387935877,17608.663335838854,2381.396509729379,12.343361795426956,0.17550711951540887,0.028033333333333334,148.89999999999998,elec 470u/63V,BSC0902NS PG-TDSON,True,0.1177971073904158,
LNGT72,0.002147145053225442,0.00602986883920289,potcore,0.0003516743162243165,0.0001131654437570271,0.00015010005968021047,20,0.02094203686334115,0.00032575913944309727,52.30465950798023,6.769781168072415e-05,screen,54,0.00663378557571219,0.0418840737266823,1.0499427729760709,0.9973551128513983,0.1167035273029126,0.3013584577469907,1.02602296968295,0.2688036341279689,3.8169981332711176,0.3013584577469907,0.0866033866848984,1.2076836879347919,1.1204371963687398,0.0002217785135096167,0.0002484888958915416,14663.163315051499,2062.2151430073886,7.356083988813118,0.09890807579459243,0.05483333333333334,261.0,elec 220u/63V,BSC0902NS PG-TDSON,False,0.0,hold 1.2 < 3.0; pivot 1.12 < 1.5; electronics do not fit
LNGT72,0.003634528459073603,0.010071096072083544,potcore,0.0007212867161168918,0.00031572622796296107,0.00017650852557636108,12,0.02117905420152656,0.00035646659447319826,62.89631329446863,6.923948685401559e-05,screen,30,0.011349820939508036,0.04235810840305312,1.050014024498682,0.9791626967151297,0.08750491444922646,0.3189185438413675,3.967350195170031,1.0622933960723593,3.7347028700720553,0.3189185438413675,0.10523412282764524,3.843040349203298,2.0171170510538707,0.0007712829120491481,0.0015557679130808195,13265.923842504031,3444.314856652572,16.330163574037353,0.27696581546746324,0.026033333333333332,148.8,elec 100u/63V,BSC0902NS PG-TDSON,True,0.11302195278770155,
LNGT72,0.003227603218218958,0.005725006862417726,potcore,0.000459789360659998,0.00014817464486467752,6.271258535487905e-05,12,0.020956780404574642,0.00015,35.562599331993766,6.638263985531529e-05,screen,30,0.011230704770724305,0.041913560809149285,1.0498583199626936,0.9391907525025956,0.12299049226957286,0.44874815280817365,4.80234913095951,0.6692382073430577,7.1758442334386645,0.44874815280817365,0.05707097488099183,8.577671925130376,2.101892077569191,0.0004138952251528362,0.000869963094692463,3229.143644822189,1957.9523469468622,21.56295367573908,0.46298005049118385,0.023033333333333333,135.7,elec 220u/63V,BSC160N10 PG-TDSON,True,0.0859121496071076,
LNGT44,0.003711474639081169,0.006907291078796918,potcore,0.0007914023503476198,0.0007234508145755031,0.0001606883883338281,12,0.02168351846050096,0.0004525749511756571,106.55634546287075,7.915216630950212e-05,screen,30,0.011620162521113146,0.04336703692100192,0.8682822472407106,0.7422509507268671,0.09257062022754768,0.3986318590560737,3.1194851454984196,0.6925397207158568,4.504413324154035,0.3986318590560737,0.10066182602871013,3.1589962489357726,1.5517612498858981,0.0007553445861411364,0.0011721144590849163,20030.125428422845,2528.068534839672,13.448829619905204,0.21474499363201466,0.03203333333333334,149.3,elec 100u/63V,BSC0902NS PG-TDSON,True,0.08320650552019726,
LNGT18,0.003270303687048762,0.005554820998320525,potcore,0.0004046307864097659,0.00011590413590666276,8.33185410682229e-05,12,0.019250214071187318,0.00015240632522718942,34.21878653512058,6.459016255430245e-05,screen,30,0.010316158629001752,0.038500428142374636,0.5720676732455091,0.5162404494153539,0.06650698099922982,0.24074025469388774,1.208381456111402,0.1545564363636528,7.818383268544216,0.24074025469388774,0.051911510389720944,2.372855979438024,0.5440845839727232,0.0003458197487133858,0.0001881551941082742,3218.486672156384,1533.1305955364649,16.300166482894014,0.25741966265650684,0.021753333333333333,78.1,elec 220u/63V,IRLML6344 SOT-23,False,0.0,hold 2.4 < 3.0; pivot 0.54 < 1.5
LNGT72,0.0034112089209136715,0.006864450719021031,none,0.0003913375495792775,0.0,0.00016046010710937233,16,0.021125834105420186,0.0003327829941351617,42.83505479550103,7.33369443028177e-05,screen,42,0.008404379349558098,0.04225166821084037,nan,nan,nan,nan,0.0,0.0,inf,nan,0.07890800409091199,0.0,0.0,nan,0.0,8992.252672386461,2347.6421459051926,11.183113244680266,0.1926049971367836,0.04043333333333334,205.0,elec 100u/63V,BSC0902NS PG-TDSON,False,0.0,open-circuit demag margin 0.88 > 0.8 [prescreen]
LNGT44,0.0035003005316309524,0.006003475902646963,potcore,0.0006031223161651842,0.0002820481135655398,0.00014915666618221522,12,0.021237716082028846,0.0003318069406101837,48.06872303837093,6.763097212921949e-05,screen,30,0.011381257746522194,0.04247543216405769,0.8655252521070309,0.7631125095560632,0.09971498198239309,0.34599897265029667,2.6139969947475588,0.5328122485901224,4.906037730297063,0.34599897265029667,0.07318029709448337,3.641177985085962,1.3286867163097031,0.0005378393102468785,0.0007146199470342006,8591.609533031848,2197.272180368788,12.293397118664561,0.15331361045447645,0.028033333333333334,148.89999999999998,elec 470u/63V,BSC0902NS PG-TDSON,False,0.0,pivot 1.33 < 1.5
LNGT72,0.0036095244832628254,0.006874451305149984,potcore,0.0008018223802082554,0.0007525992121862451,0.0001620335584899744,12,0.021571105706442426,0.00042548628612554615,94.87311499335124,7.792572639293491e-05,screen,30,0.011559920707775262,0.04314221141288485,1.0494227183124323,0.9070198334689294,0.12281614026064577,0.5088117989009112,4.431106819448685,0.9293246444511191,4.7680935245893545,0.5088117989009112,0.09555750095910057,4.72692192120598,2.311154295422974,0.0007133255055983423,0.0016486053062983732,17987.405379706062,2351.062346361294,12.400488210185555,0.17974204804887123,0.028033333333333334,148.89999999999998,elec 470u/63V,BSC0902NS PG-TDSON,True,0.11995684317961584,
LNGT72,0.0027168688867913646,0.005671101242946188,potcore,0.0004396164304882019,0.0001251918898422781,0.00011171732976445897,12,0.018772046040513503,0.00015,38.532986675217266,6.441086556334663e-05,screen,30,0.010059909153670894,0.037544092081027006,1.0498376582754636,0.9618139395160252,0.1213076388009771,0.37038083471156497,2.3243620993415095,0.42836791913507255,5.426088172136424,0.37038083471156497,0.04931499788396471,4.804583650396834,1.4250565232712742,0.00032036214431752677,0.00045653416356886486,4087.3529729704032,1939.5166250875964,18.28453983912974,0.3230118569700759,0.023033333333333333,148.5,elec 220u/63V,BSC0902NS PG-TDSON,False,0.0,pivot 1.43 < 1.5; electronics do not fit
LNGT38,0.004935560752182668,0.006510861461401965,potcore,0.0008691249511059473,0.0002981213829096173,0.00015554146069403994,8,0.021420120135273175,0.0002907810041481299,35.782112274319076,6.8258661781525e-05,screen,18,0.01774500853538233,0.04284024027054635,0.7951888791711251,0.6800095251234006,0.10484884493915383,0.40521084454556383,5.312634467183692,0.8068452908853371,6.584452468396057,0.40521084454556383,0.07755228747812583,6.9830687196007695,1.0007258003616741,0.0013426772264840475,0.001343651742100641,4896.484685701625,2187.6494510310604,15.986717675688844,0.15700695462380268,0.020633333333333333,93.30000000000001,elec 220u/63V,BSC0902NS PG-TDSON,False,0.0,pivot 1.00 < 1.5
LNGT72,0.003359011825347835,0.00465144614110651,potcore,0.0005958737214180106,0.00023375791581639813,0.00015756438932603708,12,0.020949476038879682,0.0003531476683978552,63.22123225291207,3.872069237463637e-05,screen,30,0.011226790372945931,0.041898952077759365,1.0465258539954052,0.904571581960062,0.17385017070859932,0.5119832911687332,3.5410172917705927,0.6196185218938048,5.714834477426225,0.5119832911687332,0.06364318627918632,5.6716200065257905,1.8362072115442025,0.0004613979304168555,0.0008472222072230002,8029.617540530531,1590.7945802584265,12.525128764544716,0.09111686569419825,0.028033333333333334,148.89999999999998,elec 470u/63V,BSC0902NS PG-TDSON,True,0.10978364192091328,
LNGT72,0.0037171334628470164,0.010874219158759234,potcore,0.0007647566720193255,0.0003147996878249298,0.0002234695921042574,12,0.02140639086643083,0.0003561018207464,69.52166615168237,6.97430689240677e-05,screen,30,0.011471650291050205,0.04281278173286166,1.0500077281159972,0.988003739634191,0.09369081699339078,0.30418394161971796,3.6524816259323822,1.0495079169478472,3.4801849199522366,0.30418394161971796,0.11338477459245355,3.283706188648595,1.9431011453311715,0.000839940948818945,0.001632090219660643,14804.852955862825,3718.982952295658,17.463860803217855,0.31906034847179765,0.023033333333333333,148.5,elec 220u/63V,BSC0902NS PG-TDSON,True,0.10393920846323096,
LNGT72,0.0033611010660066516,0.006113111007348527,potcore,0.00042572857864637946,0.00011939136462357856,8.330838138333749e-05,12,0.02112269419727153,0.00015373379252075028,34.50695206734266,6.869215703727443e-05,screen,30,0.011319617704256936,0.04224538839454306,1.0496210317631767,0.9475781392921963,0.1668551272130801,0.470139822301633,4.569746084721854,0.6840834509892392,6.680100327107222,0.470139822301633,0.05880050545689568,7.922130691613703,2.141234716605262,0.0004298143721411731,0.0009203334553245735,3204.794904682078,2090.6839645131963,22.51099789444265,0.522141133767533,0.023033333333333333,135.7,elec 220u/63V,BSC160N10 PG-TDSON,True,0.08308308014468473,
LNGT72,0.0033611010660066516,0.006113111007348527,potcore,0.00042572857864637946,0.00011939136462357856,8.330838138333749e-05,12,0.02112269419727153,0.00016569244344250578,34.50695206734266,6.460346405989235e-05,screen,30,0.011319617704256936,0.04224538839454306,1.0496210317631767,0.9475781392921963,0.1668551272130801,0.470139822301633,4.569746084721854,0.6840834509892392,6.680100327107222,0.470139822301633,0.06180050545689568,7.537564385899302,2.037292133897809,0.0004517434883350595,0.0009203334553245735,3722.7765037170716,2090.6839645131963,19.378851048239458,0.3639176454323243,0.026033333333333332,148.8,elec 100u/63V,BSC0902NS PG-TDSON,True,0.08980614313320827,
LNGT72,0.002792506793253515,0.005984416867229393,potcore,0.0004978240199355514,0.00018177568316278726,0.0001547389909077657,12,0.01911795248885323,0.00022892637840214773,42.380007537247494,5.091492588119007e-05,screen,30,0.01024527986064959,0.03823590497770646,1.0492253310387276,0.9585959699416472,0.12286654761520019,0.35923735793152967,2.1500581361278583,0.486884841607921,4.415947986853242,0.35923735793152967,0.06247970636609865,3.5078597068503368,1.2724780559314204,0.0004133623525349275,0.0005259945227488829,7993.021265683334,2046.6705685924524,10.851705661738336,0.08993575525775496,0.03203333333333334,149.3,elec 100u/63V,BSC0902NS PG-TDSON,False,0.0,pivot 1.27 < 1.5; electronics do not fit
LNGT72,0.004783580709484752,0.006817913243081052,potcore,0.0011053243320587427,0.0009603770727618544,0.00020105476004458623,8,0.021571085479291978,0.0004369646723746273,93.77667756354556,9.33808562366251e-05,screen,18,0.017870072321264144,0.043142170958583956,1.048887995499303,0.8603466114559766,0.15219741287999006,0.6420072513837886,8.06132012135704,1.4709444181421796,5.480370313066339,0.6420072513837886,0.09497746636345168,8.652001383446075,2.065409678503036,0.0016559517869738634,0.003420218847950215,15071.852849363127,2331.72632913372,14.507940750154171,0.17689351337402756,0.020633333333333333,93.30000000000001,elec 220u/63V,BSC0902NS PG-TDSON,True,0.19768131294971764,
LNGT72,0.003553800572060292,0.01060047938149532,potcore,0.0008599566659034919,0.00030801713427493574,0.00019515220068202542,12,0.021419433250467055,0.00035478543944433426,69.08734449548326,6.806305563246766e-05,screen,30,0.01147863968358997,0.04283886650093411,1.0500814564663263,0.9887260148068977,0.0841223659199148,0.3021414033014519,3.5167034013093756,1.023436730852771,3.4361707913093062,0.3021414033014519,0.11519146580739074,3.1120490211501526,1.7985122872878607,0.0008538446124609459,0.0015356500269455527,14583.149607141875,3625.363948471399,17.175080471428938,0.3011620624466628,0.023033333333333333,148.5,elec 220u/63V,BSC0902NS PG-TDSON,True,0.10209971816035095,
LNGT72,0.0034495602037861073,0.01073544314926629,potcore,0.0008629762750983494,0.0007492237933373398,0.00022539916190806244,12,0.021532129954306378,0.00043393370489274417,92.29462525703302,7.744174907363813e-05,screen,30,0.011539033665156762,0.043064259908612755,1.0497212450642852,0.9653045039914757,0.09812140576365633,0.3513066742994716,3.3168452331028404,0.9979064830248656,3.323803672513261,0.3513066742994716,0.12419303362659145,2.7224440580900278,1.916129061690102,0.0009254112829403459,0.0017732074532579186,21343.90586852181,3671.521557049071,15.876274395059,0.2927949655657267,0.026033333333333332,148.8,elec 100u/63V,BSC0902NS PG-TDSON,False,0.0,hold 2.7 < 3.0
LNG40,0.003011580019396722,0.004440943326844742,potcore,0.0005333652883249687,0.0002103184177573629,0.00015143414768638164,12,0.019257723901769615,0.00032888763956583403,43.88639521789319,5.239225043989274e-05,screen,30,0.010320183135081394,0.03851544780353923,1.1917932042931112,0.9501369735755812,0.4274433134089807,0.7459213376348125,2.612551670247747,0.19355970929962077,13.497394058407307,0.7459213376348125,0.05996578838012631,4.441118213622131,0.6460164936355515,0.00039963090462923236,0.00025816815575698015,7007.8485855032195,652.8186690461771,4.08825301600352,0.013135113929724676,0.03203333333333334,149.3,elec 100u/63V,BSC0902NS PG-TDSON,False,0.0,pivot 0.65 < 1.5; electronics do not fit
LNGT72,0.007776712525102765,0.007057692663245801,none,0.000358867638698439,0.0,0.0001568815064052952,8,0.020971198577478707,0.0003539305638346141,63.215652786824016,4.710808516977013e-05,screen,18,0.017373109740022076,0.041942397154957414,nan,nan,nan,nan,0.0,0.0,inf,nan,0.08525108853744759,0.0,0.0,nan,0.0,5557.827776817183,2413.730890830064,27.454174552153244,0.3195617142129933,0.023633333333333333,85.6,elec 100u/63V,BSC160N10 PG-TDSON,False,0.0,open-circuit demag margin 0.98 > 0.8 [prescreen]
LNGT72,0.004681416418232936,0.0045121164037428664,potcore,0.0006020246341764214,0.00015488067596278367,8.171958963803138e-05,8,0.019083515501982656,0.00015712865869322312,37.74090471895441,5.335395680845708e-05,screen,18,0.015809301877356838,0.03816703100396531,1.0479151186488223,0.8493414715866283,0.26894925507905265,0.7400157401994805,11.091928115266334,1.1004366506390593,10.079569876943749,0.7400157401994805,0.04903693330846548,23.057633758261186,2.471705528376266,0.0007563743497430931,0.0018695346617820063,2624.4419668791948,1543.1438100800603,22.191248363982844,0.23646812644901882,0.017633333333333334,85.1,elec 100u/63V,BSC160N10 PG-TDSON,True,0.18895203264327445,
LNGT72,0.006260995251702795,0.007942184330560974,none,0.00035871389186940556,0.0,0.00012558270582517763,12,0.021503613254704155,0.0004342668119862688,90.57599961910547,7.977905729432205e-05,screen,30,0.011523751611898328,0.04300722650940831,nan,nan,nan,nan,0.0,0.0,inf,nan,0.1142770530045027,0.0,0.0,nan,0.0,12855.858139831575,2716.227041051853,19.137188413230252,0.4382646321664595,0.03803333333333334,149.8,elec 100u/63V,BSC0902NS PG-TDSON,False,0.0,open-circuit demag margin 0.96 > 0.8 [prescreen]
LNGT72,0.003513662839996159,0.0064860114041318615,potcore,0.0006577758982970269,0.00033507925418500123,0.00014782034336695304,12,0.021230066577422445,0.00032944572358013953,51.43631695004145,5.787440681799055e-05,screen,30,0.011377158389358627,0.04246013315484489,1.0492036620737355,0.9285983978466676,0.1228210673846741,0.43548252562866907,4.158832199290589,0.8296592178336147,5.012699322680976,0.43548252562866907,0.07704296557422241,5.502618436107874,2.1074303753618797,0.000566024083285509,0.001192856346302244,8635.004537478693,2218.2159002130966,13.213294285111878,0.15156538503912623,0.026033333333333332,148.8,elec 100u/63V,BSC0902NS PG-TDSON,True,0.11942201695366227,
LNGT72,0.003320367387498101,0.006660455927504975,potcore,0.0007492165727949877,0.0007087686820173171,0.00015454644043871583,12,0.021538838964044512,0.00043706063658186,93.25201979917762,6.546277897386145e-05,screen,30,0.011542629012639452,0.043077677928089024,1.0494706861156973,0.9138442509228317,0.11955028591775281,0.48904270883298323,3.647098568577894,0.7903783227137697,4.614370692829168,0.48904270883298323,0.08980481110498656,4.139795516707894,2.043288488523726,0.0006693795733111377,0.0013677355765995712,17197.077911347016,2277.8759272067014,12.35189676751957,0.14981420824617872,0.03203333333333334,149.3,elec 100u/63V,BSC0902NS PG-TDSON,True,0.10755980071369849,
LNGT72,0.002901611300451067,0.004516428537678575,potcore,0.00047063540296983795,0.00013334998217175593,0.0001118073197948414,12,0.02009477245285424,0.00018077015913578977,37.24850571748965,3.756604977072784e-05,screen,30,0.010768756101658929,0.04018954490570848,1.04855300671213,0.9289648026124376,0.1571064911184948,0.4597757790315022,2.7874497590798617,0.42260577252328396,6.595862953874545,0.4597757790315022,0.05811480218323152,4.889351691025963,1.1827480946083253,0.0004041293747893402,0.0004779832480073459,5293.438673145367,1544.6185598860725,10.869065802375642,0.06656887609337336,0.03203333333333334,149.3,elec 100u/63V,BSC0902NS PG-TDSON,False,0.0,pivot 1.18 < 1.5; electronics do not fit
LNGT72,0.003410907019320114,0.006655728211592944,potcore,0.0006037606490102293,0.00023788042374828073,0.0001562324938920736,12,0.021228251304532843,0.00035667933248935635,64.35018611166024,6.550226691246034e-05,screen,30,0.011376185587549005,0.04245650260906569,1.0491797201058999,0.9439104163773516,0.12134363892663735,0.3920537860605514,3.62237684818126,0.7495080802268066,4.833005732353282,0.3920537860605514,0.07521166863411441,4.909524121050678,1.8631087290632222,0.0005525225488874437,0.0010294095838364573,12012.224592440938,2276.259048364787,12.194052173549956,0.14609780368917138,0.028033333333333334,148.89999999999998,elec 470u/63V,BSC0902NS PG-TDSON,True,0.10854214979156876,
LNGT72,0.005548749720774952,0.00987644213886921,potcore,0.0011358324572334128,0.0005965943488757448,0.00019255633635524455,8,0.02145441689833253,0.00034980060314320144,70.44232385270206,7.044511522852988e-05,screen,18,0.017773420904191692,0.04290883379666506,1.0495671149107701,0.9193418021056421,0.1105740004559133,0.4620554865979167,11.392485529718371,2.05545356767009,5.542565256111355,0.4620554865979167,0.13003022256127006,8.931104529241871,2.0216427893581277,0.00225484207278728,0.004558485217591739,10105.756543755197,3377.74321149327,23.54460847785872,0.35146035166406414,0.017633333333333334,85.1,elec 100u/63V,BSC160N10 PG-TDSON,True,0.21570251710904106,
LNGT72,0.0029062627480146634,0.008723267498578796,potcore,0.000706333846499236,0.0006234273979535813,0.000195799621288615,12,0.017982849373261223,0.0004373493589909164,92.74020870158049,7.777220470269017e-05,screen,30,0.009636979934351732,0.035965698746522445,1.049638748690021,0.9620048672414654,0.10351764963640928,0.3583586649983292,2.3411465274768393,0.6771345742695323,3.4574316781894967,0.3583586649983292,0.08845164025620741,2.698073011892633,1.7122015011667602,0.00055044630390601,0.0009424749878595649,23182.42071694221,2983.3574845139483,11.93478451294968,0.1661670209101958,0.03203333333333334,149.3,elec 100u/63V,BSC0902NS PG-TDSON,False,0.0,hold 2.7 < 3.0; electronics do not fit
LNGT72,0.003523745727335286,0.006526381669602096,potcore,0.0006203226788196447,0.00032317535863031927,0.00015042313497749243,12,0.02124577975150298,0.0003238200003398905,47.891664285726264,5.651410882340171e-05,screen,30,0.011385579053969445,0.04249155950300596,1.0491148686295997,0.9302588068536207,0.1256036447423718,0.43136345734776865,4.158852930045321,0.8048800912492782,5.167046589002149,0.43136345734776865,0.07549228737416641,5.6156750671326945,2.0772481172911115,0.0005550419672877143,0.0011529598815659592,8010.764071451216,2232.022531003917,13.343954806255038,0.15094449106153288,0.026033333333333332,148.8,elec 100u/63V,BSC0902NS PG-TDSON,True,0.11745237866511869,
LNGT72,0.003356202883546391,0.006648447741707574,potcore,0.0007582204827978332,0.0007265281239187924,0.0001545360499862473,12,0.021523125789963977,0.00044268635982210904,96.71655296301587,6.68230769684503e-05,screen,30,0.011534208348028634,0.043046251579927954,1.0494613125776309,0.9107391341285523,0.12098911506132295,0.4982510339236862,3.7869747945567784,0.8216387750553419,4.609050728285925,0.4982510339236862,0.09094029004850851,4.244896172462228,2.097057648402673,0.0006773486059306721,0.001420439074701804,17832.53476811224,2273.7691276639903,12.33201645873839,0.15243542990464762,0.03203333333333334,149.3,elec 100u/63V,BSC0902NS PG-TDSON,True,0.11094895976597864,
LNGT72,0.0038314807904282727,0.007043699928335902,potcore,0.0007068693777299192,0.0003238551817676138,0.00015992170784155134,12,0.021376314289348528,0.0003546009830551921,65.46776181034373,6.78557676418332e-05,screen,30,0.011455532301969613,0.042752628578697056,1.0491955855916546,0.9317095108056034,0.12149534853356098,0.42542972546911245,4.944320293465791,0.9297455791784883,5.317928263595005,0.42542972546911245,0.08813071917459403,5.718870668244717,2.185847126476678,0.0006519446153051784,0.0014250512639867674,11401.404492990687,2408.945375490878,13.832353913390332,0.19474674673874048,0.026033333333333332,148.8,elec 100u/63V,BSC0902NS PG-TDSON,True,0.12335318265551802,
LNGT44,0.006730958435646464,0.011557834179390283,none,0.0003862483771817444,0.0,0.00022596160994606216,12,0.02170603786859084,0.00042957151241484494,88.6454269549067,8.159263578898257e-05,screen,30,0.011632230635536566,0.04341207573718168,0.6952591030032139,0.46422570648574385,0.5672347432834294,0.8482057394146278,6.55791659131098,1.4337732010893247,4.573886990165901,0.8482057394146278,0.15677947865911507,4.263906426750572,5.618773163940753,0.001177661113098612,0.0066170106584950775,13758.593197912769,4230.167309656844,27.254602404561727,0.9091214896163422,0.036513333333333335,155.7,elec 100u/63V,SQJ850EP PowerPAK,False,0.0,demag margin 0.85 > 0.8; electronics do not fit
LNGT72,0.00353992395419638,0.006518004842178017,potcore,0.0006132974898685621,0.00029754688532466475,0.00013743792842133096,12,0.021238449352545336,0.0003286796288419533,50.985370267384596,5.1186501881875686e-05,screen,30,0.011381650705007648,0.04247689870509067,1.0493148431376405,0.9315043876397754,0.11838388735963232,0.42629710456432496,4.3312472136971865,0.8291781682924066,5.223542272726346,0.42629710456432496,0.07512558101623933,5.877005827690849,2.10337881582692,0.0005521552569821362,0.0011613916705836944,8096.372586937803,2229.157656024882,14.037697407869658,0.15129983798992722,0.026033333333333332,148.8,elec 100u/63V,BSC0902NS PG-TDSON,True,0.12140387827709999,
LNGT72,0.004441589086307986,0.004425599909989549,potcore,0.0007408795413274303,0.0002344886451272458,0.00015057709103149933,8,0.01919866463329267,0.0003241778728582684,41.52335524409532,5.435663354114056e-05,screen,18,0.015904694541125013,0.03839732926658534,1.045730765565935,0.8571129712690195,0.20016605940237384,0.6463974100223775,7.37915452556575,1.0013929468042462,7.368890053714587,0.6463974100223775,0.05396492048430912,13.938821483907198,1.9681399841251048,0.0008374090924327592,0.001648138317886829,4888.008597327202,1513.5551692164256,12.857565145707012,0.0808746712220149,0.020633333333333333,93.30000000000001,elec 220u/63V,BSC0902NS PG-TDSON,True,0.20298971319406806,
LNGT72,0.004456281521375826,0.005353874294521368,potcore,0.0007663317667692944,0.0002383851445477614,0.00015314255259700954,8,0.019252815767976657,0.0003249276225643242,42.751803600285875,5.4623950659890214e-05,screen,18,0.015949554809933014,0.038505631535953315,1.0476468130982401,0.8905515602072727,0.16347919724299434,0.550677294744848,7.284727370644108,1.050274954435717,6.936019315587683,0.550677294744848,0.05965536953701246,12.447861724073201,1.8164843196863028,0.0009283225575502994,0.0016862833694012043,5345.247350357048,1831.0250087263078,14.644714534127214,0.10543563976313326,0.020633333333333333,93.30000000000001,elec 220u/63V,BSC0902NS PG-TDSON,True,0.19139092355769446,
LNGT72,0.004485822146669715,0.00572542597992174,potcore,0.0007994349437742605,0.00032356323679878476,0.00015139610549799788,8,0.01927991169479143,0.00032986567249325606,43.899342297469765,5.248176933341067e-05,screen,18,0.015972001810676508,0.03855982338958286,1.0483702246780073,0.8885868879906798,0.15149654143356692,0.5543135033472426,7.592900342322961,1.1534192417808473,6.582949258415122,0.5543135033472426,0.06348901942973606,12.191020815495957,1.958138489679814,0.0009893700703079665,0.0019373236152072529,5452.433675207338,1958.095685133235,15.765274344138398,0.11739620092177518,0.020633333333333333,93.30000000000001,elec 220u/63V,BSC0902NS PG-TDSON,True,0.19884018268731923,
LNGT72,0.0036181367778652398,0.010089358758810747,potcore,0.0007180400346623371,0.00031834034622549843,0.00017677826753495103,12,0.021178667073380675,0.0003562275454186416,62.67573629054122,6.841374622812688e-05,screen,30,0.011349613478159921,0.04235733414676135,1.0500105205420134,0.9795298794715912,0.08748469566302747,0.31839339807262956,3.931810967167934,1.055272150083939,3.725873905470914,0.31839339807262956,0.10476614035053455,3.8256274751615345,2.0089379901455806,0.0007678389350769516,0.0015425408069890143,13205.019016602433,3450.5606955132753,16.37759339343538,0.27525473640723996,0.026033333333333332,148.8,elec 100u/63V,BSC0902NS PG-TDSON,True,0.11250778605503116,
LNGT72,0.00340190393433474,0.004657845512829186,potcore,0.0005725972021874328,0.0002331364518373789,0.00014941036852335777,12,0.02094749674336893,0.00032897543744699753,51.19465609184353,4.0051275024740774e-05,screen,30,0.011225729671678553,0.04189499348673786,1.0468342662325725,0.9029449920984368,0.17212051613581175,0.5176888826380831,3.7781510671087735,0.6407073329177493,5.896843805272622,0.5176888826380831,0.061284343579470414,6.284355907592813,1.9502000053795552,0.00044425490616547354,0.0008663859203938002,6588.066189647924,1592.9831653875817,12.37878050470404,0.09205838038634392,0.026033333333333332,148.8,elec 100u/63V,BSC0902NS PG-TDSON,True,0.11520236198285444,
LNGT72,0.0034388933514528535,0.0059545349422106654,potcore,0.000628061381510443,0.00029298917464126663,0.00015783192605905603,12,0.02123487532638173,0.00035296724639751826,63.940464460330205,6.631648789385323e-05,screen,30,0.011379735390159115,0.04246975065276346,1.048622728729981,0.9259147014863858,0.1376774758623707,0.44505894053669276,3.804904879639401,0.7351412184114144,5.1757468964419076,0.44505894053669276,0.073324056332572,5.2896667755634255,1.900594676560175,0.0005388237874955094,0.001024085622117956,11370.70222891477,2036.4509502360477,11.451502025763732,0.13044807827249422,0.028033333333333334,148.89999999999998,elec 470u/63V,BSC0902NS PG-TDSON,True,0.11212255594168959,
LNGT44,0.003418310915864812,0.006667405486545173,potcore,0.00075459114830223,0.0006966976529608067,0.00015453711459280614,12,0.021542861347305806,0.0004307143804864597,87.69135168592311,6.549531501094299e-05,screen,30,0.011544784601332478,0.04308572269461161,0.8684828151618699,0.7467691450266807,0.0913394388795229,0.3882043728827953,2.6258674488387923,0.601710829435524,4.364002308720564,0.3882043728827953,0.0875302408198972,3.0580576531049966,1.502556840522959,0.000652547412610894,0.0009804895785840565,15824.690440170709,2440.270408075533,13.522577984848986,0.17964721287299568,0.028033333333333334,148.89999999999998,elec 470u/63V,BSC0902NS PG-TDSON,True,0.07766304584710793,
LNGT72,0.003560890594321389,0.006895823287390597,potcore,0.0008120679448213765,0.0007587982644610142,0.0001616087462466058,12,0.021574897004056334,0.0004382449715757453,93.79058782703402,7.82136107969951e-05,screen,30,0.011561952458043086,0.04314979400811267,1.0494499778103845,0.9083721913370673,0.12166542447600422,0.5051032449062272,4.259959369623144,0.9225604546552311,4.617539531558534,0.5051032449062272,0.09562339106272977,4.541217561616885,2.262793804037843,0.0007139428266915574,0.0016155054046749194,17975.52593855684,2358.371564287584,12.30523413251811,0.1776451511723701,0.028033333333333334,148.89999999999998,elec 470u/63V,BSC0902NS PG-TDSON,True,0.11845901458404487,
LNGT72,0.00274246834514919,0.004865448884787758,potcore,0.0004387901942205532,0.00012238523834446577,0.00010842261269010354,12,0.0191111067920955,0.00015458792982267526,38.977881632973265,5.458770791854647e-05,screen,30,0.010241611262813866,0.038222213584191,1.0492031881896866,0.9433599862604087,0.14279858280398264,0.4181833427409944,2.447774847317221,0.3920497975234309,6.243530446335531,0.4181833427409944,0.05029146162474746,4.961445243362668,1.2866445784027973,0.0003326064442743758,0.00042794627826745775,4357.136408547379,1663.9835185974134,14.885591486159479,0.18143384761334122,0.026033333333333332,148.8,elec 100u/63V,BSC0902NS PG-TDSON,False,0.0,pivot 1.29 < 1.5; electronics do not fit
LNGT72,0.004908489761788484,0.005913210282142723,potcore,0.0008432972830964635,0.000259332575708533,0.000153941100333339,8,0.021283629267698816,0.0003225518016772665,41.636903326938025,6.549972434071984e-05,screen,18,0.017631935798403588,0.04256725853539763,1.0482407029064587,0.8906834504771203,0.1533151809644341,0.5491175024884839,9.238911639768604,1.298198924737064,7.116714906877499,0.5491175024884839,0.07197663000944335,13.084595380235518,1.7275207300166049,0.0012382042849851196,0.002139023570307182,5437.429461548668,2022.3179164928113,15.485820309172988,0.14136777181276042,0.020633333333333333,93.30000000000001,elec 220u/63V,BSC0902NS PG-TDSON,True,0.21111819142194385,
LNGT72,0.004654955381918847,0.0051037701488517865,potcore,0.0005983556988503571,0.00017549330548786708,8.533267583018243e-05,8,0.019026690617136795,0.00016290028114516146,35.18713231325884,5.1573250516051936e-05,screen,18,0.01576222660138995,0.03805338123427359,1.048724233392702,0.8774880787430168,0.2376495016744237,0.6795242292762727,10.625892758088089,1.121860828554058,9.471667507799136,0.6795242292762727,0.05155154414144293,21.01138800547672,2.345985960053393,0.0007927934311674453,0.0018598822587413827,2644.9967936618546,1745.489390907311,23.22073368724738,0.2502758179580958,0.017633333333333334,85.1,elec 100u/63V,BSC160N10 PG-TDSON,True,0.18466324092123915,
LNGT72,0.0043981210167773534,0.00561770353383882,potcore,0.0007804208472316161,0.00029665791856754725,0.0001508018988268364,8,0.01929470644529831,0.00032398411532578677,43.48079250456807,5.455353035151776e-05,screen,18,0.01598425818330026,0.03858941289059662,1.0482503884806245,0.8914508730483234,0.15277956990321753,0.5463556132271511,7.244307523754101,1.0930258799658719,6.627754801176614,0.5463556132271511,0.0613119044686518,12.044341595314384,1.863864035509716,0.0009561765535613711,0.0017821830897806693,5565.212356830046,1921.2546085728766,15.010689193428298,0.11062840103513272,0.020633333333333333,93.30000000000001,elec 220u/63V,BSC0902NS PG-TDSON,True,0.19324986216334902,
LNGT72,0.0033511278512044175,0.010510367805226815,potcore,0.0008061536619967427,0.0007176235941703324,0.00019583194249803636,12,0.021567403519714347,0.00043406184275719315,93.33228676862113,7.860167159499587e-05,screen,30,0.011557936711887224,0.043134807039428694,1.0498047731473041,0.9656907682279243,0.09094932454931008,0.3494589704001507,3.2941629973827484,0.9732969468586327,3.3845405639202237,0.3494589704001507,0.11652801133953575,2.8816799333063443,1.9668623019157683,0.000869718606205741,0.0017106167398207974,22293.019041410756,3594.545789387571,15.048979135345949,0.2670158989221928,0.028033333333333334,148.89999999999998,elec 470u/63V,BSC0902NS PG-TDSON,False,0.0,hold 2.9 < 3.0; electronics do not fit
LNGT72,0.004774609443708963,0.004529816790003402,potcore,0.0005989330511113673,0.00016324116682422114,8.446872720043095e-05,8,0.019041872495789553,0.00017305975350101672,42.66170912897644,5.4470752160047725e-05,screen,18,0.0157748036814705,0.038083744991579106,1.0473899227161871,0.8414389726685605,0.2846441248848539,0.7564603760847955,11.501533796363,1.0834703127135805,10.61545818228937,0.7564603760847955,0.052680483857915364,22.255481632929214,2.385316042175631,0.0008108014492128477,0.0019340177038266557,3538.347243853894,1549.1973421811635,18.678609486481832,0.1710389282479334,0.020633333333333333,93.30000000000001,elec 220u/63V,BSC0902NS PG-TDSON,True,0.2007314961393637,
LNGT72,0.0044976760474826185,0.005765807631437418,potcore,0.0007700512997430428,0.0002572686379083507,0.0001532313840284787,8,0.019279562272152193,0.00032965040281880323,38.47606140560892,5.1652955053561077e-05,screen,18,0.015971712339484165,0.038559124544304386,1.0481543863695224,0.8977660538894454,0.15313551326934985,0.5291145567003742,7.478139435628524,1.1060422532875096,6.76116975947448,0.5291145567003742,0.06244348457174298,12.207800431886099,1.856190784380813,0.0009730595243261933,0.0018061841217082576,4766.264167902961,1971.906209951597,15.918375848978728,0.1177972606467176,0.020633333333333333,93.30000000000001,elec 220u/63V,BSC0902NS PG-TDSON,True,0.1925846186959771,
LNGT72,0.004404012334570632,0.005814324613014622,potcore,0.0007885823678646418,0.0003126249120365682,0.00019970594850040344,8,0.019303238927615107,0.00033114025708522865,43.67474627395074,5.2344561748766e-05,screen,18,0.015991326723092912,0.03860647785523021,1.0463949034474398,0.8969243687779013,0.17792917834773483,0.5344038502703943,6.249009379510559,1.0460068560216387,5.974157189827526,0.5344038502703943,0.06277174940070272,10.147941077043308,1.8249099148882495,0.0009793761567821432,0.0017872732589168817,5530.1526016843345,1988.4990176510007,15.704302632707902,0.1161853549594782,0.020633333333333333,93.30000000000001,elec 220u/63V,BSC0902NS PG-TDSON,True,0.17695986858637558,
LNG40,0.004453189781474857,0.00547817876504973,potcore,0.000778632066645523,0.0002547620804796891,0.0001595160141755032,8,0.01940011474934519,0.00033116675719276095,42.57598347931519,3.231207801971876e-05,screen,18,0.01607158128154619,0.03880022949869038,1.2017930124702876,0.9009879394171437,0.43358972981192495,0.813920263132235,7.3485656863415905,0.39656529864251006,18.530531318540984,0.813920263132235,0.0578897087302098,12.939938394815904,0.747555536764479,0.0009077385331017591,0.0006785849663546862,4120.922775755863,805.2922784623104,8.320008068470205,0.020130515349414197,0.017633333333333334,93.1,elec 100u/63V,BSC0902NS PG-TDSON,False,0.0,demag margin 0.81 > 0.8; pivot 0.75 < 1.5
LNGT72,0.004274133650106935,0.00659819966723326,none,0.00035837444546991254,0.0,0.00021128171135826812,12,0.019305282968105346,0.0003314528061141724,43.4407411090424,7.465948601862326e-05,screen,30,0.010345669961916269,0.03861056593621069,nan,nan,nan,nan,0.0,0.0,inf,nan,0.07465687953496526,0.0,0.0,nan,0.0,7599.836879976675,2256.584286193775,12.898657604816629,0.18632249192263795,0.03803333333333334,149.8,elec 100u/63V,BSC0902NS PG-TDSON,False,0.0,open-circuit demag margin 0.94 > 0.8 [prescreen]
LNGT72,0.002950176503272698,0.005691371572142801,potcore,0.000485990092101513,0.00013998049410166304,0.00015205141648878148,12,0.019194171590314783,0.00032879392659225076,42.5759027144846,4.483130638863914e-05,screen,30,0.010286125554018487,0.038388343180629565,1.0488805710329374,0.9525649468048426,0.14587140064153797,0.3897740790505479,2.4313126554578592,0.4555912579367792,5.336609544415894,0.3897740790505479,0.062421617833532325,3.9704230443866733,1.2934453893053113,0.00041462449521460223,0.0005362941416283694,7104.428745442196,1946.4490776728378,11.664812124811998,0.09150148665271272,0.03203333333333334,149.3,elec 100u/63V,BSC0902NS PG-TDSON,False,0.0,pivot 1.29 < 1.5; electronics do not fit
LNGT18,0.005241877495078147,0.0061103326567072845,potcore,0.0010523534428816027,0.0004571341450680414,0.00016037706728535544,8,0.02129763174156653,0.0003167013359049466,50.95635681617894,6.876523506313617e-05,screen,18,0.017643535827569154,0.04259526348313306,0.5683869609624007,0.4643272212180103,0.09637757064609247,0.40089345880738586,2.9829663971083487,0.42311531632041527,7.050008075929396,0.40089345880738586,0.08469056604481182,3.590412259557564,0.5435584899240389,0.0014578789227140483,0.0007924424657225327,6390.36271199418,1686.4518132512105,13.447662397633074,0.11191931325348918,0.017633333333333334,93.1,elec 100u/63V,BSC0902NS PG-TDSON,False,0.0,pivot 0.54 < 1.5
LNGT72,0.006203029837795334,0.005128749841114769,none,0.0003,0.0,8.446872720043095e-05,8,0.019041872495789553,0.00015725777303224884,34.98915952428456,5.4470752160047725e-05,screen,18,0.0157748036814705,0.038083744991579106,nan,nan,nan,nan,0.0,0.0,inf,nan,0.05368812710045767,0.0,0.0,nan,0.0,1980.0343890234349,1754.0324456612511,30.995482397798963,0.47098023436542596,0.020633333333333333,85.30000000000001,elec 220u/63V,BSC160N10 PG-TDSON,False,0.0,open-circuit demag margin 0.98 > 0.8 [prescreen]
LNGT72,0.003352013200742144,0.0069720078127419385,potcore,0.0007493283351349178,0.000703422080810077,0.0001541048366513049,12,0.021545256260897254,0.0004341376976472431,76.09282864121846,7.86622619427314e-05,screen,30,0.011546068031658018,0.04309051252179451,1.0495464928192089,0.9187130353418403,0.11451575670830037,0.47303787941651265,3.7673083367448252,0.834370072711522,4.5151527600958765,0.47303787941651265,0.09228303563711934,4.161407898402535,2.052974489660275,0.0006880564945736776,0.0014125624308048334,15553.44561749142,2384.426671957743,11.665438939959792,0.1605683183956726,0.03203333333333334,149.3,elec 100u/63V,BSC0902NS PG-TDSON,True,0.11023801832922604,
LNGT72,0.004498543319753395,0.005435975496961995,potcore,0.0007726121061213115,0.0002135668504204939,0.0001517426994329143,8,0.019252180566204386,0.0003297188804668003,42.54974932561511,5.1190144521804446e-05,screen,18,0.015949028591555177,0.03850436113240877,1.0477626640509217,0.8951683944592072,0.1601197300475564,0.537860251327015,7.443004990997688,1.059060213402565,7.027933725396676,0.537860251327015,0.060528788463394156,12.53479747997023,1.786980497963536,0.0009418831243838737,0.0016831267746349457,5136.937294444914,1859.1036199610023,15.399135411917094,0.1092500239921003,0.020633333333333333,93.30000000000001,elec 220u/63V,BSC0902NS PG-TDSON,True,0.19121928353090878,
LNGT72,0.004252012396691874,0.00569936362276706,potcore,0.000837459810491279,0.00031206952927661873,0.00016039341481793133,8,0.019280697979777144,0.0003609300960979985,43.67590523120619,7.37895269829453e-05,screen,18,0.015972653190486456,0.03856139595955429,1.048261423434195,0.8961843075041547,0.15031587244939604,0.5321204960410177,6.448830557153876,1.0097597655397474,6.386499816326886,0.5321204960410177,0.06534820181958126,10.059544519594102,1.664660421621053,0.0010183838457383213,0.0016952632820188232,6632.54013400969,1949.1823589863345,12.83555052353064,0.1094123224862403,0.023633333333333333,93.6,elec 100u/63V,BSC0902NS PG-TDSON,True,0.17456566145653163,
LNGT72,0.003853382459477279,0.006446437701670501,potcore,0.0007065684161090518,0.00031974484450368184,0.00015664739042022514,12,0.02140834654184547,0.0003569304469947609,69.26715414479523,7.565771576123058e-05,screen,30,0.011472698334346224,0.04281669308369094,1.0489340740108317,0.9219920065841282,0.1309737274599542,0.4555382752370155,5.0620405433122535,0.9267823286007896,5.461951946100088,0.4555382752370155,0.08634110442019463,5.976391126712942,2.180867203309918,0.000639663084792821,0.0013950202427927144,12260.633300703697,2204.6816939713117,12.455476237736773,0.17606180872773616,0.028033333333333334,148.89999999999998,elec 470u/63V,BSC0902NS PG-TDSON,True,0.1275980458739564,
LNGT72,0.003227112995416738,0.010879719552914575,potcore,0.0008064694508193832,0.0006962139735393801,0.00022184162102628524,12,0.021543378711759525,0.00043326515983498857,93.38020636239966,7.882780502797498e-05,screen,30,0.01154506185610761,0.04308675742351905,1.049764412976388,0.9751424810662831,0.09412512229984255,0.3322387360138668,2.815736386942911,0.9105455249430144,3.0923620069618494,0.3322387360138668,0.11572123153899583,2.480332699670434,1.8211326249765287,0.000862735016158237,0.001571154884635418,23311.338365419924,3720.8640870967847,14.904981037680571,0.2626839562379523,0.028033333333333334,148.89999999999998,elec 470u/63V,BSC0902NS PG-TDSON,False,0.0,hold 2.5 < 3.0; electronics do not fit
LNGT28,0.004676575923445414,0.004510947221973635,potcore,0.0006033713651165468,0.00015482417509680285,0.00011768181262554756,8,0.019082968405666496,0.00015924156597807264,37.87026696962053,5.3352947154528365e-05,screen,18,0.015808848647928683,0.03816593681133299,0.9318017544995116,0.657986342252103,0.4187563773339896,0.7156024153632762,6.1388296097892585,0.2915503800885054,21.055810690165128,0.7156024153632762,0.048232058144312966,12.974205647385778,0.710053843459196,0.0007439381560730759,0.0005282361470156348,2706.5271399218727,798.4376582893334,11.171898789416366,0.05993146707193661,0.016833333333333332,49.099999999999994,elec 100u/63V,IRLML6344 SOT-23,False,0.0,pivot 0.71 < 1.5
LNGT72,0.004526141759194192,0.004468607952154155,potcore,0.0006976925874600694,0.00023653789808010124,0.0001488806248292306,8,0.01919921172960883,0.0003220649655734189,41.39399299342921,5.4357643195069276e-05,screen,18,0.015905147770553168,0.03839842345921766,1.0458307589193727,0.8544934832213663,0.24074894348869835,0.6897101249422517,7.734206334505271,0.9596838369215124,8.059119094174983,0.6897101249422517,0.05665100742197077,13.91679113664327,2.0321692974193355,0.0008791159176121515,0.0017865123766440405,4856.230855376464,1528.263919636721,13.02675837815972,0.08301868382079895,0.023633333333333333,93.6,elec 100u/63V,BSC0902NS PG-TDSON,True,0.1952559170205534,
LNGT72,0.0021009248990765555,0.004521930369711722,potcore,0.00036131448763838475,0.00011229879784704497,0.00015314720250593012,16,0.019045446793007178,0.00032566318947328425,41.916615336858726,5.514720493092291e-05,screen,42,0.007576749818800747,0.038090893586014356,1.0482026231317938,0.966693308107663,0.14299143745384893,0.3451929554910139,0.9867147802111298,0.23770589792497726,4.150989894758726,0.3451929554910139,0.07343142091239482,1.3697480608847612,0.7730669565689653,0.00026878325964155135,0.00020778745650778009,9548.158569903026,1546.500186441409,6.78916808501466,0.05337967464240252,0.05243333333333334,205.8,elec 220u/63V,BSC0902NS PG-TDSON,False,0.0,hold 1.4 < 3.0; pivot 0.77 < 1.5; electronics do not fit
LNGT72,0.0052084052060304455,0.005755528922709934,potcore,0.0009340448750381367,0.0003649847225948546,0.0001567088852253991,8,0.021106001885735592,0.00035240753941709926,63.07687256169939,6.913633321760758e-05,screen,18,0.017484784457087604,0.042212003771471183,1.048259923872468,0.8645299306218188,0.16040522806008004,0.6212290380583539,10.785068078569061,1.4780546922758115,7.296799052789394,0.6212290380583539,0.07836995861583126,14.028274843241155,2.01179994078195,0.0013369362478526357,0.002689648264259175,7933.087038517543,1968.3908915667973,15.650898674895984,0.15241489498215194,0.020633333333333333,93.30000000000001,elec 220u/63V,BSC0902NS PG-TDSON,True,0.23236961794367436,
LNGT72,0.002706856553512783,0.004589251971882787,potcore,0.0004900532428254248,0.00020526410193556912,0.00015411120743843542,12,0.02095288529339706,0.00035411804737159466,63.95032697056831,7.032011145588176e-05,screen,30,0.01122861738693538,0.04190577058679412,1.0471428231337878,0.9289523229881914,0.15973079468538412,0.43893086797946734,2.0515114633002134,0.4047156041674628,5.069019929489404,0.43893086797946734,0.06752899876026718,3.096810494726158,0.8970816324192181,0.0004896488156806347,0.0004392549588829206,13109.433282120359,1569.524174383913,7.6564396019282475,0.06183359987522953,0.04103333333333334,149.89999999999998,elec 220u/63V,BSC0902NS PG-TDSON,False,0.0,pivot 0.90 < 1.5; electronics do not fit
LNGT72,0.0034069222463243717,0.007254076810265932,potcore,0.0007521347084741073,0.0006848439576678801,0.00015664343584795846,12,0.021541768880102966,0.00042892946416506303,75.56578438182501,7.799712031951195e-05,screen,30,0.01154419914992296,0.04308353776020593,1.0495746255770442,0.9229283133622312,0.11146204145509013,0.458833103053023,3.888852646163187,0.8501218900931177,4.5744647814411925,0.458833103053023,0.09500710329938034,4.172500555046978,2.06339303558624,0.0007082523128553263,0.0014614028897835271,15429.49459959868,2480.8942691109487,12.150153085287668,0.17271630065005406,0.03203333333333334,149.3,elec 100u/63V,BSC0902NS PG-TDSON,True,0.10984844667669429,
LNGT44,0.0033885473553252883,0.004764832376832881,potcore,0.000597498981171079,0.00021055148299552328,0.00015449440207701844,12,0.020947551410637557,0.00035290984820641065,63.52315648561298,6.558298376031816e-05,screen,30,0.011225758967779517,0.041895102821275114,0.8603357108372651,0.7463360883322323,0.12315786188977726,0.3863157773724625,2.2853275846948953,0.4309964913709778,5.302427352541514,0.3863157773724625,0.06843379944834557,3.404150886692974,1.1590984690397774,0.0004960831546499583,0.0005750092250711899,10520.57469260503,1743.9286499208345,10.529829003213361,0.10907496133513843,0.03203333333333334,149.3,elec 100u/63V,BSC0902NS PG-TDSON,False,0.0,pivot 1.16 < 1.5
LNGT72,0.0033617535834239696,0.006659352926090872,potcore,0.0007570197681437418,0.0007271282880684514,0.00015669251915087672,12,0.02154470784927102,0.00043099611224179784,87.59147791148499,6.956730108328715e-05,screen,30,0.011545774138753281,0.04308941569854204,1.0494367837964609,0.9108820030455195,0.12207013199559973,0.49800846061983267,3.777490230696431,0.8215352596393467,4.598086553649257,0.49800846061983267,0.09105582028572942,4.228892363603061,2.0965380896140764,0.0006788891734557498,0.001423317010776597,16473.387093148413,2277.4987007230784,12.109803285129667,0.1530278902359405,0.03203333333333334,149.3,elec 100u/63V,BSC0902NS PG-TDSON,True,0.11072633312142077,
LNGT72,0.0028048180862468904,0.004756861459125113,potcore,0.0004491780435957021,0.0001123860185803374,0.00010809808307854519,12,0.019168552755049955,0.0001500514180609555,38.22281300154069,5.3823804587823866e-05,screen,30,0.010272396461578015,0.03833710551009991,1.0490461950776209,0.9407577232521251,0.14790398646078312,0.4274430422812753,2.5906422360694275,0.4079996139780869,6.349619331278503,0.4274430422812753,0.047703227311240194,5.5359310525072765,1.397104581104305,0.00031643728423697573,0.00044209597943968386,3935.650719399055,1626.8466190207887,15.799840619625705,0.20154455249092437,0.023033333333333333,148.5,elec 220u/63V,BSC0902NS PG-TDSON,False,0.0,pivot 1.40 < 1.5; electronics do not fit
LNGT72,0.00491999316391553,0.0064385417014617445,potcore,0.0008202215900325161,0.00025988308020888996,0.00015295443231383202,8,0.021262240092737607,0.0003241264547973129,41.67800181879243,6.488045326186851e-05,screen,18,0.01761421642568978,0.042524480185475215,1.0486399288304074,0.9024180929462815,0.1444826723718867,0.5176795460983904,9.330560450431555,1.3490952486657057,6.91616137530671,0.5176795460983904,0.07446915039495193,12.772100418363388,1.7179668692716275,0.001279795342247725,0.002198645997429735,5591.502458144729,2201.9812618999167,16.413151872039496,0.1573042153747097,0.020633333333333333,93.30000000000001,elec 220u/63V,BSC0902NS PG-TDSON,True,0.2102953657583188,
LNGT72,0.0031015258913226116,0.006610196714028198,potcore,0.0005058781932723268,0.00013613546010845422,0.00011563939465801746,12,0.021214894869885464,0.00015,46.43283500851152,6.484804482924829e-05,screen,30,0.011369027895793955,0.04242978973977093,1.050010179227161,0.9647076537453781,0.11191958074224975,0.36301741509078095,3.187507617614514,0.5833445829141831,5.464193396107072,0.36301741509078095,0.05818620973795499,5.58421532145105,1.8606964166773552,0.00042718059315702083,0.0007948533989613758,4309.666393227733,2260.6872761976438,24.356901375586272,0.5770749477248881,0.020033333333333334,135.5,elec 100u/63V,BSC160N10 PG-TDSON,True,0.06588607139386388,
LNGT72,0.003582820467604149,0.01047336882171369,potcore,0.0008567384527447538,0.00030741301529755996,0.00019352479557762056,12,0.021433827610000653,0.00035651158239385477,69.09293694066187,6.823961805188613e-05,screen,30,0.011486353597615151,0.042867655220001306,1.0500752183530966,0.9865791780677665,0.084926266587423,0.3056491654917259,3.6481203178803514,0.994623016460389,3.667842245258999,0.3056491654917259,0.11473876615809699,3.2410816387225125,1.7772976271103123,0.0008510605724654338,0.0015125879359699594,14451.597457493612,3581.8921370260823,17.124989004137234,0.30018462807224083,0.023033333333333333,148.5,elec 220u/63V,BSC0902NS PG-TDSON,True,0.10103841178132485,
LNG13,0.00341395784972463,0.005970945981322995,potcore,0.000625047292287356,0.00029707316861295055,0.0001540756978056163,12,0.021238361762996018,0.0003552823215286341,65.0580383168224,6.634130835586486e-05,screen,30,0.011381603765909637,0.042476723525992036,0.6515295035495184,0.545074050253972,0.1650898959950756,0.39114283838538805,1.1392934611519714,0.1105745018524722,10.303401254947634,0.39114283838538805,0.0730025019767939,1.5908486095255507,0.30335167352051573,0.0005365489152534518,0.00016276301136775197,11654.55151584528,913.5547351424183,5.099645308753811,0.025879461385988387,0.028033333333333334,148.89999999999998,elec 470u/63V,BSC0902NS PG-TDSON,False,0.0,hold 1.6 < 3.0; pivot 0.30 < 1.5
LNGT72,0.0033763807818037134,0.0071621903139658626,potcore,0.000752443084011938,0.0006996176443627791,0.00015786106490474464,12,0.02154176982428297,0.00043182262251612724,92.21017095728314,7.863744148071977e-05,screen,30,0.0115441996559075,0.04308353964856594,1.0495499309324372,0.9215682861104515,0.11355985561205549,0.4639521904478291,3.772020201508134,0.8313310285178673,4.537326374348199,0.4639521904478291,0.09406960925417202,4.087480205877224,2.0664941304287563,0.0007012635785127265,0.0014491570688800145,18933.217828772635,2449.469087376325,11.929613092936842,0.16787010085751403,0.03203333333333334,149.3,elec 100u/63V,BSC0902NS PG-TDSON,True,0.10823514976617997,
LNGT72,0.0047029678261583975,0.004534561306896018,potcore,0.0005895838195898225,0.00016265852137792368,8.594284188018046e-05,8,0.019041317032161623,0.00015,34.50531093473137,5.4355719974414726e-05,screen,18,0.01577434352033431,0.038082634064323245,1.047388934974619,0.8455237535813596,0.28375890603031956,0.7499839261115974,11.02113468851166,1.0554222320732467,10.442393909840236,0.7499839261115974,0.04895862994974731,22.94711258630717,2.4756795898676023,0.000753496689057641,0.001865416374132817,2182.9012305905994,1550.819966958438,24.513947041576778,0.2939776061467492,0.017633333333333334,85.1,elec 100u/63V,BSC160N10 PG-TDSON,True,0.17321694702050688,
LNGT72,0.004414266281869885,0.004417865420569463,potcore,0.0007532555598078047,0.00023354560512588035,0.00014910297635174982,8,0.0191992200969206,0.0003350405723381135,42.007203833648504,5.4471665726773554e-05,screen,18,0.015905154702261202,0.0383984401938412,1.0461629613618304,0.8595964144165136,0.1942619921431229,0.6393537596173656,7.165202842825705,0.9560452914896805,7.494626987452765,0.6393537596173656,0.05405250663134925,13.5127469348805,1.848080705853311,0.0008387924917516019,0.001550156220220758,4959.19912921787,1510.9099738347563,12.798256652214535,0.08029986141553329,0.020633333333333333,93.30000000000001,elec 220u/63V,BSC0902NS PG-TDSON,True,0.19488719907895954,
LNGT72,0.002786251660427565,0.00513842728464336,potcore,0.00046805039548371557,0.00015071291912809452,0.0001405816380735584,12,0.0189500418454153,0.00032286531551438137,42.735868462584335,5.458297259144376e-05,screen,30,0.010155296818030023,0.0379000836908306,1.0485157235238551,0.9451912987906294,0.13706251792585084,0.3929683167569706,2.2495977211998124,0.4454709455334982,5.049931412486808,0.3929683167569706,0.06429242918331246,3.5667775205387238,1.1119814000909976,0.0004216193854320631,0.00046883291451825146,7935.595868132337,1757.3421313480292,9.463881908432205,0.07333090886292543,0.03803333333333334,149.8,elec 100u/63V,BSC0902NS PG-TDSON,False,0.0,pivot 1.11 < 1.5; electronics do not fit
LNGT28,0.005828986225061846,0.00990253205180559,potcore,0.0011793009122135583,0.00048192538392346677,0.00019205068323624802,8,0.021655091780585105,0.0003573704665263934,68.10710247493054,6.786707059149029e-05,screen,18,0.017939665419904972,0.04331018356117021,0.9784165568492835,0.7930744434550173,0.18137912139395013,0.502129023768152,9.440700946372429,0.7129603922828477,13.241550370202173,0.502129023768152,0.13841700435868437,6.952576679362007,0.6612415359322756,0.0024227275781254927,0.001602008104905183,9208.091206021934,1752.7481731695893,12.964098288333588,0.10265645035855346,0.017633333333333334,93.1,elec 100u/63V,BSC0902NS PG-TDSON,False,0.0,pivot 0.66 < 1.5
LNGT72,0.004435208999491193,0.004146473199869502,potcore,0.0007630899539720563,0.00024083993819116345,0.0001517115176312843,8,0.019276964221027704,0.0003240727613886869,43.198850161449364,5.4964794551686256e-05,screen,18,0.01596956004346116,0.03855392844205541,1.0451621136302587,0.843420684658031,0.2092276521897869,0.6806607657535687,7.316341396528081,0.9779921171652843,7.480981971239745,0.6806607657535687,0.05316816006312802,14.02727539974402,1.963739555862574,0.0008284100919254019,0.0016267816659896628,4994.385416596118,1418.0938343553698,12.26577805982464,0.07442473943026232,0.020633333333333333,93.30000000000001,elec 220u/63V,BSC0902NS PG-TDSON,True,0.20393077409896448,
LNGT72,0.0033455700800883973,0.005905809037464247,potcore,0.0005993498583096608,0.00023191175853874577,0.00015648774795025161,12,0.02090552703092515,0.0003534476880896248,63.228275372184534,6.928030155402349e-05,screen,30,0.011203238170566801,0.0418110540618503,1.0486056903750964,0.9338738127547586,0.13519786606290296,0.4205322799942956,3.4654042334119204,0.6695298105600584,5.175877427344313,0.4205322799942956,0.07395662601242714,4.776478247873132,1.7165118616487642,0.0005350431064720676,0.0009184078387527067,11768.949177511067,2019.7866908127723,10.851234647509227,0.12236559829221434,0.03203333333333334,149.3,elec 100u/63V,BSC0902NS PG-TDSON,False,0.0,electronics do not fit
LNG37,0.004347836389882874,0.00514832976010715,potcore,0.0008132013269025473,0.00023774829812887846,0.00015140107239554972,8,0.019202508737563916,0.00032526670502313964,44.59152498859956,5.471465065146838e-05,screen,18,0.015907879101373666,0.03840501747512783,1.154874939808164,0.8682857994033554,0.3866224628830333,0.7802985425916924,6.605062368716537,0.34413430309096626,19.193269341041532,0.7802985425916924,0.05903644981236124,11.404800228011256,0.6336945055988158,0.0009162907719030723,0.0005806484276858747,5560.331633584923,756.8044747357511,6.069254114777574,0.01813914376665418,0.020633333333333333,93.30000000000001,elec 220u/63V,BSC0902NS PG-TDSON,False,0.0,pivot 0.63 < 1.5
LNGT72,0.0033593465563109414,0.006659117548226853,potcore,0.0007565226140717198,0.0007146360295091714,0.0001547819279744962,12,0.021572417195548022,0.0004373914315251304,91.9563589555506,6.567477345132039e-05,screen,30,0.011560623532668714,0.043144834391096044,1.0494579152179186,0.911531686010503,0.12063347900139192,0.49546471831438377,3.7637369901264255,0.8237612750936678,4.568965674792689,0.49546471831438377,0.08689315185225377,4.41534566956627,2.1885571235666825,0.0006486865953003315,0.0014196876691067583,16813.824857161246,2277.4182014935836,12.455410200092109,0.15282904956711246,0.028033333333333334,148.89999999999998,elec 470u/63V,BSC0902NS PG-TDSON,True,0.11219098993493999,
LNGT72,0.003042535094340106,0.00560479868480344,potcore,0.0004930525646390897,0.00014368300830429418,0.00010823603581573815,12,0.02124802579627819,0.00015,36.9453942667445,6.453330407321995e-05,screen,30,0.011386782705736807,0.04249605159255638,1.049613862257774,0.9454085751398507,0.12742839956543608,0.4080573789948314,3.189025279831307,0.5289171961851356,6.029346942834244,0.4080573789948314,0.05618332463694059,5.786041172272243,1.730341233330324,0.0004131203440341094,0.0007148391656098287,3498.7421839507124,1916.8411502027764,20.24111761244287,0.3965921714310468,0.023033333333333333,135.7,elec 220u/63V,BSC160N10 PG-TDSON,True,0.06783711389843324,
LNGT72,0.003377762692825647,0.0065981552548940465,potcore,0.0007457122595197047,0.0006929040483632648,0.00015543335706769175,12,0.021533176308949086,0.0004431584324781527,92.65074691305986,7.631695100641873e-05,screen,30,0.011539594404919782,0.04306635261789817,1.0494176490951392,0.9111518838791204,0.12186182858418339,0.49607414395657645,3.809792601347979,0.8312212479511105,4.583367678267119,0.49607414395657645,0.08990124252423601,4.319829764683494,2.1145686733612297,0.0006699221739509095,0.0014165964426266458,18166.451359979834,2256.569097173764,11.508731571795014,0.1516237354286712,0.03203333333333334,149.3,elec 100u/63V,BSC0902NS PG-TDSON,True,0.1125588349460493,
LNGT72,0.0029583377995854284,0.0059136837087558815,potcore,0.000746686390372286,0.0009028278844310331,0.00015372889744620966,12,0.02154524096882291,0.00043209623562046973,79.64627486834938,7.676326855238871e-05,screen,30,0.011546059836660077,0.04309048193764582,1.0493074462373284,0.8974878759202697,0.139986604854363,0.5485925936997006,2.829364277107164,0.6403211114675816,4.418664676887527,0.5485925936997006,0.08182867441423593,3.5246365678033076,1.5979096288369863,0.0006101090034871656,0.0009748990513122804,16506.801862383163,2022.4798283945115,9.758582290557952,0.10965240842962558,0.03203333333333333,149.2,elec 220u/63V,BSC0902NS PG-TDSON,True,0.09538710306930116,
LNGT72,0.003264367633999419,0.007153966787929936,potcore,0.0007693441037491447,0.0006965152190996885,0.00015409861249994128,12,0.021545665515671324,0.0004143268641016487,93.50498362157612,7.864931946218626e-05,screen,30,0.01154628735063044,0.04309133103134265,1.049607673808306,0.9242315297720555,0.11031735111328328,0.455973361538396,3.530032610656014,0.796866685938219,4.429891063270898,0.455973361538396,0.08919316329531951,4.034392458486569,2.0202755267526107,0.0006650312333423664,0.0013435463252476877,19597.59787201778,2446.6566414720382,11.673603606037693,0.16076670561861153,0.028033333333333334,148.89999999999998,elec 470u/63V,BSC0902NS PG-TDSON,True,0.10564574566553489,
LNGT72,0.0033482335511761142,0.007075694023989413,potcore,0.0007487234870288807,0.0007138327661331236,0.00015372267329484605,12,0.021545650223596984,0.0004321445558803431,91.43497791148236,7.675032607184357e-05,screen,30,0.0115462791556325,0.04309130044719397,1.0495738245770478,0.9199510386037066,0.11311312234618019,0.4693306064912735,3.782103921568749,0.8208950583388712,4.607292836214723,0.4693306064912735,0.09297277962968219,4.14675746474939,2.037685654189533,0.0006932118576831345,0.0014125478577149994,18586.90945617257,2419.8873562043796,11.904203196585938,0.16314439248950702,0.03203333333333334,149.3,elec 100u/63V,BSC0902NS PG-TDSON,True,0.10837200386905048,
LNGT72,0.0033657918270542805,0.004977541038632543,potcore,0.0007487234870288807,0.0007050536281940403,0.00014884293290269636,12,0.021545650223596984,0.0004321445558803431,91.43497791148236,7.675032607184357e-05,screen,30,0.0115462791556325,0.04309130044719397,1.0487845800414883,0.8651932127194227,0.1547718282455833,0.6298306514749605,3.939700901796725,0.7486362798198491,5.262503311681301,0.6298306514749605,0.0793627331590625,5.0603158899349125,2.187173019269612,0.0005917343538951334,0.001294225413414372,16194.397628620965,1702.3190352123297,9.611441373271372,0.10635270265599857,0.03203333333333333,149.2,elec 220u/63V,BSC0902NS PG-TDSON,True,0.11829807525180279,
LNGT72,0.00332327594170544,0.004719295463986366,potcore,0.0005996917626386086,0.00023462966369447604,0.00015925687289320277,12,0.02091331495578344,0.0003532735500253716,63.3602623713661,6.965183869278569e-05,screen,30,0.011207411706919787,0.04182662991156688,1.0466590335004147,0.9075784622592451,0.17109946575508372,0.502628151389027,3.4479296950820344,0.5880472467133793,5.863354882371541,0.502628151389027,0.06774542616599773,5.18811286342278,1.6763973595574133,0.000490290433632857,0.0008219215883583808,10926.002259202278,1613.9990486833372,9.359635918579603,0.09152542525512858,0.03203333333333333,149.2,elec 220u/63V,BSC0902NS PG-TDSON,False,0.0,electronics do not fit
LNGT72,0.0038311360205156453,0.010920813429534881,potcore,0.0007646260182943604,0.0002695033928255882,0.00022086252584614362,12,0.021442473823250166,0.0003405281917263135,69.58468649149113,6.974620006394434e-05,screen,30,0.01149098708933074,0.04288494764650033,1.0500771443230075,0.9903746965113585,0.09205565851362199,0.2992859293376596,3.9256636131336413,1.0712202920558078,3.6646650947955757,0.2992859293376596,0.11600725589627571,3.449522017447977,1.9003177797635213,0.0008608165434596578,0.0016358249826509657,14506.172481390882,3734.9181929009296,17.91603621546479,0.33581158423097884,0.023033333333333333,148.5,elec 220u/63V,BSC0902NS PG-TDSON,True,0.1054974972717158,
LNGT44,0.003872623890340645,0.00666207538904779,potcore,0.0007072539473693556,0.00029855256684543777,0.00015694431372295374,12,0.021418277890115047,0.00035587837416303113,69.09069620135956,6.568507400675811e-05,screen,30,0.011478020527843394,0.042836555780230094,0.8666181241167952,0.764521396866279,0.09435203526160697,0.34201706306440893,3.2902020252014292,0.6469873211730597,5.0854196326999555,0.34201706306440893,0.08599101953390201,3.9003219747520608,1.4802286766486232,0.0006373649975959667,0.0009434459469336308,11494.301735736042,2438.319592391491,14.656409938846593,0.21164750831923637,0.026033333333333332,148.8,elec 100u/63V,BSC0902NS PG-TDSON,False,0.0,pivot 1.48 < 1.5
LNGT72,0.0030749603908327883,0.010771731453358246,potcore,0.0009185687974437549,0.0007071767890024687,0.0002078456616740988,12,0.02154401670765781,0.00042962144576776275,87.6879999800468,6.787329663665253e-05,screen,30,0.01154540375707905,0.04308803341531562,1.0498263381851096,0.9774426366595448,0.08924148729746643,0.32899519689200196,2.5951339947779624,0.8253930158300835,3.1441191590021886,0.32899519689200196,0.11917384406350853,2.2197794739388454,1.607906794160108,0.0008885015458453222,0.0014286276721864521,20414.09572757574,3683.9321570485204,15.82419555706308,0.2549373606796087,0.026033333333333332,148.8,elec 100u/63V,BSC0902NS PG-TDSON,False,0.0,hold 2.2 < 3.0
LNGT72,0.004676092023572237,0.0045270665716517135,potcore,0.0006016832694630556,0.00016178563764849288,8.446872720043095e-05,8,0.019041872495789553,0.00015725777303224884,34.98915952428456,4.454836073511252e-05,screen,18,0.0157748036814705,0.038083744991579106,1.0480776635387865,0.8497767424464733,0.264657383919993,0.7350643087657623,10.967542414303244,1.0992534294004923,9.97726467888728,0.7350643087657623,0.04904854672512428,22.7936655269279,2.4726960785296765,0.0007549025721512902,0.0018666446298304614,2439.706504494818,1548.256767504886,22.204393406738433,0.19767514402076555,0.017633333333333334,85.1,elec 100u/63V,BSC160N10 PG-TDSON,True,0.19688206261273336,
LNGT72,0.004441589086307986,0.004425599909989549,potcore,0.0007408795413274303,0.0002344886451272458,0.00015057709103149933,8,0.01919866463329267,0.00028838795978224823,41.52335524409532,5.435663354114056e-05,screen,18,0.015904694541125013,0.03839732926658534,1.045730765565935,0.8571129712690195,0.20016605940237384,0.6463974100223775,7.37915452556575,1.0013929468042462,7.368890053714587,0.6463974100223775,0.05396492048430912,13.938821483907198,1.9681399841251048,0.0008374090924327592,0.001648138317886829,4888.008597327202,1513.5551692164256,12.857565145707012,0.0808746712220149,0.020633333333333333,93.30000000000001,elec 220u/63V,BSC0902NS PG-TDSON,True,0.20298971319406806,
LNGT72,0.00434290612252769,0.004317926488814843,potcore,0.000560324469264652,0.00014446958016922198,0.00010549184115102192,8,0.018453302497104515,0.0001501647444340164,35.044561525292096,5.468969344525618e-05,screen,18,0.015287216329747983,0.03690660499420903,1.0467852421378798,0.8625022357677201,0.28794674728963937,0.719166784588927,8.108682253777994,0.8671690908185269,9.350751012267,0.719166784588927,0.044387132516885794,18.62190837040185,2.218614713063821,0.000662043154079426,0.0014688186823237927,2398.308253816883,1476.7308591746764,21.578287681861834,0.22918276572212073,0.017633333333333334,85.1,elec 100u/63V,BSC160N10 PG-TDSON,True,0.1509925957860008,
LNGT72,0.003288916808304399,0.007148056293097034,potcore,0.0005391571561071193,0.00018735467018280092,0.00011106621253378127,12,0.022419039514410245,0.0001570930285982324,38.10576126731448,6.388098772258665e-05,screen,30,0.01201432706593531,0.04483807902882049,1.0500234383996558,0.9599297420122318,0.10228171945497413,0.3682751905520579,3.8428455072282928,0.7007985765199896,5.483523562948732,0.3682751905520579,0.06583205286433931,5.950404912552949,1.9757459121027106,0.0005107459868652825,0.0010091042956719466,3655.5680582591062,2444.635252239186,25.48295800348213,0.622246637721869,0.020033333333333334,135.5,elec 100u/63V,BSC160N10 PG-TDSON,True,0.07538035012915716,
LNGT72,0.0036438964693660406,0.010090077128653022,potcore,0.0007176582184881166,0.00030415114849841794,0.00017482328056947879,12,0.02116417331719841,0.00035606906618277864,62.67781269753304,6.808683998037705e-05,screen,30,0.011341846297631259,0.04232834663439682,1.0500383043564154,0.9802950117279251,0.08653931803350878,0.31670044480409043,3.966446537958035,1.0402459974048326,3.812988992847249,0.31670044480409043,0.10512970034630009,3.8459813248210732,2.0066076490273406,0.0007699761946835031,0.0015450401218208819,13103.815883966146,3450.8063779993336,16.505802411368297,0.2782452257429531,0.026033333333333332,148.8,elec 100u/63V,BSC0902NS PG-TDSON,True,0.11115119964544214,
LNGT72,0.003991852957560514,0.010707610553243143,potcore,0.0008195821833856096,0.0003543625995369205,0.0002263391617606777,12,0.021420962748890004,0.0003562163884183693,69.31753928642773,6.842031588954334e-05,screen,30,0.011479459339324477,0.04284192549778001,1.0498766585771282,0.9758607644565452,0.09909672874424211,0.325365115243407,4.4309639672042564,1.189720329531399,3.724374424155215,0.325365115243407,0.12477911390529789,3.6198228211612835,2.0856400178586174,0.0009249780897947463,0.0019291713197183444,13609.649514697123,3662.002809209155,18.651547442146857,0.3570311202007708,0.023033333333333333,148.5,elec 220u/63V,BSC0902NS PG-TDSON,True,0.1137617395176945,
LNGT72,0.0036470202804122945,0.010069046004827786,potcore,0.0007177799109845769,0.0003043439405706731,0.0001787472309179132,12,0.02118418175093917,0.00035607614741768167,62.68559137069819,6.807090254385023e-05,screen,30,0.011352568784956553,0.04236836350187834,1.050028338751849,0.9801155099109723,0.08798920554893143,0.31709400717598185,3.9292395477556457,1.0328916681956453,3.8041158320306914,0.31709400717598185,0.10509504320465052,3.811160740925039,1.999053259380029,0.000770450052843416,0.0015401706893261463,13083.52952580566,3443.613733651103,16.498985454988286,0.2779503641220944,0.026033333333333332,148.8,elec 100u/63V,BSC0902NS PG-TDSON,True,0.11033945568330647,
LNGT72,0.0037021121503224854,0.010787260544618881,potcore,0.0007606106082297902,0.0003287160390706779,0.0002224152114122433,12,0.021400954315149247,0.0003562093071834663,69.30976061326258,6.843625332607016e-05,screen,30,0.011468736851999181,0.042801908630298494,1.0499728667733723,0.9860005324274081,0.09476163516258859,0.3079217837746645,3.675030950484763,1.0666153959835478,3.445507128739635,0.3079217837746645,0.11224327969945098,3.337579701871812,1.958716866029293,0.0008312737191133138,0.0016282298539141448,14629.04987274181,3689.2431062596575,17.478958562813492,0.31362349471980955,0.023033333333333333,148.5,elec 220u/63V,BSC0902NS PG-TDSON,True,0.10609108766371579,
LNGT72,0.0052751807756622904,0.006425910428613356,none,0.0003569345300092242,0.0,0.0001569983642293901,12,0.021250758814740874,0.00035317773306717135,64.0756093058703,6.874926859478127e-05,screen,30,0.011388247325916758,0.04250151762948175,nan,nan,nan,nan,0.0,0.0,inf,nan,0.08752764476571712,0.0,0.0,nan,0.0,8988.105491873233,2197.6613665857676,15.666982462464038,0.2531220946891065,0.03803333333333334,149.8,elec 100u/63V,BSC0902NS PG-TDSON,False,0.0,open-circuit demag margin 0.97 > 0.8 [prescreen]
LNGT72,0.00219059120703446,0.011252090455373742,potcore,0.00044984107265924264,0.0001945339282431605,0.00022324877324190922,20,0.021385070826790108,0.00035599882051381325,69.17461576772249,6.843286625606545e-05,screen,54,0.0067741249484034385,0.042770141653580215,1.0500161748314274,1.0410878963008214,0.07336890818217472,0.1926323831385209,0.8876082193867738,0.35406664562676965,2.5068958919175444,0.1926323831385209,0.10676441702604891,0.8474728128948656,1.171152525303412,0.00027919195432109863,0.0003269763623475495,24331.527783084315,3848.21493573782,10.940488075571661,0.22115761044635138,0.04583333333333334,260.29999999999995,elec 220u/63V,BSC0902NS PG-TDSON,False,0.0,hold 0.8 < 3.0; pivot 1.17 < 1.5; electronics do not fit
LNG37,0.0028382589732120953,0.0051464404047827615,potcore,0.0004899060807699244,0.00015230167218970153,0.0001527973025114018,12,0.019259410691496132,0.00032542328436398367,42.59002453195117,5.505577392978721e-05,screen,30,0.010321087082971438,0.038518821382992265,1.1513614099406717,0.9850101657923692,0.3354711186810593,0.5743147648155152,1.9130987187541495,0.15764315277264562,12.135628380340995,0.5743147648155152,0.05967847751060067,3.267763656992359,0.4494015424376415,0.0003977510105611612,0.00017874991765231649,7790.640375532685,756.526739503066,4.135795113288045,0.014125771035488519,0.03203333333333333,149.2,elec 220u/63V,BSC0902NS PG-TDSON,False,0.0,pivot 0.45 < 1.5; electronics do not fit
LNGT72,0.005795256438282612,0.010457519887680355,potcore,0.0011888292165265746,0.0004948633874319707,0.00022238380722413992,8,0.0214239443959624,0.0003547512977711032,70.13049178118055,6.965208954596674e-05,screen,18,0.017748176656669383,0.0428478887919248,1.0494219223832866,0.9288247618417022,0.11306048787093197,0.43210432904234597,11.622679351105532,2.1737347887508367,5.346870929817822,0.43210432904234597,0.14401784521716923,8.226610592687162,1.8930147559242936,0.0024938529947506694,0.004720900518169007,9837.612379698905,3576.4718015866815,25.49599604111211,0.4074934432918723,0.017633333333333334,85.1,elec 100u/63V,BSC160N10 PG-TDSON,True,0.21237199540316568,
LNGT72,0.0031012168342787996,0.006636611728801067,potcore,0.0005121874528747034,0.0001667916621264598,0.00011396738410143721,12,0.02123555903561959,0.00015,51.35740452423796,6.399530341340483e-05,screen,30,0.0113801017888354,0.04247111807123918,1.0499653359220205,0.9601530435970282,0.10809281897715109,0.3681291633638235,3.2572298527547727,0.5977830514373671,5.448849452862165,0.3681291633638235,0.05874399293597955,5.652179377045328,1.9160470716657414,0.0004316957010447519,0.0008271492838374862,4758.825247332641,2269.721211249965,24.494908794716622,0.5759582652684396,0.020033333333333334,135.5,elec 100u/63V,BSC160N10 PG-TDSON,True,0.06734125104746332,
LNGT72,0.003337901500576537,0.010671204906936153,potcore,0.0007995512004869417,0.0007188358743340415,0.00019233998275747704,12,0.021563972698589645,0.00044286999389563623,95.18059941462191,7.895399249014283e-05,screen,30,0.011556098140387746,0.04312794539717929,1.0498258772876092,0.9675365295426146,0.08881489841708264,0.3457701201613837,3.2880804733066493,0.9793916867260131,3.3572681061836467,0.3457701201613837,0.11676510934836187,2.870518434663345,1.965849272606928,0.0008713495797527943,0.0017129419375433831,23034.622768969548,3649.5520781721643,15.080192885261871,0.26932653763864856,0.028033333333333334,148.89999999999998,elec 470u/63V,BSC0902NS PG-TDSON,False,0.0,hold 2.9 < 3.0; electronics do not fit
LNGT72,0.0028848676482155083,0.005480766275309702,potcore,0.00047327398368191974,0.00015123730297544503,0.00014969018180432974,12,0.019252488061630716,0.00032430652364223424,43.0363114747885,5.45611255816087e-05,screen,30,0.010317377256807562,0.03850497612326143,1.0486539126575303,0.9487601717524025,0.14898185991569332,0.3987921929100039,2.32501468289348,0.43180232290535714,5.384442277312804,0.3987921929100039,0.06074976430208924,3.9013246809089077,1.2458339501564255,0.0004047454939608547,0.0005042456775492653,7967.578613597537,1874.422066155918,10.124558010213246,0.08389319343435912,0.03203333333333333,149.2,elec 220u/63V,BSC0902NS PG-TDSON,False,0.0,pivot 1.25 < 1.5; electronics do not fit
LNGT72,0.00867276867784953,0.006578390872842993,none,0.00035528365356250297,0.0,0.00015153718239849391,8,0.021213501308590347,0.0003266854875795606,51.881419646932194,6.767607123539637e-05,screen,18,0.017573839894875043,0.042427002617180694,nan,nan,nan,nan,0.0,0.0,inf,nan,0.09441066546626078,0.0,0.0,nan,0.0,4908.818742617035,2249.8096785123034,23.77829090393299,0.3443807917429859,0.025633333333333334,85.7,elec 470u/63V,BSC160N10 PG-TDSON,False,0.0,open-circuit demag margin 0.99 > 0.8 [prescreen]
LNG37,0.003340580356788139,0.004792977100324626,potcore,0.0005981549859660611,0.00023690201540541177,0.00015455394031103743,12,0.02097016316095485,0.00033649894789883675,60.119345774844426,6.508531177415874e-05,screen,30,0.011237876568253462,0.0419403263219097,1.1482526840849157,0.9058809463217904,0.39429409280823835,0.7291819274400667,3.2363850314968055,0.22428698538786032,14.429660400937276,0.7291819274400667,0.06830085106660261,4.8301994175405785,0.6517944322633331,0.0004956538537691861,0.00032306442221661976,10043.38076761569,704.5676337477199,4.217518600073847,0.01736553876399601,0.03203333333333334,149.3,elec 100u/63V,BSC0902NS PG-TDSON,False,0.0,pivot 0.65 < 1.5
LNGT28,0.0034235671805744705,0.0066287416475210624,potcore,0.0007562292989477822,0.000693359793053801,0.00015663298091685772,12,0.021522096098953728,0.00044740701254937173,90.99528862225354,7.836746134619823e-05,screen,30,0.011533656538279336,0.043044192197907456,0.9765429388661999,0.7569092093662485,0.20794577011315768,0.5802168442686435,3.036404548116107,0.2987030130043905,10.165296016185401,0.5802168442686435,0.09139100895470904,3.386781305999386,0.7966224350644867,0.0006806731201228934,0.0005422394784352412,17895.244567569025,1173.287271611228,5.966032680579529,0.04184063754115713,0.03203333333333334,149.3,elec 100u/63V,BSC0902NS PG-TDSON,False,0.0,pivot 0.80 < 1.5
LNGT44,0.003091154153050716,0.006696044088239712,potcore,0.0004971701154196245,0.00014214530366653171,0.00011062656838010487,12,0.02122496254329213,0.00015121039716027056,60.93853382294307,6.447104074417236e-05,screen,30,0.01137442314571191,0.04244992508658426,0.8707536148842675,0.7987247537093769,0.0720210138830314,0.2627582538828902,2.1421663321878874,0.3967763915756854,5.398925887905978,0.2627582538828902,0.058106888180846465,3.7579981661455513,1.2121551262342642,0.0004268006901514573,0.0005173486444474108,5778.223732855408,2450.7521362957345,25.846220024350995,0.6460260256260897,0.020033333333333334,135.5,elec 100u/63V,BSC160N10 PG-TDSON,False,0.0,pivot 1.21 < 1.5
LNGT72,0.0035362687817580545,0.010400087781507703,potcore,0.0008603929916000653,0.0003072704933614349,0.00019500105666279846,12,0.02142659892166982,0.0003535750422840637,68.97102916628577,6.79396391968471e-05,screen,30,0.011482479755213984,0.04285319784333964,1.0500692387436341,0.987026443262959,0.08545420425600292,0.30500366767297915,3.4879999360546825,0.9679938382541139,3.6033286558369877,0.30500366767297915,0.11331697285624019,3.1377077950030556,1.7716514235607592,0.0008402311282808396,0.0014885966745388124,14480.74500887362,3556.8300212756344,16.940994885732376,0.2924774030528297,0.023033333333333333,148.5,elec 220u/63V,BSC0902NS PG-TDSON,True,0.09884432526199764,
LNGT72,0.004441438579955334,0.006544172392154409,none,0.00034255402313972995,0.0,0.00011063016808784059,12,0.021242283354036773,0.0001663183858658148,37.82931717153386,6.415512194782449e-05,screen,30,0.011383705340214467,0.042484566708073546,nan,nan,nan,nan,0.0,0.0,inf,nan,0.06311232715667471,0.0,0.0,nan,0.0,3254.986957050539,2238.1069581168076,26.011181949293135,0.6510926127464303,0.023033333333333333,135.7,elec 220u/63V,BSC160N10 PG-TDSON,False,0.0,open-circuit demag margin 0.95 > 0.8 [prescreen]
LNGT72,0.0027785572609250247,0.006571894786926199,potcore,0.0007289032059249078,0.0009379805145357646,0.0001530454489469529,12,0.021538509496416433,0.0004135860080673648,79.97812096513753,8.49699917055605e-05,screen,30,0.0115424524514697,0.043077018992832866,1.0496171346097032,0.9198107657814557,0.11386300754223518,0.4796725226749504,2.441010406295864,0.6044151202063198,4.038632265623359,0.4796725226749504,0.0886566233857555,2.8066576200537923,1.3452323061752391,0.0006608111997183607,0.0008889445741435569,19100.592769412975,2247.58801712876,9.41111453889408,0.11288570589778237,0.03803333333333334,149.8,elec 100u/63V,BSC0902NS PG-TDSON,False,0.0,hold 2.8 < 3.0; pivot 1.35 < 1.5; electronics do not fit
LNGT18,0.002791061740733168,0.004487202080102222,potcore,0.0004527627156556988,0.000130835535177557,0.00011078223153794304,12,0.019338184941803976,0.0001644358326898767,29.441213723543026,5.4832273505173634e-05,screen,30,0.010363302076480146,0.03867636988360795,0.5685101264241019,0.5097137113090832,0.08420729328133339,0.2608455637522371,0.6676110388292008,0.09863366550333663,6.7685919956672045,0.2608455637522371,0.05203703972883073,1.3078017649183555,0.3021538450853399,0.0003482401604560582,0.00010522210349493371,3651.926405150023,1238.4677741082132,9.984317968681145,0.08199064809895562,0.028033333333333334,148.89999999999998,elec 470u/63V,BSC0902NS PG-TDSON,False,0.0,hold 1.3 < 3.0; pivot 0.30 < 1.5; electronics do not fit
LNGT72,0.007084414568923343,0.007264012177160574,none,0.00035505501921644686,0.0,0.00015140471045421914,8,0.021170907493718624,0.0003096369286988102,43.54671707090668,6.448014535506443e-05,screen,18,0.01753855402328889,0.04234181498743725,nan,nan,nan,nan,0.0,0.0,inf,nan,0.08078850794578764,0.0,0.0,nan,0.0,4873.832098588111,2484.2921645889164,22.196654670185108,0.28591936336747087,0.025633333333333334,85.7,elec 470u/63V,BSC160N10 PG-TDSON,False,0.0,open-circuit demag margin 0.98 > 0.8 [prescreen]
LNGT72,0.003553800572060292,0.01060047938149532,potcore,0.0008599566659034919,0.00030801713427493574,0.00019515220068202542,12,0.021419433250467055,0.00035478543944433426,81.72729288074659,7.33297142884762e-05,screen,30,0.01147863968358997,0.04283886650093411,1.0500814564663263,0.9887260148068977,0.0841223659199148,0.3021414033014519,3.5167034013093756,1.023436730852771,3.4361707913093062,0.3021414033014519,0.11519146580739074,3.1120490211501526,1.7985122872878607,0.0008538446124609459,0.0015356500269455527,17906.232533086677,3625.363948471399,16.546818582219494,0.3011620624466625,0.023033333333333333,148.5,elec 220u/63V,BSC0902NS PG-TDSON,True,0.10209971816035096,
LNGT72,0.003441653505760235,0.01056779515578949,potcore,0.0008573051803664614,0.0003576622872460234,0.00019515220068202542,12,0.021353391181457296,0.00035478543944433426,69.08734449548326,6.806305563246766e-05,screen,30,0.011443247845474678,0.04270678236291459,1.0499597647122723,0.9869444302293614,0.0859924166967244,0.30700256314816177,3.3201159591243403,0.9462177286233918,3.508828738555367,0.30700256314816177,0.11262067978441638,3.0051496265374276,1.7747912106451365,0.0008322150453147408,0.001477007947791246,14922.325068294742,3614.1859432800056,16.73294933539823,0.2858562510353939,0.023033333333333333,148.5,elec 220u/63V,BSC0902NS PG-TDSON,True,0.0966807841464348,
LNGT72,0.0048150723699573825,0.004567692288165608,potcore,0.0005856590138739237,0.00015753658941329552,8.704399954101785e-05,8,0.01905631999750755,0.00016611981537964336,42.96576568577105,5.440625818795571e-05,screen,18,0.015786772383778503,0.0381126399950151,1.0466049291657025,0.8396215388701794,0.30170386123375065,0.7641758464739505,11.657359267822518,1.1291082088561128,10.324395107916592,0.7641758464739505,0.052790647329010745,22.50993217225865,2.4091477403810293,0.0008131134270142284,0.0019589103753648034,3266.958253127947,1562.1507625526378,20.544799911484073,0.2066784517456589,0.020633333333333333,85.30000000000001,elec 220u/63V,BSC160N10 PG-TDSON,True,0.19803350410962456,
LNGT72,0.003402348271466301,0.006397564751048118,potcore,0.0006391487330120848,0.0002991967016633736,0.00015525665371846913,12,0.021220427824663733,0.00035990718451889167,63.63640790353559,6.638098186594525e-05,screen,30,0.011371992997323147,0.042440855649327466,1.0490429172616027,0.933596756358623,0.1258317456099214,0.4208882308043581,3.7048953504223148,0.7526989928117742,4.922147346819673,0.4208882308043581,0.0758239043506283,4.98081939422681,1.9343791634500636,0.0005568148912371576,0.001077091123507871,11705.012319962074,2187.9671448584563,11.895277501954652,0.14089127102857696,0.028033333333333334,148.89999999999998,elec 470u/63V,BSC0902NS PG-TDSON,True,0.11027763148171345,
LNGT72,0.0034841746928715622,0.005945351907713007,potcore,0.0006037019267369194,0.0002923087583461737,0.00014938935587681558,12,0.02123287497938349,0.0003260774547960137,51.963130288990406,6.638948020242786e-05,screen,30,0.011378663407433594,0.04246574995876698,1.0487486552243743,0.9242478349479532,0.13599504736429788,0.4503570783832665,4.005527699172761,0.7520237677076986,5.326331255968569,0.4503570783832665,0.07275461841864747,5.612161558583557,1.9749520482548992,0.0005345888942016922,0.0010557874315779536,9198.641761657942,2033.3103524378485,11.4861708390563,0.13138357357379057,0.028033333333333334,148.89999999999998,elec 470u/63V,BSC0902NS PG-TDSON,True,0.11554155295471857,
LNGT72,0.00343896298503832,0.00650056592814197,potcore,0.0006279442389097497,0.00029297953100076713,0.00015812047543861717,12,0.021234896377869225,0.0003535529333067364,63.891222470601456,6.757407823538302e-05,screen,30,0.011379746671617263,0.04246979275573845,1.0490092458526776,0.935129072231559,0.12649273004714562,0.4167128468276575,3.7857181473345696,0.7720617908964843,4.903387516352493,0.4167128468276575,0.0763202862670539,5.056375040361589,1.9074293375629192,0.000560842219239402,0.00106976690272113,11864.711969217007,2223.193547424554,11.971850130221211,0.14527601964830708,0.028033333333333334,148.89999999999998,elec 470u/63V,BSC0902NS PG-TDSON,True,0.11196122289580768,
LNGT72,0.00309417838782622,0.005435441403612126,potcore,0.00048273026926588515,0.00014023714548338424,0.00011040263827859795,12,0.02119333945408377,0.000168121852123264,38.986469057937725,6.529624282463463e-05,screen,30,0.011357476383280793,0.04238667890816754,1.0493714068166142,0.9414050393584317,0.14150994095151906,0.4273985864719332,3.295559787439136,0.5299035287334946,6.2191693558179315,0.4273985864719332,0.0586055626888562,5.732200167350217,1.6716616841960634,0.0004298221545142386,0.0007185172267200527,4584.427535242003,1858.9209600353472,15.808465491590383,0.24477039158511302,0.026033333333333332,148.8,elec 100u/63V,BSC0902NS PG-TDSON,True,0.07646372948743081,
LNGT72,0.0035152323147323652,0.01055207365198924,potcore,0.0008672875481008644,0.00029965058851855197,0.0001939069943306298,12,0.021418779090037608,0.0003389241698923772,69.14545521007356,6.822567675123115e-05,screen,30,0.011478289120072389,0.042837558180075216,1.0500878047111006,0.9908102895532744,0.08303816729599799,0.2986592307716401,3.4342401158741263,0.9533363159595609,3.602338501515557,0.2986592307716401,0.11432488913182783,3.0621105141817604,1.7165128986549947,0.0008473953234138154,0.001454565002899735,14680.435158405237,3608.8091889803204,16.997640154792787,0.29567620337717726,0.023033333333333333,148.5,elec 220u/63V,BSC0902NS PG-TDSON,True,0.09686189841807533,
LNGT72,0.004406653932226461,0.004167155183927621,potcore,0.0005708720405152185,0.0001460104740330763,0.00010304974696930631,8,0.01853083848415395,0.00015086550416024526,37.98571455980268,5.41951547601958e-05,screen,18,0.015351449244563704,0.0370616769683079,1.046337996960275,0.8469023440277154,0.2982349817660864,0.7448748145153695,8.570863897967289,0.8996104239275524,9.527306120518585,0.7448748145153695,0.04445892144503439,19.651543573430576,2.2837674769976886,0.0006659001330978062,0.0015207610668972018,2584.743128194074,1425.1670729032464,20.944437008390974,0.21396382448397366,0.017633333333333334,85.1,elec 100u/63V,BSC160N10 PG-TDSON,True,0.16003765910686563,
LNGT72,0.0033002907947982446,0.004927761687698399,potcore,0.0005901543809471469,0.00023393191020807964,0.0001590919008168046,12,0.020871861925553337,0.00030146266625269565,60.48212967666428,7.014950851772268e-05,screen,30,0.011185197094971828,0.041743723851106675,1.0470898111902496,0.913676161231893,0.16404206520376807,0.4835313509280112,3.383192500574887,0.611181089592538,5.535499311391313,0.4835313509280112,0.06818765442513025,5.0576870174101,1.6832908272201725,0.0004925127830335251,0.0008290422499690118,10710.961275324567,1685.2944971928525,9.51643813309353,0.09529382266755919,0.03203333333333334,149.3,elec 100u/63V,BSC0902NS PG-TDSON,True,0.10441586330788138,
LNGT72,0.004397774698094899,0.005452509680345096,potcore,0.0007573291751638442,0.00023607279755866447,0.00015294299464654992,8,0.019260536397111613,0.0003563170884969231,42.58564187131074,5.588737601958026e-05,screen,18,0.015955950788528517,0.038521072794223225,1.0477965008247672,0.8952269759591917,0.15963938819153783,0.5369690751439397,7.051307280321296,1.0353939046490321,6.810265396251759,0.5369690751439397,0.059362644032023126,12.108417775909794,1.779808710703562,0.0009241377742611889,0.0016447884605202661,5480.3427537813,1864.7583106780228,14.490321712139707,0.10561176102395098,0.020633333333333333,93.30000000000001,elec 220u/63V,BSC0902NS PG-TDSON,True,0.1879707321370077,
LNGT72,0.003863531195954304,0.011288613417975745,potcore,0.0008037900732887538,0.0003210877857392762,0.00022003479925929872,12,0.021910537566456324,0.00035360104505510005,71.47134679345598,7.096917471793182e-05,screen,30,0.011741821693327496,0.04382107513291265,1.050046855718265,0.9880212034176152,0.09019851949625425,0.3037887325035588,4.060443850416398,1.1603746564391335,3.4992524422041145,0.3037887325035588,0.12436139342611204,3.328272850414597,1.9537738754698102,0.0009429511073216534,0.0018423132393303758,15025.255064973113,3860.705788947705,18.3644032075457,0.35901670200617464,0.023033333333333333,148.5,elec 220u/63V,BSC0902NS PG-TDSON,True,0.10917972480918747,
LNGT72,0.002802699676652389,0.005601343600722446,potcore,0.0005317603611156145,0.0001364442989708329,0.00016074514190646646,12,0.019198705938107675,0.0003306193514955064,43.08017892737847,6.831485898600324e-05,screen,30,0.010288555503677103,0.03839741187621535,1.0488912802842194,0.9570977146831956,0.13028894346767325,0.3606723658732217,2.053506372794497,0.44188605869432107,4.6471399864077405,0.3606723658732217,0.06815701479891911,3.071259317404477,1.055778508132408,0.0004528277983659395,0.0004780858573996745,9058.274209504369,1915.6595114470765,9.110670819667096,0.0850564290936066,0.03803333333333334,149.8,elec 100u/63V,BSC0902NS PG-TDSON,False,0.0,pivot 1.06 < 1.5; electronics do not fit
LNGT72,0.005536846101026352,0.010209236153558352,potcore,0.0013431817941469818,0.0004822236068618283,0.0001948773255698167,8,0.021474081291695358,0.0003556216147904287,68.55405483138374,7.30718394436922e-05,screen,18,0.017789711421045136,0.042948162583390716,1.0496763886671308,0.929875668610714,0.09933296323600418,0.42704453668861264,10.859404186406879,2.0117333769031607,5.3980335123353775,0.42704453668861264,0.14766111439523857,7.496712376490317,1.6934747411242375,0.0025629246777411556,0.004340248205158623,9889.619764859983,3491.558764516956,24.20320666323239,0.38524620361835593,0.017633333333333334,85.1,elec 100u/63V,BSC160N10 PG-TDSON,True,0.1985537931380768,
LNGT72,0.0027773622600231434,0.005656187669896466,potcore,0.0005303481241912565,0.00013859830513481973,0.00016053354960992233,12,0.019296104852048523,0.00033070875975318016,43.48780508218809,6.785125974544027e-05,screen,30,0.01034075142434534,0.03859220970409705,1.0490074717709446,0.9600688280506741,0.1276544087608449,0.35515429374666174,1.9998913220455328,0.4258722537102638,4.695988772741534,0.35515429374666174,0.0681678265915199,2.9905973283817655,1.0136603407846347,0.00045519728206696404,0.00046141543206423824,9214.245924527473,1934.4161831045913,9.129723105691557,0.08483291424894142,0.03803333333333334,149.8,elec 100u/63V,BSC0902NS PG-TDSON,False,0.0,hold 3.0 < 3.0; pivot 1.01 < 1.5; electronics do not fit
LNGT72,0.005578608240391543,0.010097359453400276,potcore,0.001344615978547511,0.0004774782906608351,0.00019508891786636082,8,0.02137668237775451,0.00035553220653275497,68.14642867657412,7.353543868425517e-05,screen,18,0.017709023518815717,0.04275336475550902,1.049657781255409,0.928399302314837,0.10060718548946049,0.43140308346305456,11.000548898735651,2.096155293517076,5.2479646583236494,0.43140308346305456,0.14741046595895124,7.607063288993407,1.7315466651128082,0.0025469694257117034,0.004410196415235384,9766.316074832508,3453.2969330628944,24.096071778225607,0.3842657645010417,0.017633333333333334,85.1,elec 100u/63V,BSC160N10 PG-TDSON,True,0.20565116613019246,
LNG40,0.004451699966579998,0.004218651109842272,potcore,0.0007292511441712456,0.00024040272177397554,0.00015171250787130992,8,0.019149516555667104,0.0003234455455114007,42.996813938417716,5.4821375820824794e-05,screen,18,0.015863978940490863,0.03829903311133421,1.183499099667151,0.7468263703872656,0.57012661002317,0.9066904968331783,7.374976555812071,0.33054718022087176,22.31141875384963,0.9066904968331783,0.05566973265644894,13.504313174982766,0.6644979307721584,0.0008616523132945477,0.0005725661792292705,5005.819049450825,620.141713146814,5.326624392975296,0.013998986256953592,0.023633333333333333,93.6,elec 100u/63V,BSC0902NS PG-TDSON,False,0.0,demag margin 0.91 > 0.8; pivot 0.66 < 1.5
LNGT72,0.0035217771666309124,0.006454120004890008,potcore,0.000640983429797827,0.00029843646001871844,0.00015195722673985355,12,0.021365897017905932,0.00032930684471923957,51.18740649041624,5.7471781524482946e-05,screen,30,0.011449949703028855,0.042731794035811864,1.0490809482608212,0.9315678133440227,0.12517526466663845,0.42654288967540593,4.100629093696617,0.8074425411298224,5.078539815302237,0.42654288967540593,0.07599126035481978,5.500698402718111,2.0170261311404944,0.0005618693484513696,0.0011333051581132966,8562.742364869913,2207.309041672383,13.19512141689573,0.15009723788883092,0.026033333333333332,148.8,elec 100u/63V,BSC0902NS PG-TDSON,True,0.11729034276521422,
LNGT72,0.0036909602357612157,0.010481932030856194,potcore,0.0007542956098863377,0.00033857605761980177,0.00019508714689771162,12,0.02140020398618635,0.0003557731294759787,70.14671646068473,6.82214719145514e-05,screen,30,0.011468334751919851,0.0428004079723727,1.0499815438863023,0.9808772745714028,0.09029692004152448,0.31650121054240216,3.9362229398397566,1.0921333333421057,3.604159693390434,0.31650121054240216,0.10946409673504306,3.6655486075503103,2.038803915174826,0.000810662667069516,0.0016527822195073955,14657.790617923716,3584.8207545528185,17.155614484252634,0.30117914845680116,0.023033333333333333,148.5,elec 220u/63V,BSC0902NS PG-TDSON,True,0.11167411494250089,
LNGT72,0.003458215276684596,0.010769546171177957,potcore,0.0008610502511026079,0.0007342681550747285,0.00022316000701256804,12,0.021568153848677243,0.00043449802046468074,92.49533092119898,7.881645300651464e-05,screen,30,0.011558338811966556,0.043136307697354485,1.0497333676087195,0.9660892927610389,0.096768075781576,0.34917844754535576,3.3883703469424455,0.9815654485847554,3.4520065389708647,0.34917844754535576,0.12428380874119488,2.7791200729795476,1.8846905157976166,0.0009276370563893973,0.001748308762279516,21577.254539842193,3683.1847905428613,15.788727681556121,0.2947151176202029,0.026033333333333332,148.8,elec 100u/63V,BSC0902NS PG-TDSON,False,0.0,hold 2.8 < 3.0
LNGT72,0.0031163372602943766,0.004727028306733133,potcore,0.00039217486389533587,0.00012633477133547488,8.578038058498748e-05,12,0.0192624952119921,0.0001752795515022306,45.869315490542576,5.445504160041717e-05,screen,30,0.0103227400725233,0.0385249904239842,1.0490157859541713,0.9260069544579231,0.20507205493154648,0.5397931525095613,3.839938682344553,0.5347562268655585,7.180727384610598,0.5397931525095613,0.05756771397426562,6.799489354709349,1.7738655563023618,0.0003837444346299207,0.0006807110350127395,5977.127377394301,1616.6436809027316,12.406350802489783,0.1257237908475038,0.03203333333333333,149.2,elec 220u/63V,BSC0902NS PG-TDSON,False,0.0,electronics do not fit
LNGT72,0.0033773826813142953,0.0050116471239388125,potcore,0.0007323359373963505,0.0006661265269273078,0.00014753127951813982,12,0.02132502750739444,0.0004299247578791292,88.22737154991621,7.676603663147412e-05,screen,30,0.011428047798355635,0.04265005501478888,1.0487818473066168,0.8691240877075147,0.15263175602125714,0.6174846712171673,3.953719022925246,0.7636596849702645,5.177331081814534,0.6174846712171673,0.08445871199537949,4.771911062223388,2.043678174412976,0.0006232820453789651,0.0012737879126444689,15682.68063162173,1713.983316387074,9.642499674470669,0.10706305797865862,0.03803333333333334,149.8,elec 100u/63V,BSC0902NS PG-TDSON,False,0.0,electronics do not fit
LNGT72,0.0037474530507170083,0.01055309434514186,potcore,0.0007593152857420845,0.0003073339467644234,0.00019429007923389615,12,0.021399174427959338,0.0003562186721137012,69.07836686938526,6.823832313954742e-05,screen,30,0.011467783013328873,0.042798348855918676,1.0500460056955419,0.9834141290972336,0.08852979490200451,0.31134256698084106,4.0359066027907184,1.0858276426470044,3.716894324915217,0.31134256698084106,0.1113187272361318,3.6957609120288537,1.9944559164625295,0.0008243579172671413,0.0016441455253761784,14295.558488813575,3609.158266038516,17.440015301687893,0.31132452091839824,0.023033333333333333,148.5,elec 220u/63V,BSC0902NS PG-TDSON,True,0.11049956208331675,
LNGT72,0.0035372454950960463,0.010707907673153869,potcore,0.0008580408157327303,0.0003289055840776365,0.00021679087588119983,12,0.021435607497190565,0.0003565022174636199,69.32433068453918,6.843754823840886e-05,screen,30,0.011487307436285463,0.04287121499438113,1.050005559351278,0.9897562239524222,0.08985789246119445,0.3014624259716578,3.34232373381833,0.9361829572680268,3.57016084075266,0.3014624259716578,0.11574328723054646,2.9436332025476504,1.7253352219414853,0.0008585827746586027,0.0014813431020707364,14792.942277222699,3662.104424218623,17.161760882197477,0.3023495975363299,0.023033333333333333,148.5,elec 220u/63V,BSC0902NS PG-TDSON,False,0.0,hold 2.9 < 3.0
LNGT72,0.004376314967259757,0.005374375155107639,potcore,0.0008324404132135571,0.00021451043273908716,0.00016252848291624006,8,0.019253353979335978,0.00033145552684160087,42.54688926327895,7.332364279722777e-05,screen,18,0.01595000067882192,0.038506707958671955,1.047520805750456,0.8972961298528462,0.1609434013659758,0.5294265031760704,6.593705647721237,0.973260422725559,6.774862610005191,0.5294265031760704,0.06100602916082701,11.017620024433475,1.6616422073914574,0.0009493672847223588,0.0015775087506112945,6185.3922571374915,1838.0363030468127,12.643131396780717,0.10548624801810687,0.020633333333333333,93.30000000000001,elec 220u/63V,BSC0902NS PG-TDSON,True,0.17531215793819072,
LNGT72,0.0027713710041548725,0.004463065947528449,potcore,0.00044115656759256854,0.0001223376674436907,0.00011248200342451723,12,0.019237080663762163,0.00015364367285772079,39.03776175434195,9.680104128509832e-05,screen,30,0.010309120457174874,0.03847416132752433,1.0484818564430303,0.9337427311853956,0.1604022179659816,0.44928991596906837,2.465699629391937,0.3879466158684015,6.355770429579793,0.44928991596906837,0.04940992460892265,5.086944170832569,1.28477598936793,0.0003289303291883037,0.00042260178911602175,4268.724565636911,1526.3685540547297,13.958738973737807,0.28292000706574066,0.026033333333333332,148.8,elec 100u/63V,BSC0902NS PG-TDSON,False,0.0,pivot 1.28 < 1.5; electronics do not fit
LNGT72,0.004888068333207962,0.00503963189569363,potcore,0.0008438068613426442,0.00026460529754491254,0.00014838694613396943,8,0.02123256885091986,0.0003226896711022731,43.205668179635445,6.555262843274047e-05,screen,18,0.017589635964143056,0.04246513770183972,1.0474931270955128,0.8632655000460444,0.1745061001542913,0.6268095743686302,9.387015605401576,1.216097258671077,7.718967819777417,0.6268095743686302,0.06626832921962296,14.439511844917538,1.769346285613774,0.0011372702288800893,0.0020122248552081126,5362.131716853279,1723.5541083272212,13.887631044194839,0.11378603376159563,0.020633333333333333,93.30000000000001,elec 220u/63V,BSC0902NS PG-TDSON,True,0.2175250974665797,
LNGT72,0.002968974120329874,0.00552753808529307,potcore,0.0005083439213522593,0.0001569473861686806,0.00015253733473452648,12,0.019311076582406935,0.0003462678092694357,42.63020277944355,5.1445100938716274e-05,screen,30,0.010348774750463006,0.03862215316481387,1.0485656995308525,0.9468511414715406,0.13596328710762906,0.38683673564671117,2.5014548466968276,0.5079662721173003,4.924450665337064,0.38683673564671117,0.06291502622588335,4.0529316392772845,1.3462351411889963,0.00042044716698984275,0.0005660207512150845,7454.004112078145,1890.4180251702298,10.81149172165593,0.09019999697061905,0.03203333333333334,149.3,elec 100u/63V,BSC0902NS PG-TDSON,False,0.0,pivot 1.35 < 1.5; electronics do not fit
LNGT72,0.005543621880677293,0.010005940226949233,potcore,0.0011380902564256435,0.0005138466149695964,0.0001940992711096321,8,0.021322220743129495,0.00035624745566224374,70.52035650370021,6.833609925925871e-05,screen,18,0.017663906023434338,0.04264444148625899,1.0495761160721786,0.9257488233440538,0.10712707616772771,0.4408683486598331,11.056471959168956,2.095465716705421,5.276379313211768,0.4408683486598331,0.1300500238222258,8.666367976460963,1.9620946746566181,0.002241289618581719,0.0043976224249823535,10018.111123029914,3422.0315576166377,24.088661270214704,0.35687655979681,0.017633333333333334,85.1,elec 100u/63V,BSC160N10 PG-TDSON,True,0.21637518247838877,
LNGT72,0.0032733537399329865,0.005060657217405963,potcore,0.0005853333112912161,0.0002303790326797616,0.00016174396290909661,12,0.020887753663467713,0.00030153059781007536,61.17255119669816,6.836444133317602e-05,screen,30,0.011193713451652796,0.04177550732693543,1.0473178042243183,0.9196774607333976,0.15993354360733675,0.46642974956301725,3.2407315256145823,0.5887542141825858,5.504387820160145,0.46642974956301725,0.06839637436768514,4.829931437031679,1.6313692847468406,0.0004943964916171457,0.0008065432509108103,10877.849685306988,1730.7447683528392,9.73299650329684,0.09714370493860655,0.03203333333333334,149.3,elec 100u/63V,BSC0902NS PG-TDSON,True,0.09988478729655755,
LNGT72,0.0037272921260686955,0.010646613918487539,potcore,0.0007658597196557163,0.00033298473036701067,0.00021976314931995128,12,0.021385062577234874,0.0003561413756260866,68.6193390932287,7.022132051061683e-05,screen,30,0.011460220495318215,0.04277012515446975,1.0499518510349901,0.9833218296388344,0.09559218093837357,0.31247554764595004,3.7754017719102864,1.0724330302630005,3.5204079559023067,0.31247554764595004,0.11237513441203355,3.4247111185019774,1.9788059256788721,0.000831632229829484,0.0016456387843721166,14499.172241765884,3641.141960122738,17.232208203481242,0.31278226310970614,0.023033333333333333,148.5,elec 220u/63V,BSC0902NS PG-TDSON,True,0.10728533076968992,
LNGT72,0.0043205031471103455,0.004298772477990298,potcore,0.000537952331898083,0.00014506961849658826,0.00010549196786115085,8,0.018242745059741956,0.00015,35.11160788136816,5.419191157850635e-05,screen,18,0.015112784837319792,0.03648549011948391,1.0461634297926294,0.8593148772364165,0.3038178818606481,0.7313532104126856,8.002951405739203,0.8224148993238958,9.731038934628252,0.7313532104126856,0.043492760532678976,18.757035431614725,2.2240105405394037,0.0006413015224206308,0.0014262613455274496,2419.7234617201516,1470.1801874726818,21.333177561042792,0.22196682826368969,0.017633333333333334,85.1,elec 100u/63V,BSC160N10 PG-TDSON,True,0.1465394339717388,
LNGT72,0.0030122764808111244,0.005638076512386667,potcore,0.0005035734309449653,0.00014152542305184403,0.0001119496411823969,12,0.021458583233640745,0.0001501692243822619,36.87834791066844,6.503108593996978e-05,screen,30,0.011499620096340134,0.04291716646728149,1.0495946262397147,0.9477275712535757,0.11245674593506316,0.38430768893528555,3.078646912777437,0.5724220393894828,5.378281584093042,0.38430768893528555,0.05657071424724358,5.54752430270196,1.5837246915818801,0.0004200908956668024,0.0006653083241762624,3519.927611987899,1928.22216723624,20.202019976269224,0.39810887350209667,0.023033333333333333,135.7,elec 220u/63V,BSC160N10 PG-TDSON,True,0.07115883851642021,
LNGT72,0.005258887831334137,0.004345284134126732,potcore,0.0008851585808898873,0.0003603977282350177,0.00014941036852335777,8,0.02094749674336893,0.00032897543744699753,36.13042999941332,4.0051275024740774e-05,screen,18,0.017353474497739302,0.04189499348673786,1.0464773004981276,0.7957786148821713,0.21207959509326857,0.7873248435200225,11.348658130471076,1.3824307330767016,8.209205610767782,0.7873248435200225,0.06356221186828445,18.200214417595912,2.5154925050711463,0.001076183282569374,0.002707130981386124,3158.747787931861,1486.0871738713422,16.998181625554572,0.10415108209741782,0.017633333333333334,93.1,elec 100u/63V,BSC0902NS PG-TDSON,True,0.25941970816106,
LNGT72,0.003497366561605194,0.0060464361424687404,potcore,0.000598248725965191,0.00029112072880601897,0.0001493727152361907,12,0.02123251975032602,0.00032696674497266004,51.744512229155255,6.764527438528819e-05,screen,30,0.011378473040755439,0.04246503950065204,1.048804347496163,0.925861016867594,0.13454909843278004,0.44554185909021565,4.093790677133777,0.7664147908960026,5.341481826502585,0.44554185909021565,0.07321679664542148,5.699619995386438,1.9866567371850241,0.0005379759027499246,0.0010687734516413331,9290.470810256624,2067.881160724309,11.517339023487354,0.1345962696521802,0.028033333333333334,148.89999999999998,elec 470u/63V,BSC0902NS PG-TDSON,True,0.11694142440201477,
LNGT72,0.003327353875422394,0.010482181116540005,potcore,0.0008632439780767311,0.00040883108822250755,0.00019545739070221142,12,0.021353767462002262,0.0003544818361769061,69.25672056558966,6.806485179113711e-05,screen,30,0.011443449493610982,0.042707534924004524,1.0498077560685322,0.9840627280071963,0.08942169924613103,0.3143556953542575,3.093583249413932,0.9137937346693907,3.385428387220433,0.3143556953542575,0.1104865747744941,2.854192693543949,1.8128000039465224,0.0008164593775166814,0.0014800775627844152,15263.227547363653,3584.9059418566817,16.2664697423039,0.2701473934851497,0.023033333333333333,148.5,elec 220u/63V,BSC0902NS PG-TDSON,False,0.0,hold 2.9 < 3.0
LNGT72,0.002851173460382706,0.00574154126405655,potcore,0.0005250642917179267,0.00013419414405626566,0.00019621752954922933,12,0.01924425772600807,0.00033148059902115694,42.593994553136234,7.366100688952813e-05,screen,30,0.010312966633240512,0.03848851545201614,1.0480282519718285,0.9617568262487132,0.14398024439529022,0.3535669259320508,1.8674108262774787,0.4125313926081754,4.526712050859984,0.3535669259320508,0.06895512911900961,2.7606051185065654,1.01943319146739,0.0004592173656966513,0.0004681414246893848,9287.054246328755,1963.6071123073402,9.005855724292891,0.08961462266559093,0.03803333333333334,149.8,elec 100u/63V,BSC0902NS PG-TDSON,False,0.0,hold 2.8 < 3.0; pivot 1.02 < 1.5; electronics do not fit
LNGT72,0.00531812785100281,0.009925125682228662,potcore,0.001325844807004657,0.0011651764060442136,0.0001958306079202396,8,0.021576499773042258,0.0004340367705776371,93.28518147876383,7.55414658811272e-05,screen,18,0.01787455766906822,0.043152999546084515,1.0497246396704443,0.9004211518260699,0.10715171373283518,0.5264371879286323,10.171392922390375,2.10299991120248,4.8366111991771055,0.5264371879286323,0.14948011621011176,6.936302058388893,2.00970145214903,0.0026068709239629503,0.005239032281453425,13959.613829556134,3394.3929833222023,22.68304620211134,0.34980875295707503,0.017633333333333334,85.1,elec 100u/63V,BSC160N10 PG-TDSON,True,0.20623910905153361,
LNGT72,0.002709707632438808,0.004549218447371821,potcore,0.000355560605859527,9.263933238323704e-05,6.961643676530024e-05,12,0.01840997311972171,0.00015,34.9283523190927,5.4834357149775646e-05,screen,30,0.009865874860216218,0.03681994623944342,1.0495099638433951,0.9403013265520818,0.17186073101651042,0.4806555517476808,2.956637139717187,0.4160975606891494,7.105634396943696,0.4806555517476808,0.04840011613611389,6.227053784854842,1.356297289600424,0.0003083543791542046,0.0004182202086832692,3815.2487521343514,1555.8327090011628,14.243546499860674,0.16687077805201925,0.028033333333333334,148.89999999999998,elec 470u/63V,BSC0902NS PG-TDSON,False,0.0,pivot 1.36 < 1.5; electronics do not fit
LNG40,0.005756971367646889,0.009660298069384898,potcore,0.0011254274327681883,0.0004985404640481677,0.0001810696873865843,8,0.02122199645076348,0.00036125941769527047,59.75949626865511,6.82690825236074e-05,screen,18,0.01758087750107984,0.04244399290152696,1.2281212836457618,0.965098807137608,0.28310949218815146,0.6885108197616793,14.998478299474899,0.848080509171115,17.685205752616458,0.6885108197616793,0.13009478307198935,11.752176639094792,0.8647813235461205,0.0022315222791128623,0.0019297787900538763,8156.614897356951,1420.06381619958,10.404107511920113,0.06650835994644065,0.017633333333333334,93.1,elec 100u/63V,BSC0902NS PG-TDSON,False,0.0,pivot 0.86 < 1.5
LNGT72,0.0038199436042958305,0.010268665210169304,potcore,0.0007382327123394973,0.0002773922553113555,0.0001923157184990532,12,0.021421265898258712,0.0003531136726655834,70.18809274540138,6.969939898249187e-05,screen,30,0.011479621796581541,0.042842531796517425,1.050049770434619,0.9815476567547763,0.09071647792517402,0.3141670165719774,4.2115419806779535,1.1026963405216306,3.8193125576944267,0.3141670165719774,0.10897470653818753,3.9395482014080203,2.0377920699145777,0.0008078326511934532,0.0016461949704200882,14362.815408599938,3511.883501877902,17.161844522019017,0.3079273174291111,0.023033333333333333,148.5,elec 220u/63V,BSC0902NS PG-TDSON,True,0.11389607337580486,
LNGT72,0.003391106865209738,0.010594511891183645,potcore,0.0008660180260971359,0.00038861793374231476,0.0001953604973287954,12,0.021454970078885735,0.00035475988615567554,97.58221737266413,7.324596364220848e-05,screen,30,0.011497683812542667,0.04290994015777147,1.049876426366094,0.9855510961949345,0.08734069807812042,0.31065918150170146,3.20742647866189,0.9228034187740611,3.475741868103325,0.31065918150170146,0.11286427431400657,2.896884694839593,1.8255923595209662,0.0008379825385643677,0.001529814519815093,22086.591938253965,3623.3230667848065,16.00844078175758,0.281561340197174,0.023033333333333333,148.5,elec 220u/63V,BSC0902NS PG-TDSON,False,0.0,hold 2.9 < 3.0
LNGT72,0.0033166980183098526,0.004982509033395544,potcore,0.0005904164790240621,0.0002265677204071978,0.0001536620159680125,12,0.02087786973881053,0.00030639848616703945,60.58529284309725,7.023537780003847e-05,screen,30,0.011188416672392912,0.04175573947762106,1.0475269058283607,0.916665772040834,0.15789575863098718,0.4751456414179215,3.427968588752184,0.605846076949405,5.658151004315999,0.4751456414179215,0.06859575737917065,5.094136415913851,1.6778055032531392,0.0004956030855846122,0.0008315255844230988,10739.6963235194,1704.018089421276,9.612789025648338,0.0973522522952364,0.03203333333333334,149.3,elec 100u/63V,BSC0902NS PG-TDSON,True,0.10336419308688967,
LNGT72,0.0029382600427816223,0.005857016342673655,potcore,0.0007463831236834043,0.0009118959438408495,0.0001591587822950018,12,0.02153923315556572,0.00042716041570612593,79.54311170191642,7.667739927007293e-05,screen,30,0.011542840259238995,0.04307846631113144,1.0492015883371955,0.8966494834663569,0.1447775953710826,0.5523361567255567,2.7775390095494568,0.6268288013285281,4.431096662537874,0.5523361567255567,0.08129743598255057,3.482685927565347,1.5754586404601663,0.0006059791038169863,0.0009546950150467792,16495.234873060603,2003.0995891943899,9.659321349438226,0.10731288295062791,0.03203333333333333,149.2,elec 220u/63V,BSC0902NS PG-TDSON,True,0.09410107208759691,
LNGT44,0.003196209116263673,0.006785846202141711,potcore,0.0005088169362887892,0.0001172987627036813,0.00011063344257299017,12,0.021213639473626162,0.00015070926516202193,38.54215048002071,6.430805473880336e-05,screen,30,0.011368355130966235,0.042427278947252324,0.8707417445288123,0.8005272480175126,0.07257615656606053,0.25985786005649664,2.2785416609175257,0.3945815505302368,5.774577290437509,0.25985786005649664,0.06004637813329934,3.8681307839560346,1.2186247308539873,0.0004408111416862148,0.0005371833588948023,3516.0521512912064,2483.6197099838664,27.224864842289286,0.7149704565216146,0.020033333333333334,135.5,elec 100u/63V,BSC160N10 PG-TDSON,False,0.0,pivot 1.22 < 1.5
LNGT72,0.00328966998886723,0.006686135381908407,potcore,0.000742492057195766,0.0007245478529888779,0.00013951010453981533,12,0.02156135008817454,0.00043000511532443773,87.52666078214021,6.553488458069144e-05,screen,30,0.011554692687702168,0.04312270017634908,1.0496320790892195,0.9134359191699147,0.11154743672116428,0.48937870339521283,3.7485389946780088,0.7893680058062945,4.748785062360223,0.48937870339521283,0.08530617096625309,4.4793250289823,2.138553524379079,0.0006365125373476595,0.0013612161300563077,16308.491135321341,2286.6583006126752,12.272353324515402,0.14805377948341075,0.028033333333333334,148.89999999999998,elec 470u/63V,BSC0902NS PG-TDSON,True,0.1099196055768048,
LNGT72,0.0029101115490513412,0.005533061035615435,potcore,0.0004996684183737076,0.00015335907121485792,0.0001516266241815186,12,0.019452119584734834,0.0003244564154150987,42.69160385865315,4.775746093750488e-05,screen,30,0.010424359467606649,0.03890423916946967,1.0486885714047005,0.9492348563284434,0.13409630763353617,0.38076045161410793,2.381190729664781,0.4925820407484328,4.834099769546576,0.38076045161410793,0.06220289310191487,3.902245524692048,1.2881709344595107,0.0004187242156239845,0.0005393883641211738,7321.812439477102,1892.3068741804786,11.033554344542678,0.08720941334777679,0.03203333333333334,149.3,elec 100u/63V,BSC0902NS PG-TDSON,False,0.0,pivot 1.29 < 1.5; electronics do not fit
LNGT72,0.005225831938391759,0.006290112777794334,potcore,0.0009266611090191371,0.00036974755165356844,0.00015615532865700198,8,0.021101820249451023,0.00035655178659082056,64.66242507546612,6.55608647496576e-05,screen,18,0.017481320276163642,0.042203640498902045,1.048666454959972,0.8789751593896749,0.1476015809139857,0.5803677261324749,10.87502353012534,1.5540727164515622,6.997757193084533,0.5803677261324749,0.08224441608831763,13.478910088275592,2.00363590523656,0.0014027537847625883,0.0028106078493567994,8152.805653417464,2151.218570005662,17.06198031908608,0.17176950181271594,0.020633333333333333,93.30000000000001,elec 220u/63V,BSC0902NS PG-TDSON,True,0.23184510656045615,
LNGT72,0.006547513083943384,0.0060017220537200225,none,0.0003555067477417349,0.0,0.0001512551645502282,8,0.01936090481327714,0.0003232928272731574,41.90311782298692,5.49247877447859e-05,screen,18,0.016039098706947853,0.03872180962655428,nan,nan,nan,nan,0.0,0.0,inf,nan,0.06624978806774538,0.0,0.0,nan,0.0,4321.703616359212,2052.588942372248,19.901845181794958,0.19579319065177844,0.025633333333333334,93.7,elec 470u/63V,BSC0902NS PG-TDSON,False,0.0,open-circuit demag margin 0.98 > 0.8 [prescreen]
LNGT72,0.0033824542294108723,0.0059279194005535454,potcore,0.0006185417872569117,0.0002904851628999516,0.00015812622045527477,12,0.02110706385245467,0.00035400328864092386,67.29401219231941,6.913847837028612e-05,screen,30,0.011311241427714742,0.04221412770490934,1.0486087786157194,0.9271211430407492,0.1377446497923602,0.4415379283517351,3.652329181333912,0.7126162691988613,5.125239682557261,0.4415379283517351,0.07592313930747843,4.903732244336641,1.8134287800862503,0.0005545651109420741,0.0010056643326140815,12375.484916774607,2027.3484349893126,11.024086023273787,0.12603647931812645,0.03203333333333334,149.3,elec 100u/63V,BSC0902NS PG-TDSON,True,0.10840933317618508,
LNGT72,0.003513035493009167,0.0046296821507892695,potcore,0.0006259528733414286,0.0002535322017436616,0.00015366057756420538,12,0.020948168062936732,0.0003543815643197077,63.59182772003287,3.8886722525180805e-05,screen,30,0.011226089430750666,0.041896336125873464,1.0467272917375672,0.8956927727458888,0.17463037807444837,0.5375512322242668,4.070054045337339,0.6776111788948175,6.006474172955041,0.5375512322242668,0.0641900107110216,6.463439985349614,2.006792107975532,0.00046533322241384354,0.0009338270383189242,7770.603422248479,1583.3512955699302,12.957578367709184,0.0979355323913946,0.026033333333333332,148.8,elec 100u/63V,BSC0902NS PG-TDSON,True,0.11913339862922025,
LNGT72,0.002908781312886434,0.005936278110749102,potcore,0.0007156066720989124,0.0008282254941532175,0.00015763270920804133,12,0.021546548944765858,0.0004308623396986173,79.27567940122857,7.659723840184428e-05,screen,30,0.011546760778855341,0.043093097889531716,1.049248931375737,0.9051536109727779,0.13781452190101037,0.5249106109125475,2.6896836322393263,0.5994773554513102,4.486714315029341,0.5249106109125475,0.08515971944007308,3.2195707324091263,1.4132453522157857,0.0006349835939883173,0.0008973876129372649,16762.202872042148,2030.207113876193,9.601724159190688,0.10592606074202801,0.03803333333333334,149.8,elec 100u/63V,BSC0902NS PG-TDSON,False,0.0,pivot 1.41 < 1.5; electronics do not fit
LNGT72,0.0016630785484265968,0.004480755172526891,potcore,0.0003,5.5145419326435155e-05,0.00011064763162808534,20,0.018499893333950364,0.00015400319841126671,35.46980961485892,5.469464882397143e-05,screen,54,0.005860190503522695,0.03699978666790073,1.0499928413789592,1.0029694168933652,0.10325881074414389,0.2789593573238785,0.6126977019456218,0.16207928583560813,3.7802344623301316,0.2789593573238785,0.06391713469985408,0.9771470967421433,0.8654754756965382,0.00014459464028802432,0.00012514311508644767,6376.926158968202,1532.4182690041966,8.523633941639554,0.1072897374681268,0.04583333333333334,260.29999999999995,elec 220u/63V,BSC0902NS PG-TDSON,False,0.0,hold 1.0 < 3.0; pivot 0.87 < 1.5; electronics do not fit
LNGT72,0.004416883676182804,0.004341873083382474,potcore,0.0007570567168261596,0.00024735284665658224,0.00015027420352814558,8,0.019230373384181855,0.0003425519698998327,42.77360207188255,5.4959839172971e-05,screen,18,0.015930962930453436,0.03846074676836371,1.0457836827179743,0.8517597358679557,0.19931513295345704,0.6570768800966581,7.279809200113629,0.9921513145090478,7.337398130360731,0.6570768800966581,0.056873421475911054,13.047930461644729,1.8771528332518117,0.0008839998289721519,0.0016594027835491918,5038.426600650355,1484.9205945168062,12.606197857483252,0.07860609122588756,0.023633333333333333,93.6,elec 100u/63V,BSC0902NS PG-TDSON,True,0.1996972314853911,
LNGT72,0.005279935027684599,0.0050066698637676365,potcore,0.0006489424426607592,0.00017310052402647679,8.838676762198062e-05,8,0.021070250236228966,0.0001811377944915793,43.214940900558645,5.34294530636069e-05,screen,18,0.017455166820881895,0.04214050047245793,1.047113404479809,0.8403246051244819,0.29013700195376874,0.7613702826123292,14.359863942357372,1.3842055763538712,10.374083292008269,0.7613702826123292,0.06254473837729653,23.404024143144532,2.289172263226016,0.001065161797627587,0.002438338842977035,3558.8552675435217,1712.2810934085317,20.792114512672782,0.20788375587380586,0.020633333333333333,85.30000000000001,elec 220u/63V,BSC160N10 PG-TDSON,True,0.23264043079981298,
LNGT72,0.0029285420259305664,0.0059195777195117615,potcore,0.0007534367667667715,0.0009036565489769173,0.00014981085702466,12,0.021521837551174258,0.00045186739652833263,79.09304309676718,7.780456764882954e-05,screen,30,0.011533517982941907,0.043043675102348515,1.0493805275206363,0.8992848594768539,0.13659402858754288,0.5436103801783863,2.801789874117726,0.6243641888346846,4.487428850374965,0.5436103801783863,0.08780862516965825,3.252590405592743,1.4564890099285621,0.0006539839480820399,0.0009525204330511824,16601.337488030666,2024.4955800730224,9.645217819309865,0.10857264859561236,0.03803333333333334,149.8,elec 100u/63V,BSC0902NS PG-TDSON,False,0.0,pivot 1.46 < 1.5; electronics do not fit
LNGT72,0.003885210620063399,0.005598258784150002,potcore,0.000701016736964424,0.0002937478455537995,0.0001469413405825204,12,0.021414417253036225,0.0003572957268443562,69.9314842831352,7.320808580658095e-05,screen,30,0.011475951618668314,0.04282883450607245,1.0484658578928807,0.9050599640599952,0.14507698139466704,0.5065196999380804,5.361542359556454,0.8893338725001274,6.028717139136838,0.5065196999380804,0.08044032416458867,6.794334464727617,2.215901853865832,0.0005961158028324847,0.0013209341126152216,11495.281843807354,1914.6045041793006,11.647486039201674,0.1489754505592661,0.028033333333333334,148.89999999999998,elec 470u/63V,BSC0902NS PG-TDSON,True,0.1331907090233974,
LNGT72,0.003009487902673763,0.010000571305516385,potcore,0.0009183238091077604,0.0007211934319170906,0.00019705379300220138,12,0.021550666221027814,0.0004296342684803211,91.36736200242476,7.687195455373882e-05,screen,30,0.011548967220554155,0.04310133244205563,1.0498040133366289,0.9690458997794427,0.09286968209105066,0.3455725231184503,2.5485633301361217,0.7826387084876085,3.256372707479588,0.3455725231184503,0.11232682471563876,2.312825890438537,1.6036438667737751,0.000837712016626417,0.0013433917375856445,22270.370473319923,3420.1953864866036,14.031837969220812,0.22703264292175995,0.026033333333333332,148.8,elec 100u/63V,BSC0902NS PG-TDSON,False,0.0,hold 2.3 < 3.0
LNGT72,0.00414935673779843,0.005414838980575494,none,0.00035799661032315786,0.0,0.00014706175208983885,12,0.019271054657894145,0.0003212659554984369,38.441319965843675,5.500765043318777e-05,screen,30,0.010327327065757523,0.03854210931578829,nan,nan,nan,nan,0.0,0.0,inf,nan,0.06837243228130999,0.0,0.0,nan,0.0,5493.089664602995,1851.874931356819,12.959649508680886,0.1385800988374439,0.03803333333333334,149.8,elec 100u/63V,BSC0902NS PG-TDSON,False,0.0,open-circuit demag margin 0.96 > 0.8 [prescreen]
LNGT60,0.005279457273236239,0.009734709768434827,potcore,0.0012885358074534174,0.0011915913113479115,0.00020926960851261344,8,0.021495013495112868,0.0004369737601170247,96.41432204687278,7.795065470294867e-05,screen,18,0.017807052226136908,0.042990026990225735,0.8999536838859565,0.7852485748360524,0.10065877744604662,0.4922651825401079,7.274908312191414,1.6545921371424905,4.39679855166924,0.4922651825401079,0.1437234800594731,5.159775336630305,1.6423056901635043,0.0024970115711086065,0.004100856311635776,14696.195966690713,3270.862482194102,21.458477380409352,0.323042811947194,0.017633333333333334,85.1,elec 100u/63V,BSC160N10 PG-TDSON,True,0.16322179384878757,
LNGT72,0.004791870089557358,0.004509262050186943,potcore,0.0005906519051311985,0.00016299349127193275,8.808911174733017e-05,8,0.0190410671953816,0.00017306437812710695,42.681905287665636,5.4470630304128286e-05,screen,18,0.015774136548768983,0.0380821343907632,1.0468193680663187,0.8376499081336829,0.29832369367729605,0.7649517106442356,11.40348594589376,1.1205078828006496,10.17706891752636,0.7649517106442356,0.052482054348624574,22.149187399337553,2.4105901781226557,0.000807713274770566,0.0019470656869012126,3534.305478138618,1542.1676211639347,18.623928449696407,0.1700385915971332,0.020633333333333333,93.30000000000001,elec 220u/63V,BSC0902NS PG-TDSON,True,0.2059116949985875,
LNGT72,0.0016873924725158479,0.005698819951204081,potcore,0.0003,9.106845685652097e-05,0.0001479290743995477,20,0.01923389863975803,0.0003540654776437765,42.98364666376984,5.4590248128966874e-05,screen,54,0.0060927005426338705,0.03846779727951606,1.0500487394384304,1.019164936243237,0.09871645764407534,0.25018531089482005,0.5421158957383602,0.17489750016596337,3.099620607635539,0.25018531089482005,0.09668435891429787,0.5715666920602336,0.6220086659709271,0.00022739934935162766,0.00014144436593286272,13060.916216207239,1948.9964233117955,6.414172805475115,0.060640132950107964,0.07483333333333334,262.59999999999997,elec 470u/63V,BSC0902NS PG-TDSON,False,0.0,hold 0.6 < 3.0; pivot 0.62 < 1.5; electronics do not fit
LNGT72,0.0033346733405844376,0.0045244951181619515,potcore,0.0005930544418645238,0.0002361432023187876,0.00015367686316573103,12,0.020905440128114693,0.0003468954652690094,62.9689021756388,3.9099089564053723e-05,screen,30,0.011203191599491036,0.04181088025622939,1.0465001046589166,0.9010350580998892,0.17541308297853353,0.5224508679269334,3.5422623429588627,0.6091071352428657,5.815499668291485,0.5224508679269334,0.06264848756897871,5.763696764673871,1.8283474266210016,0.0004532318991979306,0.0008286653765610856,8004.083355853151,1547.3773304113874,12.173367944278493,0.08691193151347268,0.028033333333333334,148.89999999999998,elec 470u/63V,BSC0902NS PG-TDSON,True,0.11011410358364536,
LNGT72,0.0028991917635263326,0.006046807472168309,potcore,0.0007498001508081965,0.0009432505523189149,0.00015761642360651569,12,0.021589276879587897,0.0004304969750171456,79.89860494562264,7.638487136297137e-05,screen,30,0.01156965861011497,0.04317855375917579,1.0493096798411523,0.9017400703322758,0.14108248287429165,0.5390393327258111,2.6952864027471484,0.6109223552076738,4.411831355935447,0.5390393327258111,0.08242902486223098,3.3331568490682777,1.5245146116159043,0.0006158413144168018,0.0009388590822651587,16890.826503121563,2068.0081554815615,9.782290204011685,0.10964269345858166,0.03203333333333333,149.2,elec 220u/63V,BSC0902NS PG-TDSON,True,0.09080834876061568,
LNGT72,0.0029111433808736093,0.005385405156870379,potcore,0.0005300395657805562,0.00013735173366909124,0.00011034404379680567,12,0.02118641580505228,0.00015419069453485602,36.931752069362595,6.503048562778163e-05,screen,30,0.011353766010947465,0.04237283161010456,1.049591707480398,0.9465160860613637,0.10948049262274091,0.38294764608779314,2.84402223927729,0.5113830782719592,5.561432045987269,0.38294764608779314,0.053921275803031306,5.376551640589688,1.3814702659827687,0.0003953376834909161,0.0005461472547652075,3796.9878344783174,1841.8085636496696,17.914520719364944,0.3130535576013566,0.021753333333333333,78.1,elec 220u/63V,IRLML6344 SOT-23,False,0.0,pivot 1.38 < 1.5
LNGT72,0.0030798539278383196,0.005629934841162836,potcore,0.000514500713166918,0.00014449923171854604,0.00013660099281339726,12,0.021465506882672233,0.00016742019951152093,38.93306489924357,6.529684313682279e-05,screen,30,0.011503330468673462,0.042931013765344465,1.0490377549115784,0.9465093669552164,0.1284840658716313,0.38915863177605514,2.915690521111644,0.5431136240986443,5.368472436961138,0.38915863177605514,0.05760467658995548,5.159583852026168,1.5621513939938487,0.00042790706144010734,0.0006684556125284752,4517.977938291675,1925.43771567769,16.5921995564847,0.2696443775387844,0.023033333333333333,148.5,elec 220u/63V,BSC0902NS PG-TDSON,True,0.07405273470046059,
LNGT72,0.004360171118757927,0.004212832153538544,potcore,0.0007483149441112972,0.00023101080909184097,0.00015160399911572214,8,0.019278171404662193,0.0003163210951892741,43.90069763529846,5.2946034502363915e-05,screen,18,0.01597056010712852,0.038556342809324386,1.0452526339579717,0.8511392956046616,0.20509440800796705,0.6594354199490564,6.985982438409663,0.9525855410031674,7.333706147851801,0.6594354199490564,0.05257111328336682,13.546007387976733,1.9062810084599193,0.0008191588349200267,0.0015615469299202012,5079.156673062486,1440.7885965101823,12.453174533330916,0.07389858071170312,0.020633333333333333,93.30000000000001,elec 220u/63V,BSC0902NS PG-TDSON,True,0.19855875607944812,
LNGT72,0.0029698822640844232,0.005788590771277954,potcore,0.0007571513012029737,0.0009301845781550358,0.00015926630081056396,12,0.02153802597193123,0.00043190557094172874,76.97314906295635,7.869615931939528e-05,screen,30,0.011542193331479038,0.04307605194386246,1.0491759426387057,0.8926755920597412,0.14693539887833892,0.5640372966658498,2.80022947598606,0.6357808015015387,4.404394516746481,0.5640372966658498,0.08198581860706164,3.48165615241583,1.6056346448573162,0.0006110759562633986,0.000981164726015827,15934.54763851883,1979.6980437770603,9.563094985824106,0.10795474491406432,0.03203333333333333,149.2,elec 220u/63V,BSC0902NS PG-TDSON,True,0.09495849975553308,
LNGT72,0.004701300976283143,0.0045360545378006645,potcore,0.0006042913045791103,0.00015552325224845698,8.645708689047375e-05,8,0.01908248539282335,0.00015409346577313656,33.64468158450231,4.49033551679689e-05,screen,18,0.01580844850698782,0.0381649707856467,1.0477314057433667,0.8498988560148772,0.27356126561136473,0.7394186236934785,10.940218389904809,1.0967722001040192,9.974923132503928,0.7394186236934785,0.04934841508224561,22.598716558327485,2.4733315132328295,0.0007611377391878447,0.0018825459562440865,2240.6897270364993,1551.3306519278274,23.293731919510837,0.2192802148420991,0.017633333333333334,85.1,elec 100u/63V,BSC160N10 PG-TDSON,True,0.19110658812963432,
LNGT72,0.002409564264986677,0.005201418065385289,potcore,0.0004328766555979184,0.00017811013199343724,0.0001597556032190538,16,0.02084714076643392,0.00030469490506918767,62.5170291364804,8.667540154950603e-05,screen,42,0.008293508245896699,0.04169428153286784,1.0485032933449343,0.9574915825677714,0.13706861365292936,0.3634910692208946,1.4646154867153423,0.34042842063280926,4.302271484833214,0.3634910692208946,0.08255503108046966,1.8084690030131767,1.0285756147257636,0.0003307647067741158,0.0003402165115997731,16592.4207947101,1778.884978361769,6.702494192899541,0.08176888011721199,0.05243333333333334,205.8,elec 220u/63V,BSC0902NS PG-TDSON,False,0.0,hold 1.8 < 3.0; pivot 1.03 < 1.5; electronics do not fit
LNGT72,0.0044399919562919206,0.004434724455817635,potcore,0.000741824775821147,0.00023452854292091904,0.0001505899747294518,8,0.019198442499307286,0.00028424212347705424,41.429325975804836,5.436021115538887e-05,screen,18,0.015904510519306195,0.03839688499861457,1.0456446257228103,0.8581185621296717,0.19941734025986005,0.643508040963735,7.3194781815273755,0.9820199112842679,7.453492640444626,0.643508040963735,0.05402468249634161,13.810801712277563,1.9537890500364568,0.0008383267590096364,0.0016379136421055792,4880.89993309423,1516.675763889631,12.873620742712582,0.08108211447220154,0.020633333333333333,93.30000000000001,elec 220u/63V,BSC0902NS PG-TDSON,True,0.19944857055038315,
LNGT72,0.004436053037986199,0.005193441782657941,potcore,0.0007617564018234175,0.00023787496916066695,0.00015153657524849448,8,0.01923331547333547,0.00032847470582175693,43.097872090749526,5.4586548658799134e-05,screen,18,0.01593340023691171,0.03846663094667094,1.0474931062431918,0.8863915947825572,0.16717853506754343,0.5627580414250929,7.247063568820498,1.0300909607029092,7.035362744932037,0.5627580414250929,0.058488080961366554,12.630649724687789,1.8146649078084398,0.0009092360267496975,0.001649958710657852,5351.761147146738,1776.157089669016,14.303439364898534,0.1005099608920793,0.020633333333333333,93.30000000000001,elec 220u/63V,BSC0902NS PG-TDSON,True,0.1915923131409046,
LNGT72,0.003005730412115239,0.005587198099770887,potcore,0.00048749276548139335,0.0001386561525581712,0.00011043090541342305,12,0.02123258234173454,0.00015,36.87671935119028,6.434258861274562e-05,screen,30,0.011378506583390171,0.04246516468346908,1.0496062532013661,0.9470616442234914,0.12852205376152395,0.40412640467213795,3.0451149150896044,0.5124907973826478,5.9417943319984925,0.40412640467213795,0.05553543715240093,5.5893909098330035,1.6905801322250384,0.00040805957620703467,0.0006898574122997819,3534.591185979732,1910.8217501216432,19.93578145299832,0.38358031939940274,0.023033333333333333,148.5,elec 220u/63V,BSC0902NS PG-TDSON,True,0.06623062407223987,
LNGT72,0.004773523041100233,0.006593229834759028,potcore,0.0007880645574193938,0.00022357500218698012,0.00011199416012985175,8,0.0214581291064011,0.0001501702798786388,38.37908813571597,6.503612163577597e-05,screen,18,0.017776496198048396,0.0429162582128022,1.0495281003570858,0.9106929303471433,0.1314001810171319,0.5092866085338403,9.889892439738409,1.2771456155722039,7.743746929990757,0.5092866085338403,0.06941544536210653,14.523338060095686,1.9172097788214364,0.0012039351011112105,0.0023081961489167875,2315.7654874625355,2254.884603487588,37.3701116981169,0.8174212732602433,0.017633333333333334,85.1,elec 100u/63V,BSC160N10 PG-TDSON,True,0.13803928212930314,
LNGT72,0.003072881242591846,0.005399803988530842,potcore,0.0004777523346152375,0.0001342022412458091,0.00010905408996750867,12,0.021192674680839456,0.00015170855793775103,38.98852862312923,6.5303488405806e-05,screen,30,0.011357120132372866,0.04238534936167891,1.049398621449879,0.9422028620182491,0.14205051302364208,0.42647977506165474,3.2804613521266246,0.5217024134297282,6.287993437792469,0.42647977506165474,0.05507635627272156,6.0715659625051535,1.722267919853538,0.0004039257448555713,0.0006956683523676957,3760.8141947723357,1846.732964077548,19.14516306849146,0.35904243436734234,0.023033333333333333,148.5,elec 220u/63V,BSC0902NS PG-TDSON,True,0.0696663601576833,
LNGT72,0.0030763055894838104,0.005425217336565606,potcore,0.0004930920846059726,0.0001403899088359424,0.00011050598023829162,12,0.021193350066898632,0.00016867387675681997,39.04252020733652,6.545161836222676e-05,screen,30,0.011357482070671138,0.042386700133797264,1.0494024505683792,0.9416785010649232,0.1360576137212908,0.4213182229254015,3.2638593451022713,0.5234934764296729,6.234766032544331,0.4213182229254015,0.058738499440551796,5.664213042501869,1.646813882678388,0.00043079734869706505,0.0007094430544553691,4630.941425998989,1855.4243291054372,15.64270311336446,0.24023443231701902,0.026033333333333332,148.8,elec 100u/63V,BSC0902NS PG-TDSON,True,0.07589738080317095,
LNGT44,0.0037219095701093584,0.00660042246713263,potcore,0.0008215741677147718,0.0007584594125187334,0.00015453711459280614,12,0.021542861347305806,0.0004307143804864597,87.69135168592311,6.549531501094299e-05,screen,30,0.011544784601332478,0.04308572269461161,0.8682949158245039,0.7331928069763732,0.09405004514086632,0.42043757850360775,3.232143071902099,0.6958550844586536,4.644850837608771,0.42043757850360775,0.09660700172567094,3.410460042965246,1.6442779602181026,0.0007202156469087707,0.0011842347148163146,14618.583164594063,2415.7546229705426,14.491198349705932,0.2063051627401545,0.028033333333333334,148.89999999999998,elec 470u/63V,BSC0902NS PG-TDSON,True,0.08597695757217433,
LNGT72,0.003621600580314215,0.01063437938562228,potcore,0.0008260566617765306,0.00030801713427493574,0.00019515220068202542,12,0.021419433250467055,0.00035478543944433426,81.72729288074659,7.33297142884762e-05,screen,30,0.01147863968358997,0.04283886650093411,1.050077607558922,0.9873911921807499,0.08516757519634682,0.30439341349184407,3.7149490750797756,1.0163061574012424,3.6553444530722214,0.30439341349184407,0.11433146507604086,3.3122117135051883,1.8395550812466528,0.0008474699475842666,0.001558967648282472,17804.41588108319,3636.95774988282,16.694662335728975,0.30656779549949914,0.023033333333333333,148.5,elec 220u/63V,BSC0902NS PG-TDSON,True,0.10270310149388712,
LNGT44,0.0043036799337698274,0.004293827934087263,potcore,0.0005531031276969024,0.0001423654260306219,0.0001089735387740833,8,0.01836050185000303,0.00015,37.08356343449499,5.409341070220482e-05,screen,18,0.015210337756495114,0.03672100370000606,0.8552657173300423,0.7006293370541027,0.16967484504914668,0.503852671678982,5.042642785085358,0.6067746563606324,8.310569224051932,0.503852671678982,0.04380386819970863,11.734828134330415,1.5084976267040073,0.0006500580181679426,0.000980610977626252,2556.501191944757,1571.5410238759384,22.79613302448008,0.2529934282467821,0.017633333333333334,85.1,elec 100u/63V,BSC160N10 PG-TDSON,True,0.10041063183743566,
LNGT60,0.0033945788208180542,0.006699719002523377,potcore,0.0007622477149441728,0.0007255547462491019,0.00015105541696974477,12,0.02163566199440729,0.00043432044675353296,85.65234977672021,6.609159775399433e-05,screen,30,0.011594516318228333,0.04327132398881458,0.8999415962604901,0.7937073515010817,0.10329595900422699,0.4570136131591068,2.8721822653815483,0.6874466286843742,4.178044004489906,0.4570136131591068,0.08820885761385887,3.319179895619657,1.7884951555713196,0.0006604393601907273,0.0011811925962497375,15609.838708212734,2251.1055848478545,12.351984318471734,0.15125542956140015,0.028033333333333334,148.89999999999998,elec 470u/63V,BSC0902NS PG-TDSON,True,0.09144847050301623,
LNGT72,0.0036181367778652398,0.010089358758810747,potcore,0.0007180400346623371,0.00031834034622549843,0.00017677826753495103,12,0.021178667073380675,0.0003562275454186416,66.42537428041956,6.841374622812688e-05,screen,30,0.011349613478159921,0.04235733414676135,1.0500105205420134,0.9795298794715912,0.08748469566302747,0.31839339807262956,3.931810967167934,1.055272150083939,3.725873905470914,0.31839339807262956,0.10476614035053455,3.8256274751615345,2.0089379901455806,0.0007678389350769516,0.0015425408069890143,13995.02235588815,3450.5606955132753,16.377593393435376,0.27525473640723985,0.026033333333333332,148.8,elec 100u/63V,BSC0902NS PG-TDSON,True,0.11250778605503116,
LNGT72,0.003410907019320114,0.006655728211592944,potcore,0.0006037606490102293,0.00023788042374828073,0.0001562324938920736,12,0.021228251304532843,0.00035667933248935635,45.82494170034921,6.550226691246034e-05,screen,30,0.011376185587549005,0.04245650260906569,1.0491797201058999,0.9439104163773516,0.12134363892663735,0.3920537860605514,3.62237684818126,0.7495080802268066,4.833005732353282,0.3920537860605514,0.07521166863411441,4.909524121050678,1.8631087290632222,0.0005525225488874437,0.0010294095838364573,8554.124314185377,2276.259048364787,12.194052173549954,0.14609780368917133,0.028033333333333334,148.89999999999998,elec 470u/63V,BSC0902NS PG-TDSON,True,0.10854214979156877,
LNGT72,0.0030238581686452774,0.006667093838749134,potcore,0.00048600838211262275,0.00013563123678333024,0.00010786742551182128,12,0.02118010958086299,0.00015076827883293874,39.600939972798635,6.423419238450634e-05,screen,30,0.011350386515589846,0.04236021916172598,1.050093073781383,0.9678233436386728,0.10781270496758567,0.35815048610634337,3.0847346588921742,0.5747888679995315,5.366726515821612,0.35815048610634337,0.05669712553812821,5.5461008733064086,1.8446403595237357,0.0004155658071057183,0.0007665694598252636,3816.502673954879,2280.1460928522038,23.6593384745835,0.5393401132050427,0.020033333333333334,135.5,elec 100u/63V,BSC160N10 PG-TDSON,True,0.06615760485874717,
LNGT38,0.00363954232418264,0.010115699285783783,potcore,0.0007237346528645825,0.00031971608483975794,0.00017885756161171355,12,0.021234109374147974,0.00035545926658570287,61.23595958606459,6.827948285141564e-05,screen,30,0.011379324917594164,0.04246821874829595,0.7982746775926126,0.7408576750160284,0.06745891523071888,0.24070401199228209,2.2752516055732497,0.5683503131901212,4.003255655481879,0.24070401199228209,0.1059345782413248,2.189387732145313,1.0790103491423901,0.0007784349996958734,0.0008399394208065007,12829.437088059547,3398.874960023351,16.223110044616696,0.269556438948516,0.026033333333333332,148.8,elec 100u/63V,BSC0902NS PG-TDSON,False,0.0,hold 2.2 < 3.0; pivot 1.08 < 1.5
LNGT72,0.00355465660351145,0.010134725471108193,potcore,0.0007348037858520115,0.00038234358657200803,0.00019381442597617968,12,0.021190290829262277,0.0003530881193769246,65.60766168842136,6.961564833622416e-05,screen,30,0.011355842630162904,0.042380581658524555,1.0498405747647315,0.9760650879109499,0.09450192951261949,0.3266127698232747,3.666628649684175,0.9935960159714105,3.690261022332519,0.3266127698232747,0.10575519568588487,3.5342413762551144,2.0119847513133817,0.0007755131973836531,0.0015603207275781948,14109.733526646465,3466.0761111190022,16.116615416950562,0.2712350540928404,0.026033333333333332,148.8,elec 100u/63V,BSC0902NS PG-TDSON,True,0.1058186533858284,
LNGT72,0.0026719915292912804,0.010453893208603196,potcore,0.0005523429434922671,0.0002874029585839746,0.0001950435914158955,16,0.021456802726677396,0.0003530881193769246,69.8502457856614,6.961564833622416e-05,screen,42,0.008536046853523403,0.04291360545335479,1.0499563721967582,1.0151776732444235,0.08317445173022019,0.26039802818345636,1.7209391036570272,0.6088026214733069,2.826760337352592,0.26039802818345636,0.10070632412915495,1.7419663098145246,1.614356398921545,0.000415289424335241,0.0006704251395800411,19851.497106902465,3575.231477342293,12.579947803843964,0.231357639794995,0.03443333333333334,204.5,elec 100u/63V,BSC0902NS PG-TDSON,False,0.0,hold 1.7 < 3.0; electronics do not fit
LNGT72,0.004469756870819309,0.004199025327679254,potcore,0.0005638434609337584,0.00014825400465820092,0.00010499087621247214,8,0.01862046801534104,0.00015,36.40650623584742,5.273152044820484e-05,screen,18,0.015425700779377372,0.03724093603068208,1.0459881177499728,0.8435846901446107,0.307261280539407,0.7513193220178661,8.786288512897146,0.8820882270908595,9.96078197514829,0.7513193220178661,0.044900061344169025,19.947547974400226,2.2972879041495617,0.000675760239606756,0.00155241582455381,2421.661956410376,1436.0666620663048,21.589375738101467,0.22120399841303123,0.017633333333333334,85.1,elec 100u/63V,BSC160N10 PG-TDSON,True,0.15697316232295716,
LNGT72,0.003249578190873468,0.004876404401799564,potcore,0.000575965188692225,0.00022874425470475467,0.0001571508982837677,12,0.020571674957003693,0.0003555232706684445,62.12838435669559,7.111536096296381e-05,screen,30,0.01102432738336938,0.041143349914007386,1.047180881148255,0.9160197590588617,0.16298613035590753,0.4780782191234889,3.2305399123115994,0.580583982741367,5.564293897771392,0.4780782191234889,0.07263539389898088,4.533752494780073,1.5179219908101291,0.0005170928254306269,0.0007849065710112917,11197.771334190566,1667.7303054154509,9.253036727209627,0.09133205925456997,0.03803333333333334,149.8,elec 100u/63V,BSC0902NS PG-TDSON,False,0.0,electronics do not fit
LNGT72,0.0030828383625126346,0.00556572286627041,potcore,0.0004879470636305959,0.00013946919412528226,0.0001116403507680608,12,0.021175305480965474,0.00016976156321996366,38.018945930651185,6.732756134475838e-05,screen,30,0.01134781200621405,0.04235061096193095,1.0494916510598908,0.9443660255753564,0.13605150852417375,0.41614418288297067,3.2468754797217505,0.534349574230578,6.076313402882373,0.41614418288297067,0.059158178073965346,5.594764824225531,1.666425348012942,0.0004335059243988357,0.0007224052609320019,4566.1037659719605,1903.4772202644801,15.84900414589174,0.2536810936727779,0.026033333333333332,148.8,elec 100u/63V,BSC0902NS PG-TDSON,True,0.07579835598642931,
LNGT72,0.0036517290695665915,0.010328941708048453,potcore,0.000774608256637916,0.00033972258227261097,0.00019384943440824875,12,0.02141823795930465,0.000354133418379279,71.11423958797127,6.82442788235421e-05,screen,30,0.011477999128986597,0.0428364759186093,1.0499750989308674,0.9799565899352103,0.09030644563412445,0.31802464626478993,3.8561235275779495,1.063056297575776,3.6273935222166163,0.31802464626478993,0.10914227185895477,3.601545789420085,1.9998181296218307,0.0008089604534120925,0.001617773780880599,14829.095215068563,3532.498064152571,16.940407356945354,0.29376848697766117,0.023033333333333333,148.5,elec 220u/63V,BSC0902NS PG-TDSON,True,0.10963655579935555,
LNGT72,0.002812965636347422,0.005759510573543514,potcore,0.00048571059442668147,0.0001518802335307332,0.00015235544184258323,12,0.019191481801375632,0.00032582052696052664,39.356318556373616,5.4930030808168134e-05,screen,30,0.010284684100470377,0.038382963602751265,1.0490917401234616,0.9582460454544898,0.12662038149421503,0.3606416451034894,2.159978748893213,0.46861005328723,4.609330793783195,0.3606416451034894,0.06140414132538574,3.585773128915974,1.2348706575123185,0.00040780893185476654,0.0005035912838188918,7575.590553746828,1969.7526161518817,10.233157519341102,0.08628204307677374,0.03203333333333333,149.2,elec 220u/63V,BSC0902NS PG-TDSON,False,0.0,pivot 1.23 < 1.5; electronics do not fit
LNGT72,0.005657379070057568,0.009529293772273975,potcore,0.0011189988506892822,0.0004945442329540507,0.000177629106788608,8,0.02118923603814504,0.00035528616738674976,64.88962292155085,6.811228373582694e-05,screen,18,0.017553737886648848,0.04237847207629008,1.0496002251368788,0.919320183308085,0.10661032744864408,0.4598058604425084,12.271970900255866,2.1278646743629563,5.7672703758428,0.4598058604425084,0.12617345931793392,9.914647977632725,2.0249481305567727,0.0021609186486138327,0.004375748177795848,8921.907893020305,3259.0184701176995,23.70305568674915,0.34441069176190764,0.017633333333333334,85.1,elec 100u/63V,BSC160N10 PG-TDSON,True,0.22838912669375083,
LNGT72,0.0029048629229733516,0.005471850750025638,potcore,0.0004537063569826104,0.00013165342774755458,0.00011040294180017394,12,0.021193082768081316,0.00015247282354090386,38.34666502106015,6.435614011103747e-05,screen,30,0.011357338825666662,0.04238616553616263,1.0495793895661543,0.9490782425493043,0.1362577255993897,0.4061302780560001,2.79367100346428,0.48009086137784995,5.819046410186829,0.4061302780560001,0.05303686950455214,5.36943229734312,1.3749565633434482,0.0003889757963457569,0.0005348248241673429,3949.925468019706,1871.3729565087683,18.167662269508597,0.31862462943490094,0.023033333333333333,148.5,elec 220u/63V,BSC0902NS PG-TDSON,False,0.0,pivot 1.37 < 1.5
LNGT72,0.0030740672181811843,0.006796951512669819,potcore,0.0004969436488433646,0.00014173708386108273,0.00011047512083930192,12,0.021232384900497343,0.0001656490285823601,39.01726361311539,6.645255962616082e-05,screen,30,0.011378400774950052,0.04246476980099469,1.0500869106294057,0.9675322646332817,0.10684915024765826,0.35751620560898734,3.193823290419936,0.5967965686261691,5.351611350199525,0.35751620560898734,0.061301446473862764,5.310937051463331,1.7889145435438714,0.00045042248591368214,0.0008057673357901705,4461.430683217307,2324.557417333078,20.329323926759233,0.41195411442100127,0.023033333333333333,135.7,elec 220u/63V,BSC160N10 PG-TDSON,True,0.07200581448269121,
LNGT72,0.002935818709291485,0.004710477442472359,potcore,0.0003705622677881523,0.00010248828970651641,8.10518322889856e-05,12,0.019045826378257334,0.00015,35.13401005146023,4.488729756144608e-05,screen,30,0.010206627594474854,0.03809165275651467,1.0491890579173488,0.9350709767572734,0.19544644084557194,0.5130012742361998,3.3151809543004362,0.46669225073770787,7.103569748715726,0.5130012742361998,0.04934060798568066,6.849103588202559,1.558882585551195,0.0003252032521420485,0.0005069536865288537,3557.8535923174422,1610.9832853255468,15.908553140461025,0.1704025480555848,0.026033333333333332,148.8,elec 100u/63V,BSC0902NS PG-TDSON,False,0.0,electronics do not fit
LNGT72,0.004854288387686168,0.005774695484001396,potcore,0.0008487744054982581,0.0002591056931436412,0.0001549663538578923,8,0.021180337359603965,0.0003357830168728859,42.858992295283365,5.425118944671388e-05,screen,18,0.017546365979971026,0.04236067471920793,1.0481149349892394,0.8885405117331135,0.15570131055672431,0.5549004173789361,8.98919458274851,1.2536153375460506,7.1706163075069265,0.5549004173789361,0.07063642441571875,12.972481698948641,1.7073921188364831,0.0012092516505869053,0.0020646667379020907,5088.614394828228,1974.9458555284775,16.634034854699202,0.13509739915003594,0.020633333333333333,93.30000000000001,elec 220u/63V,BSC0902NS PG-TDSON,True,0.20755561850121104,
LNGT72,0.004283671272634487,0.0044729916210111565,potcore,0.0006933542902665492,0.0001554500504657361,0.0001115777071033409,8,0.019246583211936775,0.00017004307598751244,36.83713090646923,5.4742328082492304e-05,screen,18,0.015944391591453073,0.03849316642387355,1.0481413955921868,0.8775269760115861,0.19267078603838242,0.6229310678269601,7.596453171587052,0.8471349543199763,8.967229049927447,0.6229310678269601,0.05077234398511536,15.251573212644743,1.7981171532288651,0.0007898342524935043,0.0014202145176162686,3184.6708890814125,1529.7631343858154,17.694790702066918,0.154261174180298,0.01983333333333333,49.3,elec 220u/63V,IRLML6344 SOT-23,True,0.15582825452219265,
LNGT72,0.0030484361984401344,0.005363092803914492,potcore,0.000515173555319442,0.0001617636785096996,0.00015094902511055534,12,0.020489873393382027,0.0002854772776325786,41.56457224829454,6.464539139861804e-05,screen,30,0.010980490057545323,0.040979746786764054,1.0482222652587017,0.9406058194686512,0.1415278417059228,0.4049318814879311,2.721546208682011,0.5215486457966005,5.218202042352518,0.4049318814879311,0.06437560167453309,4.309485303894565,1.409235708255837,0.0004564688419451359,0.0006432721917752754,7878.910714361276,1834.1777389387564,9.676060043093633,0.09078747500110551,0.03203333333333334,149.3,elec 100u/63V,BSC0902NS PG-TDSON,False,0.0,pivot 1.41 < 1.5; electronics do not fit
LNGT72,0.004013782501415134,0.010481479777800687,potcore,0.0008011053038399428,0.0003003378771891602,0.0001772738828882544,12,0.020876286449240212,0.0003547709464484205,66.53360936856204,6.831547451607328e-05,screen,30,0.01118756819006941,0.041752572898480424,1.0500641987884225,0.9762628804416562,0.08530334817529135,0.322763372787407,4.975649296605513,1.236378540884417,4.024373710859045,0.322763372787407,0.12052531692214827,4.208259111969173,2.288593978332623,0.0008707271610122322,0.001992740937463255,12929.40652643549,3584.666084007835,18.44638208741222,0.3486845853860733,0.023033333333333333,148.5,elec 220u/63V,BSC0902NS PG-TDSON,True,0.12230614473770574,
LNGT72,0.002090948414922362,0.010978274793670386,potcore,0.0005014302391993876,0.00019374059938238164,0.00019465658532872204,20,0.021417999485242843,0.0003562420384145554,81.61905779260412,3.843142117072895e-05,screen,54,0.006784555722682787,0.042835998970485685,1.0500002877342511,1.0411893443986917,0.06769194504648028,0.19203143609298956,0.872442220287957,0.34382070174894985,2.5374918259721158,0.19203143609298956,0.0944038732502521,0.9420584595488531,1.2403415986313402,0.00024724891229047443,0.0003066731111302271,21651.225409567727,3754.569979435272,14.153677602122483,0.20786855955582512,0.03283333333333333,259.29999999999995,elec 470u/63V,BSC0902NS PG-TDSON,False,0.0,hold 0.9 < 3.0; pivot 1.24 < 1.5; electronics do not fit
LNGT72,0.003448660908794507,0.006388864682416399,potcore,0.000647848801643805,0.00030326935596808996,0.00015525665371846913,12,0.021220427824663733,0.00035990718451889167,63.63640790353559,6.638098186594525e-05,screen,30,0.011371992997323147,0.042440855649327466,1.0490284574753694,0.931943014716245,0.12654938799269597,0.42568785776118073,3.8353707613647847,0.7693209628376427,4.985397443503954,0.42568785776118073,0.07684235178863516,5.0878898159541945,1.9234049775179274,0.0005642938875283827,0.0010853656720550327,11559.101278540104,2184.9917213864082,12.029051489161711,0.1440780090978217,0.028033333333333334,148.89999999999998,elec 470u/63V,BSC0902NS PG-TDSON,True,0.11206833674523334,
LNGT72,0.0016221670082442938,0.004675011021055617,potcore,0.0003,0.00011085673052617914,0.00014638010481427704,20,0.019278171404662193,0.0003163210951892741,43.90069763529846,5.2946034502363915e-05,screen,54,0.006106724776815802,0.038556342809324386,1.0494985481084191,0.9963905894994696,0.11995355526471199,0.29108385303160716,0.5261567069615378,0.15973352116202819,3.293965494117059,0.29108385303160716,0.09392873994104238,0.5710151185971911,0.5758402189343677,0.0002214267095608164,0.00012750640491141716,12450.921352748217,1598.8537692010211,5.63739773918486,0.04543123642510296,0.07483333333333334,262.59999999999997,elec 470u/63V,BSC0902NS PG-TDSON,False,0.0,hold 0.6 < 3.0; pivot 0.58 < 1.5; electronics do not fit
LNGT72,0.0030032965567926223,0.004837926813963883,potcore,0.0003904239533414226,0.00010010274804829679,8.07599604829617e-05,12,0.018876872508721432,0.00015789652845458536,34.40816957123297,4.4198047485951483e-05,screen,30,0.010116085488674337,0.037753745017442865,1.0493256208939392,0.9365500753002108,0.1846133331635447,0.49767185542847436,3.5404410881149433,0.4931426165357154,7.179345222658383,0.49767185542847436,0.0526044269430771,6.86066274639346,1.7959374994866566,0.0003436393579694605,0.000617154809276873,3761.5027781996628,1654.570970375648,15.135110053959092,0.15186773287555752,0.028033333333333334,148.89999999999998,elec 470u/63V,BSC0902NS PG-TDSON,False,0.0,electronics do not fit
LNG60,0.00569435226683204,0.009828302025530738,potcore,0.0011960931607383563,0.0005311814835331534,0.00019755820112571804,8,0.021583237946372773,0.0003534946629569425,69.63140216321091,6.859459207270312e-05,screen,18,0.017880139754626462,0.04316647589274555,1.3411755034642638,1.086129939921399,0.267215670609063,0.6624009551609971,17.68602652015648,1.180237156115293,14.98514635683,0.6624009551609971,0.13657981790832074,13.200024435288089,1.1391611034998501,0.002382638945717789,0.002714209610645596,9579.336262440624,1769.0943645955329,12.859400462724404,0.10208779639578722,0.017633333333333334,93.1,elec 100u/63V,BSC0902NS PG-TDSON,False,0.0,pivot 1.14 < 1.5
LNGT72,0.004362787536975389,0.004130437727935535,potcore,0.0005675766723965637,0.00014468265478338204,0.00010383557448806202,8,0.018362812728887675,0.000150741334547349,37.98566886599667,5.398321245902204e-05,screen,18,0.015212252151245156,0.03672562545777535,1.0465722092827674,0.8514253912815178,0.29465559131261165,0.7388253981858556,8.254531434929195,0.8569156216613993,9.63284041773588,0.7388253981858556,0.04382222167543055,19.201228990093167,2.2396368664376207,0.000650412238864678,0.0014566872285435646,2605.170877112405,1412.6097029539528,20.597084392705487,0.20611648684323486,0.017633333333333334,85.1,elec 100u/63V,BSC160N10 PG-TDSON,True,0.1548548710203789,
LNGT72,0.003109840500536102,0.005607878984206476,potcore,0.0004903995754223482,0.00014078378817996006,0.00011085452324930508,12,0.021343331236231753,0.00016988573283285992,38.018991624457186,6.753950364593215e-05,screen,30,0.011437856737076507,0.042686662472463506,1.0495136838656531,0.9441396523846332,0.1358090007603527,0.4173081504021079,3.3311791195770533,0.5455798831801569,6.105758702391632,0.4173081504021079,0.059844689988544496,5.67418324040019,1.6762484044929153,0.0004420164053349697,0.0007409292942024367,4535.379939493175,1917.894612598615,16.07724604901054,0.26186197578332876,0.026033333333333332,148.8,elec 100u/63V,BSC0902NS PG-TDSON,True,0.0766511618789853,
LNGT72,0.004333571553144834,0.004121748394019169,potcore,0.0005387998791662848,0.00014239924503887906,0.00010297800014736701,8,0.018254770094699804,0.00015005586451984646,35.35294299448941,5.419193989507465e-05,screen,18,0.015122746702454894,0.03650954018939961,1.0457570937045997,0.8457695070154683,0.31176063306940366,0.7500114486580436,8.20884179451045,0.864847883773848,9.491659687817434,0.7500114486580436,0.042888935103504305,19.510464774305337,2.2760716019729377,0.0006328149624355385,0.0014403321653031003,2431.206556709137,1409.6379507545557,20.497990998901695,0.2049272929916182,0.017633333333333334,85.1,elec 100u/63V,BSC160N10 PG-TDSON,True,0.15677940074994398,
LNGT72,0.004393368745797239,0.004346927949694928,potcore,0.0005699838187780855,0.00014876808643057436,0.00010556371468309015,8,0.018518813449196102,0.00015080963964039877,37.74437944668142,5.4195126443627506e-05,screen,18,0.015341487379428602,0.037037626898392205,1.0466300623213984,0.8579059814941769,0.2885426000437998,0.7244689282244211,8.437992459435856,0.9145110020819562,9.226780695066656,0.7244689282244211,0.04510967466987058,19.067793087685178,2.283266749934863,0.0006752085920526821,0.0015416813275042221,2573.748432529321,1486.6493587956654,21.80192002969194,0.23184206049100306,0.017633333333333334,85.1,elec 100u/63V,BSC160N10 PG-TDSON,True,0.15761081091083742,
LNGT72,0.0016807526836258113,0.004076258822341962,potcore,0.0003,5.5774645197148697e-05,0.00010872161696209454,20,0.01846631659123648,0.00015080567654960259,35.56407281288835,5.4708795421942795e-05,screen,54,0.005849554436317377,0.03693263318247296,1.0497233856068324,0.9896435409912018,0.1141041199042157,0.3014218899358181,0.6469269212909056,0.1583487515175485,4.085456406135364,0.3014218899358181,0.06311569848907043,1.0448376749581743,0.8665919324210298,0.00014252247073392654,0.00012350882332673308,6076.413827406307,1394.080517240951,8.159283161158381,0.09833880515659085,0.04583333333333334,260.29999999999995,elec 220u/63V,BSC0902NS PG-TDSON,False,0.0,hold 1.0 < 3.0; pivot 0.87 < 1.5; electronics do not fit
LNGT72,0.003499131350797851,0.01081319535576046,potcore,0.0007217903452526334,0.0003924039587805047,0.00019058465016510707,12,0.021177276735130313,0.0003524471872613384,65.08815040082511,6.959654635953756e-05,screen,30,0.01134886839813714,0.042354553470260625,1.0498755349251079,0.9847011090234133,0.08831800512166421,0.31232748131172444,3.508786245771048,1.028670460395233,3.410991547694401,0.31232748131172444,0.10791162487110839,3.3145125869778305,2.012947016981059,0.0007908405075423023,0.0015919200405650638,14600.104714903659,3698.1128116700775,16.486410720019865,0.2837469343378461,0.026033333333333332,148.8,elec 100u/63V,BSC0902NS PG-TDSON,True,0.10568091796907542,
LNGT72,0.003421417654413661,0.004012902164670704,potcore,0.0005900584616867273,0.00023996230236173518,0.0001519961030826043,12,0.020901333295845627,0.00034707635835909065,62.945634380821126,4.9374878153651824e-05,screen,30,0.011200990754711143,0.041802666591691254,1.0450146308954944,0.8785787944233803,0.19984843069223318,0.5885522065813918,3.8116865082609643,0.620879908180802,6.139168715298467,0.5885522065813918,0.06471885920000608,6.003676933583074,1.8056580959822093,0.00046811807061777194,0.0008452611840865515,8465.524815337467,1372.4125403173807,10.204609857850622,0.07712409960333821,0.03203333333333334,149.3,elec 100u/63V,BSC0902NS PG-TDSON,True,0.1162732356932824,
LNGT72,0.002141962941541811,0.011656667419227586,potcore,0.00045303342469210574,0.00019209404676078082,0.00022409597149537,20,0.021464711039294402,0.000356028414093385,59.61946375688233,6.789356512574215e-05,screen,54,0.006799352489373078,0.042929422078588804,1.0499996310749302,1.0431206891760902,0.07031478457844023,0.18301990512085642,0.8316251892730144,0.3296290972125141,2.522911952572136,0.18301990512085642,0.10751517944622369,0.7884766630380885,1.087755301533314,0.00028220227024758576,0.0003069670155665484,21579.16028512247,3986.580257375834,11.014227339160444,0.22238241952009286,0.04583333333333334,260.29999999999995,elec 220u/63V,BSC0902NS PG-TDSON,False,0.0,hold 0.8 < 3.0; pivot 1.09 < 1.5; electronics do not fit
LNGT44,0.004303165899341508,0.004141346062387244,potcore,0.0005528583191979534,0.00014233901415098462,0.00010294499384585172,8,0.018356913121150276,0.00015000803461874188,37.09294329392326,5.4096155961251216e-05,screen,18,0.015207364756170133,0.03671382624230055,0.8552480588797627,0.693732357204644,0.17079397367931973,0.5174369316717312,5.208584526770667,0.6057941419348573,8.59794469146709,0.5174369316717312,0.043183450985641414,12.295136743876386,1.5166864399152011,0.0006407256445054782,0.0009717798967273864,2557.82142362801,1515.7326588337314,21.98080954499182,0.23523193524741984,0.017633333333333334,85.1,elec 100u/63V,BSC160N10 PG-TDSON,True,0.10332854744898996,
LNGT72,0.004407172444391565,0.004321068931645209,potcore,0.0005711229025850659,0.00014603732235688677,0.00010907829189753788,8,0.018534427213006705,0.00015085746954150334,37.9763347003744,5.4192409501149406e-05,screen,18,0.015354422244888685,0.03706885442601341,1.0464293885009668,0.8572223692981991,0.28959246592801363,0.7228151650554833,8.340641306108454,0.9046909935593469,9.219326118516637,0.7228151650554833,0.04511861211397225,18.844069842908045,2.2744383366615093,0.0006759117703878973,0.0015373196427709852,2583.4303194232243,1477.8055746226614,21.72368989479035,0.23016970426490896,0.017633333333333334,85.1,elec 100u/63V,BSC160N10 PG-TDSON,True,0.1561615418566923,
LNGT72,0.003893617708431991,0.003865608587701676,potcore,0.0004845318925026439,0.00013178207392103189,0.00010553043574691021,8,0.016395595864598034,0.00015541439786386733,35.366104783908426,5.382769374165015e-05,screen,18,0.013582556340609474,0.03279119172919607,1.0448758518494172,0.8558941884276959,0.31863231043836604,0.7363213053837807,6.195638519085283,0.6660588707320972,9.301938299050592,0.7363213053837807,0.04005218921464198,15.768515327719012,1.9470569607532586,0.0005307726941791205,0.0010334446687792172,2903.4199676425246,1322.0381369939732,16.103539895131203,0.12562931428803445,0.020633333333333333,93.30000000000001,elec 220u/63V,BSC0902NS PG-TDSON,False,0.0,electronics do not fit
LNGT72,0.0032626846452837657,0.005052686104750156,potcore,0.0005836200829361685,0.00022858947707750878,0.00016170549502333723,12,0.02086677130263512,0.000296116199946208,60.9180542941579,6.872865917003221e-05,screen,30,0.011182469038372014,0.04173354260527024,1.0473101319089404,0.9200279267283403,0.15990153935670864,0.4653397704018361,3.210519077426898,0.5847709874526562,5.490216078284536,0.4653397704018361,0.06815967406290915,4.801520003919478,1.623609723333518,0.0004921906095990928,0.0007991254594785386,10885.516895033048,1728.0186478245535,9.670421241780993,0.09640951874105089,0.03203333333333334,149.3,elec 100u/63V,BSC0902NS PG-TDSON,True,0.09941944214968806,
LNGT72,0.00300184815616958,0.007063618432485406,potcore,0.00048336710020176275,0.00013468570955326944,9.971140877047843e-05,12,0.02118008916777767,0.00015358993225510973,38.758819448480786,6.428521438672491e-05,screen,30,0.011350375576250392,0.04236017833555534,1.0501949336210974,0.9749154277400348,0.0971983885077358,0.34344951035949967,3.1454903330775026,0.6090209304300032,5.164831249488599,0.34344951035949967,0.057827142807274516,5.544822048157446,1.8719928633509273,0.00042384794439791597,0.0007934403270588593,3903.8862835022596,2415.757503910009,23.984281847821006,0.5546969702927115,0.020033333333333334,135.5,elec 100u/63V,BSC160N10 PG-TDSON,True,0.06860398928132658,
LNGT72,0.0037225305410500836,0.010735001198220196,potcore,0.0007634727701661732,0.0003303894010034335,0.00023057122815358616,12,0.02140097472823457,0.0003533876537612953,70.15188113758042,6.83852313238516e-05,screen,30,0.011468747791338637,0.04280194945646914,1.0499367852424146,0.9850679534889215,0.09757158685570029,0.30963339692959174,3.652750508114457,1.057118574178987,3.455383906153926,0.30963339692959174,0.11265623892419145,3.305184857691951,1.9551982240327734,0.0008343328909129859,0.0016312861865651997,14700.40037398319,3671.3704097913073,17.52017183528747,0.3148692879879565,0.023033333333333333,148.5,elec 220u/63V,BSC0902NS PG-TDSON,True,0.10502105886374846,
LNGT72,0.0029692216560282827,0.006675875270159046,potcore,0.00047722695070271043,0.00013318058686310233,0.00010786742551182128,12,0.02118010958086299,0.00015076827883293874,39.600939972798635,6.423419238450634e-05,screen,30,0.011350386515589846,0.04236021916172598,1.0501145423146805,0.9701614985110277,0.10678205857149992,0.35346279734719926,2.9411395717957234,0.5593460590477934,5.2581751926572835,0.35346279734719926,0.055763246626447285,5.376486701216389,1.5388431534280735,0.0004087208720232385,0.0006289573155761124,3886.729966038305,2283.1493423943934,23.262449629155427,0.5213968687330688,0.020033333333333334,135.5,elec 100u/63V,BSC160N10 PG-TDSON,True,0.06486497097085182,
LNGT72,0.0030037550038959165,0.006622769773807997,potcore,0.00048277730908264743,0.00013472953539849433,0.00010786742551182128,12,0.021039300320452356,0.00015076827883293874,39.600939972798635,6.423419238450634e-05,screen,30,0.01127492706036214,0.04207860064090471,1.0500896050652189,0.9678601876732124,0.10818951801649408,0.3581072254462814,3.032873882597495,0.5660147983881137,5.358294325933626,0.3581072254462814,0.05603428259668918,5.517362614374573,1.8423727653627844,0.000407976991767734,0.00075164569852751,3842.0452970787296,2264.9872626423353,23.34580091891473,0.5251399792794739,0.020033333333333334,135.5,elec 100u/63V,BSC160N10 PG-TDSON,True,0.06575097580669746,
LNGT72,0.0019059856618762218,0.006922112575145836,potcore,0.0003373762854573375,0.00013292554570884703,0.0001562324938920736,20,0.021228251304532843,0.00035667933248935635,45.82494170034921,6.550226691246034e-05,screen,54,0.006724449403874083,0.04245650260906569,1.0500885610927644,1.0204332086868808,0.09075830034733551,0.24828549227698146,0.7471032490368197,0.26125152131973756,2.8597087024135006,0.24828549227698146,0.09202678693316649,0.8275559367563972,0.9518055605935837,0.00023888789971513195,0.00022737483130738496,14820.469553272846,2367.362500699876,7.319892813666477,0.09476097877853726,0.06083333333333334,261.5,elec 470u/63V,BSC0902NS PG-TDSON,False,0.0,hold 0.8 < 3.0; pivot 0.95 < 1.5; electronics do not fit
LNGT72,0.0032733537399329865,0.005060657217405963,potcore,0.0005853333112912161,0.0002303790326797616,0.00016174396290909661,12,0.020887753663467713,0.0002890610315053478,61.17255119669816,6.836444133317602e-05,screen,30,0.011193713451652796,0.04177550732693543,1.0473178042243183,0.9196774607333976,0.15993354360733675,0.46642974956301725,3.2407315256145823,0.5887542141825858,5.504387820160145,0.46642974956301725,0.06839637436768514,4.829931437031679,1.6313692847468406,0.0004943964916171457,0.0008065432509108103,10877.849685306986,1730.7447683528392,9.732996503296842,0.09714370493860658,0.03203333333333334,149.3,elec 100u/63V,BSC0902NS PG-TDSON,True,0.09988478729655755,
LNG52,0.003072881242591846,0.005399803988530842,potcore,0.0004777523346152375,0.0001342022412458091,0.00010905408996750867,12,0.021192674680839456,0.00015170855793775103,39.05734407267166,6.5303488405806e-05,screen,30,0.011357120132372866,0.04238534936167891,1.2826180578514492,1.0936757658264489,0.41094489092334174,0.7179213667861394,3.992887365506158,0.2289116257575867,17.442920831528905,0.7179213667861394,0.053796356272721564,7.565980035535212,0.8443037322340862,0.00039453832367514723,0.00033311017918830673,3767.4520990123356,923.366482038774,9.572581534245728,0.08976060859183556,0.021753333333333333,78.1,elec 220u/63V,IRLML6344 SOT-23,False,0.0,pivot 0.84 < 1.5
LNGT72,0.0043513371244449615,0.005641082720905628,none,0.0003419177425206512,0.0,0.00010994413432183354,12,0.02124296993220263,0.00016843775469124774,40.295692903945685,6.651099350446973e-05,screen,30,0.011384073276344633,0.04248593986440526,nan,nan,nan,nan,0.0,0.0,inf,nan,0.06105556765952504,0.0,0.0,nan,0.0,3624.8839138524145,1929.250290549725,21.446335686987428,0.4588712972759983,0.026033333333333332,136.0,elec 100u/63V,BSC160N10 PG-TDSON,False,0.0,open-circuit demag margin 0.96 > 0.8 [prescreen]
LNGT72,0.003446193823125318,0.006595564741339585,potcore,0.0008071117605175633,0.0007184919551384501,0.00012251204665475785,12,0.021535065191891693,0.0004293558297714554,90.15654862065207,7.669189219353467e-05,screen,30,0.01154060665423792,0.043070130383783385,1.0497579207459564,0.9057392627845788,0.1025698603234775,0.5090056383499207,4.35674925901761,0.8879605844325121,4.906466948419755,0.5090056383499207,0.09075432892855911,4.89357454963193,2.1956178170185385,0.0006763384891423638,0.0014849808370963734,17236.492710414925,2255.683141538138,11.79849115707791,0.1601377251837498,0.028033333333333334,148.89999999999998,elec 470u/63V,BSC0902NS PG-TDSON,True,0.1203637352098686,
LNGT72,0.004316844350484231,0.005273821583054222,potcore,0.0006986814311707211,0.00020030732264639578,0.00011019380894139406,8,0.01928388118045662,0.00017154916372248658,39.01330268754735,5.331697568080402e-05,screen,18,0.015975290240272843,0.03856776236091324,1.0490087999390674,0.8950761800086665,0.16031830258357058,0.56506711257241,7.777847586372749,0.9527044385153015,8.163966989063029,0.56506711257241,0.05289090613726447,14.990268562276833,1.983228779864252,0.0008243859142160909,0.001634945870788054,3406.467011532027,1803.6469814045438,20.656658464269114,0.20475200074585187,0.017633333333333334,85.1,elec 100u/63V,BSC160N10 PG-TDSON,True,0.1578633112632619,
LNGT72,0.002769671994384837,0.006567170135683977,potcore,0.000470305890865314,0.00014731240020205192,0.00015183077084435478,12,0.020459620287288365,0.0003184287343764365,43.00780374802709,6.772571021840425e-05,screen,30,0.010964277466852664,0.04091924057457673,1.049764099278974,0.9752590835336455,0.11069521749556516,0.32783412159741077,2.034565445940043,0.5135071156087885,3.962097864073341,0.32783412159741077,0.07034589802431415,2.9482470920882995,1.0681130867464146,0.000498066015840765,0.0005319908295831682,9850.51610970377,2245.97218640392,9.806017262509906,0.0976855067961141,0.03803333333333334,149.8,elec 100u/63V,BSC0902NS PG-TDSON,False,0.0,hold 2.9 < 3.0; pivot 1.07 < 1.5; electronics do not fit
LNGT72,0.00460548046759412,0.004749305590439142,potcore,0.0005935028722591025,0.00015243384768716647,8.719688174735002e-05,8,0.01905074358321273,0.00016285233262497594,36.85106311243193,4.453058006282653e-05,screen,18,0.01578215273091785,0.03810148716642546,1.048279979210066,0.8691325716804965,0.2551596900208438,0.7013194082905745,10.242028760011266,1.014018870853946,10.100432106737859,0.7013194082905745,0.04934891944812276,21.15628144702801,2.2486149796587935,0.0007598794288110372,0.0017086762663590662,2797.3724259774594,1624.2625119301865,21.397151048767373,0.18349015469134006,0.017633333333333334,85.1,elec 100u/63V,BSC160N10 PG-TDSON,True,0.18531408179042852,
LNGT72,0.003657210574795056,0.009842029882021206,potcore,0.0007256283515232252,0.0003290440210408888,0.00017201089890655266,12,0.021169795985957494,0.0003506329858259144,64.56347069227219,6.843152690041288e-05,screen,30,0.011344859476737867,0.04233959197191499,1.0499708905881826,0.9743315441005331,0.08869763493519094,0.32755943001757165,4.130110431166452,1.024266681076769,4.032260843264606,0.32755943001757165,0.10472966871899508,4.0199710624625205,2.020058028990483,0.0007672501197682591,0.0015498897646817817,13332.565748932318,3365.9742196512525,16.299861705073567,0.2727189579867659,0.026033333333333332,148.8,elec 100u/63V,BSC0902NS PG-TDSON,True,0.11164876808684505,
LNGT72,0.003156470065258576,0.006120183309278723,potcore,0.0004999933787047307,0.00014322190299204538,0.000127919802627065,12,0.021175559347687514,0.00017565469799609205,38.003140127882624,7.103420496517055e-05,screen,30,0.011347948052980361,0.04235111869537503,1.049594905817352,0.952499734246516,0.1342782920093244,0.3951291910926949,3.185123700618583,0.5680651991205958,5.606968540845971,0.3951291910926949,0.0625858851324347,5.1877722007242495,1.725480497476146,0.000458629358520255,0.0007913560136966953,4772.088768541332,2093.1026917733234,16.66869137512377,0.29604777016732386,0.026033333333333332,148.8,elec 100u/63V,BSC0902NS PG-TDSON,True,0.07492395008942589,
LNGT72,0.003335724156821983,0.006393465835387174,potcore,0.0006261367531059638,0.00029278948886185893,0.0001534196168709545,12,0.021220173957941693,0.00035401404974276323,63.652213706304146,6.728085558804576e-05,screen,30,0.011371856950556834,0.042440347915883386,1.049088723511353,0.9356940843392004,0.12414154556289819,0.4147813273798517,3.5412184848158765,0.7301680286145205,4.849867901687327,0.4147813273798517,0.07426781739517871,4.860523578259474,1.8856838852964628,0.0005453811999696791,0.0010284165401264716,11994.679910479139,2186.5653157024135,11.603454514554256,0.1358805740603337,0.028033333333333334,148.89999999999998,elec 470u/63V,BSC0902NS PG-TDSON,True,0.1081099787049829,
LNGT72,0.003405380471939754,0.005805145524686318,potcore,0.0006290815158052218,0.00030320673206299365,0.00015523343132221805,12,0.021232354412091932,0.0003585362635657162,63.591647874579984,6.673393493611441e-05,screen,30,0.011378384436262837,0.042464708824183864,1.0485926930825928,0.9228177003934546,0.13932120234702997,0.4548254392979476,3.7407929226288528,0.7102140366839683,5.267134595219827,0.4548254392979476,0.07620815416934737,5.003722516326401,1.8466913788290573,0.0005599511746047098,0.0010340570067077217,11314.465712542438,1985.3597694427208,11.158485302828236,0.12463742964731267,0.03203333333333334,149.3,elec 100u/63V,BSC0902NS PG-TDSON,True,0.10898591478099758,
LNGT72,0.0029632437197799778,0.006387947825034489,potcore,0.0007690008651636889,0.0009260055851790105,0.00015928952320681504,12,0.021526099384503027,0.0004332764918949042,77.01790909191195,7.83432062492261e-05,screen,30,0.011535801892539346,0.04305219876900605,1.0494048116246995,0.9081151818045653,0.13418291601512142,0.5183277440456926,2.7669214160281834,0.6526895929027634,4.239260815731123,0.5183277440456926,0.08613501280306798,3.274523374017849,1.5718720330292528,0.0006416461991865173,0.0010085857156008039,16513.56267204286,2184.6781561617954,10.189160689789537,0.12200269472893292,0.03203333333333334,149.3,elec 100u/63V,BSC0902NS PG-TDSON,True,0.0925000432298471,
LNGT72,0.003402348271466301,0.006397564751048118,potcore,0.0006391487330120848,0.0002991967016633736,0.00015525665371846913,12,0.021220427824663733,0.00035990718451889167,63.63640790353559,5.2664961666189636e-05,screen,30,0.011371992997323147,0.042440855649327466,1.0490429172616027,0.933596756358623,0.1258317456099214,0.4208882308043581,3.7048953504223148,0.7526989928117742,4.922147346819673,0.4208882308043581,0.0758239043506283,4.98081939422681,1.9343791634500636,0.0005568148912371576,0.001077091123507871,10425.836870357454,2187.9671448584563,13.354742783825388,0.14089127102857693,0.028033333333333334,148.89999999999998,elec 470u/63V,BSC0902NS PG-TDSON,True,0.11027763148171346,
LNGT44,0.002837794460195186,0.00569344728299192,potcore,0.00048517209581656353,0.00012894597772040184,0.00015634388312647107,12,0.019098930042766374,0.0003333475627084098,44.0699474532171,6.58379133601009e-05,screen,30,0.010235085762515516,0.03819786008553275,0.8650215870228932,0.7947726297576189,0.09546063788179131,0.27076532229317657,1.3515617119926346,0.3050483954387089,4.430646848834823,0.27076532229317657,0.0671959011797128,2.0503315291864155,0.7112279716532038,0.00044412209836792874,0.0003158720591885866,9184.010733678138,2083.8017055750424,9.999229566540121,0.09874165350692587,0.03803333333333334,149.8,elec 100u/63V,BSC0902NS PG-TDSON,False,0.0,hold 2.1 < 3.0; pivot 0.71 < 1.5; electronics do not fit
LNGT72,0.005188386197095146,0.006164542669441596,potcore,0.0012861333448214284,0.0011157420278540848,0.0001626386801361231,8,0.021697285283875406,0.0004288223446196508,86.16829349598497,7.298104444806984e-05,screen,18,0.017974619662518725,0.04339457056775081,1.0494295105493021,0.8105198441949688,0.1438894710970561,0.7642578378557535,10.463375464923898,1.6915306803061176,6.185743827614367,0.7642578378557535,0.10674841817074252,9.991745281452458,2.166924990414065,0.0018720694484976547,0.004056634071740244,10904.155314542591,2108.273592949026,16.660285229501703,0.18231292068325403,0.020633333333333333,93.30000000000001,elec 220u/63V,BSC0902NS PG-TDSON,True,0.22585678284425817,
LNGT72,0.0028592512093278577,0.007026263249909827,potcore,0.0004407622210125301,0.00011678136613663045,0.00010848509117497869,12,0.02117958804905985,0.0001623160341751716,39.82522201631647,6.432533299645266e-05,screen,30,0.011350107027538888,0.0423591760981197,1.050217497757398,0.9827841176581626,0.1066006609587351,0.336815734935664,2.6046883657858526,0.5268133437038605,4.94423384850714,0.336815734935664,0.057291994150053815,4.634392620126334,1.3776351442980226,0.0004199156008173592,0.0005784904893250135,4731.469789452023,2402.9820314691606,20.226123628184876,0.3947286207303357,0.023033333333333333,135.7,elec 220u/63V,BSC160N10 PG-TDSON,False,0.0,pivot 1.38 < 1.5
LNGT72,0.002614120827488279,0.010406235957401607,potcore,0.0005433740525789321,0.00029347609148908105,0.00018504074357167938,16,0.0211907919479801,0.00034436201745686274,64.54125912058568,6.957552972649642e-05,screen,42,0.008430221186045033,0.0423815838959602,1.049924437934205,1.0153453027397292,0.08135704055220196,0.2606165695570636,1.6760409292178535,0.6135895159879708,2.731534495857833,0.2606165695570636,0.09816976521009496,1.7403550600437179,1.6701143041215305,0.00039981037432330863,0.0006677290250935412,18664.332388688286,3558.93269743135,12.306788833060676,0.2212917961943706,0.03443333333333334,204.5,elec 100u/63V,BSC0902NS PG-TDSON,False,0.0,hold 1.7 < 3.0; electronics do not fit
LNGT72,0.004816701185144336,0.004476420634623211,potcore,0.0006226623266191595,0.00015979422146385363,8.562817760468306e-05,8,0.019033022165559813,0.0001631382326254573,36.83796634777288,4.496758544249595e-05,screen,18,0.01576747182784522,0.038066044331119625,1.0479181132817725,0.8410172250810989,0.27129671971155583,0.7502219586199629,11.652369234291662,1.1366523210910604,10.251480613796378,0.7502219586199629,0.05032177172733104,23.604201161593306,2.555976267843762,0.0007741387109567261,0.0019786801732245536,2682.191588426241,1530.9358570411382,21.026299473025567,0.17892365833925086,0.017633333333333334,85.1,elec 100u/63V,BSC160N10 PG-TDSON,True,0.20879417029544048,
LNGT72,0.002044744921516284,0.005082716155253153,potcore,0.00033004347857194344,7.403162542942765e-05,0.00011219526746015524,20,0.019264304629589696,0.0001697571759870311,36.85022767112828,5.430532270282289e-05,screen,54,0.006102332213997874,0.03852860925917939,1.0500297704802095,0.9888362627518283,0.1195130270363151,0.32158156158858586,1.0634068800153862,0.24166556905673836,4.400324316641561,0.32158156158858586,0.07062502344137428,1.5348709040717414,1.2318130966146628,0.00016637099538441006,0.00020493797101133393,6654.298324233428,1738.2889250965784,9.626310623124796,0.13587072907970127,0.04583333333333334,260.29999999999995,elec 220u/63V,BSC0902NS PG-TDSON,False,0.0,hold 1.5 < 3.0; pivot 1.23 < 1.5; electronics do not fit
LNGT72,0.003759441205140233,0.006370245025518248,potcore,0.0006895633877698689,0.00027732930896646823,0.0001555570327703726,12,0.02119322223193291,0.00035867080677048745,66.36408393339815,7.344228713390444e-05,screen,30,0.011357413564119479,0.04238644446386582,1.0489168499883064,0.9269325629311156,0.12953127036788054,0.43983408138239155,4.693782003065132,0.8599423623554436,5.458251864937235,0.43983408138239155,0.08294642968979911,5.7684111932443995,2.055420853392321,0.0006083384287667602,0.001250391492407118,11773.77654868471,2178.6237987272407,12.28003368674303,0.1661256023164385,0.028033333333333334,148.89999999999998,elec 470u/63V,BSC0902NS PG-TDSON,True,0.12131770055849671,
LNGT72,0.0028060213429924098,0.010162759963670262,potcore,0.0008007676180910656,0.0009715050035234789,0.00017653899494009495,12,0.02151154422595079,0.00043083323054305837,77.07919943893336,7.79354884555014e-05,screen,30,0.011528001806579789,0.04302308845190158,1.0498801825050899,0.9677043616456569,0.08468454245738853,0.3507209134682673,2.2845666449553628,0.719501269988515,3.1752086344362254,0.3507209134682673,0.10520553266716764,2.213585211789073,1.3951120116440225,0.0007831784515073684,0.0010926216649586953,20616.45694889073,3475.6639075752296,12.994540826235811,0.19740056735906195,0.028033333333333334,148.89999999999998,elec 470u/63V,BSC0902NS PG-TDSON,False,0.0,hold 2.2 < 3.0; pivot 1.40 < 1.5; electronics do not fit
LNGT60,0.0036746176006201402,0.0065611659591600655,potcore,0.0006899427657877912,0.00036099253156941964,0.00015017434342518165,12,0.02115195243522738,0.0003390250211369037,61.859292601548965,6.614220766499179e-05,screen,30,0.011335297146721391,0.04230390487045476,0.8999013940057907,0.8031405109814208,0.10837068662729007,0.4119504620212768,3.4344040499294843,0.7062803701832271,4.862663886635434,0.4119504620212768,0.08162551509162086,4.289003941514517,1.7968071584967307,0.0005974849336546185,0.0010735652058845627,10712.89047852005,2204.551762277782,12.729712190322052,0.16077077856115177,0.026033333333333332,148.8,elec 100u/63V,BSC0902NS PG-TDSON,True,0.09799128130930974,
LNG40,0.0035443366011021554,0.010136090135956101,potcore,0.0007181034464076558,0.0006898748832539222,0.0001728919724511158,12,0.0216535055451374,0.0004459284114425437,88.35652786744345,7.433998604249297e-05,screen,30,0.011604078648244807,0.0433070110902748,1.2369096083006272,1.0288892352611885,0.2357193258775277,0.5621568695889484,4.96954462963354,0.4395666408475941,11.305554534463804,0.5621568695889484,0.11068919789189688,4.576593584535109,0.988000175868508,0.0008294381717403355,0.0008194850595515052,19751.98311165747,1490.005249985547,6.665239112891159,0.04953876810191886,0.028033333333333334,148.89999999999998,elec 470u/63V,BSC0902NS PG-TDSON,False,0.0,pivot 0.99 < 1.5; electronics do not fit
LNGT72,0.003008165439702016,0.005599119860851195,potcore,0.00046844049417422696,0.00012981566811369336,0.00011144300372724803,12,0.0211903144519468,0.00015,37.60067940003072,6.542875012582013e-05,screen,30,0.011355855289521388,0.0423806289038936,1.0495927365723654,0.9487222416421685,0.13699381496010832,0.4084034700034946,3.054413570459671,0.5120569480750108,5.96498803881523,0.4084034700034946,0.05489324792525578,5.672048102934792,1.6741324420241088,0.000402538006707026,0.0006739019361759505,3621.207991766236,1914.8989924111086,19.883282943373096,0.3880038799864848,0.023033333333333333,148.5,elec 220u/63V,BSC0902NS PG-TDSON,True,0.06624176698195625,
LNGT72,0.00368472928411041,0.009766308581528993,potcore,0.0007077049741414737,0.00039055055241165264,0.00019142551221644033,12,0.021192651058154932,0.0003806851543251059,66.99551091151986,6.949038661621003e-05,screen,30,0.011357107473014385,0.042385302116309864,1.049740393926512,0.9677526592095237,0.09968754457553262,0.34206105505645545,3.997701791485133,1.0452087934707872,3.8247877519381643,0.34206105505645545,0.10426648955701254,3.9083786789938073,2.1816904479758583,0.0007646815323839001,0.0016682983949454968,13868.857304857602,3340.0775348829156,16.134725162627106,0.27135581401646064,0.026033333333333332,148.8,elec 100u/63V,BSC0902NS PG-TDSON,True,0.11270259582549666,
LNGT36J,0.002838777713136064,0.004754175365030421,potcore,0.0003656097387640069,9.571811447012172e-05,0.00015249015721563648,12,0.019044160986504396,0.00015077138306736636,34.9695291417476,4.4450905995467894e-05,screen,30,0.010205735113724293,0.03808832197300879,0.6924403089868864,0.6448759993856655,0.08242340980632597,0.22421868296266612,0.8814341130317498,0.19987164061517038,4.410000890165548,0.22421868296266612,0.04863951657855956,1.8472751888758838,0.6542001178585078,0.00032055433641645364,0.00020970668466369975,3691.5888594756266,2110.853862073507,19.995608518071847,0.26658832562119744,0.026033333333333332,148.8,elec 100u/63V,BSC0902NS PG-TDSON,False,0.0,hold 1.8 < 3.0; pivot 0.65 < 1.5; electronics do not fit
LNGT72,0.0067939434740710465,0.007359704385557787,none,0.0003227019354484471,0.0,0.00010649868850858453,8,0.020824441889736756,0.00015725466879782122,39.6205703553356,6.433164712415096e-05,screen,18,0.017251532519158737,0.04164888377947351,nan,nan,nan,nan,0.0,0.0,inf,nan,0.07227357306268341,0.0,0.0,nan,0.0,2048.722887080013,2517.018899860763,48.67701973583116,1.3718768944306095,0.020133333333333333,92.9,elec 100u/63V,BSC160N10 PG-TDSON,False,0.0,open-circuit demag margin 0.97 > 0.8 [prescreen]
LNGT72,0.0030209806747549185,0.006403068882020198,potcore,0.00048715471134460725,0.00012942370808616404,0.00010673411245439981,12,0.02117715809738296,0.00015400975485224856,38.85042119770403,6.421969731872891e-05,screen,30,0.01134880482035995,0.04235431619476592,1.0500411186375136,0.9643418989722952,0.11123823702166635,0.3656131587450322,3.0809016046400006,0.5382959443646721,5.723434547284688,0.3656131587450322,0.05866862031293277,5.353070287050517,1.710985334116727,0.00042995610153955227,0.0007356485840481762,3908.8281054510453,2189.8495576509076,21.76523893585914,0.45633774464510374,0.023033333333333333,135.7,elec 220u/63V,BSC160N10 PG-TDSON,True,0.0650896927057019,
LNGT72,0.0034516617285466314,0.011088272356848906,potcore,0.0007102407752876965,0.0003957404386742785,0.00019171796322252856,12,0.021180228218610337,0.00034920571124202854,65.8386691759197,6.961104142531498e-05,screen,30,0.011350450093367033,0.042360456437220674,1.0498747954735876,0.9885997562705596,0.08681900536198232,0.3061752867421322,3.393807097810583,1.0209707445551621,3.3240982818653317,0.3061752867421322,0.10760151077847085,3.2151391750689653,1.9847380071216698,0.0007886777101377874,0.0015653186266801542,15125.151806237649,3792.189146042326,16.507119388767293,0.2845194594377612,0.026033333333333332,148.8,elec 100u/63V,BSC0902NS PG-TDSON,True,0.10421954570220979,
LNGT44,0.00218369845349958,0.004939274406247474,none,0.0003,0.0,9.998343278213807e-05,20,0.018461980982501607,0.00015012961774225507,37.09127134827553,5.403823326046384e-05,screen,54,0.005848181050391499,0.036923961965003214,0.7374871885138553,0.541801917705193,0.48614333659020575,0.7759319204786821,0.7470845676712365,0.18984683939833497,3.9351962352331307,0.7759319204786821,0.057760653052446806,1.318465175236103,2.2753827402985736,0.00013039954224882376,0.0002967088677758082,5008.830521994032,1807.7744326865754,13.386887762486868,0.2614713747160358,0.03683333333333334,259.7,elec 100u/63V,BSC0902NS PG-TDSON,False,0.0,hold 1.3 < 3.0; electronics do not fit
LNGT72,0.003006704401577344,0.006957899671324848,potcore,0.0004780811288972633,0.00013300139118679335,0.00010870151476242367,12,0.021078610035279093,0.00015346031451285468,38.75111153470026,6.43403918284659e-05,screen,30,0.011295993073047184,0.042157220070558186,1.0501586082917265,0.9737776231154939,0.10526269003345931,0.3480296658197897,3.0045540103360198,0.5926912346124178,5.069341057997604,0.3480296658197897,0.057166902269526955,5.357551426288927,1.8676498976878158,0.0004170010909608185,0.0007788120448686802,3897.0053707380034,2379.601687593098,23.662325717200186,0.5403682416751948,0.020033333333333334,135.5,elec 100u/63V,BSC160N10 PG-TDSON,True,0.06708227197355034,
LNGT72,0.004296491768139244,0.004034354478103419,potcore,0.0005537044212485317,0.00014220791080621863,8.783696744902975e-05,8,0.018287897568174574,0.00015,35.04145758365226,4.43369854284228e-05,screen,18,0.015150190400055705,0.03657579513634915,1.0472882182514875,0.8444630836026127,0.2835422231061176,0.7456899542164638,8.709887360008057,0.8794903296809606,9.903334995357607,0.7456899542164638,0.04187711145353577,21.20151099060203,2.3135823012113828,0.0006190070661367394,0.001432123792538744,2419.0012999998944,1379.7492315113693,19.986936002094982,0.15940469706196955,0.016833333333333332,49.099999999999994,elec 100u/63V,IRLML6344 SOT-23,True,0.1726064331295028,
LNGT72,0.004616161382630965,0.004759448234114981,potcore,0.0005955608633099487,0.00015357055641458385,0.00010485175544934219,8,0.019062991119234082,0.00016320248086269283,36.854167054071766,5.488328807965991e-05,screen,18,0.015792298921969247,0.038125982238468165,1.047530510627966,0.870056624699349,0.2709723538568086,0.700287770709222,9.44558214653295,0.9852166048701018,9.58731521560005,0.700287770709222,0.052540902030431394,18.325768558259657,2.09073413333937,0.0008095500023322309,0.0016925538225209618,2802.783661730401,1627.7312960673237,21.403250605282068,0.22627788188457648,0.020633333333333333,85.30000000000001,elec 220u/63V,BSC160N10 PG-TDSON,True,0.16602407418930265,
LNGT28,0.0023103825395834696,0.00612664527169446,potcore,0.0003700850610014904,0.00011319781570104362,0.00012784538807907093,16,0.021171789921421148,0.00017629295897840755,37.996724398445565,7.10107795814937e-05,screen,42,0.008422661709869328,0.042343579842842295,0.9775451041356691,0.8835341983614932,0.17252735569680175,0.3365201012449379,0.9081524959186962,0.09796074780910564,9.270575370539195,0.3365201012449379,0.06855359251970998,1.3503910619819885,0.34913229199462686,0.0002789439290923483,9.738833330199823e-05,6555.959439455872,1084.4162130899194,6.285008984955455,0.05890543683570782,0.03867333333333334,108.2,elec 100u/63V,IRLML6344 SOT-23,False,0.0,hold 1.4 < 3.0; pivot 0.35 < 1.5; electronics do not fit
LNGT28,0.0022167218835706147,0.00617414137325519,potcore,0.0005548253826620836,0.0006693648135603133,0.00015923319684299587,16,0.021543002581832085,0.0004265221547238105,79.54952743135348,7.670082465374978e-05,screen,42,0.00857033928803661,0.04308600516366417,0.9739620611027452,0.8046077074788865,0.21628434684119072,0.4965020828516084,0.9951748067253335,0.1358503122374033,7.325524618495023,0.4965020828516084,0.09374170315870375,1.082175072655702,0.4431309349061187,0.0003881219390554592,0.00017198883771122128,21797.493353849466,1092.8230230661686,3.988236337076999,0.025620116496067283,0.05243333333333334,205.8,elec 220u/63V,BSC0902NS PG-TDSON,False,0.0,hold 1.1 < 3.0; pivot 0.44 < 1.5; electronics do not fit
LNGT72,0.004261618728031895,0.004350909628208894,potcore,0.0005556681847036898,0.0001431205992457128,0.00010796376359225008,8,0.018535943692853055,0.00015076971522856182,37.950363752914384,5.390965732954881e-05,screen,18,0.015355678537927533,0.03707188738570611,1.0468847998575126,0.8689449994373586,0.2793865442482703,0.7011463262344759,7.6203718587881815,0.8206723361662611,9.28552300713151,0.7011463262344759,0.04398845093083507,17.659096863900455,2.0336331897187914,0.0006590349977234883,0.0013402354445567338,2664.8476525155143,1488.0110928474417,21.190915806622574,0.2178755682036042,0.017633333333333334,85.1,elec 100u/63V,BSC160N10 PG-TDSON,True,0.14478867255945796,
LNGT72,0.0029483322858764828,0.006665424241362471,potcore,0.000471186195099325,0.00013077593545550691,0.00010898195381710907,12,0.02117859310101664,0.00015085603314588027,39.62691092025865,6.451694455610693e-05,screen,30,0.01134957383648951,0.04235718620203328,1.0501167740922914,0.9711519822142611,0.10811920529605423,0.3525529939477993,2.862839405055538,0.5358629934130974,5.342483881600258,0.3525529939477993,0.058250356411916185,5.009903861651513,1.4329499074494962,0.000426919759231983,0.0006117546294798313,3924.4731063433424,2279.5750905459654,23.01774444653375,0.512732183821501,0.023033333333333333,135.7,elec 220u/63V,BSC160N10 PG-TDSON,False,0.0,pivot 1.43 < 1.5
LNG60,0.0029525915495574257,0.00558642163194181,potcore,0.00047462217710794984,0.00013298888579895047,0.00010514679600760515,12,0.02118057058827178,0.00015809150826489077,39.58837689295932,6.393091099770936e-05,screen,30,0.011350633568715626,0.04236114117654356,1.3435011744979046,1.1528464541747816,0.3816326667612686,0.6843261834211396,4.101297810590715,0.24650819914957617,16.637571588854662,0.6843261834211396,0.053250719251739256,7.851033322904521,0.7677209337522002,0.0003903136107810812,0.00029965192972504446,4296.099390810958,1005.5558937495258,9.26615566526228,0.08233819375387538,0.021753333333333333,78.1,elec 220u/63V,IRLML6344 SOT-23,False,0.0,pivot 0.77 < 1.5
LNGT72,0.002546817504518123,0.006860990749877652,potcore,0.0004779668694623818,0.00022298313084038378,0.00015299555598866682,16,0.02172361815840829,0.0003466908203108112,63.66477678614346,6.758413697484275e-05,screen,42,0.00864219263188144,0.04344723631681658,1.0497999722112379,0.9773436621135722,0.10429901153011237,0.3235603267773281,1.7286827191488225,0.47315947123122437,3.6534885683479152,0.3235603267773281,0.08201321201376502,2.14863409039537,1.4396306671075971,0.0003424089444395582,0.0004929424171071293,15793.189458862918,2346.458836458157,9.458936616324113,0.12698391066602313,0.04043333333333334,205.0,elec 100u/63V,BSC0902NS PG-TDSON,False,0.0,hold 2.1 < 3.0; pivot 1.44 < 1.5; electronics do not fit
LNGT72,0.004610488045757372,0.004748880114647042,potcore,0.0005819072707757869,0.00015494164960281603,8.818693667599298e-05,8,0.019033214735771218,0.00017344330386891922,32.72477915823788,4.479877842278519e-05,screen,18,0.015767631358231764,0.038066429471542436,1.048000481430767,0.8669749564568265,0.2650611986752388,0.7098583865514893,10.236357830125867,1.0092187783762674,10.142853115154226,0.7098583865514893,0.05207047193429022,20.039410317368876,2.1212934136814727,0.0008010484225846353,0.0016992587428687198,2821.3357839744194,1624.1169992092885,18.838193747854103,0.14308272401956448,0.020633333333333333,93.30000000000001,elec 220u/63V,BSC0902NS PG-TDSON,True,0.19385663881308504,
LNGT72,0.004427899425358443,0.005202657841466064,potcore,0.0007752423427899856,0.0002354073807167995,0.0001554545616301585,8,0.019250622186791595,0.0003137378982726197,42.706094014970425,5.4321927913088784e-05,screen,18,0.015947737587778975,0.03850124437358319,1.0473690566554534,0.8875050933509783,0.16797723914637372,0.5592189691476456,7.1229427936615775,1.0168638066336209,7.0048149488597105,0.5592189691476456,0.05888051963095746,12.331582562638374,1.789516792507053,0.0009161603936867104,0.0016394844091322408,5288.893346134533,1779.3089817813939,14.367341461550552,0.10091843601597873,0.020633333333333333,93.30000000000001,elec 220u/63V,BSC0902NS PG-TDSON,True,0.1884197486067259,
LNGT72,0.003386988913006679,0.005776124004502586,potcore,0.0006267923365948824,0.0003029600598116648,0.00015531896945934014,12,0.021188579797230787,0.0003526207304510667,63.79356343038293,6.68440214101279e-05,screen,30,0.011354925690860782,0.042377159594461575,1.0485716590703993,0.9227685546517327,0.13980012511578394,0.45507284950734556,3.695094618082041,0.70204133211,5.2633576529979464,0.45507284950734556,0.0716855902947385,5.254418865806878,1.9385345677142791,0.0005256350012024125,0.0010189616198314133,11389.529618489149,1975.4344095398844,11.064548276249232,0.12274991632218854,0.028033333333333334,148.89999999999998,elec 470u/63V,BSC0902NS PG-TDSON,True,0.10979059393100767,
LNGT44,0.003573331182989175,0.01017271008899049,potcore,0.0007373573247178168,0.00038274476077488853,0.00021279349289385707,12,0.021234065444123422,0.0003590036524915741,65.40574613261842,6.950556186221067e-05,screen,30,0.011379301375564959,0.042468130888246844,0.8699694028761943,0.8066553938830265,0.0755661822322944,0.24466038391735856,2.3162424609621306,0.6310382643390849,3.67052616593391,0.24466038391735856,0.10667881532956772,2.21328238297637,1.2416644752113841,0.0007839022267834418,0.0009733435470360976,14013.493656939136,3723.2118925705195,17.37749756091896,0.31483665524476867,0.026033333333333332,148.8,elec 100u/63V,BSC0902NS PG-TDSON,False,0.0,hold 2.2 < 3.0; pivot 1.24 < 1.5
LNGT28,0.00300184815616958,0.007063618432485406,potcore,0.00048336710020176275,0.00013468570955326944,9.971140877047843e-05,12,0.02118008916777767,0.00015358993225510973,38.758819448480786,6.428521438672491e-05,screen,30,0.011350375576250392,0.04236017833555534,0.9851046486032838,0.8699222874368803,0.15397012021596346,0.3647645963637285,2.2996268481316946,0.1782748316803304,12.89933540509644,0.3647645963637285,0.05654714280727452,4.145507422297941,0.5892206490939987,0.0004144660980452878,0.0002442119833177014,3903.8862835022596,1250.2604625499168,12.412917798433677,0.14857649689049923,0.018753333333333334,77.9,elec 100u/63V,IRLML6344 SOT-23,False,0.0,pivot 0.59 < 1.5
LNGT72,0.004330877443814773,0.004149938593229055,potcore,0.0005556770959887843,0.0001432166219945353,8.376937328422816e-05,8,0.018407990807048746,0.00015,35.169035113662666,4.4146209142562285e-05,screen,18,0.015249678896637692,0.03681598161409749,1.0476108310444494,0.8513497416564971,0.27772746028014883,0.7392761704556687,9.007223633953076,0.8888202022013765,10.133909660969143,0.7392761704556687,0.04348709616734859,21.113563049850065,2.2650691236885545,0.0006470262580406004,0.0014655591993035073,2409.744224139703,1419.2789988843367,20.713680915935033,0.1704709924747394,0.017633333333333334,85.1,elec 100u/63V,BSC160N10 PG-TDSON,True,0.17090526802887718,
LNGT44,0.004646869628934417,0.004517918197341901,potcore,0.0005987768015339707,0.00016104785766688385,0.00010364434776205452,8,0.018990794809891083,0.00015734696879108313,36.91306770454516,5.449830755380144e-05,screen,18,0.01573248954100294,0.037981589619782166,0.8566861141527564,0.691798958342771,0.16461156706069546,0.5193206052794925,6.423473706321659,0.7491577028044452,8.574261043136332,0.5193206052794925,0.048681581064030637,13.4504330992665,1.6644764902393894,0.0007472448392161257,0.0012437714673279537,2592.558788780765,1653.5580602271357,23.543497217768273,0.2718738730903202,0.017633333333333334,85.1,elec 100u/63V,BSC160N10 PG-TDSON,True,0.1195196705693923,
LNGT72,0.003011678037189378,0.00540989754849334,potcore,0.0004676545218925128,0.0001314918064424713,0.00010905345469256661,12,0.021192674567218427,0.00015171251786231924,38.98850337120639,6.531888018438496e-05,screen,30,0.01135712007148354,0.04238534913443685,1.049464455343834,0.944615686673425,0.14068399963044056,0.4199248896994221,3.111542084423837,0.5052285598348852,6.158682093191102,0.4199248896994221,0.0542139240569235,5.850538328142739,1.6717454759329335,0.0003976007314354135,0.0006646872240047778,3838.081410745935,1850.184961584722,18.794792213144227,0.3461027476798874,0.023033333333333333,148.5,elec 220u/63V,BSC0902NS PG-TDSON,True,0.06800343755582751,
LNGT72,0.0031552994819233726,0.005439712782514666,potcore,0.0004379855172139965,0.00013435063250326112,0.00010915806720214438,12,0.021192685407275348,0.00015225662264673877,39.04460502445086,6.544347216481917e-05,screen,30,0.011357125880652536,0.042385370814550696,1.0491656550126243,0.9405779228955777,0.1693905112347899,0.4590636584169647,3.4525529342176053,0.5624735416949409,6.138160603632636,0.4590636584169647,0.05470010655069647,6.434031253724029,1.8555416194818777,0.0004011665614876472,0.0007443812511847651,3748.45654511856,1860.3817716200158,19.37807484047923,0.3686199619659331,0.023033333333333333,148.5,elec 220u/63V,BSC0902NS PG-TDSON,True,0.07429676506864566,
LNGT72,0.0027910990230197667,0.004396306489716635,potcore,0.00036244782700994475,9.636854753472044e-05,0.00010485657492586725,12,0.018575484818513475,0.00015299110158054102,36.86620510814814,5.404662897812581e-05,screen,30,0.009954572312274531,0.03715096963702695,1.0482459574700218,0.9353490878193963,0.21245206067506298,0.505038142836933,2.536800444827177,0.38712178096433836,6.552977821366416,0.505038142836933,0.04881171833027165,5.297771239393967,1.316892329482753,0.0003137724555816049,0.00041320453995838337,4071.854190708565,1503.5368194830892,13.612888423460626,0.1502313050464613,0.028033333333333334,148.89999999999998,elec 470u/63V,BSC0902NS PG-TDSON,False,0.0,pivot 1.32 < 1.5; electronics do not fit
LNGT44,0.005256714283240267,0.005396997720219577,potcore,0.0009612001674652179,0.0004577571032699969,0.00015332185024220254,8,0.021013782714728736,0.0003555531966039171,63.81838606035511,6.678346191923981e-05,screen,18,0.017408387594403916,0.04202756542945747,0.8626569197729465,0.675197480406423,0.12635964276259087,0.5448277452182783,7.381309739172145,1.0597412650012288,6.965199886939937,0.5448277452182783,0.07790460211000443,9.658313735280608,1.501797727450701,0.0013231907595788169,0.001987164875719234,7642.962240971281,1975.3011656003653,16.493674624739942,0.16351073976992977,0.020633333333333333,93.30000000000001,elec 220u/63V,BSC0902NS PG-TDSON,True,0.1620525585819557,
LNGT36J,0.003028186893467428,0.006957899671324848,potcore,0.0004780811288972633,0.00012226014524175174,0.00010870151476242367,12,0.021078610035279093,0.00015346031451285468,38.75111153470026,6.43403918284659e-05,screen,30,0.011295993073047184,0.042157220070558186,0.6977118986621914,0.6601476038135797,0.04415242958243617,0.17604249588465043,1.3383153285511984,0.29723447390037977,4.5025575633590345,0.17604249588465043,0.05735826463378765,2.378446798610204,0.880824562073318,0.0004183969740941974,0.00036853433147932284,3873.128877059112,3089.307454068233,30.908885688430427,0.9220227929684243,0.020033333333333334,135.5,elec 100u/63V,BSC160N10 PG-TDSON,False,0.0,hold 2.4 < 3.0; pivot 0.88 < 1.5
LNGT18,0.003499131350797851,0.01081319535576046,potcore,0.0007217903452526334,0.0003924039587805047,0.00019058465016510707,12,0.021177276735130313,0.0003524471872613384,65.08815040082511,6.959654635953756e-05,screen,30,0.01134886839813714,0.042354553470260625,0.5737125141209375,0.5353460713855727,0.05743478107631922,0.18488796712196132,0.962168110230873,0.23352666527651436,4.12016378982498,0.18488796712196132,0.10791162487110839,0.9088950106301216,0.44741428658215976,0.0007908405075423023,0.0003538333414823123,14600.104714903659,2984.441918189887,13.30482268633182,0.18479794184637802,0.026033333333333332,148.8,elec 100u/63V,BSC0902NS PG-TDSON,False,0.0,hold 0.9 < 3.0; pivot 0.45 < 1.5
LNGT72,0.0028287468756089435,0.005181927965513901,potcore,0.0004275398493253223,9.972612468406428e-05,0.00011420909274459968,12,0.019068715374902897,0.00017043654046248753,36.1367502259331,5.342739817595406e-05,screen,30,0.010218893770808328,0.038137430749805794,1.0493696713134393,0.951624093997711,0.15256281204611968,0.41125601158110064,2.519896648452016,0.4104176046866639,6.139835669027523,0.41125601158110064,0.05353303651592456,4.798349119287308,1.2828939896321885,0.00035325952207409194,0.000453194517649192,4797.142314794137,1772.2193642057541,13.350083092670054,0.14283124506652284,0.028033333333333334,148.89999999999998,elec 470u/63V,BSC0902NS PG-TDSON,False,0.0,pivot 1.28 < 1.5; electronics do not fit
LNGT72,0.005396604431784676,0.009967921801547784,potcore,0.001114222094604924,0.0006085168930207839,0.00018795326452384828,8,0.021355144572164187,0.0003520537227863634,65.78853108136124,7.09114762660758e-05,screen,18,0.017691181016457183,0.042710289144328374,1.0496208788951358,0.9218417447340925,0.10780625356055853,0.45459635041983365,10.725594274014847,2.0374900923322974,5.264120946834815,0.45459635041983365,0.12606882772651307,8.6725066724389,2.0248060404796817,0.002176032305640167,0.004406043356739139,9727.028085129601,3409.0292561293422,23.056891088553574,0.33928177577431046,0.017633333333333334,85.1,elec 100u/63V,BSC160N10 PG-TDSON,True,0.21460256503588462,
LNG40,0.002962729582747034,0.005943548367993691,potcore,0.0004764525220420275,0.0001538385449049475,0.00010535946629099135,12,0.021084898109653756,0.00015,39.86148690034394,6.368314800913526e-05,screen,30,0.01129936284194846,0.04216979621930751,1.2265876305742738,1.0447602605694952,0.3563984083688637,0.6463658779761757,3.3188596827304515,0.18824241703077818,17.630774907590613,0.6463658779761757,0.05471689322028709,6.182988709501715,0.5832297400628538,0.000399248689799311,0.00023285370957208708,3880.7133737900836,873.7016100950726,8.974392574528236,0.07693534562919821,0.021753333333333333,78.1,elec 220u/63V,IRLML6344 SOT-23,False,0.0,pivot 0.58 < 1.5
LNGT72,0.0030324491873329365,0.006824342055277512,potcore,0.0007592652236173891,0.0008993429301452841,0.0001626083492819963,12,0.021531737897556566,0.00043928764189334984,75.86277369731266,7.93534031387259e-05,screen,30,0.011538823562577762,0.04306347579511313,1.049475871023861,0.9158458094383807,0.1275172807838696,0.49273515158426584,2.9345013886539992,0.6896419299992202,4.255108718023159,0.49273515158426584,0.08901306815509663,3.360559128696296,1.8793212667031785,0.0006632594062263366,0.0012464775074620769,16569.75693140743,2333.924982904909,10.685613768359616,0.13591136077243202,0.03203333333333334,149.3,elec 100u/63V,BSC0902NS PG-TDSON,True,0.09444390613237659,
LNGT72,0.0043244634495026475,0.0046549757365864294,potcore,0.0006105648562148987,0.0001854240985241133,0.00010785122457866195,8,0.01886085028822165,0.00015693733318217174,38.96085193579218,6.541476572324178e-05,screen,18,0.015624839974539811,0.0377217005764433,1.0481905745364946,0.8748385060538323,0.22747548037691237,0.6610347566307815,7.996219014292842,0.8928296801605238,8.956040767882161,0.6610347566307815,0.0473646774838633,17.209216133119345,2.085347400013189,0.000722056131927911,0.0015057378773794493,2893.4904985456515,1592.001701912559,21.436304221811067,0.27053167629322433,0.017633333333333334,85.1,elec 100u/63V,BSC160N10 PG-TDSON,True,0.14517086261949264,
LNGT72,0.0031869989199850906,0.006321620312188794,potcore,0.0005973630268195451,0.0001551039292827192,0.0001638353255397225,12,0.02158518909838968,0.00031566820506019307,42.630642351937624,7.335234923880516e-05,screen,30,0.011567467974773177,0.04317037819677936,1.0492181390882989,0.9554058887954217,0.1231240165528474,0.3637353308494682,2.875133439463409,0.5898229154126761,4.874570594551741,0.3637353308494682,0.07415097636061682,3.9525022384317587,1.3917786441885849,0.0005538897060249027,0.0007708918640813529,8699.56610617689,2161.9941467685676,10.594459322796862,0.12349884108767978,0.03203333333333334,149.3,elec 100u/63V,BSC0902NS PG-TDSON,False,0.0,pivot 1.39 < 1.5
LNGT72,0.0017668260211235116,0.005794131509487298,potcore,0.0003,7.522233975375953e-05,0.00010511284791577075,20,0.021227671488158913,0.00015,39.08086105665748,6.432598517433689e-05,screen,54,0.006724265736090331,0.042455342976317825,1.0501928541553742,1.0185357579908643,0.08228443335826965,0.25288954614804565,0.7477431331328511,0.22376308291936803,3.341673359954094,0.25288954614804565,0.061522581085890024,1.2389360176118787,1.1003363692148755,0.00015969914027137984,0.0001757227721729472,6331.016541817387,1981.5929762446558,12.232215674046413,0.25987258715429856,0.03683333333333334,259.7,elec 100u/63V,BSC0902NS PG-TDSON,False,0.0,hold 1.2 < 3.0; pivot 1.10 < 1.5; electronics do not fit
LNGT38,0.0033745948820949824,0.00669346758649478,potcore,0.0007646338800451818,0.0007424307174705874,0.000145391545396304,12,0.021640572847982917,0.0004575350444013743,69.7804691961376,6.610820119240307e-05,screen,30,0.011597148036727806,0.043281145695965834,0.7973984776868227,0.6879360465419901,0.08900944318403861,0.3898239390802723,2.254414812315259,0.4926309477139811,4.576275247782769,0.3898239390802723,0.09217273053891029,2.4932301414738185,1.2123810589439312,0.0006902744021381751,0.0008368756106261698,12762.351459999982,2249.005109062246,12.296842962423352,0.14994564371759206,0.03203333333333334,149.3,elec 100u/63V,BSC0902NS PG-TDSON,False,0.0,hold 2.5 < 3.0; pivot 1.21 < 1.5
LNGT72,0.00305399252458752,0.005533166782619147,potcore,0.00048335047599337667,0.00013595979523771135,0.00011246955685002915,12,0.021175130077597085,0.0001533787631572077,40.01416176515977,6.732206887376997e-05,screen,30,0.011347718007832231,0.04235026015519417,1.049481311339394,0.9451809395127382,0.1369006288928755,0.4143275884896305,3.147517892356508,0.5216652253324114,6.033597294799305,0.4143275884896305,0.055584138705041475,5.772292362491583,1.7243650417838594,0.0004073123043790303,0.0007023550987596267,3960.023285137823,1892.3430396557485,19.121231127135637,0.36921591668989073,0.023033333333333333,148.5,elec 220u/63V,BSC0902NS PG-TDSON,True,0.06830903395269446,
LNGT72,0.00343788886139176,0.0097987524465907,potcore,0.0007124813319544906,0.0005317484972457307,0.0001902414529800444,12,0.02119282646152332,0.0003970679543878619,65.00029507701127,6.949587908719845e-05,screen,30,0.011357201471396202,0.04238565292304664,1.0496669954897024,0.9623530761686929,0.10733381563844528,0.35973726186080907,3.5293569428143643,0.9277055719111764,3.8043933869487248,0.35973726186080907,0.10123245257639107,3.5539132044501365,2.185943947858221,0.000742436309014002,0.0016229241563593536,14194.723332024469,3351.1733367340194,15.34564997476826,0.24548269806403852,0.026033333333333332,148.8,elec 100u/63V,BSC0902NS PG-TDSON,True,0.10319207797154677,
LNGT72,0.00438893847293922,0.005226598912181685,potcore,0.0008253359338625168,0.00020388748278256933,0.0001621500767282861,8,0.019189439486504135,0.0003322697233764912,43.44225210345252,6.966734368747112e-05,screen,18,0.015897052179295625,0.03837887897300827,1.0472465337949677,0.894449893347742,0.16574595384932306,0.5382121524937694,6.689962010155922,0.9577517536355798,6.985068922882308,0.5382121524937694,0.05998542185884562,11.36865079628798,1.67356133732199,0.0009303858895026625,0.0015570578534615852,6091.409870647496,1787.4968279661364,12.747933480688987,0.10189463983628934,0.020633333333333333,93.30000000000001,elec 220u/63V,BSC0902NS PG-TDSON,True,0.17609473274673407,
LNGT60,0.0033610586758062097,0.01109455434706134,potcore,0.0007205406610261583,0.00040001968937159745,0.00019209636941048254,12,0.020946871994275768,0.00034839151470713816,64.94330633574614,6.704157215647898e-05,screen,30,0.011225394869648585,0.041893743988551536,0.8999944319951491,0.8621420387978835,0.07527699202697914,0.27873432675272536,2.341933768652088,0.8078407092604726,2.8990043975327526,0.27873432675272536,0.10614177495487162,2.249154325712011,1.6194962435189306,0.0007694069181959179,0.0012460516137557662,14912.378038087023,3727.77026061261,16.234414482112005,0.26503834364717055,0.026033333333333332,148.8,elec 100u/63V,BSC0902NS PG-TDSON,False,0.0,hold 2.2 < 3.0; electronics do not fit
LNGT72,0.0034666803727844008,0.01083618563506529,potcore,0.0007102093423931065,0.0003880806079263532,0.00015872531529415235,12,0.02117724369618005,0.000349027935383113,65.00815915197794,5.875556237029398e-05,screen,30,0.011348850692617056,0.0423544873923601,1.0499029550624546,0.984828175292006,0.07863981022266485,0.31156820622477055,3.735183828138298,1.065029009599273,3.5071193314665634,0.31156820622477055,0.10329429067164397,3.6860961175143596,2.114369549968917,0.0007570007579255842,0.0016005793518612467,13541.32264555423,3705.975487192329,17.79136725346576,0.27897089491928584,0.023033333333333333,148.5,elec 220u/63V,BSC0902NS PG-TDSON,True,0.11186398074007887,
LNGT72,0.0036836132465925256,0.011156222745719093,potcore,0.0006308798902591828,0.0003912599345110915,0.00019171844650114585,12,0.021180261257560597,0.00035262496312025396,65.9186604247669,6.9611592701027e-05,screen,30,0.011350467798887114,0.04236052251512119,1.0498799769407663,0.9839672248425322,0.09076951220941863,0.3145556506148319,3.965439570409839,1.1195332897803627,3.542047035678416,0.3145556506148319,0.10695129327178163,3.779516869795643,2.2486115910088804,0.0007839130885894022,0.0017627160573457012,14684.790769172636,3815.4281790359296,17.127102351157742,0.3062954995172312,0.026033333333333332,148.8,elec 100u/63V,BSC0902NS PG-TDSON,True,0.11416130614447333,
LNGT72,0.004322144358093452,0.0042851333431634785,potcore,0.0005448726744985865,0.0001424181501865954,8.880252527718993e-05,8,0.01835582899891488,0.0001515220744846665,32.84919167074349,4.522303518193955e-05,screen,18,0.01520646663990379,0.03671165799782976,1.047321904931788,0.8594785865472818,0.2829000827287275,0.7284764407225776,8.7069976843394,0.8518133933506616,10.221719630504841,0.7284764407225776,0.04369193183071982,20.314127511853673,2.2416400175772795,0.0006482318397883496,0.0014531024327373082,2305.920675313899,1465.5156033619096,20.877128804418803,0.17739597338574348,0.017633333333333334,85.1,elec 100u/63V,BSC160N10 PG-TDSON,True,0.1623264175788529,
LNG13,0.0022961200974767884,0.005238851083476161,potcore,0.0003,7.784516978432475e-05,0.00010835795017288634,16,0.019700020362332746,0.0001719212293842527,36.959150921989384,5.366915394305045e-05,screen,42,0.007837155375398148,0.03940004072466549,0.6573506181943793,0.5996175237941532,0.12862695328341361,0.2563389986044788,0.3891019113803609,0.037635125815429604,10.338796614859126,0.2563389986044788,0.06493462680297388,0.610826693792142,0.1421208242030911,0.00024585109281589776,3.4940559942226044e-05,6261.6234794974,801.5442157718526,4.731104279642406,0.025227202008381595,0.04167333333333333,108.30000000000001,elec 220u/63V,IRLML6344 SOT-23,False,0.0,hold 0.6 < 3.0; pivot 0.14 < 1.5; electronics do not fit
LNGT72,0.003309046753551083,0.006520182623302241,potcore,0.0006211814735210622,0.0002892589758189373,0.00015583665355751956,12,0.021179057347349862,0.0003493314074440206,63.55411376356465,6.759104415747745e-05,screen,30,0.011349822625349662,0.042358114694699724,1.0491201892868431,0.9388587851866952,0.12264326351981814,0.4059624805675438,3.434563306401486,0.7263113297778163,4.728775616720922,0.4059624805675438,0.07428599691158547,4.712979627476977,1.868239745066306,0.0005444577005374129,0.0010171775156514035,12183.331117286623,2229.9024571693662,11.632243520289132,0.13718523946228614,0.028033333333333334,148.89999999999998,elec 470u/63V,BSC0902NS PG-TDSON,True,0.10659980497404933,
LNGT72,0.0035943205340224905,0.010825225042115319,potcore,0.000733010194785247,0.0004124407999171452,0.00018930092653596348,12,0.0209897163897852,0.0003538883535407712,65.93676911865919,6.930085285588329e-05,screen,30,0.011248355112002489,0.0419794327795704,1.0498365541942465,0.980553184692422,0.0893930403672688,0.319670953093171,3.7731153668950532,1.0679405478165493,3.5330762322016436,0.319670953093171,0.11129773119461359,3.4557694871840066,2.121646080153374,0.0008084319040229465,0.0017152063802412132,14429.967495344723,3702.226964403439,16.91707792519267,0.2974955939360824,0.026033333333333332,148.8,elec 100u/63V,BSC0902NS PG-TDSON,False,0.0,electronics do not fit
LNGT72,0.0029654389065664304,0.006640464143893462,potcore,0.00047135557641025646,0.0001311743840546335,0.00010785404126554162,12,0.02107595614297286,0.00015089275068828483,38.74445016700746,6.423430110710723e-05,screen,30,0.011294570856446674,0.04215191228594572,1.0501103149606497,0.9700337266836125,0.10908712457335618,0.3555936632210913,2.9191804420751186,0.5611069181221038,5.20253867452739,0.3555936632210913,0.05825626342468804,5.107981408588619,1.4828422872264972,0.0004248938782747298,0.0006300506102894373,3819.648662260868,2271.038737211564,23.036188655412925,0.5113043826836363,0.023033333333333333,135.7,elec 220u/63V,BSC160N10 PG-TDSON,False,0.0,pivot 1.48 < 1.5
LNGT72,0.0030105476460358447,0.006994824711474016,potcore,0.00048403667516211705,0.00013503602010930262,0.00010871489900870334,12,0.021182763473169223,0.0001533358426575086,34.879969083685666,6.434028310586499e-05,screen,30,0.011351808732190355,0.042365526946338446,1.050160975975662,0.973904492552031,0.10303271014249496,0.3459606143119109,3.027187032951492,0.5908894412173266,5.1231022621000015,0.3459606143119109,0.05770386033192903,5.347679598849461,1.8500613100099654,0.000422997740273212,0.0007825717535011137,3492.1964184215926,2392.2300513241134,23.893532961402723,0.5509788997421293,0.020033333333333334,135.5,elec 100u/63V,BSC160N10 PG-TDSON,True,0.06657398086843572,
LNGT72,0.0027761541835143585,0.004349808970317491,potcore,0.0003639686921682116,9.265677307643872e-05,0.00010357868634473425,12,0.01839703468323157,0.00015000014714115374,36.87692999793215,5.359260294971443e-05,screen,30,0.00985894117299851,0.03679406936646314,1.0482713861955617,0.9354555559119347,0.21040474070129364,0.5021705329524165,2.5128911712588295,0.36844894883599033,6.820188194857373,0.5021705329524165,0.04845643100453365,5.286317572030058,1.289424864396971,0.00030849619591437875,0.0003977826655838792,3932.0788057656837,1487.634667848582,13.951754839782916,0.15647817864005076,0.028033333333333334,148.89999999999998,elec 470u/63V,BSC0902NS PG-TDSON,False,0.0,pivot 1.29 < 1.5; electronics do not fit
LNGT44,0.004661733525959119,0.0053101438740304225,potcore,0.0007423394918152354,0.00021328808826773143,0.00010979721291454051,8,0.021192460779653245,0.00015210618429959124,37.09273264718139,6.48461416242824e-05,screen,18,0.01755640934998454,0.04238492155930649,0.8661979193676416,0.7212464815124832,0.10506612711500496,0.4453229382720873,6.236847117808322,0.7549287261381719,8.261504565752627,0.4453229382720873,0.05917723516873621,10.743391954350187,1.3207157266786722,0.0010136573339510322,0.001338753182412303,2363.1543659415106,1943.5126578951347,30.505918891589417,0.5431188453478184,0.017633333333333334,85.1,elec 100u/63V,BSC160N10 PG-TDSON,False,0.0,pivot 1.32 < 1.5
LNGT72,0.00428522196397611,0.004163052053845531,potcore,0.0005565433794870299,0.00014206075586710974,0.00010500468733878711,8,0.018336669882563043,0.00015716594005976987,36.50053307290131,5.288406125949313e-05,screen,18,0.015190594708231761,0.03667333976512609,1.0465894319185531,0.8575942441768708,0.291825129606606,0.7276025446706952,7.850722766640456,0.8334306550525079,9.419767222440173,0.7276025446706952,0.045427734188814885,17.616497155460088,2.079177786685587,0.0006732814523098539,0.0013998718398300597,2771.0417279195203,1423.7638024151715,18.754007647900714,0.16740001270858532,0.01983333333333333,49.3,elec 220u/63V,IRLML6344 SOT-23,True,0.15635449550553177,
LNGT44,0.004373779115901222,0.004350011260225595,potcore,0.0007446855590417323,0.00023426572004728768,0.00015557285055101835,8,0.01930200337210218,0.00030915515512950427,43.78185999562929,5.41553839450756e-05,screen,18,0.015990303155391874,0.03860400674420436,0.8563332511772433,0.6941068235633231,0.14898083899469586,0.5057350920549926,4.3814495407537075,0.7160607802789286,6.1188235152985095,0.5057350920549926,0.05329202511482253,8.380821351985551,1.3473349326384554,0.0008314185679626861,0.0011201992802603667,5168.263672771986,1592.104121242568,13.487175606371538,0.08865968275545495,0.020633333333333333,93.30000000000001,elec 220u/63V,BSC0902NS PG-TDSON,False,0.0,pivot 1.35 < 1.5
LNGT72,0.0030481914055721262,0.006899294967942596,potcore,0.00048176392669762257,0.0001321216386939553,0.00010807491232275965,12,0.021059188859629905,0.0001722067746225057,39.19722065206822,6.439269158157909e-05,screen,30,0.011285585296384657,0.04211837771925981,1.0501412748609333,0.9715969271722499,0.10754282664729371,0.35346146091289116,3.111166060892465,0.6001391071797623,5.184074864763919,0.35346146091289116,0.06055641246935764,5.237138348301641,1.806277873741417,0.0004413187101710298,0.0007971442214500323,4900.238927044446,2359.5588790363677,18.874212339462186,0.34408481831204574,0.023033333333333333,148.5,elec 220u/63V,BSC0902NS PG-TDSON,True,0.07537257136048457,
LNGT72,0.003366449525185093,0.01116075536518203,potcore,0.0006969676398028075,0.0003902190461677776,0.0001923445656621926,12,0.021199649394259525,0.00033045925113237744,65.39256005855174,6.955874167220179e-05,screen,30,0.011360857870029559,0.04239929878851905,1.049876760015629,0.9920948473317185,0.08595929300181017,0.300582786903202,3.194470810285927,0.9864617557673165,3.238311867246305,0.300582786903202,0.10487845038264301,3.104871670975534,1.982211971483416,0.0007694235996053714,0.0015251606702796298,15397.693589153689,3816.978334892254,16.210348878643426,0.2741749037305778,0.026033333333333332,148.8,elec 100u/63V,BSC0902NS PG-TDSON,True,0.10162052404231356,
LNGT72,0.0034198152644091904,0.003990076784967015,potcore,0.0005888626001268739,0.00023930048682500445,0.00015195636125529022,12,0.020880181793726582,0.00034700137884591644,62.9800113782535,4.894843761991376e-05,screen,30,0.011189655698888138,0.041760363587453164,1.044930183578452,0.8777914114667296,0.20099889417665287,0.5908713278418974,3.8042987100056274,0.6185583324073224,6.150266693845919,0.5908713278418974,0.06452711227178402,6.009846403885813,1.805873302278823,0.00046625882817638147,0.0008420043697555363,8421.89234092793,1364.6062604587194,10.204703922997055,0.07645940439829439,0.03203333333333334,149.3,elec 100u/63V,BSC0902NS PG-TDSON,True,0.1162280264361081,
LNGT72,0.0033371460054977585,0.006418925026052167,potcore,0.0006273725418505923,0.00029351044268586304,0.0001534593586982686,12,0.021241325460060738,0.00035408902925593744,63.61783670887177,6.770729612178383e-05,screen,30,0.011383192006379841,0.042482650920121476,1.0491032917872563,0.9359995295833887,0.12367040766071827,0.41387712452173786,3.5472738920360882,0.7327556128353342,4.841005418314327,0.41387712452173786,0.07450426434814328,4.853383219720815,1.8851847344434163,0.0005476628807626645,0.00103244570243508,12037.645778402239,2195.2723589098414,11.601809941209531,0.13670305590568244,0.028033333333333334,148.89999999999998,elec 470u/63V,BSC0902NS PG-TDSON,True,0.10819400753638649,
LNGT72,0.0035907813174925825,0.006054908800342756,potcore,0.0005630484998419852,0.00015975899620331323,0.00012859465254029314,12,0.021176987043200438,0.00016643999562142422,38.474195040388636,6.564038660188533e-05,screen,30,0.011348713152699813,0.042353974086400875,1.0491466252460373,0.9375804012182418,0.1466892337216806,0.43844019969655795,4.428864649403933,0.6936663576044378,6.3847188217386295,0.43844019969655795,0.06696742283274153,6.74155085091487,2.087913302128851,0.0004907703526642179,0.001024685947618088,3818.272864830062,2070.7788097172224,20.865860201981697,0.42868173129516246,0.023033333333333333,135.7,elec 220u/63V,BSC160N10 PG-TDSON,True,0.08471034207793794,
LNGT72,0.003389881304132358,0.006655603242132463,potcore,0.0006060693909098969,0.0002399233485094431,0.0001555576439788455,12,0.021226823609019924,0.0003658940348640241,45.353886787843194,7.089608527574556e-05,screen,30,0.011375420487829555,0.04245364721803985,1.0492095324760424,0.9441718841523515,0.12045872725858764,0.3911921456139842,3.593522087723998,0.7382728066249953,4.867471828133205,0.3911921456139842,0.07904882312928505,4.633998646915967,1.7492692686302513,0.0005806721298710465,0.0010157519119334958,8844.660014501935,2276.2163088093025,11.672043538712876,0.14487962456222203,0.03203333333333334,149.3,elec 100u/63V,BSC0902NS PG-TDSON,True,0.10600273080321637,
LNGT72,0.003165904760685577,0.0056626498873048985,potcore,0.00044021779322184993,0.0001316556450399793,0.00010544684901662906,12,0.021176928273416804,0.00015654309827619706,42.8697574752641,6.48828335924627e-05,screen,30,0.011348681658067685,0.04235385654683361,1.049460740457633,0.944685068964723,0.16075668868429357,0.44608256961488263,3.5301080238474087,0.5844587802437128,6.039960632254328,0.44608256961488263,0.05568905143802476,6.461735357927812,1.8872181344963506,0.0004081157436071056,0.0007702034323087927,4335.199835763486,1936.6262614582752,19.150835323447616,0.35694106164923955,0.023033333333333333,148.5,elec 220u/63V,BSC0902NS PG-TDSON,True,0.07716508367583427,
LNGT72,0.003489214496623457,0.010594804736481975,potcore,0.0007190495458581486,0.0003957906135355337,0.0001942958683506224,12,0.021193033868988857,0.00036551046112073143,42.98816970444969,7.015718493189403e-05,screen,30,0.011357312620721993,0.04238606773797771,1.0498407840427786,0.9823855387216819,0.09128507203497316,0.3165152220639712,3.4662610349724323,1.0014892753065536,3.461106494536766,0.3165152220639712,0.10614108403632408,3.328961242963563,2.000521266321253,0.000778443709314482,0.001557293195117621,9624.711637744436,3623.4232198768354,16.183792112405822,0.2756284201657644,0.026033333333333332,148.8,elec 100u/63V,BSC0902NS PG-TDSON,True,0.10444752775550734,
LNGT72,0.002793401136569585,0.004578359539468247,potcore,0.0003634256025560056,9.271848810384229e-05,0.00010785969350597136,12,0.018719088724522354,0.00015076767915725626,37.97669845817836,5.369890005984087e-05,screen,30,0.010031529413564598,0.03743817744904471,1.0483948234020735,0.9404103654034764,0.20637249271416927,0.48886468899034297,2.478310516831265,0.3912752856072273,6.333930631435434,0.48886468899034297,0.04947820063580344,5.105905999505325,1.3055293752464767,0.00032051559286090637,0.0004184425217044532,4069.243569000776,1565.7989624981403,14.613004612924183,0.17200286930813333,0.028033333333333334,148.89999999999998,elec 470u/63V,BSC0902NS PG-TDSON,False,0.0,pivot 1.31 < 1.5; electronics do not fit
LNGT72,0.001793462443273214,0.006802555137113826,potcore,0.0003,8.031815926998025e-05,0.00010908602390338779,20,0.02099544806934734,0.00015085806921718583,39.600576214994675,6.472770182581488e-05,screen,54,0.0066507045836528885,0.04199089613869468,1.0501754224138,1.0305355214381515,0.07286770361468625,0.227328856832093,0.7505079830976618,0.24442351912045696,3.0705227786520655,0.227328856832093,0.06408747179594546,1.1937494086673393,1.164308774332953,0.00016453714586837714,0.00019157204263825248,6406.253915680197,2326.473856892929,14.381213497732393,0.36144732843400035,0.03683333333333334,259.7,elec 100u/63V,BSC0902NS PG-TDSON,False,0.0,hold 1.2 < 3.0; pivot 1.16 < 1.5; electronics do not fit
LNGT72,0.0028953656774276942,0.00597697258161415,potcore,0.000464645980497769,0.00012739768461148647,0.00010820968258753305,12,0.021161441806064236,0.0001566215106045441,28.019820451955013,6.398451469359942e-05,screen,30,0.011340382485226222,0.04232288361212847,1.0499268599571738,0.9610728162071572,0.11822841537194413,0.37346441324962354,2.759005962282161,0.47839430469888083,5.76722158935145,0.37346441324962354,0.05499713342720852,5.11379810546401,1.3397661251654847,0.0004027502980817254,0.0005395912062701972,3044.0943397297215,2044.1246229120393,18.815450023306767,0.3397780813044467,0.023033333333333333,148.5,elec 220u/63V,BSC0902NS PG-TDSON,False,0.0,pivot 1.34 < 1.5
LNGT72,0.0029955212664959352,0.006488602120749774,potcore,0.0007811637055445257,0.0009505457962342086,0.00015892404373485218,12,0.02155669374672998,0.0004260523391701233,77.96531041829313,8.580609026300474e-05,screen,30,0.011552197361842662,0.04311338749345996,1.0494390054235407,0.9079090708884873,0.1332852635370177,0.5191917763430849,2.8692491262546165,0.669575425583542,4.285176869736573,0.5191917763430849,0.0881691625678381,3.317283089405514,1.5932830518475325,0.0006577326942173362,0.0010479543543424974,17417.735056828806,2219.101925296423,9.933149740254889,0.12699403952417812,0.03203333333333334,149.3,elec 100u/63V,BSC0902NS PG-TDSON,True,0.09365191895378748,
LNGT72,0.004208446197426754,0.004042685152942838,potcore,0.0005423537585531643,0.00013929351880350216,8.851055791188418e-05,8,0.018291398794002083,0.00015,35.126807474033605,4.5147895904063426e-05,screen,18,0.015153090910501075,0.036582797588004166,1.0473064376255634,0.8506134122356211,0.28072057449498705,0.7350485152154633,8.250491848052244,0.8490859155284515,9.716910500060914,0.7350485152154633,0.0441739015521154,19.03904117901098,2.0886463842848797,0.000653082107686878,0.0013640575828613461,2475.626835182865,1382.5983223064507,19.61776483893751,0.1563792309593267,0.01983333333333333,49.3,elec 220u/63V,IRLML6344 SOT-23,True,0.16443621802243677,
LNGT72,0.00435042411487878,0.0043423287381787416,potcore,0.0005672720252013658,0.00014618723381241668,0.00010729017312939565,8,0.018532442467025543,0.00015078318145229653,37.86501386253304,5.3098746853908184e-05,screen,18,0.01535277802748216,0.037064884934051086,1.046580717351713,0.8608248407751538,0.28686542392824277,0.718153576251342,8.158853929280033,0.8947432845986664,9.118653439170158,0.718153576251342,0.044765574887289494,18.578728334412126,2.241567434437831,0.0006705511859875023,0.0015030857016332503,2605.031394025207,1485.0764284571296,21.5860890119876,0.2226766650035148,0.017633333333333334,85.1,elec 100u/63V,BSC160N10 PG-TDSON,True,0.15560602421729752,
LNGT72,0.003516161683189854,0.009877176387242705,potcore,0.0006256121913396782,0.00038944277328350503,0.00019023052397672415,12,0.021206796592283042,0.00033169153856911666,65.03072766657728,6.949737998222714e-05,screen,30,0.011364688041906651,0.042413593184566084,1.0497416617860849,0.9732542251479328,0.09971872107447616,0.3332550626767998,3.564183572664876,0.9734967836659031,3.661217615165822,0.3332550626767998,0.09529020674026656,3.812789136807752,2.164716418421477,0.0006993167046338118,0.0015138223521972147,14276.398023435899,3377.994324437005,15.387174594816866,0.24681835561366014,0.026033333333333332,148.8,elec 100u/63V,BSC0902NS PG-TDSON,True,0.10873878494528535,
LNGT72,0.0033682564908493855,0.01112768398317548,potcore,0.0007453634840450846,0.0005328356704032095,0.00019235549466551288,12,0.02119956998842577,0.0003958356669511227,63.48938714961401,6.95572407771731e-05,screen,30,0.0113608153165715,0.04239913997685154,1.0498060870764199,0.9792942341556329,0.09631807399365766,0.3287548328894063,3.2826875192369536,1.0014794658060449,3.277838069894792,0.3287548328894063,0.1107160355774631,3.022386564770166,2.139652320601757,0.00081224704633904,0.0017379262776012498,14760.999113083728,3805.667922246014,16.368778442929358,0.27955428004400484,0.026033333333333332,148.8,elec 100u/63V,BSC0902NS PG-TDSON,True,0.10159439645920132,
LNGT72,0.0029677601281806205,0.005442312684526414,potcore,0.0005019678791476851,0.0001464172008169493,0.00011275929264499534,12,0.0212025355502871,0.00015,37.70770760399702,6.509118259241171e-05,screen,30,0.011362404556383196,0.0424050711005742,1.0494573495881683,0.9446236990869761,0.11471100342626861,0.39128835111394955,2.953010789328601,0.5470222931988478,5.3983371903549715,0.39128835111394955,0.05382809759674148,5.592255369613702,1.4833764962982667,0.00039495479756446015,0.0005858666638073601,3638.7141878148345,1861.2709381080338,19.28820365749663,0.36324277678816586,0.021753333333333333,78.1,elec 220u/63V,IRLML6344 SOT-23,False,0.0,pivot 1.48 < 1.5
LNGT72,0.0034224220496354182,0.011426546317459074,potcore,0.0006999610377113433,0.0003859232340562983,0.00019153491419959416,12,0.021455697077613172,0.0003450210060142951,64.56320036522315,6.949864501975986e-05,screen,30,0.011498073409986497,0.042911394155226344,1.0499089859918638,0.9937622971363895,0.08389541130154711,0.29742727522135176,3.2790111796576604,1.029167801863151,3.1860802229932883,0.29742727522135176,0.1082448650693161,3.0879238837839456,2.0165223664497454,0.0008037120778330653,0.001620703381136175,15146.08892963047,3907.8788405710034,16.658106641194617,0.28928030888320505,0.026033333333333332,148.8,elec 100u/63V,BSC0902NS PG-TDSON,True,0.1033638847855718,
LNGT72,0.003421417654413661,0.004285338615782729,potcore,0.0005900584616867273,0.00023996230236173518,0.0001519961030826043,12,0.020901333295845627,0.00034707635835909065,55.978341663160116,4.9374878153651824e-05,screen,30,0.011200990754711143,0.041802666591691254,1.0458485488724136,0.8892579488294537,0.18740875826902115,0.5577229654704067,3.811610274229111,0.6383888674041386,5.970671590386823,0.5577229654704067,0.06212967257735819,6.253748570941084,1.9240010116705148,0.0004493902212513671,0.0008646272403224668,7702.745332338606,1465.5858065976934,10.650886077457212,0.08401731045651831,0.028033333333333334,148.89999999999998,elec 470u/63V,BSC0902NS PG-TDSON,True,0.1174016338658188,
LNGT60,0.0033945788208180542,0.006699719002523377,potcore,0.0007622477149441728,0.0007255547462491019,0.00015105541696974477,12,0.02163566199440729,0.00043432044675353296,85.65234977672021,5.968144605328242e-05,screen,30,0.011594516318228333,0.04327132398881458,0.8999415962604901,0.7937073515010817,0.10329595900422699,0.4570136131591068,2.8721822653815483,0.6874466286843742,4.178044004489906,0.4570136131591068,0.08820885761385887,3.319179895619657,1.7884951555713196,0.0006604393601907273,0.0011811925962497375,14833.545183416472,2251.1055848478545,12.998408711713518,0.15125542956140017,0.028033333333333334,148.89999999999998,elec 470u/63V,BSC0902NS PG-TDSON,True,0.09144847050301622,
LNGT18,0.004617765220564768,0.004558359213963011,potcore,0.0005810018846070318,0.0001520991839415482,9.08246335841943e-05,8,0.01909753943540804,0.00017592053704103868,35.02433222566247,4.5175117229124154e-05,screen,18,0.01582091968420206,0.03819507887081608,0.5682888529683209,0.4720383449814995,0.09482462115851999,0.378226279093038,2.836343824289095,0.2617182560072016,10.837393873704585,0.378226279093038,0.05048045174359979,5.727520274646263,0.5605059779880965,0.0007792122230897284,0.00043675310916318707,3102.653755849277,1258.107143053791,14.20215274447647,0.08200685485065745,0.01983333333333333,49.3,elec 220u/63V,IRLML6344 SOT-23,False,0.0,pivot 0.56 < 1.5
LNGT72,0.005176105948008014,0.010975247318573581,potcore,0.0010782871468088514,0.0006148492603094157,0.00018970686875399126,8,0.021135324694622704,0.00032798201796025795,63.09300699112715,6.918240286586282e-05,screen,18,0.017509076267343434,0.04227064938924541,1.0497359110532132,0.936069883152523,0.0988028819043242,0.4136016019975484,9.535084161484845,1.9437375249960236,4.905541020259076,0.4136016019975484,0.12720713267008696,7.640891976533034,1.9547645202369492,0.0021730789045847367,0.004247857542357618,9917.94718373621,3753.534582952165,23.8781049441347,0.35500777500137404,0.017633333333333334,85.1,elec 100u/63V,BSC160N10 PG-TDSON,True,0.19843670860779658,
LNGT72,0.004321046565307231,0.004129587813615802,potcore,0.0005375401324522454,0.00014200333763715058,0.00010309332894559766,8,0.018274927367634728,0.00015,35.451326826620964,5.4193596152161674e-05,screen,18,0.015139445534115097,0.036549854735269456,1.045818296067158,0.8494125888462375,0.31292189192524916,0.7488183480307524,8.071389658564412,0.8413775729532655,9.593064895031066,0.7488183480307524,0.04283716025805427,19.206960074116438,2.2354246654789995,0.0006327489612773793,0.00141446263509567,2443.069277392043,1412.3190322566043,20.494131729835235,0.20485639547989729,0.017633333333333334,85.1,elec 100u/63V,BSC160N10 PG-TDSON,True,0.15298988820004117,
LNGT72,0.004295943273043103,0.004664836909838832,potcore,0.000695074915071933,0.00015610022714751935,0.00011146237830511027,8,0.01922642593900185,0.0001705594703770713,36.738747074337674,5.4740671825405286e-05,screen,18,0.01592769275979287,0.0384528518780037,1.0483773270428964,0.8841781327217199,0.18523483881377242,0.6040893136919578,7.647769902722782,0.8674303074435086,8.816581386535013,0.6040893136919578,0.0517666453240818,15.059681381758264,1.8068416394505722,0.0008044585828920186,0.0014535292647826989,3186.5269302095603,1595.3742231648805,18.393709313455545,0.16668298533280113,0.01983333333333333,49.3,elec 220u/63V,IRLML6344 SOT-23,True,0.15508661759962447,
LNGT72,0.004107193441173537,0.0043940201749618464,none,0.0003,0.0,8.815373644452415e-05,12,0.01774322082365584,0.000150045651173502,34.90510710189312,4.413140707247598e-05,screen,30,0.009508563381651323,0.03548644164731168,nan,nan,nan,nan,0.0,0.0,inf,nan,0.05053041866848952,0.0,0.0,nan,0.0,2653.4103210065196,1502.7548998369514,19.768454321382954,0.2586928709980535,0.026033333333333332,148.8,elec 100u/63V,BSC0902NS PG-TDSON,False,0.0,open-circuit demag margin 0.97 > 0.8 [prescreen]
LNGT72,0.004886437732887987,0.00577377695439062,potcore,0.0006788459351783026,0.0001973072765025273,0.00010513008002113465,8,0.021103525354793488,0.00015649744710269503,43.00610795702323,6.508841194840952e-05,screen,18,0.01748273283167989,0.042207050709586975,1.0490784796825923,0.892102416131921,0.20294247158142353,0.6185717638393549,10.940249911677196,1.2223867745149544,8.949908604842612,0.6185717638393549,0.06146763365210503,18.143110316997724,1.9823813726872341,0.0010484714593720224,0.0020784702908532974,2816.3594123847447,1974.631718401592,30.152836489372053,0.5326016779453846,0.017633333333333334,85.1,elec 100u/63V,BSC160N10 PG-TDSON,True,0.15718135792259147,
LNGT72,0.0027614882503688024,0.004942122230460428,potcore,0.0004411419414646102,0.0001236457611314562,0.00011109393827317312,12,0.01937841783590259,0.00015,38.859670279071956,0.00011481148673437992,screen,30,0.010384862819445926,0.03875683567180518,1.049202946939305,0.9443068454548597,0.14315552061372058,0.4158743834752279,2.4567856838554647,0.3977067037383391,6.177380619341643,0.4158743834752279,0.047984601660825424,5.21910905220662,1.3592770742647835,0.00032178868735777794,0.0004373999854831855,4062.6140195116027,1690.2058028174663,16.167137681752216,0.45013509430230425,0.023033333333333333,148.5,elec 220u/63V,BSC0902NS PG-TDSON,False,0.0,pivot 1.36 < 1.5
LNGT72,0.003072581162351244,0.006826054447692311,potcore,0.0005249163381378294,0.00016103769011672372,0.0001492115756049727,12,0.020978363604038697,0.00032722087583266586,43.79213889092676,6.34346172218714e-05,screen,30,0.011242271172457251,0.041956727208077395,1.049744030520141,0.9672593411494418,0.10950900896301875,0.3418931258891123,2.699571779777797,0.6112448287042279,4.4165147139168335,0.3418931258891123,0.0714093955033166,3.8536344476769413,1.471387014572799,0.0005184149623856778,0.0007627890438145323,8968.23396335432,2334.5106211107704,11.399481077296633,0.12364818522777685,0.03203333333333334,149.3,elec 100u/63V,BSC0902NS PG-TDSON,False,0.0,pivot 1.47 < 1.5
LNGT72,0.00431345738335201,0.0032287768555589198,potcore,0.0007415689818973746,0.00023302814822643016,0.00015153286930423644,8,0.019304435573424327,0.00031522088823932737,43.26145688095346,4.093346499095793e-05,screen,18,0.015992318056939986,0.038608871146848654,1.0418891289346635,0.7841673921671474,0.26286485214865524,0.808450465598586,6.729653314984796,0.808719276447587,8.321371223579266,0.808450465598586,0.04731083594711648,14.499835076212772,1.9035242671461046,0.0007381979557819978,0.00140517772278868,4088.726966614829,1104.2416846011506,11.683613118357746,0.05028927257946915,0.020633333333333333,93.30000000000001,elec 220u/63V,BSC0902NS PG-TDSON,False,0.0,demag margin 0.81 > 0.8
LNGT72,0.0033411277950479586,0.00652195874252614,potcore,0.0006260487273261824,0.00028812907645772755,0.00015590778336900527,12,0.021152793178587728,0.0003504316143939673,64.19335451790965,6.6004733292387e-05,screen,30,0.011335747699730284,0.042305586357175455,1.0491113328304391,0.9382096995327004,0.12290870997625639,0.4076397284645351,3.5052049824849174,0.7377146423798668,4.751437454429709,0.4076397284645351,0.07491262989152635,4.769681386402777,1.8939526863088312,0.0005483695475413682,0.0010385859776559326,12060.720070095618,2230.50988994394,11.871920688707254,0.13954308266155915,0.028033333333333334,148.89999999999998,elec 470u/63V,BSC0902NS PG-TDSON,True,0.10771565300563136,
LNGT72,0.0029812934766336656,0.005421229865612538,potcore,0.00046283558677237194,0.00013018938277819446,0.00010924968326624236,12,0.021174770685752485,0.00015,37.99928705268093,6.538194703376889e-05,screen,30,0.011347525410323177,0.04234954137150497,1.0494987494466759,0.9459603371622988,0.13988551812108344,0.4162684086115597,3.026772930531523,0.49734570955097446,6.085853104602484,0.4162684086115597,0.05380360409842999,5.734551607959897,1.4311582332230308,0.00039425811990260437,0.0005642457543136451,3694.1053431639275,1854.060614039488,19.071730484441137,0.35672152017559144,0.023033333333333333,148.5,elec 220u/63V,BSC0902NS PG-TDSON,False,0.0,pivot 1.43 < 1.5
LNGT72,0.00318680318373433,0.007501685922911055,potcore,0.0005049071065028704,0.0001445724084622311,0.00012772357405338924,12,0.021193463229153456,0.00017763230060940943,38.99235644640808,7.097113811578663e-05,screen,30,0.011357542714140724,0.04238692645830691,1.050130308528264,0.9757358211727307,0.10951538407523617,0.344811578114868,3.194718502348059,0.6546622278736599,4.87994933314618,0.344811578114868,0.06590659653093005,4.941225849404107,1.8868551361258843,0.00048337187567318014,0.0009120527062727423,4959.369628037371,2565.5765856355806,20.17149037492701,0.43316065674379606,0.023033333333333333,135.7,elec 220u/63V,BSC160N10 PG-TDSON,True,0.07485600409448227,
LNGT44,0.0017775262662581197,0.006783833058137316,potcore,0.0003,8.711854309605931e-05,0.0001115739831521415,20,0.021179890587327544,0.00015,39.41675890960985,6.421556344414455e-05,screen,54,0.006709130233617574,0.04235978117465509,0.8734048084872088,0.8403686578145309,0.05501564191365284,0.16196097763020642,0.48957501791204394,0.14537742983772328,3.367613655424568,0.16196097763020642,0.06006731927305819,0.830829657301434,0.7283042419482681,0.0001555706389547346,0.00011330275627333571,6352.543282902317,2482.8828992782574,15.405986592023837,0.411512557819177,0.03283333333333333,259.29999999999995,elec 470u/63V,BSC0902NS PG-TDSON,False,0.0,hold 0.8 < 3.0; pivot 0.73 < 1.5; electronics do not fit
LNGT72,0.003517779675938941,0.011340683792602425,potcore,0.0005978366499940071,0.0003694695202689763,0.0001886380080218724,12,0.02119986838779497,0.00033438210422334424,65.57674112174053,6.957737061256358e-05,screen,30,0.011360975228311499,0.04239973677558994,1.049926317008024,0.9919298271062191,0.08713491259529446,0.3013184309678018,3.5220143323868256,1.0581389944060977,3.3284987615106547,0.3013184309678018,0.10322022012951465,3.478222263767561,2.1056009663414303,0.0007572660870563959,0.0015945002046835407,15366.18682858752,3878.5138570700296,16.551946294768822,0.2859284753395399,0.028033333333333334,148.89999999999998,elec 470u/63V,BSC0902NS PG-TDSON,False,0.0,electronics do not fit
LNGT72,0.00428364166829849,0.004320167886648423,potcore,0.0006769457905471218,0.00018840306073254764,0.00010885719653434112,8,0.019366308897452222,0.00016274414186311456,38.363532333294266,5.302994780982525e-05,screen,18,0.016043575596862904,0.038732617794904445,1.048096472737342,0.8637663914673382,0.20158653292060158,0.6604268522398121,7.743108792095839,0.8596299917103638,9.007490276938515,0.6604268522398121,0.049911014015459394,15.814299540361448,1.8732888548373776,0.0007812649775298425,0.0014635349750814282,3048.084015280225,1477.4974172337606,18.595950654331,0.1650442807143068,0.01983333333333333,49.3,elec 220u/63V,IRLML6344 SOT-23,True,0.15631954834851058,
LNGT36J,0.0030616024502904842,0.00686188619575155,potcore,0.0005286030638127972,0.00016305913676189427,0.0001514483173438047,12,0.020990472542489064,0.0003070372678390142,44.28827683670445,6.425647852100456e-05,screen,30,0.011248760333015199,0.04198094508497813,0.6963903992467548,0.6569112040591708,0.05426722112686814,0.1852232543723437,1.1587178599431358,0.3118486811878998,3.7156413666055155,0.1852232543723437,0.07160017114002895,1.6496607189600603,0.7037800439720977,0.0005200999815799744,0.0003660359879062416,9164.555684981788,3046.677470913688,14.723255540374199,0.20893725265861338,0.03203333333333334,149.3,elec 100u/63V,BSC0902NS PG-TDSON,False,0.0,hold 1.6 < 3.0; pivot 0.70 < 1.5
LNGT72,0.00443444167661027,0.005202568569584501,potcore,0.0007627086762690929,0.00023791516452596905,0.00015154945894644694,8,0.019233093339350082,0.0003328635604905996,43.00384282245904,3.209884746211943e-05,screen,18,0.015933216215092888,0.038466186678700165,1.0475116718120299,0.8867128554567004,0.16674042522724317,0.5617610613953186,7.241882358565955,1.030708822418245,7.026118532268967,0.5617610613953186,0.05555047252904711,13.28907341547711,1.91104940722456,0.0008635589807614781,0.001650303878287668,4097.882899388006,1779.2784507978995,18.672034490523988,0.10071988708742842,0.017633333333333334,93.1,elec 100u/63V,BSC0902NS PG-TDSON,True,0.1940278692983037,
LNGT72,0.004317746289618616,0.004494319366130467,potcore,0.0007009266185349611,0.00016725920494581147,0.00011081329433523083,8,0.01925880229358618,0.00017704827606760738,35.79843826689731,5.5249532042463735e-05,screen,18,0.01595451421013093,0.03851760458717236,1.0482426979951922,0.8747621453402445,0.18977126470043965,0.6280334147805816,7.7458687679435565,0.8372646193173741,9.251398648922727,0.6280334147805816,0.05135526719812164,15.375035749717139,1.8335337338067224,0.0007994096311490053,0.0014657445258416904,3327.2797802225045,1537.0572232166198,16.537307275773824,0.13598803719995747,0.01983333333333333,49.3,elec 220u/63V,IRLML6344 SOT-23,True,0.15973245391285676,
LNGT72,0.003368853806045334,0.0057497414757041055,potcore,0.0006213113607049221,0.0002914416510948441,0.00014697697362576266,12,0.021176360715581384,0.00034561553037097177,53.37012531852835,6.633681745015646e-05,screen,30,0.011348377504740367,0.04235272143116277,1.048774095544181,0.9234748126359954,0.13487493904714487,0.45192868012773557,3.774016438251151,0.6825077638501637,5.52963151211814,0.45192868012773557,0.0710047021552684,5.418108154918666,1.890245550918866,0.0005203421397071219,0.00098357441453699,9525.18684792741,1966.4115846908041,11.017908034590391,0.12079367025010815,0.028033333333333334,148.89999999999998,elec 470u/63V,BSC0902NS PG-TDSON,True,0.10875489716558047,
LNGT72,0.003932200411369077,0.004974700791660679,none,0.00033760760889289755,0.0,0.00011174193919788816,12,0.01921606953340729,0.00017639782096951385,37.6217486238172,6.023178964543845e-05,screen,30,0.010297860626353567,0.03843213906681458,nan,nan,nan,nan,0.0,0.0,inf,nan,0.05880271197413284,0.0,0.0,nan,0.0,4079.8837396974386,1701.3476707479522,15.688602537322089,0.2223747882195583,0.03203333333333334,149.3,elec 100u/63V,BSC0902NS PG-TDSON,False,0.0,open-circuit demag margin 0.96 > 0.8 [prescreen]
LNGT72,0.0048074704185207704,0.005213895851206831,potcore,0.0008248858383984773,0.00025540792911746035,0.0001515024106858948,8,0.02123740735222038,0.0003096848374397239,44.297894942132444,7.237883260312721e-05,screen,18,0.01759364430986353,0.04247481470444076,1.047531741546549,0.8733699275024371,0.1707875363921257,0.5989758737059689,8.871153593543104,1.1889951951883984,7.461050834723898,0.5989758737059689,0.0659133504790572,13.719481650189106,1.716175643572577,0.0011314360016399592,0.0019417429082756402,5928.6590666830825,1783.1523811127363,13.32340010715744,0.1156336471634127,0.020633333333333333,93.30000000000001,elec 220u/63V,BSC0902NS PG-TDSON,True,0.2103127956355508,
LNGT72,0.002767477406845608,0.004341644530913311,potcore,0.0003604772163981693,9.188072295363189e-05,0.00010503040983760092,12,0.01831682255663913,0.00015651818096145957,36.432289122389946,5.30502468507708e-05,screen,30,0.009815955623911254,0.03663364511327826,1.0481779383029326,0.9357195218652594,0.2134468266089374,0.5040289842101315,2.4650285969557717,0.37630452158838246,6.550621785119347,0.5040289842101315,0.05222998365855743,4.810974606360508,1.2054143850548134,0.0003310705807028783,0.00039907724044769996,4246.061951809933,1484.8424295723523,12.740324872629975,0.12916346082421098,0.03203333333333334,149.3,elec 100u/63V,BSC0902NS PG-TDSON,False,0.0,pivot 1.21 < 1.5; electronics do not fit
LNGT28,0.004901526525243925,0.005443279666759556,potcore,0.0006796171704134698,0.00020355940592478922,0.00010542112651781525,8,0.02119677559934072,0.0001536547080061227,42.93800142577547,6.471664800118503e-05,screen,18,0.017559983863652033,0.04239355119868144,0.9630793305697091,0.7050074978337922,0.32141321170812276,0.6661322948702999,8.039799941189523,0.3514808930951597,22.87407395147603,0.6661322948702999,0.0591594050479687,13.853274410452789,0.6205824882614615,0.0010135582387655361,0.0006289964938110209,2702.969169231443,963.4605010164414,15.305046330989084,0.13643563658761546,0.016833333333333332,49.099999999999994,elec 100u/63V,IRLML6344 SOT-23,False,0.0,pivot 0.62 < 1.5
LNGT72,0.003417705979570285,0.006796960549564059,potcore,0.0006551158943526401,0.0003858148474693935,0.00015178089962352836,12,0.021192131783389728,0.0003324722988584181,65.33075518114862,6.619562273888097e-05,screen,30,0.011356829194506412,0.042384263566779455,1.049303267120271,0.9314896943117018,0.12096236816485013,0.4286286885338063,3.8974431997688472,0.8004681478586523,4.868954761279349,0.4286286885338063,0.07972393482758368,4.983357703644033,2.099257815995345,0.0005846742050024703,0.0012273818946623002,12203.534666684427,2324.5605079509082,12.44436940579999,0.15376812550582206,0.028033333333333334,148.89999999999998,elec 470u/63V,BSC0902NS PG-TDSON,True,0.11300280625009289,
LNGT60,0.0033281493652303025,0.01114961776859216,potcore,0.0008100625452265491,0.0007321247745226226,0.00019161908300840903,12,0.021643179605277087,0.00043230739902749236,85.71415465412332,6.945471668731516e-05,screen,30,0.011598544993751481,0.043286359210554175,0.8999777610257274,0.845707643541695,0.07455431319699415,0.31039285410947176,2.4344881101761207,0.7985882466280972,3.048489782382012,0.31039285410947176,0.1190685603762614,2.084210347550032,1.5778221229387073,0.0008918025884705638,0.0014071058533828592,19820.277381160286,3746.2715702469654,16.201009429550982,0.27344951205957696,0.026033333333333332,148.8,elec 100u/63V,BSC0902NS PG-TDSON,False,0.0,hold 2.1 < 3.0
LNGT72,0.0029318505226089264,0.005334925583871722,potcore,0.00045503298092917775,0.00012866237051544724,0.00012077262850974848,12,0.021192675542273883,0.00015,40.182683091786,6.528452993824747e-05,screen,30,0.011357120594014185,0.042385351084547766,1.0492121177195757,0.946644127834429,0.14822103021417474,0.4154604099775783,2.739300917030783,0.4645293705894377,5.896938041947499,0.4154604099775783,0.05282769033151592,5.285780349907002,1.3605192368230783,0.00038743421819438794,0.0005271117068569747,3972.390353128485,1824.544549684129,18.45616591256267,0.3335681004371143,0.023033333333333333,148.5,elec 220u/63V,BSC0902NS PG-TDSON,False,0.0,pivot 1.36 < 1.5
LNGT72,0.0035616031178087064,0.009860416963769242,potcore,0.0007384107269237608,0.0005497993939815208,0.00017852227916286255,12,0.021192825486467868,0.0004109025398459313,63.80611535643167,6.953022933333594e-05,screen,30,0.01135720094886556,0.042385650972935736,1.0497229285913616,0.9583500341745315,0.1037883566080487,0.36725652026391814,3.96848947887578,0.9991253221761787,3.9719636674126897,0.36725652026391814,0.10657697829764734,3.795708243333764,2.284259828118499,0.0007816328928012888,0.0017854526173620374,13526.52291469747,3372.262601609081,15.907338340191755,0.26391249813001333,0.026033333333333332,148.8,elec 100u/63V,BSC0902NS PG-TDSON,True,0.1089156888862981,
LNGT72,0.003598972716592739,0.006379789978592483,potcore,0.0007001367616605228,0.0003866299523518758,0.00015652416954060433,12,0.02120159768009064,0.0003522791268025828,65.93466064142942,6.973729398288765e-05,screen,30,0.011361901953259703,0.04240319536018128,1.0490169350003804,0.920620722049761,0.13129341163621022,0.4616812505955776,4.32559169084648,0.8213816439662219,5.266238565984271,0.4616812505955776,0.08215399782357019,5.367200419033993,2.1372562102222608,0.0006027647597933733,0.0012882627261715162,11755.28383580758,2181.8881726786294,12.23807593525714,0.15666884354370283,0.028033333333333334,148.89999999999998,elec 470u/63V,BSC0902NS PG-TDSON,True,0.11682002382040838,
LNGT72,0.002910888840450613,0.010197711677424375,potcore,0.0008069466384722396,0.0009224800239652121,0.00019657977964239036,12,0.021514792533674665,0.00043521040978156263,76.69091013890389,7.822156060256262e-05,screen,30,0.01152974256944255,0.04302958506734933,1.049783432799105,0.9650403004548556,0.10338711215702832,0.3626009595327174,2.397534690417037,0.7519495466895743,3.1884249428330413,0.3626009595327174,0.107462951676572,2.2742443647972896,1.4491481133882835,0.0008001040892990132,0.0011594693315219158,20008.10432172632,3487.6173936791365,13.368010673909128,0.2096772454949142,0.028033333333333334,148.89999999999998,elec 470u/63V,BSC0902NS PG-TDSON,False,0.0,hold 2.3 < 3.0; pivot 1.45 < 1.5; electronics do not fit
LNGT72,0.003007405631100235,0.006639121533710241,potcore,0.0004782883885973562,0.00013296291532023408,0.00010862624843586669,12,0.021092545436871363,0.000150199329716852,36.900720696094275,6.418840619829489e-05,screen,30,0.011303461032252887,0.042185090873742725,1.0500911222996963,0.9683758212160539,0.11014354961203662,0.35888641706541125,3.0167681086679257,0.5721380217572617,5.272797810923735,0.35888641706541125,0.05600744836785599,5.4906926460873375,1.8480035637251873,0.00040881360739997825,0.0007554890033745094,3553.95809822291,2270.5795645289027,23.57541085552923,0.5351387395934514,0.020033333333333334,135.5,elec 100u/63V,BSC160N10 PG-TDSON,True,0.0658920538894276,
LNGT72,0.0030334864180772765,0.006992697122760282,potcore,0.0004792140858146129,0.00013254325094871018,0.00011050617173998004,12,0.02121864694014227,0.00015326098479600265,38.72711018979627,6.434253553305078e-05,screen,30,0.011371038624184468,0.04243729388028454,1.0501529310803799,0.9736613990283775,0.10712717711559401,0.3494197847702641,3.035827049626745,0.5983560594710248,5.073612945961575,0.3494197847702641,0.057794719710726035,5.3545115170661335,1.8698441999959028,0.00042438146807077966,0.0007935272266578938,3853.6114066941,2391.5024159840164,24.033553933874593,0.557475034153589,0.020033333333333334,135.5,elec 100u/63V,BSC160N10 PG-TDSON,True,0.06702867437974834,
LNGT44,0.004303115427033247,0.004141947971337198,potcore,0.0005528487026749743,0.00014233717979955779,0.00010295367314109571,8,0.018356873047154085,0.0001500000540260016,30.461753596504543,6.0832163738997095e-05,screen,18,0.015207331557784691,0.03671374609430817,0.8550234097068106,0.6917634425016982,0.17113999453927697,0.5194328415131316,5.25099179697315,0.6215333572611828,8.448447272583893,0.5194328415131316,0.043185312902988555,12.39470691181436,1.53828735071336,0.0006407518715300545,0.0009856604989205947,2100.356372191958,1515.9529575094145,21.98607153858922,0.2646494812768561,0.017633333333333334,85.1,elec 100u/63V,BSC160N10 PG-TDSON,True,0.10248419329998279,
LNGT44,0.004303730410472006,0.00429322623252239,potcore,0.0005531127477500543,0.00014236726068347672,0.00010896485947883933,8,0.018360541923999222,0.00015000798059274024,37.09296231067822,5.409595961269006e-05,screen,18,0.015210370954880556,0.036721083847998444,0.8547369098389128,0.6981715182226158,0.171633755063519,0.5074631904780083,5.086210393500907,0.6230739717271416,8.163092384363432,0.5074631904780083,0.043802022501084406,11.836713875018244,1.533441448111781,0.0006500320464071654,0.0009967860825616682,2557.3896039595525,1571.3208011031948,22.790795412268885,0.2528868831698683,0.017633333333333334,85.1,elec 100u/63V,BSC160N10 PG-TDSON,True,0.10265926968835967,
LNGT72,0.0027385591478520403,0.00453895564283697,potcore,0.0004253946681167697,0.00011959126232176765,0.00010885446207518764,12,0.019275368790984508,0.00015209605879248043,38.36364713915098,5.3282922051230556e-05,screen,30,0.01032963900271273,0.038550737581969016,1.0486854745874707,0.9368392528866174,0.15942842168284413,0.44441966095369295,2.4499427485231142,0.38655699872690014,6.337856400457988,0.44441966095369295,0.04905565185429665,5.0909388119335,1.2657776866423527,0.00032722186039803064,0.0004141901294734261,4174.038016271175,1552.3228298502438,14.267422830907462,0.16269355806825392,0.026033333333333332,148.8,elec 100u/63V,BSC0902NS PG-TDSON,False,0.0,pivot 1.27 < 1.5; electronics do not fit
LNGT72,0.004708845692734633,0.005169159478310813,potcore,0.0007438805195638377,0.000207062793496144,0.00010905618915172008,8,0.02128361467368614,0.00016236060093295337,38.98838856534967,6.506590594297965e-05,screen,18,0.01763192370832763,0.04256722934737228,1.0489113223608164,0.8789685625516328,0.17695689541551926,0.618491365156007,9.734961559210817,1.098995953320466,8.858050413923692,0.618491365156007,0.0589316260391426,16.839019864665392,1.9545757912021848,0.0010137921411256788,0.0019815335763552805,2804.875706408616,1767.852541582298,24.57353873470017,0.3536155824345904,0.017633333333333334,85.1,elec 100u/63V,BSC160N10 PG-TDSON,True,0.15780133590990436,
LNGT60,0.003666569593946684,0.006929380351849922,potcore,0.0005563554722964128,0.0003799623379362719,0.0001523413698388954,12,0.02120288689921114,0.00032940389399016063,64.4779231471401,6.614172559266058e-05,screen,30,0.011362592843704113,0.04240577379842228,0.8998897831859253,0.8065115820558079,0.11343092096287977,0.40449688578604764,3.39151516239331,0.7145037823311811,4.746672090843183,0.40449688578604764,0.078882410943435,4.38272861979335,1.9762327577296992,0.000578796284995209,0.0011438361784597867,11745.146663305384,2328.271798221574,12.78163094722362,0.16208369461603891,0.028033333333333334,148.89999999999998,elec 470u/63V,BSC0902NS PG-TDSON,True,0.09917951129545222,
LNGT28,0.0034325506479659946,0.009776035861888244,potcore,0.0007644936687310281,0.0007079826251385509,0.00018894457110757356,12,0.021639571687479195,0.00043660809133248905,86.20515429615739,6.94472521435609e-05,screen,30,0.011596611516430875,0.04327914337495839,0.9821604592026991,0.8321433684837392,0.16411952449389347,0.4275846203843971,2.7191489586936273,0.33233214816026535,8.182022033517903,0.4275846203843971,0.10978267250234655,2.5248186716276666,0.742401121044754,0.0008221158509280225,0.0006103397293576257,18608.194381435736,1730.358347554219,8.0161355411984,0.06693856983216571,0.028033333333333334,148.89999999999998,elec 470u/63V,BSC0902NS PG-TDSON,False,0.0,hold 2.5 < 3.0; pivot 0.74 < 1.5; electronics do not fit
LNGT72,0.0029634819713631236,0.005564264257945516,potcore,0.0004768042794765192,0.00013340106007112693,0.00010786024552091403,12,0.021181505857504158,0.00015013618521389076,36.63697190867348,6.419729054947021e-05,screen,30,0.011351134777986669,0.042363011715008315,1.0496670114256201,0.9486066527269899,0.12823660818151866,0.40174747131103616,2.991669404202168,0.5007944863903314,5.973846528874098,0.40174747131103616,0.05462529449650236,5.582783691941698,1.4110308854724976,0.00040040656172357007,0.0005649860253378073,3572.1235552325234,1902.9783762173663,19.517624246272863,0.3668274809625896,0.023033333333333333,148.5,elec 220u/63V,BSC0902NS PG-TDSON,False,0.0,pivot 1.41 < 1.5
LNGT72,0.0030180610950166042,0.006764218499858128,potcore,0.000504016515487274,0.00014130198671417088,0.00011195682117330416,12,0.021457186956999576,0.0001508013180013099,39.842315974793586,6.50679877750059e-05,screen,30,0.011498871833943311,0.04291437391399915,1.0500457089234005,0.9692003870982205,0.09347672190249395,0.33884115825383015,3.027598451054147,0.6189739122919838,4.891318343035371,0.33884115825383015,0.05801898630016708,5.319356903613086,1.6987626251486287,0.00043081764682447485,0.0007318569166798997,3828.129803049291,2313.3627269514795,24.076960153778835,0.5657986976985009,0.020033333333333334,135.5,elec 100u/63V,BSC160N10 PG-TDSON,True,0.06838656776054275,
LNGT72,0.002908814542780778,0.006689272256564817,potcore,0.0004602591445005383,0.00013010536431942181,0.00010815670776820959,12,0.021180081837541227,0.00015028576092228783,40.51115044243844,6.403889586035934e-05,screen,30,0.011350371647988522,0.042360163675082455,1.0501361309657815,0.9729519928773156,0.10812444670810302,0.35034265509989987,2.7726267877683783,0.5475885853739438,5.063339269343925,0.35034265509989987,0.05749176150081636,4.916055669546893,1.435520663830113,0.00042138959864724325,0.0006049134763811956,4041.387210859226,2287.7311117451673,22.932378018797,0.5051650296045351,0.023033333333333333,135.7,elec 220u/63V,BSC160N10 PG-TDSON,False,0.0,pivot 1.44 < 1.5
LNGT72,0.004490735259057963,0.008010167215327837,none,0.00034172399054252284,0.0,0.00012743429179700095,12,0.021193490972475214,0.00017811481852006035,39.676832233132764,7.32570146544803e-05,screen,30,0.011357557581742046,0.04238698194495043,nan,nan,nan,nan,0.0,0.0,inf,nan,0.07056064112516826,0.0,0.0,nan,0.0,3876.141502820556,2739.4771876421205,28.041746334977056,0.864073305347223,0.023033333333333333,135.7,elec 220u/63V,BSC160N10 PG-TDSON,False,0.0,open-circuit demag margin 0.91 > 0.8 [prescreen]
LNGT72,0.004685214072197215,0.0060590013475274795,potcore,0.0007524048404750626,0.00020581483506217185,0.00010785945833747453,8,0.02199497486541291,0.00015161934290452145,40.42219535941597,6.453716974826133e-05,screen,18,0.018221233786618735,0.04398994973082582,1.0494018174055229,0.9040162692994098,0.1461944265608371,0.539077664947758,9.60003343860618,1.1332011350837998,8.471605914775457,0.539077664947758,0.06457257281065143,15.154989776624088,1.8092392206377825,0.0011479597709999913,0.0020769338414075517,2543.027616222894,2072.178460854398,32.93790520790346,0.6301506315131276,0.017633333333333334,85.1,elec 100u/63V,BSC160N10 PG-TDSON,True,0.13612105940487687,
LNGT72,0.003439585922788902,0.006534604060510792,potcore,0.0006296151179527443,0.00029910077551651765,0.00015813418762962154,12,0.021183240522406225,0.0003531522245693411,66.47275680570206,6.883550100653113e-05,screen,30,0.011352064382105963,0.04236648104481245,1.0490314062695136,0.9350567266556337,0.1260485306510707,0.41697846097902336,3.8094187291384447,0.7500082367971506,5.079169190736169,0.41697846097902336,0.07659140136467041,5.070020199173453,1.8972962509676403,0.0005614653705744433,0.0010652661426390482,12477.949073477914,2234.834588694691,11.905451387923259,0.14635092404718225,0.028033333333333334,148.89999999999998,elec 470u/63V,BSC0902NS PG-TDSON,True,0.10942595152151197,
LNGT44,0.004233445425977192,0.004010536805522925,potcore,0.0005775957536842841,0.00014180623508804632,8.885558571435366e-05,8,0.018290453937877305,0.00015000002270716632,34.95354334892908,4.4191701993696236e-05,screen,18,0.015152308166058327,0.03658090787575461,0.8597709976683218,0.6915518289539122,0.14838486319968733,0.5161964744192798,5.462772215474079,0.6205519997888695,8.803085345519277,0.5161964744192798,0.042732301314221774,13.031301783275353,1.5249444620373969,0.0006317363609398419,0.00096336286508287,2432.570918428702,1467.8564708213905,21.091588489433516,0.17693013807783448,0.017633333333333334,85.1,elec 100u/63V,BSC160N10 PG-TDSON,True,0.11462975996032508,
LNGT36J,0.00431268548934121,0.004138360915085705,potcore,0.0005557594194738663,0.0001427422191654985,0.00010192637558052782,8,0.018354356751447542,0.00015000801191157552,37.18085752864645,5.424143939597778e-05,screen,18,0.01520524699016751,0.036708713502895084,0.6933145810519056,0.5965990838994597,0.09050372832517287,0.3681577345195155,3.599763478932056,0.5227456851724251,6.886261486299388,0.3681577345195155,0.043288782992977795,8.476754057122367,1.2492015203410443,0.0006421990420722703,0.0008022360197182423,2557.341813840426,1837.432246298053,26.714186659918905,0.34838353986225984,0.017633333333333334,85.1,elec 100u/63V,BSC160N10 PG-TDSON,False,0.0,pivot 1.25 < 1.5
LNGT72,0.002797983907609419,0.0056275361894928865,potcore,0.0005177260721847637,0.0002499120211495205,0.00015736136401468936,12,0.021193790367250893,0.00034547454423338207,63.78327800306352,6.694025627803554e-05,screen,30,0.011357718026918769,0.04238758073450179,1.0486139580658944,0.9429010072079744,0.13483833682472354,0.3982691827623868,2.2252674719803136,0.48426297570368226,4.5951633381568735,0.3982691827623868,0.07022992895801163,3.2299141803017983,1.0672587106561287,0.000515087992363893,0.0005497321466047423,13367.558142651988,1924.617376806567,9.18330811688739,0.08467923806736795,0.03803333333333334,149.8,elec 100u/63V,BSC0902NS PG-TDSON,False,0.0,pivot 1.07 < 1.5; electronics do not fit
LNG40,0.0034188691251086046,0.011686597818908717,potcore,0.0006993329701939173,0.00038600695073774183,0.0001894925196442449,12,0.021450486507593063,0.00035216719223197976,64.57348579254254,6.94024101518522e-05,screen,30,0.011495281073928509,0.042900973015186125,1.2404325003988477,1.0887372153876145,0.21236637178816264,0.43540694696422255,3.884601244218196,0.39915468915026836,9.732069670753068,0.43540694696422255,0.10966396299547262,3.61088370443168,0.8443453783232705,0.0008140510583103963,0.0006873402488035503,15299.946908815318,1717.9298793795813,7.2505297776416455,0.05472746005260822,0.026033333333333332,148.8,elec 100u/63V,BSC0902NS PG-TDSON,False,0.0,pivot 0.84 < 1.5
LNGT72,0.0035410827110100226,0.004636204155459374,potcore,0.000567099158029631,0.00017571125605286196,0.00015322134632981527,12,0.0209055456903709,0.0003326754220258449,63.11909077859084,3.8718322243974456e-05,screen,30,0.01120324817013364,0.0418110913807418,1.046097366814186,0.9063379084557277,0.20186738029939785,0.5374170946739695,3.9831962940951358,0.5836491637593868,6.82464148228821,0.5374170946739695,0.06196712960370795,6.5524138900786975,1.9745313268283893,0.0004483048633082672,0.0008851919965716926,7749.44567080444,1585.581821167106,12.914534427175484,0.09686464647948227,0.026033333333333332,148.8,elec 100u/63V,BSC0902NS PG-TDSON,True,0.10717417736220711,
LNGT72,0.0034555934195619345,0.0097611674412689,potcore,0.0006546060301685409,0.0003736723388275227,0.00019068604081263994,12,0.02120669103002684,0.00034591158181228115,64.88053906362524,6.98781473023064e-05,screen,30,0.01136463147126405,0.04241338206005368,1.0497858490056964,0.9749151551224793,0.09817919832365829,0.32938282940516117,3.461888859120526,0.9490368260966893,3.647791912732187,0.32938282940516117,0.09527887127948978,3.7037998529188285,2.0276765685909113,0.00069923003522925,0.0014178123584893476,14312.076291993304,3338.3192649139637,15.133510264703697,0.24005568327975688,0.026033333333333332,148.8,elec 100u/63V,BSC0902NS PG-TDSON,True,0.10665063117780935,
LNGT72,0.0018720452156527404,0.005780607775167654,potcore,0.0003,7.786780938869316e-05,0.00010563934886020563,20,0.0211770525600802,0.00015699553652256062,38.85647237038597,6.47491583623766e-05,screen,54,0.0067082312349031805,0.0423541051201604,1.0502279041969589,1.0122598285309545,0.09722970588589805,0.2782777121842173,0.8552206828357228,0.22068543175031952,3.875292882057153,0.2782777121842173,0.06855928428995758,1.2715777287866254,1.1364822521127003,0.00017754050976291516,0.00020177163837659467,6561.450336069282,1976.9678591073377,11.707472138021874,0.23962060348525951,0.04283333333333334,260.2,elec 100u/63V,BSC0902NS PG-TDSON,False,0.0,hold 1.3 < 3.0; pivot 1.14 < 1.5; electronics do not fit
LNGT72,0.0031857222966492735,0.007564003540274854,potcore,0.0005043854651529144,0.0001444897796073221,0.00012753107420981267,12,0.021193338942490057,0.00017717986236304587,43.0056415512862,7.110481334587271e-05,screen,30,0.01135747610911855,0.042386677884980115,1.050143343855137,0.9767302745428726,0.10863572329711706,0.3429976421043952,3.192264963449734,0.6587497520196497,4.8459448427306775,0.3429976421043952,0.06612803113776541,4.920897642407939,1.8897510162364652,0.0004849930762067982,0.0009165161586294464,5444.347390628898,2586.8892107740003,20.434190206695334,0.44535375963981116,0.023033333333333333,135.7,elec 220u/63V,BSC160N10 PG-TDSON,True,0.07460920331052424,
LNGT72,0.003040181973009224,0.005694380607527339,potcore,0.00046373835356826375,0.0001444635717506098,0.00011131176329254154,12,0.02118638007855369,0.00015,36.815588921078614,6.50303200546923e-05,screen,30,0.011353746865174574,0.04237276015710738,1.049580273878307,0.9472271922015605,0.1385899749962193,0.4144339953478294,3.1640207091142796,0.5309324193348309,5.959366190292666,0.4144339953478294,0.055458722273795724,5.815679309167839,1.7368795857416965,0.0004066091815286453,0.0007062311867722437,3517.9590080161033,1947.47816777435,20.380440901722878,0.40516721921214954,0.023033333333333333,135.7,elec 220u/63V,BSC160N10 PG-TDSON,True,0.06775451217759922,
LNGT72,0.002881170261443745,0.00679071432325116,potcore,0.000481557225537667,0.0001353469239177617,0.00012836145194324461,12,0.019479399574061796,0.00018069526192575846,39.055115435997905,7.09719040010641e-05,screen,30,0.010438978769826027,0.03895879914812359,1.0500140506178406,0.9761050959848002,0.09933887246191168,0.3267331733204383,2.484498622956116,0.573637733482274,4.331128302655302,0.3267331733204383,0.061752860652945815,4.101216276049178,1.4390560549554132,0.0004162777603920703,0.0005990470316354875,5643.0059573537765,2322.4242985518968,16.07344556372659,0.27503988828695997,0.028033333333333334,148.89999999999998,elec 470u/63V,BSC0902NS PG-TDSON,False,0.0,pivot 1.44 < 1.5; electronics do not fit
LNGT72,0.003864446388081349,0.005471740197329249,potcore,0.000735075370991947,0.00018942056803635202,0.0001664007263082374,8,0.019253353979335978,0.00033145552684160087,42.54688926327895,7.332364279722777e-05,screen,18,0.01595000067882192,0.038506707958671955,1.0475786431650622,0.9165815446809344,0.15430696624410783,0.47117488358720194,4.735287934602903,0.7796348213427279,6.073725550697623,0.47117488358720194,0.05707746638495725,8.456929254968541,1.2685060642208275,0.0008882315408181532,0.001126727095960037,6923.996923886315,1871.3351474866033,11.499064798819306,0.08725927193859635,0.023633333333333333,93.6,elec 100u/63V,BSC0902NS PG-TDSON,False,0.0,pivot 1.27 < 1.5
LNGT36J,0.0027866282697364005,0.004373065656260601,potcore,0.00035841526825322915,9.219628437481209e-05,0.00010573236005988516,12,0.018407418257223633,0.00015509371185491976,38.43451497947878,5.487896186509144e-05,screen,30,0.009864505713529953,0.036814836514447266,0.6943165856008036,0.6398762545645527,0.07311764770504157,0.2384623587414596,1.0863753201421866,0.21072709846313148,5.155366006865307,0.2384623587414596,0.04847010537855734,2.284740707358313,0.6800954888233266,0.00030875742255728045,0.00020998453022192407,4374.353235664296,1941.641151379707,17.059901635068332,0.23957979660913087,0.028033333333333334,148.89999999999998,elec 470u/63V,BSC0902NS PG-TDSON,False,0.0,hold 2.3 < 3.0; pivot 0.68 < 1.5; electronics do not fit
LNGT44,0.005167063232766158,0.010901989587655774,potcore,0.0010757208280994268,0.0006187347592294314,0.00019557706508114674,8,0.021152773061035114,0.0003253735198701979,64.05100738975118,6.87757394198004e-05,screen,18,0.017523530967361985,0.04230554612207023,0.8706279875322097,0.7728537179672738,0.07722248054472808,0.32339851655604307,6.21453190154243,1.3344551705789978,4.6569806454015605,0.32339851655604307,0.12626432052962527,5.017169441185085,1.3001023356676393,0.0021587535478625208,0.0028066005297068663,10028.911938368652,3990.1281890820133,25.48349528797627,0.4019719678215815,0.017633333333333334,85.1,elec 100u/63V,BSC160N10 PG-TDSON,False,0.0,pivot 1.30 < 1.5
LNG37,0.0029379288149317347,0.006019585917656131,potcore,0.0004728464375025986,0.00013224980189452471,0.00015741636878088177,12,0.02110436361797751,0.00015,38.27121179809511,6.414820241173276e-05,screen,30,0.011309794376419682,0.04220872723595502,1.159750599989617,1.0177665780527265,0.36181351108828996,0.5812103263094374,1.990011711151231,0.1495052277825963,13.310649672030301,0.5812103263094374,0.05453340154084264,3.7198380890014606,0.4750713002605178,0.000398277168725506,0.00018921005241050377,3756.9235317549314,884.8791298954512,9.014129861760521,0.07818498745367597,0.021753333333333333,78.1,elec 220u/63V,IRLML6344 SOT-23,False,0.0,pivot 0.48 < 1.5
LNGT72,0.003414184583276986,0.006583924323289877,potcore,0.0006234788974884552,0.0002925296914385989,0.0001582709919938034,12,0.021182809815340146,0.0003621433441657968,68.62374036702293,6.92244683430597e-05,screen,30,0.011351833566884902,0.04236561963068029,1.0490604180386427,0.9370935605193252,0.12477518354586176,0.41110849093204765,3.717476890873182,0.7685352111352884,4.837093781795222,0.41110849093204765,0.076170529203931,4.9749909743100895,1.9434983790892566,0.0005583687474619801,0.0010851887556264568,13046.271571050149,2251.702118565138,11.844013879886722,0.14566281658031316,0.028033333333333334,148.89999999999998,elec 470u/63V,BSC0902NS PG-TDSON,True,0.11105189600426378,
LNG52,0.0029980873818576657,0.005546545856705698,potcore,0.00048570095928636447,0.0001379808544824772,0.00011163305665344307,12,0.021107704546573056,0.0001541768782201609,36.378794453956765,6.43118385680161e-05,screen,30,0.011311584774657974,0.04221540909314611,1.285950000512878,1.1024686362533769,0.37554868307488964,0.6635442864740505,3.7406199708644716,0.22295092860904667,16.777772553815183,0.6635442864740505,0.053843620376869225,7.081745694785582,0.6963439730134561,0.0003933016990463202,0.0002738732677068572,3693.7352515440207,948.4593414966743,9.341169597312026,0.08417530503917514,0.021753333333333333,78.1,elec 220u/63V,IRLML6344 SOT-23,False,0.0,pivot 0.70 < 1.5
LNGT72,0.005244802095200473,0.005631745401239165,potcore,0.0009602030122618199,0.0004511301480767061,0.00015692406921525477,8,0.02123194164761616,0.00034982641042076293,81.36602319750295,6.916922841501565e-05,screen,18,0.01758911637191354,0.04246388329523232,1.04833512349411,0.8486515881311347,0.1647661795550083,0.6655508992407609,11.14488051282476,1.496991688650991,7.44485129564609,0.6655508992407609,0.07970435335234634,14.253593423547718,2.1164342924332216,0.0013678134277920002,0.0028948872442296214,10075.501210267676,1926.0569272237944,15.554123745278083,0.1506074794050825,0.020633333333333333,93.30000000000001,elec 220u/63V,BSC0902NS PG-TDSON,True,0.23623881217993398,
LNGT72,0.0035253947666876602,0.009873867136357716,potcore,0.00062338739480454,0.0003871311165522656,0.00019023060538242282,12,0.021193234877445847,0.00036592438857699046,48.114420948667565,6.949586059432688e-05,screen,30,0.011357420340829436,0.042386469754891694,1.0497455024103803,0.9731979576462186,0.09981183000901034,0.3333325248424944,3.6285535387147982,0.9748297095985353,3.7222434882592443,0.3333325248424944,0.09726215255614201,3.8029503119694197,2.10523319739769,0.0007133319733005091,0.0015017301509574342,10544.680512315104,3376.862560634339,15.408317638301225,0.24749170173886922,0.028033333333333334,148.89999999999998,elec 470u/63V,BSC0902NS PG-TDSON,False,0.0,electronics do not fit
LNGT72,0.0033710465325284917,0.009740145026694371,potcore,0.0007148878484445107,0.0005628046847918727,0.00019024137157434577,12,0.021206388176360513,0.0003982744176587324,65.03074686146583,6.949739847509872e-05,screen,30,0.011364469172473416,0.042412776352721025,1.049820472715824,0.9644056402387708,0.09334631694304606,0.34834978414128354,3.3294915860346395,0.9423359123727794,3.53323219705281,0.34834978414128354,0.10203133902729927,3.3264065573157438,2.0510558414724547,0.000748774171719984,0.001535777638849972,14371.226101541162,3331.129599129475,15.07358134881019,0.23686053450457428,0.028033333333333334,148.89999999999998,elec 470u/63V,BSC0902NS PG-TDSON,False,0.0,electronics do not fit
LNGT72,0.002741861417811341,0.004410608026150118,potcore,0.00035801119046093726,9.331135474041023e-05,0.00010498885558870278,12,0.018421916165708922,0.00015083019827161868,36.7064904472733,5.2111834306576844e-05,screen,30,0.0098722751192711,0.036843832331417845,1.0483205691157236,0.9379903071790607,0.20819677100441544,0.4947095896499674,2.414114325258349,0.36326001199785396,6.645692466895064,0.4947095896499674,0.048297779817939354,5.0952049578662795,1.2623751713923623,0.00030790201515265987,0.00038868785915039273,4008.7257647889396,1508.4279449433404,13.812143608775399,0.14912477100354085,0.028033333333333334,148.89999999999998,elec 470u/63V,BSC0902NS PG-TDSON,False,0.0,pivot 1.26 < 1.5; electronics do not fit
LNGT72,0.004651961568913079,0.006361493541085023,potcore,0.0007438879420745488,0.00020418138743937827,0.0001078832572619056,8,0.021130792513327706,0.0001571040206210899,39.394982598426644,6.500641933742262e-05,screen,18,0.01750532168542439,0.04226158502665541,1.049492255737384,0.9110616060979557,0.14017627245970615,0.51671890269446,9.41282349888134,1.1523827783407894,8.168139680492278,0.51671890269446,0.0646849993434139,14.83362616532759,1.8916220446287595,0.0011047766127142706,0.0020898197950006037,2681.5531570588446,2175.630791051078,31.96242331741239,0.5976929767820974,0.017633333333333334,85.1,elec 100u/63V,BSC160N10 PG-TDSON,True,0.13893354450251824,
LNGT44,0.004268211067492602,0.004102416114586887,potcore,0.000551425325979531,0.00015736468476707608,0.00010278624010131097,8,0.018333073091836485,0.0001500042210141279,37.02975360622118,5.417787287562279e-05,screen,18,0.015187615029231844,0.03666614618367297,0.8556347275434419,0.6907290732524113,0.16887654190927656,0.5223934049168155,5.1793208605832595,0.6059567832708753,8.547343644914681,0.5223934049168155,0.04281895104997033,12.33013367985721,1.5189159380148014,0.0006344923675396736,0.0009637405696047554,2572.611662251014,1501.4842979388006,21.61212063682965,0.22775044037394995,0.017633333333333334,85.1,elec 100u/63V,BSC160N10 PG-TDSON,True,0.104261898900104,
LNGT72,0.0030936008779372214,0.007198176106726977,potcore,0.0004923952661871427,0.00013625040369529603,0.00010886026850696444,12,0.021685395783325283,0.00015346412811746867,38.814301222402335,6.425867491409432e-05,screen,30,0.011621168575382566,0.043370791566650566,1.0501747557385583,0.9743617414353016,0.10313759933667788,0.3466865822534509,3.2250361229439717,0.635153635145052,5.077568551123005,0.3466865822534509,0.060356417705671725,5.446808676261504,1.877140632779632,0.00045294072488507377,0.0008502334389224326,3793.380726777069,2461.776228500626,25.189173182823605,0.6115765847521751,0.020033333333333334,135.5,elec 100u/63V,BSC160N10 PG-TDSON,True,0.06878585829133065,
LNGT72,0.002825922907407569,0.004216350400660504,potcore,0.0003637099196462958,9.84811358934663e-05,8.322090439882426e-05,12,0.018368920694124186,0.00015,34.21998805753094,4.434148395062191e-05,screen,30,0.009843874931643827,0.03673784138824837,1.0487408872414394,0.9257803179766821,0.21086977123481543,0.5371959029532116,3.054955947669239,0.42320803100921256,7.218567994525458,0.5371959029532116,0.04837411173731533,6.4375844800236335,1.437011100234529,0.00030750147617162596,0.00044188303459712997,3592.1329846929875,1441.9918370258922,13.736947839168193,0.1255110551764465,0.028033333333333334,148.89999999999998,elec 470u/63V,BSC0902NS PG-TDSON,False,0.0,pivot 1.44 < 1.5; electronics do not fit
LNGT72,0.0030146022791358064,0.006402396335093872,potcore,0.0007606831485100995,0.0008649866607387611,0.00016390558625702055,12,0.021445076258553415,0.0004373117419962235,77.59996666294754,7.8338707727027e-05,screen,30,0.011492381730206459,0.04289015251710683,1.0493440298754049,0.9101475152572451,0.13328600288053527,0.5098213833553656,2.8431294758731505,0.6676332794669909,4.258519704324776,0.5098213833553656,0.08581075366488643,3.3774265585575844,1.8688913354579975,0.0006368246618443409,0.0011901560927268578,16482.639240542987,2189.6195466021045,10.308689120788165,0.12487472585954769,0.03203333333333333,149.2,elec 220u/63V,BSC0902NS PG-TDSON,False,0.0,electronics do not fit
LNGT72,0.004408684509580616,0.004178535073932016,potcore,0.0005435758064256144,0.00015969615987824475,0.00010127353533823767,8,0.01829884386184985,0.0001505111296977329,34.5741943849227,5.422529524184053e-05,screen,18,0.015159258606651741,0.0365976877236997,1.0459541450862686,0.8418636878291123,0.3138655068679533,0.7602611175042824,8.664105878703857,0.8891297077144655,9.744479127770008,0.7602611175042824,0.04374577976025672,20.189175410998473,2.3407855738297947,0.0006470158531922623,0.001514525375191624,2353.5127852272135,1429.0589952847492,20.99353944479517,0.2150877941404727,0.017633333333333334,85.1,elec 100u/63V,BSC160N10 PG-TDSON,True,0.15950224372346186,
LNGT72,0.0033937450331844947,0.009735879660124255,potcore,0.0007069511960244867,0.000508239073650571,0.00017672587349907908,12,0.0211689099673082,0.00039655682469012896,65.87742751870952,6.946417999751959e-05,screen,30,0.011344384660774752,0.0423378199346164,1.0497359460207654,0.9638669076124653,0.10154203900476531,0.35536728677627427,3.488073768169397,0.9293234712935599,3.7533473283680414,0.35536728677627427,0.10117936454245496,3.514185692453434,2.1827742837690303,0.0007412095490459714,0.0016178931425415862,14503.949062387286,3329.670843762495,15.123477663056555,0.23831726759450142,0.028033333333333334,148.89999999999998,elec 470u/63V,BSC0902NS PG-TDSON,False,0.0,electronics do not fit
LNGT60,0.0028334726364285957,0.004537148278167019,potcore,0.0003627584911538272,9.643862162625805e-05,0.00010907499760043265,12,0.018366872543722577,0.0001516810070519589,38.16918063923207,5.3309547751045145e-05,screen,30,0.00984277733115165,0.036733745087445153,0.8998149283240353,0.8149793816527728,0.15740355311582555,0.417826857411053,1.9185598921019806,0.3255992734094002,5.892396110140063,0.417826857411053,0.04931653356746034,3.96564479085138,1.1043698018282904,0.00031345724865994035,0.0003461727195842195,4088.5357003440217,1524.4818214641184,14.232044499401908,0.16196860557185772,0.028033333333333334,148.89999999999998,elec 470u/63V,BSC0902NS PG-TDSON,False,0.0,pivot 1.10 < 1.5; electronics do not fit
LNGT72,0.0033760576683999417,0.006707691863649298,potcore,0.0007708208465126704,0.0007221463191240167,0.0001492705924987078,12,0.021801231917710256,0.00043342262115387057,85.3481830000212,6.588079685685737e-05,screen,30,0.01168324497270816,0.04360246383542051,1.0495388876643852,0.9112317041939481,0.11679213145478141,0.49576723750949353,3.870629251082597,0.8433426877012483,4.589628045075024,0.49576723750949353,0.08861029303812996,4.452750839177304,2.1671935924958836,0.0006685221020476605,0.001448816815999569,15570.009090268095,2294.0306173680597,12.574902416798107,0.1562641484594079,0.028033333333333334,148.89999999999998,elec 470u/63V,BSC0902NS PG-TDSON,True,0.11379222143368078,
